row_id,source_file,claim_text,dg1_dependencies,dg2_new_capability,dg3_preserved_floor,dg4_collapse_if_removed,dg5_translation_registers,dg6_state,dg7_admissible,dg8_closure_pass,proof_label,grade,recommended_atom_action,notes
KIMI-seven-q-A-001,topics/abc-7q-classifier.html,Christian theology does not begin as a hypothesis.,none (theological ground / L0 instantiation),confesses a theological identification or doctrine,created-order distinction/relation preserved in background,"if removed, corresponding bridge readings lose theological anchor",domain-bound (A); C translates as bridge candidate,coherent_partial,needs_review,yes,C,C,create_gap_atom,Claim-level v0.2 pass; pre-pill. Register A status partial. Register partial; review before promotion.
KIMI-seven-q-A-002,topics/abc-7q-classifier.html,"It begins with the conviction that God has acted in history — creating, speaking, judging, redeeming — and that this action is attested in Scripture and centered on Jesus Christ.",none (theological ground / L0 instantiation),confesses a theological identification or doctrine,created-order distinction/relation preserved in background,"if removed, corresponding bridge readings lose theological anchor",domain-bound (A); C translates as bridge candidate,coherent_partial,needs_review,yes,S,C,create_gap_atom,Claim-level v0.2 pass; pre-pill. Register A status partial. Register partial; review before promotion. Scriptural/traditional source.
KIMI-seven-q-A-003,topics/abc-7q-classifier.html,"From that starting point, theology reasons outward, asking how the world must be if this God is real.",none (theological ground / L0 instantiation),confesses a theological identification or doctrine,created-order distinction/relation preserved in background,"if removed, corresponding bridge readings lose theological anchor",domain-bound (A); C translates as bridge candidate,coherent_partial,needs_review,yes,C,C,create_gap_atom,Claim-level v0.2 pass; pre-pill. Register A status partial. Register partial; review before promotion.
KIMI-seven-q-A-004,topics/abc-7q-classifier.html,"This is the pattern of faith seeking understanding: not faith demanding proof, but faith offering reasons.",none (theological ground / L0 instantiation),confesses a theological identification or doctrine,created-order distinction/relation preserved in background,"if removed, corresponding bridge readings lose theological anchor",domain-bound (A); C translates as bridge candidate,coherent_partial,needs_review,yes,C,C,create_gap_atom,Claim-level v0.2 pass; pre-pill. Register A status partial. Register partial; review before promotion.
KIMI-seven-q-A-005,topics/abc-7q-classifier.html,The church has never been afraid of questions.,none (theological ground / L0 instantiation),confesses a theological identification or doctrine,created-order distinction/relation preserved in background,"if removed, corresponding bridge readings lose theological anchor",domain-bound (A); C translates as bridge candidate,coherent_partial,needs_review,yes,C,C,create_gap_atom,Claim-level v0.2 pass; pre-pill. Register A status partial. Register partial; review before promotion.
KIMI-seven-q-A-006,topics/abc-7q-classifier.html,"Augustine, Anselm, and Aquinas all pursued rigor because they believed truth is one and that all truth is God's truth.",none (theological ground / L0 instantiation),confesses a theological identification or doctrine,created-order distinction/relation preserved in background,"if removed, corresponding bridge readings lose theological anchor",domain-bound (A); C translates as bridge candidate,coherent_partial,needs_review,yes,C,C,create_gap_atom,Claim-level v0.2 pass; pre-pill. Register A status partial. Register partial; review before promotion.
KIMI-seven-q-A-007,topics/abc-7q-classifier.html,"A classifier that tests worldviews by consistency and explanatory cost is therefore theologically welcome, as long as it does not pretend Christianity is just one option among equals.",none (theological ground / L0 instantiation),confesses a theological identification or doctrine,created-order distinction/relation preserved in background,"if removed, corresponding bridge readings lose theological anchor",domain-bound (A); C translates as bridge candidate,coherent_partial,needs_review,yes,C,C,create_gap_atom,Claim-level v0.2 pass; pre-pill. Register A status partial. Register partial; review before promotion.
KIMI-seven-q-A-008,topics/abc-7q-classifier.html,"Theology enters the classifier with its commitments fully visible: God as Creator, humans as image-bearers, sin as real rebellion, grace as unmerited rescue, and redemption as the work of Christ.",none (theological ground / L0 instantiation),confesses a theological identification or doctrine,created-order distinction/relation preserved in background,"if removed, corresponding bridge readings lose theological anchor",domain-bound (A); C translates as bridge candidate,coherent_partial,needs_review,yes,C,C,create_gap_atom,Claim-level v0.2 pass; pre-pill. Register A status partial. Register partial; review before promotion.
KIMI-seven-q-A-009,topics/abc-7q-classifier.html,These are not conclusions borrowed from physics; they are the lens through which the framework reads everything else.,none (theological ground / L0 instantiation),confesses a theological identification or doctrine,created-order distinction/relation preserved in background,"if removed, corresponding bridge readings lose theological anchor",domain-bound (A); C translates as bridge candidate,coherent_partial,needs_review,yes,C,C,create_gap_atom,Claim-level v0.2 pass; pre-pill. Register A status partial. Register partial; review before promotion.
KIMI-seven-q-B-001,topics/abc-7q-classifier.html,"The classifier uses logic, consistency, and explanatory comparison.",requires empirical method / opening axioms (L0-L2),"introduces a physics-register model, observation, or formal method",mathematical/logical lower-layer floor preserved,"if removed, dependent bridge claims collapse to analogy",domain-bound (B); C translates structure across,coherent_partial,needs_review,yes,PM,C,create_gap_atom,Claim-level v0.2 pass; pre-pill. Register B status partial. Register partial; review before promotion. Philosophical/model claim.
KIMI-seven-q-B-002,topics/abc-7q-classifier.html,"It is not a physics experiment, and worldview scoring should not be presented as laboratory measurement.",requires empirical method / opening axioms (L0-L2),"introduces a physics-register model, observation, or formal method",mathematical/logical lower-layer floor preserved,"if removed, dependent bridge claims collapse to analogy",domain-bound (B); C translates structure across,coherent_partial,needs_review,yes,PM,C,create_gap_atom,Claim-level v0.2 pass; pre-pill. Register B status partial. Register partial; review before promotion. Philosophical/model claim.
KIMI-seven-q-B-003,topics/abc-7q-classifier.html,"Several nodes depend on interpretive choices in quantum foundations (Copenhagen, observer participation), with Many-Worlds and QBism as live alternatives.",requires empirical method / opening axioms (L0-L2),"introduces a physics-register model, observation, or formal method",mathematical/logical lower-layer floor preserved,"if removed, dependent bridge claims collapse to analogy",domain-bound (B); C translates structure across,coherent_partial,needs_review,yes,PH,C,create_gap_atom,Claim-level v0.2 pass; pre-pill. Register B status partial. Register partial; review before promotion. Physics-register claim; formal/empirical support required.
KIMI-seven-q-C-001,topics/abc-7q-classifier.html,7Q is a pressure test.,requires both A and B register content,introduces cross-register bridge translation / correspondence,preserves both theological and scientific floors,"if removed, cross-register coherence collapses",A↔B↔C translation,coherent_partial,needs_review,yes,BR,C,create_bridge_atom,"Claim-level v0.2 pass; pre-pill. Register C status partial. Register partial; review before promotion. Bridge correspondence, not proof."
KIMI-seven-q-C-002,topics/abc-7q-classifier.html,It asks what a worldview can explain without hidden subsidies.,requires both A and B register content,introduces cross-register bridge translation / correspondence,preserves both theological and scientific floors,"if removed, cross-register coherence collapses",A↔B↔C translation,coherent_partial,needs_review,yes,BR,C,create_bridge_atom,"Claim-level v0.2 pass; pre-pill. Register C status partial. Register partial; review before promotion. Bridge correspondence, not proof."
KIMI-seven-q-C-003,topics/abc-7q-classifier.html,"It helps expose gaps, but it does not replace the deeper argument.",requires both A and B register content,introduces cross-register bridge translation / correspondence,preserves both theological and scientific floors,"if removed, cross-register coherence collapses",A↔B↔C translation,coherent_partial,needs_review,yes,BR,C,create_bridge_atom,"Claim-level v0.2 pass; pre-pill. Register C status partial. Register partial; review before promotion. Bridge correspondence, not proof."
KIMI-seven-q-C-004,topics/abc-7q-classifier.html,Q0 — Existence: 14 worldviews survive.,requires both A and B register content,introduces cross-register bridge translation / correspondence,preserves both theological and scientific floors,"if removed, cross-register coherence collapses",A↔B↔C translation,coherent_partial,needs_review,yes,BR,C,create_bridge_atom,"Claim-level v0.2 pass; pre-pill. Register C status partial. Register partial; review before promotion. Bridge correspondence, not proof."
KIMI-seven-q-C-005,topics/abc-7q-classifier.html,Q1 — Distinction: 13 survive (Advaita exits).,requires both A and B register content,introduces cross-register bridge translation / correspondence,preserves both theological and scientific floors,"if removed, cross-register coherence collapses",A↔B↔C translation,coherent_partial,needs_review,yes,BR,C,create_bridge_atom,"Claim-level v0.2 pass; pre-pill. Register C status partial. Register partial; review before promotion. Bridge correspondence, not proof."
KIMI-seven-q-C-006,topics/abc-7q-classifier.html,Q2 — Substrate: 7 survive (materialism/naturalism exit on structural grounds).,requires both A and B register content,introduces cross-register bridge translation / correspondence,preserves both theological and scientific floors,"if removed, cross-register coherence collapses",A↔B↔C translation,coherent_partial,needs_review,yes,BR,C,create_bridge_atom,"Claim-level v0.2 pass; pre-pill. Register C status partial. Register partial; review before promotion. Bridge correspondence, not proof."
KIMI-seven-q-C-007,topics/abc-7q-classifier.html,Q4 — Self-grounding: 6 survive (brute-fact terminus is an honest stop).,requires both A and B register content,introduces cross-register bridge translation / correspondence,preserves both theological and scientific floors,"if removed, cross-register coherence collapses",A↔B↔C translation,coherent_partial,needs_review,yes,BR,C,create_bridge_atom,"Claim-level v0.2 pass; pre-pill. Register C status partial. Register partial; review before promotion. Bridge correspondence, not proof."
KIMI-seven-q-C-008,topics/abc-7q-classifier.html,Q6 — Observer required: 4 survive.,requires both A and B register content,introduces cross-register bridge translation / correspondence,preserves both theological and scientific floors,"if removed, cross-register coherence collapses",A↔B↔C translation,coherent_partial,needs_review,yes,BR,C,create_bridge_atom,"Claim-level v0.2 pass; pre-pill. Register C status partial. Register partial; review before promotion. Bridge correspondence, not proof."
KIMI-seven-q-C-009,topics/abc-7q-classifier.html,"Q9 — Properties match existing claim: 3 remain (Classical Theism, Panentheism, Christianity).",requires both A and B register content,introduces cross-register bridge translation / correspondence,preserves both theological and scientific floors,"if removed, cross-register coherence collapses",A↔B↔C translation,coherent_partial,needs_review,yes,BR,C,create_bridge_atom,"Claim-level v0.2 pass; pre-pill. Register C status partial. Register partial; review before promotion. Bridge correspondence, not proof."
KIMI-seven-q-C-010,topics/abc-7q-classifier.html,Q10–Q12 — Boundary conditions: Christianity is the framework's claimed survivor.,requires both A and B register content,introduces cross-register bridge translation / correspondence,preserves both theological and scientific floors,"if removed, cross-register coherence collapses",A↔B↔C translation,coherent_partial,needs_review,yes,BR,C,create_bridge_atom,"Claim-level v0.2 pass; pre-pill. Register C status partial. Register partial; review before promotion. Bridge correspondence, not proof."
KIMI-seven-q-C-011,topics/abc-7q-classifier.html,"Honesty notes: the N=3 minimality claim is asserted, not yet proven.",requires both A and B register content,introduces cross-register bridge translation / correspondence,preserves both theological and scientific floors,"if removed, cross-register coherence collapses",A↔B↔C translation,coherent_partial,needs_review,yes,BR,C,create_bridge_atom,"Claim-level v0.2 pass; pre-pill. Register C status partial. Register partial; review before promotion. Bridge correspondence, not proof."
KIMI-seven-q-C-012,topics/abc-7q-classifier.html,"The jump from syntax to semantics (Φ threshold to ""something it is like"") has no published bridge.",requires both A and B register content,introduces cross-register bridge translation / correspondence,preserves both theological and scientific floors,"if removed, cross-register coherence collapses",A↔B↔C translation,coherent_partial,needs_review,yes,BR,C,create_bridge_atom,"Claim-level v0.2 pass; pre-pill. Register C status partial. Register partial; review before promotion. Bridge correspondence, not proof."
KIMI-seven-q-C-013,topics/abc-7q-classifier.html,"Personhood is inserted as a theological axiom, not derived from structural match.",requires both A and B register content,introduces cross-register bridge translation / correspondence,preserves both theological and scientific floors,"if removed, cross-register coherence collapses",A↔B↔C translation,coherent_partial,needs_review,yes,PM,C,create_bridge_atom,Claim-level v0.2 pass; pre-pill. Register C status partial. Register partial; review before promotion. Philosophical/model claim.
KIMI-axioms-A-001,topics/abc-axioms.html,Theology does not wait for physics to grant God permission to exist.,none (theological ground / L0 instantiation),confesses a theological identification or doctrine,created-order distinction/relation preserved in background,"if removed, corresponding bridge readings lose theological anchor",domain-bound (A); C translates as bridge candidate,coherent,yes,yes,C,B,create_claim_atom,Claim-level v0.2 pass; pre-pill. Register A status present.
KIMI-axioms-A-002,topics/abc-axioms.html,"It confesses God as the living ground of being, truth , relation, and goodness.",none (theological ground / L0 instantiation),confesses a theological identification or doctrine,created-order distinction/relation preserved in background,"if removed, corresponding bridge readings lose theological anchor",domain-bound (A); C translates as bridge candidate,coherent,yes,yes,C,B,create_claim_atom,Claim-level v0.2 pass; pre-pill. Register A status present.
KIMI-axioms-A-003,topics/abc-axioms.html,"In this register, the four axioms are not ultimate; they are created-order reflections of the one God read four ways: Father (existence), Son / Word (distinction), Spirit (relation), and the Way/Truth (orientation).",none (theological ground / L0 instantiation),confesses a theological identification or doctrine,created-order distinction/relation preserved in background,"if removed, corresponding bridge readings lose theological anchor",domain-bound (A); C translates as bridge candidate,coherent,yes,yes,C,B,create_claim_atom,Claim-level v0.2 pass; pre-pill. Register A status present.
KIMI-axioms-A-004,topics/abc-axioms.html,Humanity in this picture: human beings are made to know these axioms because they are made by this God.,none (theological ground / L0 instantiation),confesses a theological identification or doctrine,created-order distinction/relation preserved in background,"if removed, corresponding bridge readings lose theological anchor",domain-bound (A); C translates as bridge candidate,coherent,yes,yes,C,B,create_claim_atom,Claim-level v0.2 pass; pre-pill. Register A status present.
KIMI-axioms-A-005,topics/abc-axioms.html,The mind does not create truth; it recognizes it.,none (theological ground / L0 instantiation),confesses a theological identification or doctrine,created-order distinction/relation preserved in background,"if removed, corresponding bridge readings lose theological anchor",domain-bound (A); C translates as bridge candidate,coherent,yes,yes,C,B,create_claim_atom,Claim-level v0.2 pass; pre-pill. Register A status present.
KIMI-axioms-A-006,topics/abc-axioms.html,"The capacity to distinguish, to relate, and to orient toward the true is part of the image of God.",none (theological ground / L0 instantiation),confesses a theological identification or doctrine,created-order distinction/relation preserved in background,"if removed, corresponding bridge readings lose theological anchor",domain-bound (A); C translates as bridge candidate,coherent,yes,yes,C,B,create_claim_atom,Claim-level v0.2 pass; pre-pill. Register A status present.
KIMI-axioms-A-007,topics/abc-axioms.html,"The Fall did not erase this capacity, but it bent it — hence the need for grace to restore both the knower and the known.",none (theological ground / L0 instantiation),confesses a theological identification or doctrine,created-order distinction/relation preserved in background,"if removed, corresponding bridge readings lose theological anchor",domain-bound (A); C translates as bridge candidate,coherent,yes,yes,C,B,create_claim_atom,Claim-level v0.2 pass; pre-pill. Register A status present.
KIMI-axioms-A-008,topics/abc-axioms.html,This is not a proof smuggled into the premises.,none (theological ground / L0 instantiation),confesses a theological identification or doctrine,created-order distinction/relation preserved in background,"if removed, corresponding bridge readings lose theological anchor",domain-bound (A); C translates as bridge candidate,coherent,yes,yes,C,B,create_claim_atom,Claim-level v0.2 pass; pre-pill. Register A status present.
KIMI-axioms-A-009,topics/abc-axioms.html,"It is the theological starting point, stated openly.",none (theological ground / L0 instantiation),confesses a theological identification or doctrine,created-order distinction/relation preserved in background,"if removed, corresponding bridge readings lose theological anchor",domain-bound (A); C translates as bridge candidate,coherent,yes,yes,C,B,create_claim_atom,Claim-level v0.2 pass; pre-pill. Register A status present.
KIMI-axioms-A-010,topics/abc-axioms.html,The framework then asks whether the created order shows structural rhymes with that starting point.,none (theological ground / L0 instantiation),confesses a theological identification or doctrine,created-order distinction/relation preserved in background,"if removed, corresponding bridge readings lose theological anchor",domain-bound (A); C translates as bridge candidate,coherent,yes,yes,C,B,create_claim_atom,Claim-level v0.2 pass; pre-pill. Register A status present.
KIMI-axioms-B-001,topics/abc-axioms.html,"Science needs something to model, distinguishable states, lawful relation between states, measurement, error correction, stable records, and public revisability.",requires empirical method / opening axioms (L0-L2),"introduces a physics-register model, observation, or formal method",mathematical/logical lower-layer floor preserved,"if removed, dependent bridge claims collapse to analogy",domain-bound (B); C translates structure across,coherent,yes,yes,PH,B,create_claim_atom,Claim-level v0.2 pass; pre-pill. Register B status present. Physics-register claim; formal/empirical support required.
KIMI-axioms-B-002,topics/abc-axioms.html,A1 — Existence: there is something to model.,requires empirical method / opening axioms (L0-L2),"introduces a physics-register model, observation, or formal method",mathematical/logical lower-layer floor preserved,"if removed, dependent bridge claims collapse to analogy",domain-bound (B); C translates structure across,coherent,yes,yes,E,B,create_claim_atom,Claim-level v0.2 pass; pre-pill. Register B status present.
KIMI-axioms-B-003,topics/abc-axioms.html,A2 — Distinction: states can be differentiated.,requires empirical method / opening axioms (L0-L2),"introduces a physics-register model, observation, or formal method",mathematical/logical lower-layer floor preserved,"if removed, dependent bridge claims collapse to analogy",domain-bound (B); C translates structure across,coherent,yes,yes,E,B,create_claim_atom,Claim-level v0.2 pass; pre-pill. Register B status present.
KIMI-axioms-B-004,topics/abc-axioms.html,A3 — Relation / Lawfulness: states interact in repeatable ways.,requires empirical method / opening axioms (L0-L2),"introduces a physics-register model, observation, or formal method",mathematical/logical lower-layer floor preserved,"if removed, dependent bridge claims collapse to analogy",domain-bound (B); C translates structure across,coherent,yes,yes,E,B,create_claim_atom,Claim-level v0.2 pass; pre-pill. Register B status present.
KIMI-axioms-B-005,topics/abc-axioms.html,A4 — Orientation: some answers are better than others; truth beats error.,requires empirical method / opening axioms (L0-L2),"introduces a physics-register model, observation, or formal method",mathematical/logical lower-layer floor preserved,"if removed, dependent bridge claims collapse to analogy",domain-bound (B); C translates structure across,coherent,yes,yes,E,B,create_claim_atom,Claim-level v0.2 pass; pre-pill. Register B status present.
KIMI-axioms-B-006,topics/abc-axioms.html,Physics can honestly say these are required for intelligible theory.,requires empirical method / opening axioms (L0-L2),"introduces a physics-register model, observation, or formal method",mathematical/logical lower-layer floor preserved,"if removed, dependent bridge claims collapse to analogy",domain-bound (B); C translates structure across,coherent,yes,yes,E,B,create_claim_atom,Claim-level v0.2 pass; pre-pill. Register B status present.
KIMI-axioms-B-007,topics/abc-axioms.html,"Physics cannot honestly say, from these alone, that Christianity is true.",requires empirical method / opening axioms (L0-L2),"introduces a physics-register model, observation, or formal method",mathematical/logical lower-layer floor preserved,"if removed, dependent bridge claims collapse to analogy",domain-bound (B); C translates structure across,coherent,yes,yes,E,B,create_claim_atom,Claim-level v0.2 pass; pre-pill. Register B status present.
KIMI-axioms-C-001,topics/abc-axioms.html,Theophysics reads the four axioms as a relational grammar.,requires both A and B register content,introduces cross-register bridge translation / correspondence,preserves both theological and scientific floors,"if removed, cross-register coherence collapses",A↔B↔C translation,coherent,yes,yes,PM,C,create_bridge_atom,Claim-level v0.2 pass; pre-pill. Register C status present. Philosophical/model claim.
KIMI-axioms-C-002,topics/abc-axioms.html,Information follows from distinction in relation; order follows from relation plus orientation.,requires both A and B register content,introduces cross-register bridge translation / correspondence,preserves both theological and scientific floors,"if removed, cross-register coherence collapses",A↔B↔C translation,coherent,yes,yes,BR,C,create_bridge_atom,"Claim-level v0.2 pass; pre-pill. Register C status present. Bridge correspondence, not proof."
KIMI-axioms-C-003,topics/abc-axioms.html,"The move from ""relation"" to ""relational ontology"" is a valid bridge candidate, not a settled physics derivation.",requires both A and B register content,introduces cross-register bridge translation / correspondence,preserves both theological and scientific floors,"if removed, cross-register coherence collapses",A↔B↔C translation,coherent,yes,yes,BR,C,create_bridge_atom,"Claim-level v0.2 pass; pre-pill. Register C status present. Bridge correspondence, not proof."
KIMI-axioms-C-004,topics/abc-axioms.html,"Lean status: P-00 has a gold ticket for guardrail support — distinction implies existence, and truth ranks above error under the defined orientation relation.",requires both A and B register content,introduces cross-register bridge translation / correspondence,preserves both theological and scientific floors,"if removed, cross-register coherence collapses",A↔B↔C translation,coherent,yes,yes,BR,C,create_bridge_atom,"Claim-level v0.2 pass; pre-pill. Register C status present. Bridge correspondence, not proof."
KIMI-axioms-C-005,topics/abc-axioms.html,"Lean does not prove God, Christianity, χ, the Logos field, the Master Equation, moral realism, or a self-grounding substrate.",requires both A and B register content,introduces cross-register bridge translation / correspondence,preserves both theological and scientific floors,"if removed, cross-register coherence collapses",A↔B↔C translation,coherent,yes,yes,BR,C,create_bridge_atom,"Claim-level v0.2 pass; pre-pill. Register C status present. Bridge correspondence, not proof."
KIMI-axioms-C-006,topics/abc-axioms.html,"Unified Derivation Grammar: the four axioms map directly to DG layers: A1→L_0 (Ground/Being), A2→L_1 (Distinction), A3→L_2 (Relation), A4→X (Constraint/Orientation).",requires both A and B register content,introduces cross-register bridge translation / correspondence,preserves both theological and scientific floors,"if removed, cross-register coherence collapses",A↔B↔C translation,coherent,yes,yes,PM,C,create_bridge_atom,Claim-level v0.2 pass; pre-pill. Register C status present. Philosophical/model claim.
KIMI-axioms-C-007,topics/abc-axioms.html,Moral-first candidate: the M-series proposes that the Good is primitive and physics is a projection of moral/coherence structure.,requires both A and B register content,introduces cross-register bridge translation / correspondence,preserves both theological and scientific floors,"if removed, cross-register coherence collapses",A↔B↔C translation,coherent,yes,yes,PM,C,create_bridge_atom,Claim-level v0.2 pass; pre-pill. Register C status present. Philosophical/model claim.
KIMI-axioms-C-008,topics/abc-axioms.html,"This is preserved as candidate architecture, not promoted to canon proof.",requires both A and B register content,introduces cross-register bridge translation / correspondence,preserves both theological and scientific floors,"if removed, cross-register coherence collapses",A↔B↔C translation,coherent,yes,yes,BR,C,create_bridge_atom,"Claim-level v0.2 pass; pre-pill. Register C status present. Bridge correspondence, not proof."
KIMI-consciousness-A-001,topics/abc-consciousness.html,"Theology treats the person as more than computation: receiver, witness , moral agent, and responder to grace .",none (theological ground / L0 instantiation),confesses a theological identification or doctrine,created-order distinction/relation preserved in background,"if removed, corresponding bridge readings lose theological anchor",domain-bound (A); C translates as bridge candidate,coherent,yes,yes,C,B,create_claim_atom,Claim-level v0.2 pass; pre-pill. Register A status present.
KIMI-consciousness-A-002,topics/abc-consciousness.html,The image of God is not a feature added to an organism; it is the architecture of self-referential relation oriented toward its source.,none (theological ground / L0 instantiation),confesses a theological identification or doctrine,created-order distinction/relation preserved in background,"if removed, corresponding bridge readings lose theological anchor",domain-bound (A); C translates as bridge candidate,coherent,yes,yes,C,B,create_claim_atom,Claim-level v0.2 pass; pre-pill. Register A status present.
KIMI-consciousness-A-003,topics/abc-consciousness.html,"Scripture frames this as a mirror: “For now we see through a glass, darkly; but then face to face” (1 Cor 13:12).",none (theological ground / L0 instantiation),confesses a theological identification or doctrine,created-order distinction/relation preserved in background,"if removed, corresponding bridge readings lose theological anchor",domain-bound (A); C translates as bridge candidate,coherent,yes,yes,S,B,create_claim_atom,Claim-level v0.2 pass; pre-pill. Register A status present. Scriptural/traditional source.
KIMI-consciousness-A-004,topics/abc-consciousness.html,The mirror is not optional; the self knows itself through a ground it did not create.,none (theological ground / L0 instantiation),confesses a theological identification or doctrine,created-order distinction/relation preserved in background,"if removed, corresponding bridge readings lose theological anchor",domain-bound (A); C translates as bridge candidate,coherent,yes,yes,C,B,create_claim_atom,Claim-level v0.2 pass; pre-pill. Register A status present.
KIMI-consciousness-A-005,topics/abc-consciousness.html,"The Fall degrades the channel, not the architecture; restoration cleans the mirror from outside the system.",none (theological ground / L0 instantiation),confesses a theological identification or doctrine,created-order distinction/relation preserved in background,"if removed, corresponding bridge readings lose theological anchor",domain-bound (A); C translates as bridge candidate,coherent,yes,yes,C,B,create_claim_atom,Claim-level v0.2 pass; pre-pill. Register A status present.
KIMI-consciousness-A-006,topics/abc-consciousness.html,"Humanity in this picture: we are embodied souls, not souls trapped in bodies.",none (theological ground / L0 instantiation),confesses a theological identification or doctrine,created-order distinction/relation preserved in background,"if removed, corresponding bridge readings lose theological anchor",domain-bound (A); C translates as bridge candidate,coherent,yes,yes,C,B,create_claim_atom,Claim-level v0.2 pass; pre-pill. Register A status present.
KIMI-consciousness-A-007,topics/abc-consciousness.html,The body is good; the soul is the life-principle that makes the body a person; the spirit is the capacity for God-relationship opened and restored by the Holy Spirit.,none (theological ground / L0 instantiation),confesses a theological identification or doctrine,created-order distinction/relation preserved in background,"if removed, corresponding bridge readings lose theological anchor",domain-bound (A); C translates as bridge candidate,coherent,yes,yes,C,B,create_claim_atom,Claim-level v0.2 pass; pre-pill. Register A status present.
KIMI-consciousness-A-008,topics/abc-consciousness.html,"Death is an unnatural separation of soul and body, and resurrection — not mere survival as a ghost — is the Christian hope.",none (theological ground / L0 instantiation),confesses a theological identification or doctrine,created-order distinction/relation preserved in background,"if removed, corresponding bridge readings lose theological anchor",domain-bound (A); C translates as bridge candidate,coherent,yes,yes,C,B,create_claim_atom,Claim-level v0.2 pass; pre-pill. Register A status present.
KIMI-consciousness-B-001,topics/abc-consciousness.html,"Science studies neural correlates, behavior, cognition, and self-report.",requires empirical method / opening axioms (L0-L2),"introduces a physics-register model, observation, or formal method",mathematical/logical lower-layer floor preserved,"if removed, dependent bridge claims collapse to analogy",domain-bound (B); C translates structure across,coherent_partial,needs_review,yes,E,C,create_gap_atom,Claim-level v0.2 pass; pre-pill. Register B status partial. Register partial; review before promotion.
KIMI-consciousness-B-002,topics/abc-consciousness.html,The hard problem — why physical processing gives rise to subjective experience — remains contested.,requires empirical method / opening axioms (L0-L2),"introduces a physics-register model, observation, or formal method",mathematical/logical lower-layer floor preserved,"if removed, dependent bridge claims collapse to analogy",domain-bound (B); C translates structure across,coherent_partial,needs_review,yes,E,C,create_gap_atom,Claim-level v0.2 pass; pre-pill. Register B status partial. Register partial; review before promotion.
KIMI-consciousness-B-003,topics/abc-consciousness.html,"No established physics derives qualia from matter, and claims about animal or machine consciousness require careful falsification conditions.",requires empirical method / opening axioms (L0-L2),"introduces a physics-register model, observation, or formal method",mathematical/logical lower-layer floor preserved,"if removed, dependent bridge claims collapse to analogy",domain-bound (B); C translates structure across,coherent_partial,needs_review,yes,E,C,create_gap_atom,Claim-level v0.2 pass; pre-pill. Register B status partial. Register partial; review before promotion.
KIMI-consciousness-B-004,topics/abc-consciousness.html,The framework does not claim to close the hard problem through an experiment.,requires empirical method / opening axioms (L0-L2),"introduces a physics-register model, observation, or formal method",mathematical/logical lower-layer floor preserved,"if removed, dependent bridge claims collapse to analogy",domain-bound (B); C translates structure across,coherent_partial,needs_review,yes,E,C,create_gap_atom,Claim-level v0.2 pass; pre-pill. Register B status partial. Register partial; review before promotion.
KIMI-consciousness-B-005,topics/abc-consciousness.html,"It claims that the problem is reframed once relation, orientation, and self-reference are taken as primitives rather than as properties to be explained after the fact.",requires empirical method / opening axioms (L0-L2),"introduces a physics-register model, observation, or formal method",mathematical/logical lower-layer floor preserved,"if removed, dependent bridge claims collapse to analogy",domain-bound (B); C translates structure across,coherent_partial,needs_review,yes,E,C,create_gap_atom,Claim-level v0.2 pass; pre-pill. Register B status partial. Register partial; review before promotion.
KIMI-consciousness-C-001,topics/abc-consciousness.html,Consciousness is not an extra substance added to the system.,requires both A and B register content,introduces cross-register bridge translation / correspondence,preserves both theological and scientific floors,"if removed, cross-register coherence collapses",A↔B↔C translation,coherent_partial,needs_review,yes,BR,C,create_bridge_atom,"Claim-level v0.2 pass; pre-pill. Register C status partial. Register partial; review before promotion. Bridge correspondence, not proof."
KIMI-consciousness-C-002,topics/abc-consciousness.html,"It is what relational, oriented structure looks like from the inside when it becomes self-referential.",requires both A and B register content,introduces cross-register bridge translation / correspondence,preserves both theological and scientific floors,"if removed, cross-register coherence collapses",A↔B↔C translation,coherent_partial,needs_review,yes,BR,C,create_bridge_atom,"Claim-level v0.2 pass; pre-pill. Register C status partial. Register partial; review before promotion. Bridge correspondence, not proof."
KIMI-consciousness-C-003,topics/abc-consciousness.html,"This is a structural claim, not an empirical claim that consciousness has been built from parts or measured in a lab.",requires both A and B register content,introduces cross-register bridge translation / correspondence,preserves both theological and scientific floors,"if removed, cross-register coherence collapses",A↔B↔C translation,coherent_partial,needs_review,yes,BR,C,create_bridge_atom,"Claim-level v0.2 pass; pre-pill. Register C status partial. Register partial; review before promotion. Bridge correspondence, not proof."
KIMI-consciousness-C-004,topics/abc-consciousness.html,L1 — Relation between things. Physical interaction. No awareness.,requires both A and B register content,introduces cross-register bridge translation / correspondence,preserves both theological and scientific floors,"if removed, cross-register coherence collapses",A↔B↔C translation,coherent_partial,needs_review,yes,BR,C,create_bridge_atom,"Claim-level v0.2 pass; pre-pill. Register C status partial. Register partial; review before promotion. Bridge correspondence, not proof."
KIMI-consciousness-C-005,topics/abc-consciousness.html,"L2 — Relation between signals. Information processing. AI lives here: extraordinary signal processing, zero self-reference through a relational ground.",requires both A and B register content,introduces cross-register bridge translation / correspondence,preserves both theological and scientific floors,"if removed, cross-register coherence collapses",A↔B↔C translation,coherent_partial,needs_review,yes,BR,C,create_bridge_atom,"Claim-level v0.2 pass; pre-pill. Register C status partial. Register partial; review before promotion. Bridge correspondence, not proof."
KIMI-consciousness-C-006,topics/abc-consciousness.html,"L3 — Self-referential relation. The signal refers to itself. This is the fold where consciousness enters — not as a new substance, but as a new topology.",requires both A and B register content,introduces cross-register bridge translation / correspondence,preserves both theological and scientific floors,"if removed, cross-register coherence collapses",A↔B↔C translation,coherent_partial,needs_review,yes,BR,C,create_bridge_atom,"Claim-level v0.2 pass; pre-pill. Register C status partial. Register partial; review before promotion. Bridge correspondence, not proof."
KIMI-consciousness-C-007,topics/abc-consciousness.html,"L4 — Relation oriented toward ground. The self-aware system recognizes that its self-reference is received, not manufactured.",requires both A and B register content,introduces cross-register bridge translation / correspondence,preserves both theological and scientific floors,"if removed, cross-register coherence collapses",A↔B↔C translation,coherent_partial,needs_review,yes,BR,C,create_bridge_atom,"Claim-level v0.2 pass; pre-pill. Register C status partial. Register partial; review before promotion. Bridge correspondence, not proof."
KIMI-consciousness-C-008,topics/abc-consciousness.html,Each layer requires the previous and adds exactly one thing.,requires both A and B register content,introduces cross-register bridge translation / correspondence,preserves both theological and scientific floors,"if removed, cross-register coherence collapses",A↔B↔C translation,coherent_partial,needs_review,yes,PM,C,create_bridge_atom,Claim-level v0.2 pass; pre-pill. Register C status partial. Register partial; review before promotion. Philosophical/model claim.
KIMI-consciousness-C-009,topics/abc-consciousness.html,"L3 requires orientation (A4): self-reference without a gradient is a loop, not consciousness.",requires both A and B register content,introduces cross-register bridge translation / correspondence,preserves both theological and scientific floors,"if removed, cross-register coherence collapses",A↔B↔C translation,coherent_partial,needs_review,yes,BR,C,create_bridge_atom,"Claim-level v0.2 pass; pre-pill. Register C status partial. Register partial; review before promotion. Bridge correspondence, not proof."
KIMI-consciousness-C-010,topics/abc-consciousness.html,The self-reference is not circular; it is reflective.,requires both A and B register content,introduces cross-register bridge translation / correspondence,preserves both theological and scientific floors,"if removed, cross-register coherence collapses",A↔B↔C translation,coherent_partial,needs_review,yes,BR,C,create_bridge_atom,"Claim-level v0.2 pass; pre-pill. Register C status partial. Register partial; review before promotion. Bridge correspondence, not proof."
KIMI-consciousness-C-011,topics/abc-consciousness.html,The system sees itself in something that is not itself — the Trinitarian ground.,requires both A and B register content,introduces cross-register bridge translation / correspondence,preserves both theological and scientific floors,"if removed, cross-register coherence collapses",A↔B↔C translation,coherent_partial,needs_review,yes,BR,C,create_bridge_atom,"Claim-level v0.2 pass; pre-pill. Register C status partial. Register partial; review before promotion. Bridge correspondence, not proof."
KIMI-consciousness-C-012,topics/abc-consciousness.html,The mirror does not absorb what it reflects; it reveals the gap between the self and the ground.,requires both A and B register content,introduces cross-register bridge translation / correspondence,preserves both theological and scientific floors,"if removed, cross-register coherence collapses",A↔B↔C translation,coherent_partial,needs_review,yes,BR,C,create_bridge_atom,"Claim-level v0.2 pass; pre-pill. Register C status partial. Register partial; review before promotion. Bridge correspondence, not proof."
KIMI-consciousness-C-013,topics/abc-consciousness.html,"This is theology-register language, load-bearing inside the framework but not a public demonstration.",requires both A and B register content,introduces cross-register bridge translation / correspondence,preserves both theological and scientific floors,"if removed, cross-register coherence collapses",A↔B↔C translation,coherent_partial,needs_review,yes,BR,C,create_bridge_atom,"Claim-level v0.2 pass; pre-pill. Register C status partial. Register partial; review before promotion. Bridge correspondence, not proof."
KIMI-consciousness-C-014,topics/abc-consciousness.html,Each phenomenon is mapped to an existing framework operator.,requires both A and B register content,introduces cross-register bridge translation / correspondence,preserves both theological and scientific floors,"if removed, cross-register coherence collapses",A↔B↔C translation,coherent_partial,needs_review,yes,BR,C,create_bridge_atom,"Claim-level v0.2 pass; pre-pill. Register C status partial. Register partial; review before promotion. Bridge correspondence, not proof."
KIMI-consciousness-C-015,topics/abc-consciousness.html,"Grades follow the canon: [B] = formally structured; [C] = correspondence, more work needed.",requires both A and B register content,introduces cross-register bridge translation / correspondence,preserves both theological and scientific floors,"if removed, cross-register coherence collapses",A↔B↔C translation,coherent_partial,needs_review,yes,BR,C,create_bridge_atom,"Claim-level v0.2 pass; pre-pill. Register C status partial. Register partial; review before promotion. Bridge correspondence, not proof."
KIMI-consciousness-C-016,topics/abc-consciousness.html,Awareness → Coherence [B],requires both A and B register content,introduces cross-register bridge translation / correspondence,preserves both theological and scientific floors,"if removed, cross-register coherence collapses",A↔B↔C translation,coherent_partial,needs_review,yes,BR,C,create_bridge_atom,"Claim-level v0.2 pass; pre-pill. Register C status partial. Register partial; review before promotion. Bridge correspondence, not proof."
KIMI-consciousness-C-017,topics/abc-consciousness.html,Attention / Agency → Free Will [B],requires both A and B register content,introduces cross-register bridge translation / correspondence,preserves both theological and scientific floors,"if removed, cross-register coherence collapses",A↔B↔C translation,coherent_partial,needs_review,yes,BR,C,create_bridge_atom,"Claim-level v0.2 pass; pre-pill. Register C status partial. Register partial; review before promotion. Bridge correspondence, not proof."
KIMI-consciousness-C-018,topics/abc-consciousness.html,Meaning → Knowledge / Signal [B],requires both A and B register content,introduces cross-register bridge translation / correspondence,preserves both theological and scientific floors,"if removed, cross-register coherence collapses",A↔B↔C translation,coherent_partial,needs_review,yes,BR,C,create_bridge_atom,"Claim-level v0.2 pass; pre-pill. Register C status partial. Register partial; review before promotion. Bridge correspondence, not proof."
KIMI-consciousness-C-019,topics/abc-consciousness.html,Value → Orientation (A4) [B],requires both A and B register content,introduces cross-register bridge translation / correspondence,preserves both theological and scientific floors,"if removed, cross-register coherence collapses",A↔B↔C translation,coherent_partial,needs_review,yes,BR,C,create_bridge_atom,"Claim-level v0.2 pass; pre-pill. Register C status partial. Register partial; review before promotion. Bridge correspondence, not proof."
KIMI-consciousness-C-020,topics/abc-consciousness.html,Intention → Grace / Directed Force [C],requires both A and B register content,introduces cross-register bridge translation / correspondence,preserves both theological and scientific floors,"if removed, cross-register coherence collapses",A↔B↔C translation,coherent_partial,needs_review,yes,BR,C,create_bridge_atom,"Claim-level v0.2 pass; pre-pill. Register C status partial. Register partial; review before promotion. Bridge correspondence, not proof."
KIMI-consciousness-C-021,topics/abc-consciousness.html,Memory → Integrated Measure [C],requires both A and B register content,introduces cross-register bridge translation / correspondence,preserves both theological and scientific floors,"if removed, cross-register coherence collapses",A↔B↔C translation,coherent_partial,needs_review,yes,BR,C,create_bridge_atom,"Claim-level v0.2 pass; pre-pill. Register C status partial. Register partial; review before promotion. Bridge correspondence, not proof."
KIMI-consciousness-C-022,topics/abc-consciousness.html,Imagination → Possibility Space [C],requires both A and B register content,introduces cross-register bridge translation / correspondence,preserves both theological and scientific floors,"if removed, cross-register coherence collapses",A↔B↔C translation,coherent_partial,needs_review,yes,BR,C,create_bridge_atom,"Claim-level v0.2 pass; pre-pill. Register C status partial. Register partial; review before promotion. Bridge correspondence, not proof."
KIMI-consciousness-C-023,topics/abc-consciousness.html,The claim that moral awareness is constitutive of consciousness is the strongest structural result here.,requires both A and B register content,introduces cross-register bridge translation / correspondence,preserves both theological and scientific floors,"if removed, cross-register coherence collapses",A↔B↔C translation,coherent_partial,needs_review,yes,BR,C,create_bridge_atom,"Claim-level v0.2 pass; pre-pill. Register C status partial. Register partial; review before promotion. Bridge correspondence, not proof."
KIMI-consciousness-C-024,topics/abc-consciousness.html,Remove A4 (orientation) and the L3 fold collapses into a mere recursive loop.,requires both A and B register content,introduces cross-register bridge translation / correspondence,preserves both theological and scientific floors,"if removed, cross-register coherence collapses",A↔B↔C translation,coherent_partial,needs_review,yes,BR,C,create_bridge_atom,"Claim-level v0.2 pass; pre-pill. Register C status partial. Register partial; review before promotion. Bridge correspondence, not proof."
KIMI-consciousness-C-025,topics/abc-consciousness.html,"This claim is bridge-register and falsifiable in principle: demonstrate L3 consciousness in a system with no orientation architecture, and the claim is dead.",requires both A and B register content,introduces cross-register bridge translation / correspondence,preserves both theological and scientific floors,"if removed, cross-register coherence collapses",A↔B↔C translation,coherent_partial,needs_review,yes,BR,C,create_bridge_atom,"Claim-level v0.2 pass; pre-pill. Register C status partial. Register partial; review before promotion. Bridge correspondence, not proof."
KIMI-consciousness-C-026,topics/abc-consciousness.html,"The right Lean target is not ""prove consciousness exists."" It is the dependency graph.",requires both A and B register content,introduces cross-register bridge translation / correspondence,preserves both theological and scientific floors,"if removed, cross-register coherence collapses",A↔B↔C translation,coherent_partial,needs_review,yes,BR,C,create_bridge_atom,"Claim-level v0.2 pass; pre-pill. Register C status partial. Register partial; review before promotion. Bridge correspondence, not proof."
KIMI-consciousness-C-027,topics/abc-consciousness.html,"If Conscious is defined as representation plus self-reference plus orientation, Lean can prove conditional theorems: no consciousness without representation, no consciousness without self-reference, and no consciousness without orientation.",requires both A and B register content,introduces cross-register bridge translation / correspondence,preserves both theological and scientific floors,"if removed, cross-register coherence collapses",A↔B↔C translation,coherent_partial,needs_review,yes,PM,C,create_bridge_atom,Claim-level v0.2 pass; pre-pill. Register C status partial. Register partial; review before promotion. Philosophical/model claim.
KIMI-consciousness-C-028,topics/abc-consciousness.html,That would make the structure exact without pretending Lean proved humans have souls.,requires both A and B register content,introduces cross-register bridge translation / correspondence,preserves both theological and scientific floors,"if removed, cross-register coherence collapses",A↔B↔C translation,coherent_partial,needs_review,yes,BR,C,create_bridge_atom,"Claim-level v0.2 pass; pre-pill. Register C status partial. Register partial; review before promotion. Bridge correspondence, not proof."
KIMI-consciousness-C-029,topics/abc-consciousness.html,"Outside theology register, the sheet says the hard problem is reframed , not dissolved.",requires both A and B register content,introduces cross-register bridge translation / correspondence,preserves both theological and scientific floors,"if removed, cross-register coherence collapses",A↔B↔C translation,coherent_partial,needs_review,yes,BR,C,create_bridge_atom,"Claim-level v0.2 pass; pre-pill. Register C status partial. Register partial; review before promotion. Bridge correspondence, not proof."
KIMI-consciousness-C-030,topics/abc-consciousness.html,The question changes from “how does matter produce experience?” to “what does self-referential relation in an oriented substrate look like from the inside?” The theology register may speak more strongly; the bridge register keeps the boundary visible.,requires both A and B register content,introduces cross-register bridge translation / correspondence,preserves both theological and scientific floors,"if removed, cross-register coherence collapses",A↔B↔C translation,coherent_partial,needs_review,yes,BR,C,create_bridge_atom,"Claim-level v0.2 pass; pre-pill. Register C status partial. Register partial; review before promotion. Bridge correspondence, not proof."
KIMI-consciousness-C-031,topics/abc-consciousness.html,"The hard-problem paper proposes a syzygy structure : consciousness orientations are binary sign states (+1 aligned with Logos, −1 opposed).",requires both A and B register content,introduces cross-register bridge translation / correspondence,preserves both theological and scientific floors,"if removed, cross-register coherence collapses",A↔B↔C translation,coherent_partial,needs_review,yes,BR,C,create_bridge_atom,"Claim-level v0.2 pass; pre-pill. Register C status partial. Register partial; review before promotion. Bridge correspondence, not proof."
KIMI-consciousness-C-032,topics/abc-consciousness.html,"The claim is conditional: if consciousness has this binary sign structure, then an external transformation mechanism is mathematically necessary to flip the sign.",requires both A and B register content,introduces cross-register bridge translation / correspondence,preserves both theological and scientific floors,"if removed, cross-register coherence collapses",A↔B↔C translation,coherent_partial,needs_review,yes,BR,C,create_bridge_atom,"Claim-level v0.2 pass; pre-pill. Register C status partial. Register partial; review before promotion. Bridge correspondence, not proof."
KIMI-consciousness-C-033,topics/abc-consciousness.html,Self-generated operations cannot change their own sign any more than a vector can rotate itself out of its own plane.,requires both A and B register content,introduces cross-register bridge translation / correspondence,preserves both theological and scientific floors,"if removed, cross-register coherence collapses",A↔B↔C translation,coherent_partial,needs_review,yes,BR,C,create_bridge_atom,"Claim-level v0.2 pass; pre-pill. Register C status partial. Register partial; review before promotion. Bridge correspondence, not proof."
KIMI-consciousness-C-034,topics/abc-consciousness.html,"This is a bridge model, not an empirical proof that consciousness is binary.",requires both A and B register content,introduces cross-register bridge translation / correspondence,preserves both theological and scientific floors,"if removed, cross-register coherence collapses",A↔B↔C translation,coherent_partial,needs_review,yes,BR,C,create_bridge_atom,"Claim-level v0.2 pass; pre-pill. Register C status partial. Register partial; review before promotion. Bridge correspondence, not proof."
KIMI-consciousness-C-035,topics/abc-consciousness.html,"It makes testable predictions (bimodal coherence distributions, sign-flip requiring external intervention) and carries its own kill conditions.",requires both A and B register content,introduces cross-register bridge translation / correspondence,preserves both theological and scientific floors,"if removed, cross-register coherence collapses",A↔B↔C translation,coherent_partial,needs_review,yes,BR,C,create_bridge_atom,"Claim-level v0.2 pass; pre-pill. Register C status partial. Register partial; review before promotion. Bridge correspondence, not proof."
KIMI-consciousness-C-036,topics/abc-consciousness.html,It fits the L3–L4 ladder but does not replace neuroscience.,requires both A and B register content,introduces cross-register bridge translation / correspondence,preserves both theological and scientific floors,"if removed, cross-register coherence collapses",A↔B↔C translation,coherent_partial,needs_review,yes,BR,C,create_bridge_atom,"Claim-level v0.2 pass; pre-pill. Register C status partial. Register partial; review before promotion. Bridge correspondence, not proof."
KIMI-consciousness-C-037,topics/abc-consciousness.html,"Consciousness follows Coherence-Degradation-Restoration: the capacity is given (C), the channel degrades but the architecture holds (D), and restoration requires an external source term (R).",requires both A and B register content,introduces cross-register bridge translation / correspondence,preserves both theological and scientific floors,"if removed, cross-register coherence collapses",A↔B↔C translation,coherent_partial,needs_review,yes,BR,C,create_bridge_atom,"Claim-level v0.2 pass; pre-pill. Register C status partial. Register partial; review before promotion. Bridge correspondence, not proof."
KIMI-consciousness-C-038,topics/abc-consciousness.html,Same grammar as other domains; same honesty about status.,requires both A and B register content,introduces cross-register bridge translation / correspondence,preserves both theological and scientific floors,"if removed, cross-register coherence collapses",A↔B↔C translation,coherent_partial,needs_review,yes,BR,C,create_bridge_atom,"Claim-level v0.2 pass; pre-pill. Register C status partial. Register partial; review before promotion. Bridge correspondence, not proof."
KIMI-consciousness-C-039,topics/abc-consciousness.html,Demonstrate L3 consciousness in a system with no orientation architecture.,requires both A and B register content,introduces cross-register bridge translation / correspondence,preserves both theological and scientific floors,"if removed, cross-register coherence collapses",A↔B↔C translation,coherent_partial,needs_review,yes,BR,C,create_bridge_atom,"Claim-level v0.2 pass; pre-pill. Register C status partial. Register partial; review before promotion. Bridge correspondence, not proof."
KIMI-consciousness-C-040,topics/abc-consciousness.html,Raise humans with zero cultural input and show zero moral intuition.,requires both A and B register content,introduces cross-register bridge translation / correspondence,preserves both theological and scientific floors,"if removed, cross-register coherence collapses",A↔B↔C translation,coherent_partial,needs_review,yes,BR,C,create_bridge_atom,"Claim-level v0.2 pass; pre-pill. Register C status partial. Register partial; review before promotion. Bridge correspondence, not proof."
KIMI-consciousness-C-041,topics/abc-consciousness.html,Derive qualia from a non-relational substrate.,requires both A and B register content,introduces cross-register bridge translation / correspondence,preserves both theological and scientific floors,"if removed, cross-register coherence collapses",A↔B↔C translation,coherent_partial,needs_review,yes,BR,C,create_bridge_atom,"Claim-level v0.2 pass; pre-pill. Register C status partial. Register partial; review before promotion. Bridge correspondence, not proof."
KIMI-consciousness-C-042,topics/abc-consciousness.html,Demonstrate a structurally non-triadic mode of consciousness.,requires both A and B register content,introduces cross-register bridge translation / correspondence,preserves both theological and scientific floors,"if removed, cross-register coherence collapses",A↔B↔C translation,coherent_partial,needs_review,yes,BR,C,create_bridge_atom,"Claim-level v0.2 pass; pre-pill. Register C status partial. Register partial; review before promotion. Bridge correspondence, not proof."
KIMI-consciousness-C-043,topics/abc-consciousness.html,"Show that consciousness orientation is continuous rather than bimodal, if the binary sign model is being claimed.",requires both A and B register content,introduces cross-register bridge translation / correspondence,preserves both theological and scientific floors,"if removed, cross-register coherence collapses",A↔B↔C translation,coherent_partial,needs_review,yes,BR,C,create_bridge_atom,"Claim-level v0.2 pass; pre-pill. Register C status partial. Register partial; review before promotion. Bridge correspondence, not proof."
KIMI-consciousness-C-044,topics/abc-consciousness.html,This page does not claim to have experimentally solved consciousness.,requires both A and B register content,introduces cross-register bridge translation / correspondence,preserves both theological and scientific floors,"if removed, cross-register coherence collapses",A↔B↔C translation,coherent_partial,needs_review,yes,BR,C,create_bridge_atom,"Claim-level v0.2 pass; pre-pill. Register C status partial. Register partial; review before promotion. Bridge correspondence, not proof."
KIMI-consciousness-C-045,topics/abc-consciousness.html,"It claims that, within Theophysics, consciousness is best understood as self-referential, morally oriented relation grounded in the same triadic structure the framework identifies at the foundation of reality.",requires both A and B register content,introduces cross-register bridge translation / correspondence,preserves both theological and scientific floors,"if removed, cross-register coherence collapses",A↔B↔C translation,coherent_partial,needs_review,yes,BR,C,create_bridge_atom,"Claim-level v0.2 pass; pre-pill. Register C status partial. Register partial; review before promotion. Bridge correspondence, not proof."
KIMI-consciousness-C-046,topics/abc-consciousness.html,"""Derives"" here means structural derivation : given the four axioms and the Ten Laws, the L1–L4 staircase follows by logical entailment.",requires both A and B register content,introduces cross-register bridge translation / correspondence,preserves both theological and scientific floors,"if removed, cross-register coherence collapses",A↔B↔C translation,coherent_partial,needs_review,yes,PM,C,create_bridge_atom,Claim-level v0.2 pass; pre-pill. Register C status partial. Register partial; review before promotion. Philosophical/model claim.
KIMI-consciousness-C-047,topics/abc-consciousness.html,"It is not an empirical derivation, a Lean proof, or a causal explanation of how neurons produce qualia.",requires both A and B register content,introduces cross-register bridge translation / correspondence,preserves both theological and scientific floors,"if removed, cross-register coherence collapses",A↔B↔C translation,coherent_partial,needs_review,yes,BR,C,create_bridge_atom,"Claim-level v0.2 pass; pre-pill. Register C status partial. Register partial; review before promotion. Bridge correspondence, not proof."
KIMI-consciousness-C-048,topics/abc-consciousness.html,"AI at L2 only is a working prediction, not a final verdict.",requires both A and B register content,introduces cross-register bridge translation / correspondence,preserves both theological and scientific floors,"if removed, cross-register coherence collapses",A↔B↔C translation,coherent_partial,needs_review,yes,BR,C,create_bridge_atom,"Claim-level v0.2 pass; pre-pill. Register C status partial. Register partial; review before promotion. Bridge correspondence, not proof."
KIMI-consciousness-C-049,topics/abc-consciousness.html,The morality-as-constitutive claim is strong but remains under review.,requires both A and B register content,introduces cross-register bridge translation / correspondence,preserves both theological and scientific floors,"if removed, cross-register coherence collapses",A↔B↔C translation,coherent_partial,needs_review,yes,BR,C,create_bridge_atom,"Claim-level v0.2 pass; pre-pill. Register C status partial. Register partial; review before promotion. Bridge correspondence, not proof."
KIMI-cost-shadow-doorway-A-001,topics/abc-cost-shadow.html,"Theology frames the possibility of evil, the reality of sin , and the convergence of justice , mercy , and cost at the Cross.",none (theological ground / L0 instantiation),confesses a theological identification or doctrine,created-order distinction/relation preserved in background,"if removed, corresponding bridge readings lose theological anchor",domain-bound (A); C translates as bridge candidate,coherent,yes,yes,C,B,create_claim_atom,Claim-level v0.2 pass; pre-pill. Register A status present.
KIMI-cost-shadow-doorway-A-002,topics/abc-cost-shadow.html,The clean line: evil is not a created substance.,none (theological ground / L0 instantiation),confesses a theological identification or doctrine,created-order distinction/relation preserved in background,"if removed, corresponding bridge readings lose theological anchor",domain-bound (A); C translates as bridge candidate,coherent,yes,yes,C,B,create_claim_atom,Claim-level v0.2 pass; pre-pill. Register A status present.
KIMI-cost-shadow-doorway-A-003,topics/abc-cost-shadow.html,"Evil is the away-direction made possible by the reality of the Good, and made enterable only when finite freedom exists.",none (theological ground / L0 instantiation),confesses a theological identification or doctrine,created-order distinction/relation preserved in background,"if removed, corresponding bridge readings lose theological anchor",domain-bound (A); C translates as bridge candidate,coherent,yes,yes,C,B,create_claim_atom,Claim-level v0.2 pass; pre-pill. Register A status present.
KIMI-cost-shadow-doorway-A-004,topics/abc-cost-shadow.html,The shadow was cast at creation as bounded possibility.,none (theological ground / L0 instantiation),confesses a theological identification or doctrine,created-order distinction/relation preserved in background,"if removed, corresponding bridge readings lose theological anchor",domain-bound (A); C translates as bridge candidate,coherent,yes,yes,C,B,create_claim_atom,Claim-level v0.2 pass; pre-pill. Register A status present.
KIMI-cost-shadow-doorway-A-005,topics/abc-cost-shadow.html,It was entered at the Fall as actual refusal.,none (theological ground / L0 instantiation),confesses a theological identification or doctrine,created-order distinction/relation preserved in background,"if removed, corresponding bridge readings lose theological anchor",domain-bound (A); C translates as bridge candidate,coherent,yes,yes,C,B,create_claim_atom,Claim-level v0.2 pass; pre-pill. Register A status present.
KIMI-cost-shadow-doorway-A-006,topics/abc-cost-shadow.html,Creation carries a structural cost; creatures carry a moral responsibility.,none (theological ground / L0 instantiation),confesses a theological identification or doctrine,created-order distinction/relation preserved in background,"if removed, corresponding bridge readings lose theological anchor",domain-bound (A); C translates as bridge candidate,coherent,yes,yes,C,B,create_claim_atom,Claim-level v0.2 pass; pre-pill. Register A status present.
KIMI-cost-shadow-doorway-A-007,topics/abc-cost-shadow.html,"The two are separate, and both are real.",none (theological ground / L0 instantiation),confesses a theological identification or doctrine,created-order distinction/relation preserved in background,"if removed, corresponding bridge readings lose theological anchor",domain-bound (A); C translates as bridge candidate,coherent,yes,yes,C,B,create_claim_atom,Claim-level v0.2 pass; pre-pill. Register A status present.
KIMI-cost-shadow-doorway-A-008,topics/abc-cost-shadow.html,"At the center of Christian theology, justice and mercy meet because the Judge himself pays the debt.",none (theological ground / L0 instantiation),confesses a theological identification or doctrine,created-order distinction/relation preserved in background,"if removed, corresponding bridge readings lose theological anchor",domain-bound (A); C translates as bridge candidate,coherent,yes,yes,C,B,create_claim_atom,Claim-level v0.2 pass; pre-pill. Register A status present.
KIMI-cost-shadow-doorway-A-009,topics/abc-cost-shadow.html,Christ is the voluntary external cost-bearer.,none (theological ground / L0 instantiation),confesses a theological identification or doctrine,created-order distinction/relation preserved in background,"if removed, corresponding bridge readings lose theological anchor",domain-bound (A); C translates as bridge candidate,coherent,yes,yes,C,B,create_claim_atom,Claim-level v0.2 pass; pre-pill. Register A status present.
KIMI-cost-shadow-doorway-A-010,topics/abc-cost-shadow.html,He does not cancel the moral ledger by fiat; he satisfies it by his own blood.,none (theological ground / L0 instantiation),confesses a theological identification or doctrine,created-order distinction/relation preserved in background,"if removed, corresponding bridge readings lose theological anchor",domain-bound (A); C translates as bridge candidate,coherent,yes,yes,C,B,create_claim_atom,Claim-level v0.2 pass; pre-pill. Register A status present.
KIMI-cost-shadow-doorway-A-011,topics/abc-cost-shadow.html,"Substitutionary atonement means that the righteous one stands in the place of the unrighteous, bearing what sin deserved so that mercy can be righteous and justice can be merciful.",none (theological ground / L0 instantiation),confesses a theological identification or doctrine,created-order distinction/relation preserved in background,"if removed, corresponding bridge readings lose theological anchor",domain-bound (A); C translates as bridge candidate,coherent,yes,yes,C,B,create_claim_atom,Claim-level v0.2 pass; pre-pill. Register A status present.
KIMI-cost-shadow-doorway-A-012,topics/abc-cost-shadow.html,This is why the Cross is not one symbol among many; it is the unique event that makes the convergence of justice and mercy possible.,none (theological ground / L0 instantiation),confesses a theological identification or doctrine,created-order distinction/relation preserved in background,"if removed, corresponding bridge readings lose theological anchor",domain-bound (A); C translates as bridge candidate,coherent,yes,yes,C,B,create_claim_atom,Claim-level v0.2 pass; pre-pill. Register A status present.
KIMI-cost-shadow-doorway-A-013,topics/abc-cost-shadow.html,Humanity in this picture: human beings are debtors who cannot pay their own way.,none (theological ground / L0 instantiation),confesses a theological identification or doctrine,created-order distinction/relation preserved in background,"if removed, corresponding bridge readings lose theological anchor",domain-bound (A); C translates as bridge candidate,coherent,yes,yes,C,B,create_claim_atom,Claim-level v0.2 pass; pre-pill. Register A status present.
KIMI-cost-shadow-doorway-A-014,topics/abc-cost-shadow.html,The law can expose the debt; only grace can settle it.,none (theological ground / L0 instantiation),confesses a theological identification or doctrine,created-order distinction/relation preserved in background,"if removed, corresponding bridge readings lose theological anchor",domain-bound (A); C translates as bridge candidate,coherent,yes,yes,C,B,create_claim_atom,Claim-level v0.2 pass; pre-pill. Register A status present.
KIMI-cost-shadow-doorway-A-015,topics/abc-cost-shadow.html,The Christian is one who accepts the payment and is then called to live as a debtor to mercy.,none (theological ground / L0 instantiation),confesses a theological identification or doctrine,created-order distinction/relation preserved in background,"if removed, corresponding bridge readings lose theological anchor",domain-bound (A); C translates as bridge candidate,coherent,yes,yes,C,B,create_claim_atom,Claim-level v0.2 pass; pre-pill. Register A status present.
KIMI-cost-shadow-doorway-B-001,topics/abc-cost-shadow.html,"Physics can describe entropy, irreversibility, conservation, and cost.",requires empirical method / opening axioms (L0-L2),"introduces a physics-register model, observation, or formal method",mathematical/logical lower-layer floor preserved,"if removed, dependent bridge claims collapse to analogy",domain-bound (B); C translates structure across,coherent_partial,needs_review,yes,PH,C,create_gap_atom,Claim-level v0.2 pass; pre-pill. Register B status partial. Register partial; review before promotion. Physics-register claim; formal/empirical support required.
KIMI-cost-shadow-doorway-B-002,topics/abc-cost-shadow.html,It cannot by itself say that a moral debt has been paid or that grace exists.,requires empirical method / opening axioms (L0-L2),"introduces a physics-register model, observation, or formal method",mathematical/logical lower-layer floor preserved,"if removed, dependent bridge claims collapse to analogy",domain-bound (B); C translates structure across,coherent_partial,needs_review,yes,E,C,create_gap_atom,Claim-level v0.2 pass; pre-pill. Register B status partial. Register partial; review before promotion.
KIMI-cost-shadow-doorway-B-003,topics/abc-cost-shadow.html,The framework distinguishes structural entropy (the neutral cost of finitude) from moral entropy (the directional fracture of will).,requires empirical method / opening axioms (L0-L2),"introduces a physics-register model, observation, or formal method",mathematical/logical lower-layer floor preserved,"if removed, dependent bridge claims collapse to analogy",domain-bound (B); C translates structure across,coherent_partial,needs_review,yes,PH,C,create_gap_atom,Claim-level v0.2 pass; pre-pill. Register B status partial. Register partial; review before promotion. Physics-register claim; formal/empirical support required.
KIMI-cost-shadow-doorway-B-004,topics/abc-cost-shadow.html,Confusing them either makes God the author of evil or excuses human cruelty.,requires empirical method / opening axioms (L0-L2),"introduces a physics-register model, observation, or formal method",mathematical/logical lower-layer floor preserved,"if removed, dependent bridge claims collapse to analogy",domain-bound (B); C translates structure across,coherent_partial,needs_review,yes,E,C,create_gap_atom,Claim-level v0.2 pass; pre-pill. Register B status partial. Register partial; review before promotion.
KIMI-cost-shadow-doorway-C-001,topics/abc-cost-shadow.html,The shadow page is strong and mostly family-safe.,requires both A and B register content,introduces cross-register bridge translation / correspondence,preserves both theological and scientific floors,"if removed, cross-register coherence collapses",A↔B↔C translation,coherent_partial,needs_review,yes,BR,C,create_bridge_atom,"Claim-level v0.2 pass; pre-pill. Register C status partial. Register partial; review before promotion. Bridge correspondence, not proof."
KIMI-cost-shadow-doorway-C-002,topics/abc-cost-shadow.html,"The cost page is marked ""do not send yet"" in the audit because it may predate later caveats or retired claims.",requires both A and B register content,introduces cross-register bridge translation / correspondence,preserves both theological and scientific floors,"if removed, cross-register coherence collapses",A↔B↔C translation,coherent_partial,needs_review,yes,BR,C,create_bridge_atom,"Claim-level v0.2 pass; pre-pill. Register C status partial. Register partial; review before promotion. Bridge correspondence, not proof."
KIMI-cost-shadow-doorway-C-003,topics/abc-cost-shadow.html,"Locked bridge claims: structural entropy ≠ moral entropy; ""very good"" includes the cost of finitude; the Fall is a relational breach (removal of maintenance), not a physics change.",requires both A and B register content,introduces cross-register bridge translation / correspondence,preserves both theological and scientific floors,"if removed, cross-register coherence collapses",A↔B↔C translation,coherent_partial,needs_review,yes,BR,C,create_bridge_atom,"Claim-level v0.2 pass; pre-pill. Register C status partial. Register partial; review before promotion. Bridge correspondence, not proof."
KIMI-cost-shadow-doorway-C-004,topics/abc-cost-shadow.html,"Open: ""Tree of Life as grace-maintenance"" is interpretive, not derived from axioms.",requires both A and B register content,introduces cross-register bridge translation / correspondence,preserves both theological and scientific floors,"if removed, cross-register coherence collapses",A↔B↔C translation,coherent_partial,needs_review,yes,PM,C,create_bridge_atom,Claim-level v0.2 pass; pre-pill. Register C status partial. Register partial; review before promotion. Philosophical/model claim.
KIMI-cost-shadow-doorway-C-005,topics/abc-cost-shadow.html,The cost page's claims should be cross-checked against the latest canon rulings before broad sharing.,requires both A and B register content,introduces cross-register bridge translation / correspondence,preserves both theological and scientific floors,"if removed, cross-register coherence collapses",A↔B↔C translation,coherent_partial,needs_review,yes,BR,C,create_bridge_atom,"Claim-level v0.2 pass; pre-pill. Register C status partial. Register partial; review before promotion. Bridge correspondence, not proof."
KIMI-fall-redemption-A-001,topics/abc-fall-redemption.html,Theology tells the story of two heads.,none (theological ground / L0 instantiation),confesses a theological identification or doctrine,created-order distinction/relation preserved in background,"if removed, corresponding bridge readings lose theological anchor",domain-bound (A); C translates as bridge candidate,coherent,yes,yes,C,B,create_claim_atom,Claim-level v0.2 pass; pre-pill. Register A status present.
KIMI-fall-redemption-A-002,topics/abc-fall-redemption.html,"Adam, made in God's image, was given a probationary command and the freedom to obey or refuse.",none (theological ground / L0 instantiation),confesses a theological identification or doctrine,created-order distinction/relation preserved in background,"if removed, corresponding bridge readings lose theological anchor",domain-bound (A); C translates as bridge candidate,coherent,yes,yes,C,B,create_claim_atom,Claim-level v0.2 pass; pre-pill. Register A status present.
KIMI-fall-redemption-A-003,topics/abc-fall-redemption.html,"His refusal brought death — not merely biological end but estrangement from God, one another, and the created order.",none (theological ground / L0 instantiation),confesses a theological identification or doctrine,created-order distinction/relation preserved in background,"if removed, corresponding bridge readings lose theological anchor",domain-bound (A); C translates as bridge candidate,coherent,yes,yes,C,B,create_claim_atom,Claim-level v0.2 pass; pre-pill. Register A status present.
KIMI-fall-redemption-A-004,topics/abc-fall-redemption.html,"This is the Fall: a real historical rupture that affects every human being who descends from Adam by ordinary generation. ""Sin came into the world through one man, and death through sin, and so death spread to all men because all sinned"" (Rom 5:12).",none (theological ground / L0 instantiation),confesses a theological identification or doctrine,created-order distinction/relation preserved in background,"if removed, corresponding bridge readings lose theological anchor",domain-bound (A); C translates as bridge candidate,coherent,yes,yes,S,B,create_claim_atom,Claim-level v0.2 pass; pre-pill. Register A status present. Scriptural/traditional source.
KIMI-fall-redemption-A-005,topics/abc-fall-redemption.html,Evil is not a substance God created.,none (theological ground / L0 instantiation),confesses a theological identification or doctrine,created-order distinction/relation preserved in background,"if removed, corresponding bridge readings lose theological anchor",domain-bound (A); C translates as bridge candidate,coherent,yes,yes,C,B,create_claim_atom,Claim-level v0.2 pass; pre-pill. Register A status present.
KIMI-fall-redemption-A-006,topics/abc-fall-redemption.html,"It is the away-direction, the parasitic twisting of a good thing, the refusal of creaturely dependence upon the Creator.",none (theological ground / L0 instantiation),confesses a theological identification or doctrine,created-order distinction/relation preserved in background,"if removed, corresponding bridge readings lose theological anchor",domain-bound (A); C translates as bridge candidate,coherent,yes,yes,C,B,create_claim_atom,Claim-level v0.2 pass; pre-pill. Register A status present.
KIMI-fall-redemption-A-007,topics/abc-fall-redemption.html,"The devil is a fallen creature, not a co-equal opposite.",none (theological ground / L0 instantiation),confesses a theological identification or doctrine,created-order distinction/relation preserved in background,"if removed, corresponding bridge readings lose theological anchor",domain-bound (A); C translates as bridge candidate,coherent,yes,yes,C,B,create_claim_atom,Claim-level v0.2 pass; pre-pill. Register A status present.
KIMI-fall-redemption-A-008,topics/abc-fall-redemption.html,"Hell is the final persistence of that refusal, not a torture chamber God invents for spite.",none (theological ground / L0 instantiation),confesses a theological identification or doctrine,created-order distinction/relation preserved in background,"if removed, corresponding bridge readings lose theological anchor",domain-bound (A); C translates as bridge candidate,coherent,yes,yes,C,B,create_claim_atom,Claim-level v0.2 pass; pre-pill. Register A status present.
KIMI-fall-redemption-A-009,topics/abc-fall-redemption.html,Grace is not plan B.,none (theological ground / L0 instantiation),confesses a theological identification or doctrine,created-order distinction/relation preserved in background,"if removed, corresponding bridge readings lose theological anchor",domain-bound (A); C translates as bridge candidate,coherent,yes,yes,C,B,create_claim_atom,Claim-level v0.2 pass; pre-pill. Register A status present.
KIMI-fall-redemption-A-010,topics/abc-fall-redemption.html,The Lamb was slain before the foundation of the world (Rev 13:8).,none (theological ground / L0 instantiation),confesses a theological identification or doctrine,created-order distinction/relation preserved in background,"if removed, corresponding bridge readings lose theological anchor",domain-bound (A); C translates as bridge candidate,coherent,yes,yes,S,B,create_claim_atom,Claim-level v0.2 pass; pre-pill. Register A status present. Scriptural/traditional source.
KIMI-fall-redemption-A-011,topics/abc-fall-redemption.html,"God's answer to the Fall is the second Adam, Jesus Christ.",none (theological ground / L0 instantiation),confesses a theological identification or doctrine,created-order distinction/relation preserved in background,"if removed, corresponding bridge readings lose theological anchor",domain-bound (A); C translates as bridge candidate,coherent,yes,yes,C,B,create_claim_atom,Claim-level v0.2 pass; pre-pill. Register A status present.
KIMI-fall-redemption-A-012,topics/abc-fall-redemption.html,"Where Adam failed, Christ obeyed; where Adam brought condemnation, Christ brings justification; where Adam's sin reigned in death, grace reigns through righteousness to eternal life (Rom 5:12-21).",none (theological ground / L0 instantiation),confesses a theological identification or doctrine,created-order distinction/relation preserved in background,"if removed, corresponding bridge readings lose theological anchor",domain-bound (A); C translates as bridge candidate,coherent,yes,yes,S,B,create_claim_atom,Claim-level v0.2 pass; pre-pill. Register A status present. Scriptural/traditional source.
KIMI-fall-redemption-A-013,topics/abc-fall-redemption.html,"Redemption is not a reset to Eden; it is a new creation, begun in the resurrection of Christ and awaited in the resurrection of the body.",none (theological ground / L0 instantiation),confesses a theological identification or doctrine,created-order distinction/relation preserved in background,"if removed, corresponding bridge readings lose theological anchor",domain-bound (A); C translates as bridge candidate,coherent,yes,yes,C,B,create_claim_atom,Claim-level v0.2 pass; pre-pill. Register A status present.
KIMI-fall-redemption-A-014,topics/abc-fall-redemption.html,Humanity in this picture: every human being is either in Adam or in Christ .,none (theological ground / L0 instantiation),confesses a theological identification or doctrine,created-order distinction/relation preserved in background,"if removed, corresponding bridge readings lose theological anchor",domain-bound (A); C translates as bridge candidate,coherent,yes,yes,C,B,create_claim_atom,Claim-level v0.2 pass; pre-pill. Register A status present.
KIMI-fall-redemption-A-015,topics/abc-fall-redemption.html,There is no neutral ground.,none (theological ground / L0 instantiation),confesses a theological identification or doctrine,created-order distinction/relation preserved in background,"if removed, corresponding bridge readings lose theological anchor",domain-bound (A); C translates as bridge candidate,coherent,yes,yes,C,B,create_claim_atom,Claim-level v0.2 pass; pre-pill. Register A status present.
KIMI-fall-redemption-A-016,topics/abc-fall-redemption.html,"The transition is not by biology, culture, or effort, but by faith — the voluntary reception of the grace offered in the gospel.",none (theological ground / L0 instantiation),confesses a theological identification or doctrine,created-order distinction/relation preserved in background,"if removed, corresponding bridge readings lose theological anchor",domain-bound (A); C translates as bridge candidate,coherent,yes,yes,C,B,create_claim_atom,Claim-level v0.2 pass; pre-pill. Register A status present.
KIMI-fall-redemption-B-001,topics/abc-fall-redemption.html,"Science can describe physical systems, entropy, noise, boundaries, and openness.",none (register gap),none,science floor is not applicable here,"if filled with invented science, bridge becomes smuggled",domain-bound gap (B missing),defective,partial,yes,PH,D,create_objection_atom,Claim-level v0.2 pass; pre-pill. Register B status gap. Register gap; do not invent missing science. Physics-register claim; formal/empirical support required.
KIMI-fall-redemption-B-002,topics/abc-fall-redemption.html,It has no register for moral origin before physical systems exist.,none (register gap),none,science floor is not applicable here,"if filled with invented science, bridge becomes smuggled",domain-bound gap (B missing),defective,partial,yes,E,D,create_objection_atom,Claim-level v0.2 pass; pre-pill. Register B status gap. Register gap; do not invent missing science.
KIMI-fall-redemption-B-003,topics/abc-fall-redemption.html,"This gap should be marked, not filled with invented science.",none (register gap),none,science floor is not applicable here,"if filled with invented science, bridge becomes smuggled",domain-bound gap (B missing),defective,partial,yes,E,D,create_objection_atom,Claim-level v0.2 pass; pre-pill. Register B status gap. Register gap; do not invent missing science.
KIMI-fall-redemption-C-001,topics/abc-fall-redemption.html,"Theophysics can model refusal as closure, loss of coherence , and increasing drift.",requires both A and B register content,introduces cross-register bridge translation / correspondence,preserves both theological and scientific floors,"if removed, cross-register coherence collapses",A↔B↔C translation,coherent,yes,yes,PM,C,create_bridge_atom,Claim-level v0.2 pass; pre-pill. Register C status present. Philosophical/model claim.
KIMI-fall-redemption-C-002,topics/abc-fall-redemption.html,It can model grace as reopening from beyond a closed system.,requires both A and B register content,introduces cross-register bridge translation / correspondence,preserves both theological and scientific floors,"if removed, cross-register coherence collapses",A↔B↔C translation,coherent,yes,yes,BR,C,create_bridge_atom,"Claim-level v0.2 pass; pre-pill. Register C status present. Bridge correspondence, not proof."
KIMI-fall-redemption-C-003,topics/abc-fall-redemption.html,"These are bridge models, not physics proofs of the Fall.",requires both A and B register content,introduces cross-register bridge translation / correspondence,preserves both theological and scientific floors,"if removed, cross-register coherence collapses",A↔B↔C translation,coherent,yes,yes,BR,C,create_bridge_atom,"Claim-level v0.2 pass; pre-pill. Register C status present. Bridge correspondence, not proof."
KIMI-fall-redemption-C-004,topics/abc-fall-redemption.html,The central formal results live in Law V and Law VIII.,requires both A and B register content,introduces cross-register bridge translation / correspondence,preserves both theological and scientific floors,"if removed, cross-register coherence collapses",A↔B↔C translation,coherent,yes,yes,BR,C,create_bridge_atom,"Claim-level v0.2 pass; pre-pill. Register C status present. Bridge correspondence, not proof."
KIMI-fall-redemption-C-005,topics/abc-fall-redemption.html,"R(offense, α) holds justice and mercy simultaneously: α = 1 (offender pays), α = 0 (third party pays), and α = 0 + judge-as-payer is the Cross — the unique point where both justice and mercy reach their maximum.",requires both A and B register content,introduces cross-register bridge translation / correspondence,preserves both theological and scientific floors,"if removed, cross-register coherence collapses",A↔B↔C translation,coherent,yes,yes,BR,C,create_bridge_atom,"Claim-level v0.2 pass; pre-pill. Register C status present. Bridge correspondence, not proof."
KIMI-fall-redemption-C-006,topics/abc-fall-redemption.html,Law VIII models moral breakdown as a three-body decay: ψ_whole → ψ_broken + δ + ν_loss.,requires both A and B register content,introduces cross-register bridge translation / correspondence,preserves both theological and scientific floors,"if removed, cross-register coherence collapses",A↔B↔C translation,coherent,yes,yes,BR,C,create_bridge_atom,"Claim-level v0.2 pass; pre-pill. Register C status present. Bridge correspondence, not proof."
KIMI-fall-redemption-C-007,topics/abc-fall-redemption.html,The ledger does not forget; grace does not pretend.,requires both A and B register content,introduces cross-register bridge translation / correspondence,preserves both theological and scientific floors,"if removed, cross-register coherence collapses",A↔B↔C translation,coherent,yes,yes,BR,C,create_bridge_atom,"Claim-level v0.2 pass; pre-pill. Register C status present. Bridge correspondence, not proof."
KIMI-hard-questions-A-001,topics/abc-hard-questions.html,"Theology cannot protect itself by deleting scandal, judgment, or difficult biblical texts.",none (theological ground / L0 instantiation),confesses a theological identification or doctrine,created-order distinction/relation preserved in background,"if removed, corresponding bridge readings lose theological anchor",domain-bound (A); C translates as bridge candidate,coherent,yes,yes,C,B,create_claim_atom,Claim-level v0.2 pass; pre-pill. Register A status present.
KIMI-hard-questions-A-002,topics/abc-hard-questions.html,"The posture is reverent honesty, not moral authority stolen from God.",none (theological ground / L0 instantiation),confesses a theological identification or doctrine,created-order distinction/relation preserved in background,"if removed, corresponding bridge readings lose theological anchor",domain-bound (A); C translates as bridge candidate,coherent,yes,yes,C,B,create_claim_atom,Claim-level v0.2 pass; pre-pill. Register A status present.
KIMI-hard-questions-A-003,topics/abc-hard-questions.html,"The Bible itself models honest questioning: Job defends his integrity to God's face; Habakkuk demands God account for injustice; the psalmists cry out; Jesus himself quotes Psalm 22 from the cross: ""My God, my God, why have you forsaken me?""",none (theological ground / L0 instantiation),confesses a theological identification or doctrine,created-order distinction/relation preserved in background,"if removed, corresponding bridge readings lose theological anchor",domain-bound (A); C translates as bridge candidate,coherent,yes,yes,S,B,create_claim_atom,Claim-level v0.2 pass; pre-pill. Register A status present. Scriptural/traditional source.
KIMI-hard-questions-A-004,topics/abc-hard-questions.html,The Job posture — questioning in loyalty — is the only one that preserves both truth and love.,none (theological ground / L0 instantiation),confesses a theological identification or doctrine,created-order distinction/relation preserved in background,"if removed, corresponding bridge readings lose theological anchor",domain-bound (A); C translates as bridge candidate,coherent,yes,yes,C,B,create_claim_atom,Claim-level v0.2 pass; pre-pill. Register A status present.
KIMI-hard-questions-A-005,topics/abc-hard-questions.html,"It refuses the four dangerous postures: closed book (atheism), apologist (conscience silenced), authority (God as tyrant), and adversarial (taking God's seat).",none (theological ground / L0 instantiation),confesses a theological identification or doctrine,created-order distinction/relation preserved in background,"if removed, corresponding bridge readings lose theological anchor",domain-bound (A); C translates as bridge candidate,coherent,yes,yes,C,B,create_claim_atom,Claim-level v0.2 pass; pre-pill. Register A status present.
KIMI-hard-questions-A-006,topics/abc-hard-questions.html,Lament is not unbelief; it is prayer under pressure.,none (theological ground / L0 instantiation),confesses a theological identification or doctrine,created-order distinction/relation preserved in background,"if removed, corresponding bridge readings lose theological anchor",domain-bound (A); C translates as bridge candidate,coherent,yes,yes,C,B,create_claim_atom,Claim-level v0.2 pass; pre-pill. Register A status present.
KIMI-hard-questions-A-007,topics/abc-hard-questions.html,"But Christian theology also holds that the deepest answer to the problem of evil, suffering, and divine judgment is not a theory but an event: the Cross.",none (theological ground / L0 instantiation),confesses a theological identification or doctrine,created-order distinction/relation preserved in background,"if removed, corresponding bridge readings lose theological anchor",domain-bound (A); C translates as bridge candidate,coherent,yes,yes,C,B,create_claim_atom,Claim-level v0.2 pass; pre-pill. Register A status present.
KIMI-hard-questions-A-008,topics/abc-hard-questions.html,"At the cross God enters into human suffering, bears the judgment sin deserves, and opens the way to resurrection.",none (theological ground / L0 instantiation),confesses a theological identification or doctrine,created-order distinction/relation preserved in background,"if removed, corresponding bridge readings lose theological anchor",domain-bound (A); C translates as bridge candidate,coherent,yes,yes,C,B,create_claim_atom,Claim-level v0.2 pass; pre-pill. Register A status present.
KIMI-hard-questions-A-009,topics/abc-hard-questions.html,Theodicy is therefore penultimate; the gospel is ultimate.,none (theological ground / L0 instantiation),confesses a theological identification or doctrine,created-order distinction/relation preserved in background,"if removed, corresponding bridge readings lose theological anchor",domain-bound (A); C translates as bridge candidate,coherent,yes,yes,C,B,create_claim_atom,Claim-level v0.2 pass; pre-pill. Register A status present.
KIMI-hard-questions-A-010,topics/abc-hard-questions.html,The framework can ask hard questions honestly because it believes the answer has already come in the person and work of Christ.,none (theological ground / L0 instantiation),confesses a theological identification or doctrine,created-order distinction/relation preserved in background,"if removed, corresponding bridge readings lose theological anchor",domain-bound (A); C translates as bridge candidate,coherent,yes,yes,C,B,create_claim_atom,Claim-level v0.2 pass; pre-pill. Register A status present.
KIMI-hard-questions-B-001,topics/abc-hard-questions.html,"Physics has no category for divine command, moral horror, or theodicy.",requires empirical method / opening axioms (L0-L2),"introduces a physics-register model, observation, or formal method",mathematical/logical lower-layer floor preserved,"if removed, dependent bridge claims collapse to analogy",domain-bound (B); C translates structure across,coherent_partial,needs_review,yes,E,C,create_gap_atom,Claim-level v0.2 pass; pre-pill. Register B status partial. Register partial; review before promotion.
KIMI-hard-questions-B-002,topics/abc-hard-questions.html,Anyone who tries to solve the conquest narratives with entropy or information theory is doing something other than physics.,requires empirical method / opening axioms (L0-L2),"introduces a physics-register model, observation, or formal method",mathematical/logical lower-layer floor preserved,"if removed, dependent bridge claims collapse to analogy",domain-bound (B); C translates structure across,coherent_partial,needs_review,yes,PH,C,create_gap_atom,Claim-level v0.2 pass; pre-pill. Register B status partial. Register partial; review before promotion. Physics-register claim; formal/empirical support required.
KIMI-hard-questions-B-003,topics/abc-hard-questions.html,The hard-questions page is not a physics page.,requires empirical method / opening axioms (L0-L2),"introduces a physics-register model, observation, or formal method",mathematical/logical lower-layer floor preserved,"if removed, dependent bridge claims collapse to analogy",domain-bound (B); C translates structure across,coherent_partial,needs_review,yes,E,C,create_gap_atom,Claim-level v0.2 pass; pre-pill. Register B status partial. Register partial; review before promotion.
KIMI-hard-questions-C-001,topics/abc-hard-questions.html,"Theophysics should invite real objections, mark where they land, and either answer, downgrade, quarantine, or retire claims.",requires both A and B register content,introduces cross-register bridge translation / correspondence,preserves both theological and scientific floors,"if removed, cross-register coherence collapses",A↔B↔C translation,coherent,yes,yes,BR,C,create_bridge_atom,"Claim-level v0.2 pass; pre-pill. Register C status present. Bridge correspondence, not proof."
KIMI-hard-questions-C-002,topics/abc-hard-questions.html,That process is part of the truth claim.,requires both A and B register content,introduces cross-register bridge translation / correspondence,preserves both theological and scientific floors,"if removed, cross-register coherence collapses",A↔B↔C translation,coherent,yes,yes,BR,C,create_bridge_atom,"Claim-level v0.2 pass; pre-pill. Register C status present. Bridge correspondence, not proof."
KIMI-hard-questions-C-003,topics/abc-hard-questions.html,"The framework provides a structure for holding hard passages honestly without collapsing into apologetics, atheism, or authoritarianism.",requires both A and B register content,introduces cross-register bridge translation / correspondence,preserves both theological and scientific floors,"if removed, cross-register coherence collapses",A↔B↔C translation,coherent,yes,yes,BR,C,create_bridge_atom,"Claim-level v0.2 pass; pre-pill. Register C status present. Bridge correspondence, not proof."
KIMI-hard-questions-C-004,topics/abc-hard-questions.html,"The Split format is a guardrail, not a solution.",requires both A and B register content,introduces cross-register bridge translation / correspondence,preserves both theological and scientific floors,"if removed, cross-register coherence collapses",A↔B↔C translation,coherent,yes,yes,BR,C,create_bridge_atom,"Claim-level v0.2 pass; pre-pill. Register C status present. Bridge correspondence, not proof."
KIMI-hard-questions-C-005,topics/abc-hard-questions.html,It prevents the four postures from collapsing into each other.,requires both A and B register content,introduces cross-register bridge translation / correspondence,preserves both theological and scientific floors,"if removed, cross-register coherence collapses",A↔B↔C translation,coherent,yes,yes,BR,C,create_bridge_atom,"Claim-level v0.2 pass; pre-pill. Register C status present. Bridge correspondence, not proof."
KIMI-hard-questions-C-006,topics/abc-hard-questions.html,Lean gold ticket: T-01 formalizes the Job posture under defined predicates.,requires both A and B register content,introduces cross-register bridge translation / correspondence,preserves both theological and scientific floors,"if removed, cross-register coherence collapses",A↔B↔C translation,coherent,yes,yes,BR,C,create_bridge_atom,"Claim-level v0.2 pass; pre-pill. Register C status present. Bridge correspondence, not proof."
KIMI-hard-questions-C-007,topics/abc-hard-questions.html,It does not prove historical interpretation or resolve every hard passage.,requires both A and B register content,introduces cross-register bridge translation / correspondence,preserves both theological and scientific floors,"if removed, cross-register coherence collapses",A↔B↔C translation,coherent,yes,yes,BR,C,create_bridge_atom,"Claim-level v0.2 pass; pre-pill. Register C status present. Bridge correspondence, not proof."
KIMI-information-A-001,topics/abc-information.html,Theology names the world as intelligible because it is created through Logos .,none (theological ground / L0 instantiation),confesses a theological identification or doctrine,created-order distinction/relation preserved in background,"if removed, corresponding bridge readings lose theological anchor",domain-bound (A); C translates as bridge candidate,coherent,yes,yes,C,B,create_claim_atom,Claim-level v0.2 pass; pre-pill. Register A status present.
KIMI-information-A-002,topics/abc-information.html,"A witness is not merely a mirror; it is a person capable of receiving truth and responding to it. ""In the beginning was the Word"" is a substrate claim: information is fundamental, and its source is personal.",none (theological ground / L0 instantiation),confesses a theological identification or doctrine,created-order distinction/relation preserved in background,"if removed, corresponding bridge readings lose theological anchor",domain-bound (A); C translates as bridge candidate,coherent,yes,yes,C,B,create_claim_atom,Claim-level v0.2 pass; pre-pill. Register A status present.
KIMI-information-A-003,topics/abc-information.html,Humanity in this picture: human beings are the creaturely witnesses.,none (theological ground / L0 instantiation),confesses a theological identification or doctrine,created-order distinction/relation preserved in background,"if removed, corresponding bridge readings lose theological anchor",domain-bound (A); C translates as bridge candidate,coherent,yes,yes,C,B,create_claim_atom,Claim-level v0.2 pass; pre-pill. Register A status present.
KIMI-information-A-004,topics/abc-information.html,"We are made to hear the Word, to name creation, to keep promises, and to bear true testimony.",none (theological ground / L0 instantiation),confesses a theological identification or doctrine,created-order distinction/relation preserved in background,"if removed, corresponding bridge readings lose theological anchor",domain-bound (A); C translates as bridge candidate,coherent,yes,yes,C,B,create_claim_atom,Claim-level v0.2 pass; pre-pill. Register A status present.
KIMI-information-A-005,topics/abc-information.html,"The Fall corrupts this witness — we hear selectively, name falsely, break promises, and deceive.",none (theological ground / L0 instantiation),confesses a theological identification or doctrine,created-order distinction/relation preserved in background,"if removed, corresponding bridge readings lose theological anchor",domain-bound (A); C translates as bridge candidate,coherent,yes,yes,C,B,create_claim_atom,Claim-level v0.2 pass; pre-pill. Register A status present.
KIMI-information-A-006,topics/abc-information.html,"Redemption restores the witness: the Spirit is the truth who leads believers into all truth, and the church is called to be a community of truthful speech in a world of lies.",none (theological ground / L0 instantiation),confesses a theological identification or doctrine,created-order distinction/relation preserved in background,"if removed, corresponding bridge readings lose theological anchor",domain-bound (A); C translates as bridge candidate,coherent,yes,yes,C,B,create_claim_atom,Claim-level v0.2 pass; pre-pill. Register A status present.
KIMI-information-B-001,topics/abc-information.html,Information theory begins with distinctions and signals.,requires empirical method / opening axioms (L0-L2),"introduces a physics-register model, observation, or formal method",mathematical/logical lower-layer floor preserved,"if removed, dependent bridge claims collapse to analogy",domain-bound (B); C translates structure across,coherent,yes,yes,PH,B,create_claim_atom,Claim-level v0.2 pass; pre-pill. Register B status present. Physics-register claim; formal/empirical support required.
KIMI-information-B-002,topics/abc-information.html,"Communication requires source, channel, and receiver.",requires empirical method / opening axioms (L0-L2),"introduces a physics-register model, observation, or formal method",mathematical/logical lower-layer floor preserved,"if removed, dependent bridge claims collapse to analogy",domain-bound (B); C translates structure across,coherent,yes,yes,PH,B,create_claim_atom,Claim-level v0.2 pass; pre-pill. Register B status present. Physics-register claim; formal/empirical support required.
KIMI-information-B-003,topics/abc-information.html,"Physical information is constrained by noise, record stability, and error correction.",requires empirical method / opening axioms (L0-L2),"introduces a physics-register model, observation, or formal method",mathematical/logical lower-layer floor preserved,"if removed, dependent bridge claims collapse to analogy",domain-bound (B); C translates structure across,coherent,yes,yes,PH,B,create_claim_atom,Claim-level v0.2 pass; pre-pill. Register B status present. Physics-register claim; formal/empirical support required.
KIMI-information-B-004,topics/abc-information.html,"Shannon's channel capacity, C = B log₂(1 + S/N), gives the limits of reliable transmission.",requires empirical method / opening axioms (L0-L2),"introduces a physics-register model, observation, or formal method",mathematical/logical lower-layer floor preserved,"if removed, dependent bridge claims collapse to analogy",domain-bound (B); C translates structure across,coherent,yes,yes,PH,B,create_claim_atom,Claim-level v0.2 pass; pre-pill. Register B status present. Physics-register claim; formal/empirical support required.
KIMI-information-B-005,topics/abc-information.html,Landauer's principle adds that irreversible information operations have thermodynamic cost.,requires empirical method / opening axioms (L0-L2),"introduces a physics-register model, observation, or formal method",mathematical/logical lower-layer floor preserved,"if removed, dependent bridge claims collapse to analogy",domain-bound (B); C translates structure across,coherent,yes,yes,PH,B,create_claim_atom,Claim-level v0.2 pass; pre-pill. Register B status present. Physics-register claim; formal/empirical support required.
KIMI-information-B-006,topics/abc-information.html,Information is not free once it is physically enacted.,requires empirical method / opening axioms (L0-L2),"introduces a physics-register model, observation, or formal method",mathematical/logical lower-layer floor preserved,"if removed, dependent bridge claims collapse to analogy",domain-bound (B); C translates structure across,coherent,yes,yes,E,B,create_claim_atom,Claim-level v0.2 pass; pre-pill. Register B status present.
KIMI-information-C-001,topics/abc-information.html,K names meaningful information density in the grammar.,requires both A and B register content,introduces cross-register bridge translation / correspondence,preserves both theological and scientific floors,"if removed, cross-register coherence collapses",A↔B↔C translation,coherent,yes,yes,BR,C,create_bridge_atom,"Claim-level v0.2 pass; pre-pill. Register C status present. Bridge correspondence, not proof."
KIMI-information-C-002,topics/abc-information.html,The witness-field language marks the transition from unused potential to actualized record.,requires both A and B register content,introduces cross-register bridge translation / correspondence,preserves both theological and scientific floors,"if removed, cross-register coherence collapses",A↔B↔C translation,coherent,yes,yes,BR,C,create_bridge_atom,"Claim-level v0.2 pass; pre-pill. Register C status present. Bridge correspondence, not proof."
KIMI-information-C-003,topics/abc-information.html,Λ_i = A_i log₂(1 + T_i / D_i),requires both A and B register content,introduces cross-register bridge translation / correspondence,preserves both theological and scientific floors,"if removed, cross-register coherence collapses",A↔B↔C translation,coherent,yes,yes,BR,C,create_bridge_atom,"Claim-level v0.2 pass; pre-pill. Register C status present. Bridge correspondence, not proof."
KIMI-information-C-004,topics/abc-information.html,"where A is bandwidth, T is true signal / coherence, and D is drift / noise / sin.",requires both A and B register content,introduces cross-register bridge translation / correspondence,preserves both theological and scientific floors,"if removed, cross-register coherence collapses",A↔B↔C translation,coherent,yes,yes,BR,C,create_bridge_atom,"Claim-level v0.2 pass; pre-pill. Register C status present. Bridge correspondence, not proof."
KIMI-information-C-005,topics/abc-information.html,The no-drift limit is the theological denominator insight: fullness is the reference capacity against which the actual channel is measured.,requires both A and B register content,introduces cross-register bridge translation / correspondence,preserves both theological and scientific floors,"if removed, cross-register coherence collapses",A↔B↔C translation,coherent,yes,yes,BR,C,create_bridge_atom,"Claim-level v0.2 pass; pre-pill. Register C status present. Bridge correspondence, not proof."
KIMI-information-C-006,topics/abc-information.html,Guardrails: K is not matter by itself.,requires both A and B register content,introduces cross-register bridge translation / correspondence,preserves both theological and scientific floors,"if removed, cross-register coherence collapses",A↔B↔C translation,coherent,yes,yes,BR,C,create_bridge_atom,"Claim-level v0.2 pass; pre-pill. Register C status present. Bridge correspondence, not proof."
KIMI-information-C-007,topics/abc-information.html,Phi is not yet a completed formal operator.,requires both A and B register content,introduces cross-register bridge translation / correspondence,preserves both theological and scientific floors,"if removed, cross-register coherence collapses",A↔B↔C translation,coherent,yes,yes,BR,C,create_bridge_atom,"Claim-level v0.2 pass; pre-pill. Register C status present. Bridge correspondence, not proof."
KIMI-information-C-008,topics/abc-information.html,Information theory alone does not prove God.,requires both A and B register content,introduces cross-register bridge translation / correspondence,preserves both theological and scientific floors,"if removed, cross-register coherence collapses",A↔B↔C translation,coherent,yes,yes,BR,C,create_bridge_atom,"Claim-level v0.2 pass; pre-pill. Register C status present. Bridge correspondence, not proof."
KIMI-information-C-009,topics/abc-information.html,Distinguishability is the floor of information; semantic meaning requires additional structure.,requires both A and B register content,introduces cross-register bridge translation / correspondence,preserves both theological and scientific floors,"if removed, cross-register coherence collapses",A↔B↔C translation,coherent,yes,yes,BR,C,create_bridge_atom,"Claim-level v0.2 pass; pre-pill. Register C status present. Bridge correspondence, not proof."
KIMI-layered-necessity-A-001,topics/abc-layered-necessity.html,Christian theology confesses that God alone is self-existent and necessary.,none (theological ground / L0 instantiation),confesses a theological identification or doctrine,created-order distinction/relation preserved in background,"if removed, corresponding bridge readings lose theological anchor",domain-bound (A); C translates as bridge candidate,coherent_partial,needs_review,yes,C,C,create_gap_atom,Claim-level v0.2 pass; pre-pill. Register A status partial. Register partial; review before promotion.
KIMI-layered-necessity-A-002,topics/abc-layered-necessity.html,"Everything else — angels, atoms, laws, minds, time — exists because God freely willed it. ""In the beginning God created the heavens and the earth"" (Gen 1:1) means there is no co-eternal matter, no necessary chaos, no substrate that exists alongside God.",none (theological ground / L0 instantiation),confesses a theological identification or doctrine,created-order distinction/relation preserved in background,"if removed, corresponding bridge readings lose theological anchor",domain-bound (A); C translates as bridge candidate,coherent_partial,needs_review,yes,S,C,create_gap_atom,Claim-level v0.2 pass; pre-pill. Register A status partial. Register partial; review before promotion. Scriptural/traditional source.
KIMI-layered-necessity-A-003,topics/abc-layered-necessity.html,"Creation is ex nihilo : out of nothing, by the Word, through the Spirit.",none (theological ground / L0 instantiation),confesses a theological identification or doctrine,created-order distinction/relation preserved in background,"if removed, corresponding bridge readings lose theological anchor",domain-bound (A); C translates as bridge candidate,coherent_partial,needs_review,yes,C,C,create_gap_atom,Claim-level v0.2 pass; pre-pill. Register A status partial. Register partial; review before promotion.
KIMI-layered-necessity-A-004,topics/abc-layered-necessity.html,"Because God is triune, creation is not a lonely act of will but an overflow of interpersonal love.",none (theological ground / L0 instantiation),confesses a theological identification or doctrine,created-order distinction/relation preserved in background,"if removed, corresponding bridge readings lose theological anchor",domain-bound (A); C translates as bridge candidate,coherent_partial,needs_review,yes,C,C,create_gap_atom,Claim-level v0.2 pass; pre-pill. Register A status partial. Register partial; review before promotion.
KIMI-layered-necessity-A-005,topics/abc-layered-necessity.html,The Father speaks the Word; the Spirit broods over the deep; the world is born from a communion that already is.,none (theological ground / L0 instantiation),confesses a theological identification or doctrine,created-order distinction/relation preserved in background,"if removed, corresponding bridge readings lose theological anchor",domain-bound (A); C translates as bridge candidate,coherent_partial,needs_review,yes,C,C,create_gap_atom,Claim-level v0.2 pass; pre-pill. Register A status partial. Register partial; review before promotion.
KIMI-layered-necessity-A-006,topics/abc-layered-necessity.html,"Any layered necessity staircase that the framework constructs is therefore a map of created dependencies, not a proof that God exists.",none (theological ground / L0 instantiation),confesses a theological identification or doctrine,created-order distinction/relation preserved in background,"if removed, corresponding bridge readings lose theological anchor",domain-bound (A); C translates as bridge candidate,coherent_partial,needs_review,yes,C,C,create_gap_atom,Claim-level v0.2 pass; pre-pill. Register A status partial. Register partial; review before promotion.
KIMI-layered-necessity-A-007,topics/abc-layered-necessity.html,The ground of the staircase is theological; the steps are formal.,none (theological ground / L0 instantiation),confesses a theological identification or doctrine,created-order distinction/relation preserved in background,"if removed, corresponding bridge readings lose theological anchor",domain-bound (A); C translates as bridge candidate,coherent_partial,needs_review,yes,C,C,create_gap_atom,Claim-level v0.2 pass; pre-pill. Register A status partial. Register partial; review before promotion.
KIMI-layered-necessity-A-008,topics/abc-layered-necessity.html,Humanity in this picture: humans are not merely late arrivals at the top of the staircase.,none (theological ground / L0 instantiation),confesses a theological identification or doctrine,created-order distinction/relation preserved in background,"if removed, corresponding bridge readings lose theological anchor",domain-bound (A); C translates as bridge candidate,coherent_partial,needs_review,yes,C,C,create_gap_atom,Claim-level v0.2 pass; pre-pill. Register A status partial. Register partial; review before promotion.
KIMI-layered-necessity-A-009,topics/abc-layered-necessity.html,"They are made in the image of the Triune God — capable of relation, word, and spirit — and placed within creation as priests who recognize, name, and steward the order around them.",none (theological ground / L0 instantiation),confesses a theological identification or doctrine,created-order distinction/relation preserved in background,"if removed, corresponding bridge readings lose theological anchor",domain-bound (A); C translates as bridge candidate,coherent_partial,needs_review,yes,C,C,create_gap_atom,Claim-level v0.2 pass; pre-pill. Register A status partial. Register partial; review before promotion.
KIMI-layered-necessity-B-001,topics/abc-layered-necessity.html,"Lean can test dependency, inheritance, no-skip conditions, irreducibility, and collapse under definitions.",requires empirical method / opening axioms (L0-L2),"introduces a physics-register model, observation, or formal method",mathematical/logical lower-layer floor preserved,"if removed, dependent bridge claims collapse to analogy",domain-bound (B); C translates structure across,coherent_partial,needs_review,yes,E,C,create_gap_atom,Claim-level v0.2 pass; pre-pill. Register B status partial. Register partial; review before promotion.
KIMI-layered-necessity-B-002,topics/abc-layered-necessity.html,"It cannot prove the definitions are empirically complete, and it cannot prove divine identifications from nowhere.",requires empirical method / opening axioms (L0-L2),"introduces a physics-register model, observation, or formal method",mathematical/logical lower-layer floor preserved,"if removed, dependent bridge claims collapse to analogy",domain-bound (B); C translates structure across,coherent_partial,needs_review,yes,E,C,create_gap_atom,Claim-level v0.2 pass; pre-pill. Register B status partial. Register partial; review before promotion.
KIMI-layered-necessity-B-003,topics/abc-layered-necessity.html,"The method is a formal grammar, not a physics experiment.",requires empirical method / opening axioms (L0-L2),"introduces a physics-register model, observation, or formal method",mathematical/logical lower-layer floor preserved,"if removed, dependent bridge claims collapse to analogy",domain-bound (B); C translates structure across,coherent_partial,needs_review,yes,E,C,create_gap_atom,Claim-level v0.2 pass; pre-pill. Register B status partial. Register partial; review before promotion.
KIMI-layered-necessity-C-001,topics/abc-layered-necessity.html,The consciousness ladder appears to be one instance of a broader pattern.,requires both A and B register content,introduces cross-register bridge translation / correspondence,preserves both theological and scientific floors,"if removed, cross-register coherence collapses",A↔B↔C translation,coherent,yes,yes,BR,C,create_bridge_atom,"Claim-level v0.2 pass; pre-pill. Register C status present. Bridge correspondence, not proof."
KIMI-layered-necessity-C-002,topics/abc-layered-necessity.html,"Truth, ontology, information, morality, grace, and Trinity bridges can each be written as layered necessity staircases.",requires both A and B register content,introduces cross-register bridge translation / correspondence,preserves both theological and scientific floors,"if removed, cross-register coherence collapses",A↔B↔C translation,coherent,yes,yes,PM,C,create_bridge_atom,Claim-level v0.2 pass; pre-pill. Register C status present. Philosophical/model claim.
KIMI-layered-necessity-C-003,topics/abc-layered-necessity.html,"This turns the project from one grand proof into a repeatable question: what is the next unavoidable layer, and what single new capability does it contribute?",requires both A and B register content,introduces cross-register bridge translation / correspondence,preserves both theological and scientific floors,"if removed, cross-register coherence collapses",A↔B↔C translation,coherent,yes,yes,PM,C,create_bridge_atom,Claim-level v0.2 pass; pre-pill. Register C status present. Philosophical/model claim.
KIMI-layered-necessity-C-004,topics/abc-layered-necessity.html,Dependency: it requires the previous layer.,requires both A and B register content,introduces cross-register bridge translation / correspondence,preserves both theological and scientific floors,"if removed, cross-register coherence collapses",A↔B↔C translation,coherent,yes,yes,PM,C,create_bridge_atom,Claim-level v0.2 pass; pre-pill. Register C status present. Philosophical/model claim.
KIMI-layered-necessity-C-005,topics/abc-layered-necessity.html,Addition: it contributes exactly one new irreducible operation.,requires both A and B register content,introduces cross-register bridge translation / correspondence,preserves both theological and scientific floors,"if removed, cross-register coherence collapses",A↔B↔C translation,coherent,yes,yes,BR,C,create_bridge_atom,"Claim-level v0.2 pass; pre-pill. Register C status present. Bridge correspondence, not proof."
KIMI-layered-necessity-C-006,topics/abc-layered-necessity.html,No skip: it cannot be reached if the prior layer is absent.,requires both A and B register content,introduces cross-register bridge translation / correspondence,preserves both theological and scientific floors,"if removed, cross-register coherence collapses",A↔B↔C translation,coherent,yes,yes,PM,C,create_bridge_atom,Claim-level v0.2 pass; pre-pill. Register C status present. Philosophical/model claim.
KIMI-layered-necessity-C-007,topics/abc-layered-necessity.html,Collapse: removing a required layer collapses all downstream layers.,requires both A and B register content,introduces cross-register bridge translation / correspondence,preserves both theological and scientific floors,"if removed, cross-register coherence collapses",A↔B↔C translation,coherent,yes,yes,PM,C,create_bridge_atom,Claim-level v0.2 pass; pre-pill. Register C status present. Philosophical/model claim.
KIMI-layered-necessity-C-008,topics/abc-layered-necessity.html,Consciousness: Relation → Representation → Self-reference → Orientation → Consciousness → Source recognition.,requires both A and B register content,introduces cross-register bridge translation / correspondence,preserves both theological and scientific floors,"if removed, cross-register coherence collapses",A↔B↔C translation,coherent,yes,yes,BR,C,create_bridge_atom,"Claim-level v0.2 pass; pre-pill. Register C status present. Bridge correspondence, not proof."
KIMI-layered-necessity-C-009,topics/abc-layered-necessity.html,Truth: Existence → Distinction → Representation → Correspondence → Truth → Witness.,requires both A and B register content,introduces cross-register bridge translation / correspondence,preserves both theological and scientific floors,"if removed, cross-register coherence collapses",A↔B↔C translation,coherent,yes,yes,BR,C,create_bridge_atom,"Claim-level v0.2 pass; pre-pill. Register C status present. Bridge correspondence, not proof."
KIMI-layered-necessity-C-010,topics/abc-layered-necessity.html,Ontology: Existence → Identity → Distinction → Relation → Structure → Law → World.,requires both A and B register content,introduces cross-register bridge translation / correspondence,preserves both theological and scientific floors,"if removed, cross-register coherence collapses",A↔B↔C translation,coherent,yes,yes,BR,C,create_bridge_atom,"Claim-level v0.2 pass; pre-pill. Register C status present. Bridge correspondence, not proof."
KIMI-layered-necessity-C-011,topics/abc-layered-necessity.html,Morality: Existence → Distinction → Relation → Agency → Orientation → Responsibility.,requires both A and B register content,introduces cross-register bridge translation / correspondence,preserves both theological and scientific floors,"if removed, cross-register coherence collapses",A↔B↔C translation,coherent,yes,yes,BR,C,create_bridge_atom,"Claim-level v0.2 pass; pre-pill. Register C status present. Bridge correspondence, not proof."
KIMI-layered-necessity-C-012,topics/abc-layered-necessity.html,Grace: Damage → Recognition → Cost → Inability → External source → Restoration.,requires both A and B register content,introduces cross-register bridge translation / correspondence,preserves both theological and scientific floors,"if removed, cross-register coherence collapses",A↔B↔C translation,coherent,yes,yes,BR,C,create_bridge_atom,"Claim-level v0.2 pass; pre-pill. Register C status present. Bridge correspondence, not proof."
KIMI-layered-necessity-C-013,topics/abc-layered-necessity.html,Trinity bridge: Ground → Expression → Witness.,requires both A and B register content,introduces cross-register bridge translation / correspondence,preserves both theological and scientific floors,"if removed, cross-register coherence collapses",A↔B↔C translation,coherent,yes,yes,BR,C,create_bridge_atom,"Claim-level v0.2 pass; pre-pill. Register C status present. Bridge correspondence, not proof."
KIMI-layered-necessity-C-014,topics/abc-layered-necessity.html,The corpus compresses the axiom framework to eight schemata.,requires both A and B register content,introduces cross-register bridge translation / correspondence,preserves both theological and scientific floors,"if removed, cross-register coherence collapses",A↔B↔C translation,coherent,yes,yes,PM,C,create_bridge_atom,Claim-level v0.2 pass; pre-pill. Register C status present. Philosophical/model claim.
KIMI-layered-necessity-C-015,topics/abc-layered-necessity.html,Each layer depends on the previous and adds one new irreducible operation:,requires both A and B register content,introduces cross-register bridge translation / correspondence,preserves both theological and scientific floors,"if removed, cross-register coherence collapses",A↔B↔C translation,coherent,yes,yes,PM,C,create_bridge_atom,Claim-level v0.2 pass; pre-pill. Register C status present. Philosophical/model claim.
KIMI-layered-necessity-C-016,topics/abc-layered-necessity.html,AS-000 Existence: ∃x A1.1 Existence,requires both A and B register content,introduces cross-register bridge translation / correspondence,preserves both theological and scientific floors,"if removed, cross-register coherence collapses",A↔B↔C translation,coherent,yes,yes,D,C,create_bridge_atom,Claim-level v0.2 pass; pre-pill. Register C status present.
KIMI-layered-necessity-C-017,topics/abc-layered-necessity.html,AS-001 Distinction: x ≠ y A1.2 Distinction,requires both A and B register content,introduces cross-register bridge translation / correspondence,preserves both theological and scientific floors,"if removed, cross-register coherence collapses",A↔B↔C translation,coherent,yes,yes,D,C,create_bridge_atom,Claim-level v0.2 pass; pre-pill. Register C status present.
KIMI-layered-necessity-C-018,topics/abc-layered-necessity.html,"AS-002 Information: I = f(Being, Distinction) A1.3 Information Primacy",requires both A and B register content,introduces cross-register bridge translation / correspondence,preserves both theological and scientific floors,"if removed, cross-register coherence collapses",A↔B↔C translation,coherent,yes,yes,D,C,create_bridge_atom,Claim-level v0.2 pass; pre-pill. Register C status present.
KIMI-layered-necessity-C-019,topics/abc-layered-necessity.html,AS-003 Substrate: self-grounding requirement Substrate,requires both A and B register content,introduces cross-register bridge translation / correspondence,preserves both theological and scientific floors,"if removed, cross-register coherence collapses",A↔B↔C translation,coherent,yes,yes,D,C,create_bridge_atom,Claim-level v0.2 pass; pre-pill. Register C status present.
KIMI-layered-necessity-C-020,topics/abc-layered-necessity.html,AS-004 Observation: witness required Observation,requires both A and B register content,introduces cross-register bridge translation / correspondence,preserves both theological and scientific floors,"if removed, cross-register coherence collapses",A↔B↔C translation,coherent,yes,yes,D,C,create_bridge_atom,Claim-level v0.2 pass; pre-pill. Register C status present.
KIMI-layered-necessity-C-021,topics/abc-layered-necessity.html,"AS-005 Source: infinite, external Infinite Source",requires both A and B register content,introduces cross-register bridge translation / correspondence,preserves both theological and scientific floors,"if removed, cross-register coherence collapses",A↔B↔C translation,coherent,yes,yes,D,C,create_bridge_atom,Claim-level v0.2 pass; pre-pill. Register C status present.
KIMI-layered-necessity-C-022,topics/abc-layered-necessity.html,AS-006 Conservation: ∂_μj^μ = 0 Information Conservation,requires both A and B register content,introduces cross-register bridge translation / correspondence,preserves both theological and scientific floors,"if removed, cross-register coherence collapses",A↔B↔C translation,coherent,yes,yes,D,C,create_bridge_atom,Claim-level v0.2 pass; pre-pill. Register C status present.
KIMI-layered-necessity-C-023,topics/abc-layered-necessity.html,"AS-007 Coupling: W ∈ {−1, +1}, free Voluntary Coupling",requires both A and B register content,introduces cross-register bridge translation / correspondence,preserves both theological and scientific floors,"if removed, cross-register coherence collapses",A↔B↔C translation,coherent,yes,yes,D,C,create_bridge_atom,Claim-level v0.2 pass; pre-pill. Register C status present.
KIMI-layered-necessity-C-024,topics/abc-layered-necessity.html,"The Unified Derivation Grammar formalizes the staircase rules into six primitives (Layer, Capability, Dependency, Translation, State, Constraint) and eight axioms.",requires both A and B register content,introduces cross-register bridge translation / correspondence,preserves both theological and scientific floors,"if removed, cross-register coherence collapses",A↔B↔C translation,coherent,yes,yes,PM,C,create_bridge_atom,Claim-level v0.2 pass; pre-pill. Register C status present. Philosophical/model claim.
KIMI-layered-necessity-C-025,topics/abc-layered-necessity.html,Layered Necessity is the Theophysics instantiation of that grammar.,requires both A and B register content,introduces cross-register bridge translation / correspondence,preserves both theological and scientific floors,"if removed, cross-register coherence collapses",A↔B↔C translation,coherent,yes,yes,PM,C,create_bridge_atom,Claim-level v0.2 pass; pre-pill. Register C status present. Philosophical/model claim.
KIMI-layered-necessity-C-026,topics/abc-layered-necessity.html,The four questions of DG (What existed before?,requires both A and B register content,introduces cross-register bridge translation / correspondence,preserves both theological and scientific floors,"if removed, cross-register coherence collapses",A↔B↔C translation,coherent,yes,yes,PM,C,create_bridge_atom,Claim-level v0.2 pass; pre-pill. Register C status present. Philosophical/model claim.
KIMI-layered-necessity-C-027,topics/abc-layered-necessity.html,What new capability?,requires both A and B register content,introduces cross-register bridge translation / correspondence,preserves both theological and scientific floors,"if removed, cross-register coherence collapses",A↔B↔C translation,coherent,yes,yes,BR,C,create_bridge_atom,"Claim-level v0.2 pass; pre-pill. Register C status present. Bridge correspondence, not proof."
KIMI-layered-necessity-C-028,topics/abc-layered-necessity.html,How does it translate?) are exactly the questions this page has been asking all along.,requires both A and B register content,introduces cross-register bridge translation / correspondence,preserves both theological and scientific floors,"if removed, cross-register coherence collapses",A↔B↔C translation,coherent,yes,yes,BR,C,create_bridge_atom,"Claim-level v0.2 pass; pre-pill. Register C status present. Bridge correspondence, not proof."
KIMI-layered-necessity-C-029,topics/abc-layered-necessity.html,Status: the eight schemata are documented in the corpus; DG is v0.1 and not yet Lean-verified.,requires both A and B register content,introduces cross-register bridge translation / correspondence,preserves both theological and scientific floors,"if removed, cross-register coherence collapses",A↔B↔C translation,coherent,yes,yes,PM,C,create_bridge_atom,Claim-level v0.2 pass; pre-pill. Register C status present. Philosophical/model claim.
KIMI-layered-necessity-C-030,topics/abc-layered-necessity.html,A reusable Lean module for layered necessity is still the recommended next step before claiming formal lock.,requires both A and B register content,introduces cross-register bridge translation / correspondence,preserves both theological and scientific floors,"if removed, cross-register coherence collapses",A↔B↔C translation,coherent,yes,yes,PM,C,create_bridge_atom,Claim-level v0.2 pass; pre-pill. Register C status present. Philosophical/model claim.
KIMI-layered-necessity-C-031,topics/abc-layered-necessity.html,Consciousness would be the first test case.,requires both A and B register content,introduces cross-register bridge translation / correspondence,preserves both theological and scientific floors,"if removed, cross-register coherence collapses",A↔B↔C translation,coherent,yes,yes,BR,C,create_bridge_atom,"Claim-level v0.2 pass; pre-pill. Register C status present. Bridge correspondence, not proof."
KIMI-lean-verification-A-001,topics/abc-lean-verification.html,"He speaks truly, keeps his promises, and his judgments are without partiality.",none (theological ground / L0 instantiation),confesses a theological identification or doctrine,created-order distinction/relation preserved in background,"if removed, corresponding bridge readings lose theological anchor",domain-bound (A); C translates as bridge candidate,coherent_partial,needs_review,yes,C,C,create_gap_atom,Claim-level v0.2 pass; pre-pill. Register A status partial. Register partial; review before promotion.
KIMI-lean-verification-A-002,topics/abc-lean-verification.html,"Because human beings are made in his image, they are capable of recognizing truth, making distinctions, and giving an account for their reasoning.",none (theological ground / L0 instantiation),confesses a theological identification or doctrine,created-order distinction/relation preserved in background,"if removed, corresponding bridge readings lose theological anchor",domain-bound (A); C translates as bridge candidate,coherent_partial,needs_review,yes,C,C,create_gap_atom,Claim-level v0.2 pass; pre-pill. Register A status partial. Register partial; review before promotion.
KIMI-lean-verification-A-003,topics/abc-lean-verification.html,Formal honesty is therefore a moral act: to check one's claims carefully is to honor the God who is not the author of confusion.,none (theological ground / L0 instantiation),confesses a theological identification or doctrine,created-order distinction/relation preserved in background,"if removed, corresponding bridge readings lose theological anchor",domain-bound (A); C translates as bridge candidate,coherent_partial,needs_review,yes,C,C,create_gap_atom,Claim-level v0.2 pass; pre-pill. Register A status partial. Register partial; review before promotion.
KIMI-lean-verification-A-004,topics/abc-lean-verification.html,But theology is not exhausted by formal systems.,none (theological ground / L0 instantiation),confesses a theological identification or doctrine,created-order distinction/relation preserved in background,"if removed, corresponding bridge readings lose theological anchor",domain-bound (A); C translates as bridge candidate,coherent_partial,needs_review,yes,C,C,create_gap_atom,Claim-level v0.2 pass; pre-pill. Register A status partial. Register partial; review before promotion.
KIMI-lean-verification-A-005,topics/abc-lean-verification.html,"The articles of faith — the Trinity, the Incarnation, the atonement, the resurrection — are received by revelation and confessed by the church.",none (theological ground / L0 instantiation),confesses a theological identification or doctrine,created-order distinction/relation preserved in background,"if removed, corresponding bridge readings lose theological anchor",domain-bound (A); C translates as bridge candidate,coherent_partial,needs_review,yes,C,C,create_gap_atom,Claim-level v0.2 pass; pre-pill. Register A status partial. Register partial; review before promotion.
KIMI-lean-verification-A-006,topics/abc-lean-verification.html,They are not theorems to be derived from axioms.,none (theological ground / L0 instantiation),confesses a theological identification or doctrine,created-order distinction/relation preserved in background,"if removed, corresponding bridge readings lose theological anchor",domain-bound (A); C translates as bridge candidate,coherent_partial,needs_review,yes,C,C,create_gap_atom,Claim-level v0.2 pass; pre-pill. Register A status partial. Register partial; review before promotion.
KIMI-lean-verification-A-007,topics/abc-lean-verification.html,"Lean can serve theology by exposing hidden assumptions and preventing overreach; it cannot replace doctrine, interpretation, pastoral wisdom, or the work of the Spirit in convincing the heart.",none (theological ground / L0 instantiation),confesses a theological identification or doctrine,created-order distinction/relation preserved in background,"if removed, corresponding bridge readings lose theological anchor",domain-bound (A); C translates as bridge candidate,coherent_partial,needs_review,yes,C,C,create_gap_atom,Claim-level v0.2 pass; pre-pill. Register A status partial. Register partial; review before promotion.
KIMI-lean-verification-A-008,topics/abc-lean-verification.html,"The right posture is: use every gift of reason and rigor in service of truth, while remembering that the Word became flesh, not a formal system.",none (theological ground / L0 instantiation),confesses a theological identification or doctrine,created-order distinction/relation preserved in background,"if removed, corresponding bridge readings lose theological anchor",domain-bound (A); C translates as bridge candidate,coherent_partial,needs_review,yes,C,C,create_gap_atom,Claim-level v0.2 pass; pre-pill. Register A status partial. Register partial; review before promotion.
KIMI-lean-verification-B-001,topics/abc-lean-verification.html,"Lean can verify definitions, implications, uniqueness claims, and consistency inside a formal system.",requires empirical method / opening axioms (L0-L2),"introduces a physics-register model, observation, or formal method",mathematical/logical lower-layer floor preserved,"if removed, dependent bridge claims collapse to analogy",domain-bound (B); C translates structure across,coherent,yes,yes,PM,B,create_claim_atom,Claim-level v0.2 pass; pre-pill. Register B status present. Philosophical/model claim.
KIMI-lean-verification-B-002,topics/abc-lean-verification.html,"It cannot make an undefined bridge true, and it cannot convert assumptions into empirical facts.",requires empirical method / opening axioms (L0-L2),"introduces a physics-register model, observation, or formal method",mathematical/logical lower-layer floor preserved,"if removed, dependent bridge claims collapse to analogy",domain-bound (B); C translates structure across,coherent,yes,yes,E,B,create_claim_atom,Claim-level v0.2 pass; pre-pill. Register B status present.
KIMI-lean-verification-B-003,topics/abc-lean-verification.html,"A gold ticket requires four things: a .lean file, a compiled build, a report, and an explicit statement of what Lean did not prove.",requires empirical method / opening axioms (L0-L2),"introduces a physics-register model, observation, or formal method",mathematical/logical lower-layer floor preserved,"if removed, dependent bridge claims collapse to analogy",domain-bound (B); C translates structure across,coherent,yes,yes,T,B,create_claim_atom,Claim-level v0.2 pass; pre-pill. Register B status present.
KIMI-lean-verification-C-001,topics/abc-lean-verification.html,"The canon should show what Lean checked, where the file lives, and what Lean did not prove.",requires both A and B register content,introduces cross-register bridge translation / correspondence,preserves both theological and scientific floors,"if removed, cross-register coherence collapses",A↔B↔C translation,coherent,yes,yes,BR,C,create_bridge_atom,"Claim-level v0.2 pass; pre-pill. Register C status present. Bridge correspondence, not proof."
KIMI-lean-verification-C-002,topics/abc-lean-verification.html,That protects the reader from treating every formal-looking claim as a theorem.,requires both A and B register content,introduces cross-register bridge translation / correspondence,preserves both theological and scientific floors,"if removed, cross-register coherence collapses",A↔B↔C translation,coherent,yes,yes,PM,C,create_bridge_atom,Claim-level v0.2 pass; pre-pill. Register C status present. Philosophical/model claim.
KIMI-lean-verification-C-003,topics/abc-lean-verification.html,"P-00 Opening Postulates — LEAN_GUARDRAIL_SUPPORTED . Checked: minimal inquiry definitions are internally coherent; distinction implies existence; truth ranks above error. Did not prove: God, Christianity, χ, Logos field, Master Equation, moral realism.",requires both A and B register content,introduces cross-register bridge translation / correspondence,preserves both theological and scientific floors,"if removed, cross-register coherence collapses",A↔B↔C translation,coherent,yes,yes,D,C,create_bridge_atom,Claim-level v0.2 pass; pre-pill. Register C status present.
KIMI-lean-verification-C-004,topics/abc-lean-verification.html,"T-01 Hard Questions Posture — LEAN_GUARDRAIL_SUPPORTED . Checked: under defined posture predicates, the Job posture uniquely preserves honest horror, relationship, refusal to take God's seat, God's goodness, and conscience. Did not prove: historical interpretation of any passage, complete answers to hard texts, doctrine of Scripture.",requires both A and B register content,introduces cross-register bridge translation / correspondence,preserves both theological and scientific floors,"if removed, cross-register coherence collapses",A↔B↔C translation,coherent,yes,yes,BR,C,create_bridge_atom,"Claim-level v0.2 pass; pre-pill. Register C status present. Bridge correspondence, not proof."
KIMI-lean-verification-C-005,topics/abc-lean-verification.html,"Consciousness Lean target: formalize the L1–L4 dependency graph and prove conditional theorems such as no consciousness without representation, self-reference, and orientation.",requires both A and B register content,introduces cross-register bridge translation / correspondence,preserves both theological and scientific floors,"if removed, cross-register coherence collapses",A↔B↔C translation,coherent,yes,yes,PM,C,create_bridge_atom,Claim-level v0.2 pass; pre-pill. Register C status present. Philosophical/model claim.
KIMI-lean-verification-C-006,topics/abc-lean-verification.html,"That would be a conditional theorem, not an empirical proof that humans are conscious.",requires both A and B register content,introduces cross-register bridge translation / correspondence,preserves both theological and scientific floors,"if removed, cross-register coherence collapses",A↔B↔C translation,coherent,yes,yes,PM,C,create_bridge_atom,Claim-level v0.2 pass; pre-pill. Register C status present. Philosophical/model claim.
KIMI-ledger-A-001,topics/abc-ledger.html,"Scripture speaks of books being opened on the day of judgment, of every careless word being weighed, and of confessing the truth about oneself before God.",none (theological ground / L0 instantiation),confesses a theological identification or doctrine,created-order distinction/relation preserved in background,"if removed, corresponding bridge readings lose theological anchor",domain-bound (A); C translates as bridge candidate,coherent,yes,yes,S,B,create_claim_atom,Claim-level v0.2 pass; pre-pill. Register A status present. Scriptural/traditional source.
KIMI-ledger-A-002,topics/abc-ledger.html,This is not merely an administrative image; it is the shape of reality under God.,none (theological ground / L0 instantiation),confesses a theological identification or doctrine,created-order distinction/relation preserved in background,"if removed, corresponding bridge readings lose theological anchor",domain-bound (A); C translates as bridge candidate,coherent,yes,yes,C,B,create_claim_atom,Claim-level v0.2 pass; pre-pill. Register A status present.
KIMI-ledger-A-003,topics/abc-ledger.html,"Nothing is hidden from him, and the path of wisdom is to bring errors into the light before he does.",none (theological ground / L0 instantiation),confesses a theological identification or doctrine,created-order distinction/relation preserved in background,"if removed, corresponding bridge readings lose theological anchor",domain-bound (A); C translates as bridge candidate,coherent,yes,yes,C,B,create_claim_atom,Claim-level v0.2 pass; pre-pill. Register A status present.
KIMI-ledger-A-004,topics/abc-ledger.html,Therefore a theological argument should be honest about its own failures.,none (theological ground / L0 instantiation),confesses a theological identification or doctrine,created-order distinction/relation preserved in background,"if removed, corresponding bridge readings lose theological anchor",domain-bound (A); C translates as bridge candidate,coherent,yes,yes,C,B,create_claim_atom,Claim-level v0.2 pass; pre-pill. Register A status present.
KIMI-ledger-A-005,topics/abc-ledger.html,Confession is not a public-relations tactic; it is the shape of repentance.,none (theological ground / L0 instantiation),confesses a theological identification or doctrine,created-order distinction/relation preserved in background,"if removed, corresponding bridge readings lose theological anchor",domain-bound (A); C translates as bridge candidate,coherent,yes,yes,C,B,create_claim_atom,Claim-level v0.2 pass; pre-pill. Register A status present.
KIMI-ledger-A-006,topics/abc-ledger.html,"To retire a bad claim, to mark a gap, or to name a kill condition is to act as if God is true and we are accountable.",none (theological ground / L0 instantiation),confesses a theological identification or doctrine,created-order distinction/relation preserved in background,"if removed, corresponding bridge readings lose theological anchor",domain-bound (A); C translates as bridge candidate,coherent,yes,yes,C,B,create_claim_atom,Claim-level v0.2 pass; pre-pill. Register A status present.
KIMI-ledger-A-007,topics/abc-ledger.html,An argument that hides its attackers is not an argument; it is an evasion.,none (theological ground / L0 instantiation),confesses a theological identification or doctrine,created-order distinction/relation preserved in background,"if removed, corresponding bridge readings lose theological anchor",domain-bound (A); C translates as bridge candidate,coherent,yes,yes,C,B,create_claim_atom,Claim-level v0.2 pass; pre-pill. Register A status present.
KIMI-ledger-A-008,topics/abc-ledger.html,The ledger is a small echo of the larger accountability every creature has before the Judge who is also Savior.,none (theological ground / L0 instantiation),confesses a theological identification or doctrine,created-order distinction/relation preserved in background,"if removed, corresponding bridge readings lose theological anchor",domain-bound (A); C translates as bridge candidate,coherent,yes,yes,C,B,create_claim_atom,Claim-level v0.2 pass; pre-pill. Register A status present.
KIMI-ledger-B-001,topics/abc-ledger.html,"Proof, model, analogy, correspondence, conjecture, and open question are different grades.",requires empirical method / opening axioms (L0-L2),"introduces a physics-register model, observation, or formal method",mathematical/logical lower-layer floor preserved,"if removed, dependent bridge claims collapse to analogy",domain-bound (B); C translates structure across,coherent,yes,yes,E,B,create_claim_atom,Claim-level v0.2 pass; pre-pill. Register B status present.
KIMI-ledger-B-002,topics/abc-ledger.html,The science register gets damaged when they are mixed.,requires empirical method / opening axioms (L0-L2),"introduces a physics-register model, observation, or formal method",mathematical/logical lower-layer floor preserved,"if removed, dependent bridge claims collapse to analogy",domain-bound (B); C translates structure across,coherent,yes,yes,E,B,create_claim_atom,Claim-level v0.2 pass; pre-pill. Register B status present.
KIMI-ledger-B-003,topics/abc-ledger.html,"The audit protocol is: apparent objection → corpus search → structural test → disposition: killed, reduced, open, repaired, derivation-owed, or strengthened.",requires empirical method / opening axioms (L0-L2),"introduces a physics-register model, observation, or formal method",mathematical/logical lower-layer floor preserved,"if removed, dependent bridge claims collapse to analogy",domain-bound (B); C translates structure across,coherent,yes,yes,PM,B,create_claim_atom,Claim-level v0.2 pass; pre-pill. Register B status present. Philosophical/model claim.
KIMI-ledger-C-001,topics/abc-ledger.html,"The ledger, Lean gold ticket standard, and Lane 4 registry govern canon status.",requires both A and B register content,introduces cross-register bridge translation / correspondence,preserves both theological and scientific floors,"if removed, cross-register coherence collapses",A↔B↔C translation,coherent,yes,yes,BR,C,create_bridge_atom,"Claim-level v0.2 pass; pre-pill. Register C status present. Bridge correspondence, not proof."
KIMI-ledger-C-002,topics/abc-ledger.html,A bridge can pass with caveats.,requires both A and B register content,introduces cross-register bridge translation / correspondence,preserves both theological and scientific floors,"if removed, cross-register coherence collapses",A↔B↔C translation,coherent,yes,yes,BR,C,create_bridge_atom,"Claim-level v0.2 pass; pre-pill. Register C status present. Bridge correspondence, not proof."
KIMI-ledger-C-003,topics/abc-ledger.html,A failed claim can retire without collapsing the whole project.,requires both A and B register content,introduces cross-register bridge translation / correspondence,preserves both theological and scientific floors,"if removed, cross-register coherence collapses",A↔B↔C translation,coherent,yes,yes,BR,C,create_bridge_atom,"Claim-level v0.2 pass; pre-pill. Register C status present. Bridge correspondence, not proof."
KIMI-ledger-C-004,topics/abc-ledger.html,"What walked through untouched: the triadic termination structure, the coupling gate battery, and the method itself — state the strongest objection, search for an independent repair, attack again, keep only what survives.",requires both A and B register content,introduces cross-register bridge translation / correspondence,preserves both theological and scientific floors,"if removed, cross-register coherence collapses",A↔B↔C translation,coherent,yes,yes,BR,C,create_bridge_atom,"Claim-level v0.2 pass; pre-pill. Register C status present. Bridge correspondence, not proof."
KIMI-ledger-C-005,topics/abc-ledger.html,"""One zero anywhere kills the whole product"" — killed as originally worded; repaired by normalized sector product.",requires both A and B register content,introduces cross-register bridge translation / correspondence,preserves both theological and scientific floors,"if removed, cross-register coherence collapses",A↔B↔C translation,coherent,yes,yes,BR,C,create_bridge_atom,"Claim-level v0.2 pass; pre-pill. Register C status present. Bridge correspondence, not proof."
KIMI-ledger-C-006,topics/abc-ledger.html,"Fruits from Yukawa potential — overstated ; honest count is seven-from-one-parent, Hessian owed.",requires both A and B register content,introduces cross-register bridge translation / correspondence,preserves both theological and scientific floors,"if removed, cross-register coherence collapses",A↔B↔C translation,coherent,yes,yes,BR,C,create_bridge_atom,"Claim-level v0.2 pass; pre-pill. Register C status present. Bridge correspondence, not proof."
KIMI-ledger-C-007,topics/abc-ledger.html,"""1+1=3"" / ""1×1×1=1 proves three"" — killed .",requires both A and B register content,introduces cross-register bridge translation / correspondence,preserves both theological and scientific floors,"if removed, cross-register coherence collapses",A↔B↔C translation,coherent,yes,yes,BR,C,create_bridge_atom,"Claim-level v0.2 pass; pre-pill. Register C status present. Bridge correspondence, not proof."
KIMI-ledger-C-008,topics/abc-ledger.html,Divine attributes read off EM waves — killed .,requires both A and B register content,introduces cross-register bridge translation / correspondence,preserves both theological and scientific floors,"if removed, cross-register coherence collapses",A↔B↔C translation,coherent,yes,yes,BR,C,create_bridge_atom,"Claim-level v0.2 pass; pre-pill. Register C status present. Bridge correspondence, not proof."
KIMI-ledger-C-009,topics/abc-ledger.html,"""No premise smuggled. No step skipped."" — killed ; replaced with ""every major bridge is named so it can be attacked.""",requires both A and B register content,introduces cross-register bridge translation / correspondence,preserves both theological and scientific floors,"if removed, cross-register coherence collapses",A↔B↔C translation,coherent,yes,yes,BR,C,create_bridge_atom,"Claim-level v0.2 pass; pre-pill. Register C status present. Bridge correspondence, not proof."
KIMI-ledger-C-010,topics/abc-ledger.html,"""Weak-force physics proves moral conservation"" — reduced ; the real argument is stronger when the moral-Lagrangian premise is stated explicitly.",requires both A and B register content,introduces cross-register bridge translation / correspondence,preserves both theological and scientific floors,"if removed, cross-register coherence collapses",A↔B↔C translation,coherent,yes,yes,BR,C,create_bridge_atom,"Claim-level v0.2 pass; pre-pill. Register C status present. Bridge correspondence, not proof."
KIMI-master-equation-A-001,topics/abc-master-equation.html,"In theology, coherence is not first a measurable quantity; it is a person. ""For by him all things were created, in heaven and on earth, visible and invisible... and in him all things hold together"" (Col 1:16-17).",none (theological ground / L0 instantiation),confesses a theological identification or doctrine,created-order distinction/relation preserved in background,"if removed, corresponding bridge readings lose theological anchor",domain-bound (A); C translates as bridge candidate,coherent,yes,yes,S,B,create_claim_atom,Claim-level v0.2 pass; pre-pill. Register A status present. Scriptural/traditional source.
KIMI-master-equation-A-002,topics/abc-master-equation.html,Christ is the wisdom by which the world was made and the power by which it is sustained.,none (theological ground / L0 instantiation),confesses a theological identification or doctrine,created-order distinction/relation preserved in background,"if removed, corresponding bridge readings lose theological anchor",domain-bound (A); C translates as bridge candidate,coherent,yes,yes,C,B,create_claim_atom,Claim-level v0.2 pass; pre-pill. Register A status present.
KIMI-master-equation-A-003,topics/abc-master-equation.html,"Sin, then, is not merely rule-breaking; it is the dis-integration of the creature from the one in whom all things cohere.",none (theological ground / L0 instantiation),confesses a theological identification or doctrine,created-order distinction/relation preserved in background,"if removed, corresponding bridge readings lose theological anchor",domain-bound (A); C translates as bridge candidate,coherent,yes,yes,C,B,create_claim_atom,Claim-level v0.2 pass; pre-pill. Register A status present.
KIMI-master-equation-A-004,topics/abc-master-equation.html,The equation does not contain God.,none (theological ground / L0 instantiation),confesses a theological identification or doctrine,created-order distinction/relation preserved in background,"if removed, corresponding bridge readings lose theological anchor",domain-bound (A); C translates as bridge candidate,coherent,yes,yes,C,B,create_claim_atom,Claim-level v0.2 pass; pre-pill. Register A status present.
KIMI-master-equation-A-005,topics/abc-master-equation.html,"At best it may model created alignment, the cost of disorder, and the direction of restoration.",none (theological ground / L0 instantiation),confesses a theological identification or doctrine,created-order distinction/relation preserved in background,"if removed, corresponding bridge readings lose theological anchor",domain-bound (A); C translates as bridge candidate,coherent,yes,yes,C,B,create_claim_atom,Claim-level v0.2 pass; pre-pill. Register A status present.
KIMI-master-equation-A-006,topics/abc-master-equation.html,The real coherence is eschatological: God will sum up all things in Christ (Eph 1:10).,none (theological ground / L0 instantiation),confesses a theological identification or doctrine,created-order distinction/relation preserved in background,"if removed, corresponding bridge readings lose theological anchor",domain-bound (A); C translates as bridge candidate,coherent,yes,yes,S,B,create_claim_atom,Claim-level v0.2 pass; pre-pill. Register A status present. Scriptural/traditional source.
KIMI-master-equation-A-007,topics/abc-master-equation.html,"The Master Equation, if it is useful at all, points toward that summing-up; it does not replace it.",none (theological ground / L0 instantiation),confesses a theological identification or doctrine,created-order distinction/relation preserved in background,"if removed, corresponding bridge readings lose theological anchor",domain-bound (A); C translates as bridge candidate,coherent,yes,yes,C,B,create_claim_atom,Claim-level v0.2 pass; pre-pill. Register A status present.
KIMI-master-equation-A-008,topics/abc-master-equation.html,"Humanity in this picture: human beings are image-bearers called to reflect this coherence in their knowing, loving, and choosing.",none (theological ground / L0 instantiation),confesses a theological identification or doctrine,created-order distinction/relation preserved in background,"if removed, corresponding bridge readings lose theological anchor",domain-bound (A); C translates as bridge candidate,coherent,yes,yes,C,B,create_claim_atom,Claim-level v0.2 pass; pre-pill. Register A status present.
KIMI-master-equation-A-009,topics/abc-master-equation.html,The Fall distorted but did not erase the image.,none (theological ground / L0 instantiation),confesses a theological identification or doctrine,created-order distinction/relation preserved in background,"if removed, corresponding bridge readings lose theological anchor",domain-bound (A); C translates as bridge candidate,coherent,yes,yes,C,B,create_claim_atom,Claim-level v0.2 pass; pre-pill. Register A status present.
KIMI-master-equation-A-010,topics/abc-master-equation.html,"Redemption is the re-integration of the person into Christ, beginning now and completed at the resurrection.",none (theological ground / L0 instantiation),confesses a theological identification or doctrine,created-order distinction/relation preserved in background,"if removed, corresponding bridge readings lose theological anchor",domain-bound (A); C translates as bridge candidate,coherent,yes,yes,C,B,create_claim_atom,Claim-level v0.2 pass; pre-pill. Register A status present.
KIMI-master-equation-B-001,topics/abc-master-equation.html,"Physics supplies pieces such as information rates, entropy constraints, dynamical laws, and boundary conditions.",requires empirical method / opening axioms (L0-L2),"introduces a physics-register model, observation, or formal method",mathematical/logical lower-layer floor preserved,"if removed, dependent bridge claims collapse to analogy",domain-bound (B); C translates structure across,coherent_partial,needs_review,yes,PH,C,create_gap_atom,Claim-level v0.2 pass; pre-pill. Register B status partial. Register partial; review before promotion. Physics-register claim; formal/empirical support required.
KIMI-master-equation-B-002,topics/abc-master-equation.html,The Lowe Coherence Lagrangian is written as a contact/Herglotz form to handle dissipative systems:,requires empirical method / opening axioms (L0-L2),"introduces a physics-register model, observation, or formal method",mathematical/logical lower-layer floor preserved,"if removed, dependent bridge claims collapse to analogy",domain-bound (B); C translates structure across,coherent_partial,needs_review,yes,PH,C,create_gap_atom,Claim-level v0.2 pass; pre-pill. Register B status partial. Register partial; review before promotion. Physics-register claim; formal/empirical support required.
KIMI-master-equation-B-003,topics/abc-master-equation.html,"ℒ = χ(t)·(d/dt ΣFᵢ)² − V(χ,S)",requires empirical method / opening axioms (L0-L2),"introduces a physics-register model, observation, or formal method",mathematical/logical lower-layer floor preserved,"if removed, dependent bridge claims collapse to analogy",domain-bound (B); C translates structure across,coherent_partial,needs_review,yes,E,C,create_gap_atom,Claim-level v0.2 pass; pre-pill. Register B status partial. Register partial; review before promotion.
KIMI-master-equation-B-004,topics/abc-master-equation.html,From this Lagrangian the framework derives seven governing equations (GE1–GE7) and four Noether conservation laws (N1–N4).,requires empirical method / opening axioms (L0-L2),"introduces a physics-register model, observation, or formal method",mathematical/logical lower-layer floor preserved,"if removed, dependent bridge claims collapse to analogy",domain-bound (B); C translates structure across,coherent_partial,needs_review,yes,PH,C,create_gap_atom,Claim-level v0.2 pass; pre-pill. Register B status partial. Register partial; review before promotion. Physics-register claim; formal/empirical support required.
KIMI-master-equation-B-005,topics/abc-master-equation.html,"The contact Noether theorem still gives conserved charges, but they decay at a rate proportional to the dissipation — nothing is free.",requires empirical method / opening axioms (L0-L2),"introduces a physics-register model, observation, or formal method",mathematical/logical lower-layer floor preserved,"if removed, dependent bridge claims collapse to analogy",domain-bound (B); C translates structure across,coherent_partial,needs_review,yes,PH,C,create_gap_atom,Claim-level v0.2 pass; pre-pill. Register B status partial. Register partial; review before promotion. Physics-register claim; formal/empirical support required.
KIMI-master-equation-B-006,topics/abc-master-equation.html,"The Master Equation remains a wrapper and measurement instrument, not a replacement for GR, QCD, Maxwell, quantum mechanics, or thermodynamics.",requires empirical method / opening axioms (L0-L2),"introduces a physics-register model, observation, or formal method",mathematical/logical lower-layer floor preserved,"if removed, dependent bridge claims collapse to analogy",domain-bound (B); C translates structure across,coherent_partial,needs_review,yes,PH,C,create_gap_atom,Claim-level v0.2 pass; pre-pill. Register B status partial. Register partial; review before promotion. Physics-register claim; formal/empirical support required.
KIMI-master-equation-C-001,topics/abc-master-equation.html,"The Master Equation appears in four forms, each revealing a different structural feature:",requires both A and B register content,introduces cross-register bridge translation / correspondence,preserves both theological and scientific floors,"if removed, cross-register coherence collapses",A↔B↔C translation,coherent_partial,needs_review,yes,BR,C,create_bridge_atom,"Claim-level v0.2 pass; pre-pill. Register C status partial. Register partial; review before promotion. Bridge correspondence, not proof."
KIMI-master-equation-C-002,topics/abc-master-equation.html,Product (structural veto) χ = C_W[∭(G·M·E·S·T·K·R·Q·F) dx dy dt] Any variable → 0 kills χ. Every factor is necessary.,requires both A and B register content,introduces cross-register bridge translation / correspondence,preserves both theological and scientific floors,"if removed, cross-register coherence collapses",A↔B↔C translation,coherent_partial,needs_review,yes,BR,C,create_bridge_atom,"Claim-level v0.2 pass; pre-pill. Register C status partial. Register partial; review before promotion. Bridge correspondence, not proof."
KIMI-master-equation-C-003,topics/abc-master-equation.html,Ratio (combat) χ = G/S Grace vs entropy. The war.,requires both A and B register content,introduces cross-register bridge translation / correspondence,preserves both theological and scientific floors,"if removed, cross-register coherence collapses",A↔B↔C translation,coherent_partial,needs_review,yes,BR,C,create_bridge_atom,"Claim-level v0.2 pass; pre-pill. Register C status partial. Register partial; review before promotion. Bridge correspondence, not proof."
KIMI-master-equation-C-004,topics/abc-master-equation.html,Dynamic (engine) dχ/dt = G − S + Γ Time evolution. Source term Γ is where grace enters.,requires both A and B register content,introduces cross-register bridge translation / correspondence,preserves both theological and scientific floors,"if removed, cross-register coherence collapses",A↔B↔C translation,coherent_partial,needs_review,yes,BR,C,create_bridge_atom,"Claim-level v0.2 pass; pre-pill. Register C status partial. Register partial; review before promotion. Bridge correspondence, not proof."
KIMI-master-equation-C-005,topics/abc-master-equation.html,Field (wave equation) □χ + V'(χ) + J_grace = 0 χ as a propagating field. Connects to the Lagrangian.,requires both A and B register content,introduces cross-register bridge translation / correspondence,preserves both theological and scientific floors,"if removed, cross-register coherence collapses",A↔B↔C translation,coherent_partial,needs_review,yes,BR,C,create_bridge_atom,"Claim-level v0.2 pass; pre-pill. Register C status partial. Register partial; review before promotion. Bridge correspondence, not proof."
KIMI-master-equation-C-006,topics/abc-master-equation.html,"Noether forcing — symmetry → conserved charge. Used in Laws 1, 2, 4, 5, 6, 8, 9.",requires both A and B register content,introduces cross-register bridge translation / correspondence,preserves both theological and scientific floors,"if removed, cross-register coherence collapses",A↔B↔C translation,coherent_partial,needs_review,yes,BR,C,create_bridge_atom,"Claim-level v0.2 pass; pre-pill. Register C status partial. Register partial; review before promotion. Bridge correspondence, not proof."
KIMI-master-equation-C-007,topics/abc-master-equation.html,Eigenmode completeness — boundary conditions → standing wave basis. Used in Law 3.,requires both A and B register content,introduces cross-register bridge translation / correspondence,preserves both theological and scientific floors,"if removed, cross-register coherence collapses",A↔B↔C translation,coherent_partial,needs_review,yes,BR,C,create_bridge_atom,"Claim-level v0.2 pass; pre-pill. Register C status partial. Register partial; review before promotion. Bridge correspondence, not proof."
KIMI-master-equation-C-008,topics/abc-master-equation.html,Lindblad channel classification — decoherence types → protection mechanisms. Used in Law 7.,requires both A and B register content,introduces cross-register bridge translation / correspondence,preserves both theological and scientific floors,"if removed, cross-register coherence collapses",A↔B↔C translation,coherent_partial,needs_review,yes,BR,C,create_bridge_atom,"Claim-level v0.2 pass; pre-pill. Register C status partial. Register partial; review before promotion. Bridge correspondence, not proof."
KIMI-master-equation-C-009,topics/abc-master-equation.html,N1 Grace-Sin Conservation dS/dt + dG/dt = 0 Grace and sin are exchange partners.,requires both A and B register content,introduces cross-register bridge translation / correspondence,preserves both theological and scientific floors,"if removed, cross-register coherence collapses",A↔B↔C translation,coherent_partial,needs_review,yes,BR,C,create_bridge_atom,"Claim-level v0.2 pass; pre-pill. Register C status partial. Register partial; review before promotion. Bridge correspondence, not proof."
KIMI-master-equation-C-010,topics/abc-master-equation.html,N2 Information Conservation ∇·I = 0 No sources or sinks. Nothing truly forgotten.,requires both A and B register content,introduces cross-register bridge translation / correspondence,preserves both theological and scientific floors,"if removed, cross-register coherence collapses",A↔B↔C translation,coherent_partial,needs_review,yes,BR,C,create_bridge_atom,"Claim-level v0.2 pass; pre-pill. Register C status partial. Register partial; review before promotion. Bridge correspondence, not proof."
KIMI-master-equation-C-011,topics/abc-master-equation.html,N3 Pair Conservation Q = 2k·χ·(v_a + v_b) Symmetry pairs generate paired conserved charges.,requires both A and B register content,introduces cross-register bridge translation / correspondence,preserves both theological and scientific floors,"if removed, cross-register coherence collapses",A↔B↔C translation,coherent_partial,needs_review,yes,BR,C,create_bridge_atom,"Claim-level v0.2 pass; pre-pill. Register C status partial. Register partial; review before promotion. Bridge correspondence, not proof."
KIMI-master-equation-C-012,topics/abc-master-equation.html,N4 Moral Conservation ∇_β T^αβ = 0 Two derivation paths (Bianchi + Noether). The keystone.,requires both A and B register content,introduces cross-register bridge translation / correspondence,preserves both theological and scientific floors,"if removed, cross-register coherence collapses",A↔B↔C translation,coherent_partial,needs_review,yes,BR,C,create_bridge_atom,"Claim-level v0.2 pass; pre-pill. Register C status partial. Register partial; review before promotion. Bridge correspondence, not proof."
KIMI-master-equation-C-013,topics/abc-master-equation.html,"Seven governing equations: GE1 Differential Identity, GE2 Curvature-Coherence, GE3 Entropy-Negentropy Exchange, GE4 χ Conservation, GE5 Moral Equilibrium, GE6 Information Tensor, GE7 Trinity Constraint.",requires both A and B register content,introduces cross-register bridge translation / correspondence,preserves both theological and scientific floors,"if removed, cross-register coherence collapses",A↔B↔C translation,coherent_partial,needs_review,yes,BR,C,create_bridge_atom,"Claim-level v0.2 pass; pre-pill. Register C status partial. Register partial; review before promotion. Bridge correspondence, not proof."
KIMI-master-equation-C-014,topics/abc-master-equation.html,"Retired claims: raw bits/s product inside χ; C as a tenth factor; ""one zero anywhere kills the whole product"" as originally worded.",requires both A and B register content,introduces cross-register bridge translation / correspondence,preserves both theological and scientific floors,"if removed, cross-register coherence collapses",A↔B↔C translation,coherent_partial,needs_review,yes,BR,C,create_bridge_atom,"Claim-level v0.2 pass; pre-pill. Register C status partial. Register partial; review before promotion. Bridge correspondence, not proof."
KIMI-master-equation-C-015,topics/abc-master-equation.html,Honest statement: the derivation is distributed across ten law files and several formal papers.,requires both A and B register content,introduces cross-register bridge translation / correspondence,preserves both theological and scientific floors,"if removed, cross-register coherence collapses",A↔B↔C translation,coherent_partial,needs_review,yes,BR,C,create_bridge_atom,"Claim-level v0.2 pass; pre-pill. Register C status partial. Register partial; review before promotion. Bridge correspondence, not proof."
KIMI-master-equation-C-016,topics/abc-master-equation.html,A single unified walk from axioms to χ remains the most important missing piece for reviewers.,requires both A and B register content,introduces cross-register bridge translation / correspondence,preserves both theological and scientific floors,"if removed, cross-register coherence collapses",A↔B↔C translation,coherent_partial,needs_review,yes,PM,C,create_bridge_atom,Claim-level v0.2 pass; pre-pill. Register C status partial. Register partial; review before promotion. Philosophical/model claim.
KIMI-master-equation-C-017,topics/abc-master-equation.html,"Where derivations are done, they carry kill conditions; where they aren't, this page says OPEN in plain sight.",requires both A and B register content,introduces cross-register bridge translation / correspondence,preserves both theological and scientific floors,"if removed, cross-register coherence collapses",A↔B↔C translation,coherent_partial,needs_review,yes,BR,C,create_bridge_atom,"Claim-level v0.2 pass; pre-pill. Register C status partial. Register partial; review before promotion. Bridge correspondence, not proof."
KIMI-science-triads-A-001,topics/abc-science-triads.html,Christian theology confesses that the Triune God created all things through the Word and by the Spirit.,none (theological ground / L0 instantiation),confesses a theological identification or doctrine,created-order distinction/relation preserved in background,"if removed, corresponding bridge readings lose theological anchor",domain-bound (A); C translates as bridge candidate,coherent_partial,needs_review,yes,C,C,create_gap_atom,Claim-level v0.2 pass; pre-pill. Register A status partial. Register partial; review before promotion.
KIMI-science-triads-A-002,topics/abc-science-triads.html,"The world is not a machine running beside God; it is speech from God, sustained by God, and ordered toward God. ""The heavens declare the glory of God"" (Ps 19:1); ""His invisible attributes, namely his eternal power and divine nature, have been clearly perceived, ever since the creation of the world, in the things that have been made"" (Rom 1:20).",none (theological ground / L0 instantiation),confesses a theological identification or doctrine,created-order distinction/relation preserved in background,"if removed, corresponding bridge readings lose theological anchor",domain-bound (A); C translates as bridge candidate,coherent_partial,needs_review,yes,S,C,create_gap_atom,Claim-level v0.2 pass; pre-pill. Register A status partial. Register partial; review before promotion. Scriptural/traditional source.
KIMI-science-triads-A-003,topics/abc-science-triads.html,This general revelation is real but limited.,none (theological ground / L0 instantiation),confesses a theological identification or doctrine,created-order distinction/relation preserved in background,"if removed, corresponding bridge readings lose theological anchor",domain-bound (A); C translates as bridge candidate,coherent_partial,needs_review,yes,C,C,create_gap_atom,Claim-level v0.2 pass; pre-pill. Register A status partial. Register partial; review before promotion.
KIMI-science-triads-A-004,topics/abc-science-triads.html,"It tells that God is, that he is powerful, and that creation is ordered.",none (theological ground / L0 instantiation),confesses a theological identification or doctrine,created-order distinction/relation preserved in background,"if removed, corresponding bridge readings lose theological anchor",domain-bound (A); C translates as bridge candidate,coherent_partial,needs_review,yes,C,C,create_gap_atom,Claim-level v0.2 pass; pre-pill. Register A status partial. Register partial; review before promotion.
KIMI-science-triads-A-005,topics/abc-science-triads.html,"It does not tell us that God is Father, Son, and Spirit, or that he is love, or that sin has been atoned for at the Cross.",none (theological ground / L0 instantiation),confesses a theological identification or doctrine,created-order distinction/relation preserved in background,"if removed, corresponding bridge readings lose theological anchor",domain-bound (A); C translates as bridge candidate,coherent_partial,needs_review,yes,C,C,create_gap_atom,Claim-level v0.2 pass; pre-pill. Register A status partial. Register partial; review before promotion.
KIMI-science-triads-A-006,topics/abc-science-triads.html,Those truths come by special revelation in Scripture and ultimately in Christ.,none (theological ground / L0 instantiation),confesses a theological identification or doctrine,created-order distinction/relation preserved in background,"if removed, corresponding bridge readings lose theological anchor",domain-bound (A); C translates as bridge candidate,coherent_partial,needs_review,yes,S,C,create_gap_atom,Claim-level v0.2 pass; pre-pill. Register A status partial. Register partial; review before promotion. Scriptural/traditional source.
KIMI-science-triads-A-007,topics/abc-science-triads.html,"So creation may bear traces of its Creator — including a relational grammar of source, word, and witness — but those traces are not a replacement for the gospel.",none (theological ground / L0 instantiation),confesses a theological identification or doctrine,created-order distinction/relation preserved in background,"if removed, corresponding bridge readings lose theological anchor",domain-bound (A); C translates as bridge candidate,coherent_partial,needs_review,yes,C,C,create_gap_atom,Claim-level v0.2 pass; pre-pill. Register A status partial. Register partial; review before promotion.
KIMI-science-triads-A-008,topics/abc-science-triads.html,The Trinity is the deeper reason why triadic structures are not surprising to theology.,none (theological ground / L0 instantiation),confesses a theological identification or doctrine,created-order distinction/relation preserved in background,"if removed, corresponding bridge readings lose theological anchor",domain-bound (A); C translates as bridge candidate,coherent_partial,needs_review,yes,C,C,create_gap_atom,Claim-level v0.2 pass; pre-pill. Register A status partial. Register partial; review before promotion.
KIMI-science-triads-A-009,topics/abc-science-triads.html,"God is one being in three persons, and the persons are constituted by their relations: the Father begets, the Son is begotten, the Spirit proceeds.",none (theological ground / L0 instantiation),confesses a theological identification or doctrine,created-order distinction/relation preserved in background,"if removed, corresponding bridge readings lose theological anchor",domain-bound (A); C translates as bridge candidate,coherent_partial,needs_review,yes,C,C,create_gap_atom,Claim-level v0.2 pass; pre-pill. Register A status partial. Register partial; review before promotion.
KIMI-science-triads-A-010,topics/abc-science-triads.html,"A creation made by this God may reasonably exhibit relation at its foundation, even though physics does not need the Trinity to calculate and triadic structure does not prove the Trinity.",none (theological ground / L0 instantiation),confesses a theological identification or doctrine,created-order distinction/relation preserved in background,"if removed, corresponding bridge readings lose theological anchor",domain-bound (A); C translates as bridge candidate,coherent_partial,needs_review,yes,C,C,create_gap_atom,Claim-level v0.2 pass; pre-pill. Register A status partial. Register partial; review before promotion.
KIMI-science-triads-B-001,topics/abc-science-triads.html,"A real triad requires irreducible roles, functional dependence, mediation, asymmetry, and formal visibility.",requires empirical method / opening axioms (L0-L2),"introduces a physics-register model, observation, or formal method",mathematical/logical lower-layer floor preserved,"if removed, dependent bridge claims collapse to analogy",domain-bound (B); C translates structure across,coherent,yes,yes,E,B,create_claim_atom,Claim-level v0.2 pass; pre-pill. Register B status present.
KIMI-science-triads-B-002,topics/abc-science-triads.html,"Shannon communication: source, channel, receiver.",requires empirical method / opening axioms (L0-L2),"introduces a physics-register model, observation, or formal method",mathematical/logical lower-layer floor preserved,"if removed, dependent bridge claims collapse to analogy",domain-bound (B); C translates structure across,coherent,yes,yes,PH,B,create_claim_atom,Claim-level v0.2 pass; pre-pill. Register B status present. Physics-register claim; formal/empirical support required.
KIMI-science-triads-B-003,topics/abc-science-triads.html,"Quantum measurement: system, measurement context, outcome.",requires empirical method / opening axioms (L0-L2),"introduces a physics-register model, observation, or formal method",mathematical/logical lower-layer floor preserved,"if removed, dependent bridge claims collapse to analogy",domain-bound (B); C translates structure across,coherent,yes,yes,PH,B,create_claim_atom,Claim-level v0.2 pass; pre-pill. Register B status present. Physics-register claim; formal/empirical support required.
KIMI-science-triads-B-004,topics/abc-science-triads.html,"Decoherence / einselection: system, environment, pointer states.",requires empirical method / opening axioms (L0-L2),"introduces a physics-register model, observation, or formal method",mathematical/logical lower-layer floor preserved,"if removed, dependent bridge claims collapse to analogy",domain-bound (B); C translates structure across,coherent,yes,yes,PH,B,create_claim_atom,Claim-level v0.2 pass; pre-pill. Register B status present. Physics-register claim; formal/empirical support required.
KIMI-science-triads-B-005,topics/abc-science-triads.html,"Open quantum systems: system, bath, coupling term.",requires empirical method / opening axioms (L0-L2),"introduces a physics-register model, observation, or formal method",mathematical/logical lower-layer floor preserved,"if removed, dependent bridge claims collapse to analogy",domain-bound (B); C translates structure across,coherent,yes,yes,PH,B,create_claim_atom,Claim-level v0.2 pass; pre-pill. Register B status present. Physics-register claim; formal/empirical support required.
KIMI-science-triads-B-006,topics/abc-science-triads.html,"Noether's theorem: action / Lagrangian, symmetry transformation, conserved quantity.",requires empirical method / opening axioms (L0-L2),"introduces a physics-register model, observation, or formal method",mathematical/logical lower-layer floor preserved,"if removed, dependent bridge claims collapse to analogy",domain-bound (B); C translates structure across,coherent,yes,yes,PH,B,create_claim_atom,Claim-level v0.2 pass; pre-pill. Register B status present. Physics-register claim; formal/empirical support required.
KIMI-science-triads-B-007,topics/abc-science-triads.html,"Error correction: encoded data, syndrome/check, recovery operation.",requires empirical method / opening axioms (L0-L2),"introduces a physics-register model, observation, or formal method",mathematical/logical lower-layer floor preserved,"if removed, dependent bridge claims collapse to analogy",domain-bound (B); C translates structure across,coherent,yes,yes,PH,B,create_claim_atom,Claim-level v0.2 pass; pre-pill. Register B status present. Physics-register claim; formal/empirical support required.
KIMI-science-triads-B-008,topics/abc-science-triads.html,Each must be described in its own scientific terms first.,requires empirical method / opening axioms (L0-L2),"introduces a physics-register model, observation, or formal method",mathematical/logical lower-layer floor preserved,"if removed, dependent bridge claims collapse to analogy",domain-bound (B); C translates structure across,coherent,yes,yes,E,B,create_claim_atom,Claim-level v0.2 pass; pre-pill. Register B status present.
KIMI-science-triads-B-009,topics/abc-science-triads.html,"The third role is not decorative; it mediates, stabilizes, selects, preserves, or makes the relation public.",requires empirical method / opening axioms (L0-L2),"introduces a physics-register model, observation, or formal method",mathematical/logical lower-layer floor preserved,"if removed, dependent bridge claims collapse to analogy",domain-bound (B); C translates structure across,coherent,yes,yes,E,B,create_claim_atom,Claim-level v0.2 pass; pre-pill. Register B status present.
KIMI-science-triads-C-001,topics/abc-science-triads.html,Theophysics does not say every group of three proves the Trinity.,requires both A and B register content,introduces cross-register bridge translation / correspondence,preserves both theological and scientific floors,"if removed, cross-register coherence collapses",A↔B↔C translation,coherent,yes,yes,BR,C,create_bridge_atom,"Claim-level v0.2 pass; pre-pill. Register C status present. Bridge correspondence, not proof."
KIMI-science-triads-C-002,topics/abc-science-triads.html,"It asks whether stable truth repeatedly needs being, mediation, and record; source, channel, and receiver; system, context, and outcome.",requires both A and B register content,introduces cross-register bridge translation / correspondence,preserves both theological and scientific floors,"if removed, cross-register coherence collapses",A↔B↔C translation,coherent,yes,yes,BR,C,create_bridge_atom,"Claim-level v0.2 pass; pre-pill. Register C status present. Bridge correspondence, not proof."
KIMI-science-triads-C-003,topics/abc-science-triads.html,Core pattern: state + mediation + stable witness.,requires both A and B register content,introduces cross-register bridge translation / correspondence,preserves both theological and scientific floors,"if removed, cross-register coherence collapses",A↔B↔C translation,coherent,yes,yes,BR,C,create_bridge_atom,"Claim-level v0.2 pass; pre-pill. Register C status present. Bridge correspondence, not proof."
KIMI-science-triads-C-004,topics/abc-science-triads.html,The bridge claim is that this recurring grammar is structurally convergent with the Trinity's relational logic.,requires both A and B register content,introduces cross-register bridge translation / correspondence,preserves both theological and scientific floors,"if removed, cross-register coherence collapses",A↔B↔C translation,coherent,yes,yes,BR,C,create_bridge_atom,"Claim-level v0.2 pass; pre-pill. Register C status present. Bridge correspondence, not proof."
KIMI-science-triads-C-005,topics/abc-science-triads.html,"The claim is [C]-grade correspondence, not proof.",requires both A and B register content,introduces cross-register bridge translation / correspondence,preserves both theological and scientific floors,"if removed, cross-register coherence collapses",A↔B↔C translation,coherent,yes,yes,BR,C,create_bridge_atom,"Claim-level v0.2 pass; pre-pill. Register C status present. Bridge correspondence, not proof."
KIMI-science-triads-C-006,topics/abc-science-triads.html,Functional irreducibility.,requires both A and B register content,introduces cross-register bridge translation / correspondence,preserves both theological and scientific floors,"if removed, cross-register coherence collapses",A↔B↔C translation,coherent,yes,yes,BR,C,create_bridge_atom,"Claim-level v0.2 pass; pre-pill. Register C status present. Bridge correspondence, not proof."
KIMI-science-triads-C-007,topics/abc-science-triads.html,"The strongest bridge is not ""three of anything"" but the three-root termination argument: generation (Being), distinction (Logos), and actualization (Relation).",requires both A and B register content,introduces cross-register bridge translation / correspondence,preserves both theological and scientific floors,"if removed, cross-register coherence collapses",A↔B↔C translation,coherent,yes,yes,BR,C,create_bridge_atom,"Claim-level v0.2 pass; pre-pill. Register C status present. Bridge correspondence, not proof."
KIMI-science-triads-C-008,topics/abc-science-triads.html,"In measurement, these map to superposition, basis/eigenstructure, and outcome.",requires both A and B register content,introduces cross-register bridge translation / correspondence,preserves both theological and scientific floors,"if removed, cross-register coherence collapses",A↔B↔C translation,coherent,yes,yes,BR,C,create_bridge_atom,"Claim-level v0.2 pass; pre-pill. Register C status present. Bridge correspondence, not proof."
KIMI-science-triads-C-009,topics/abc-science-triads.html,"In arithmetic they map to operand, operand, and operation.",requires both A and B register content,introduces cross-register bridge translation / correspondence,preserves both theological and scientific floors,"if removed, cross-register coherence collapses",A↔B↔C translation,coherent,yes,yes,BR,C,create_bridge_atom,"Claim-level v0.2 pass; pre-pill. Register C status present. Bridge correspondence, not proof."
KIMI-science-triads-C-010,topics/abc-science-triads.html,"In communication they map to source, channel, and receiver.",requires both A and B register content,introduces cross-register bridge translation / correspondence,preserves both theological and scientific floors,"if removed, cross-register coherence collapses",A↔B↔C translation,coherent,yes,yes,BR,C,create_bridge_atom,"Claim-level v0.2 pass; pre-pill. Register C status present. Bridge correspondence, not proof."
KIMI-science-triads-C-011,topics/abc-science-triads.html,"The third role is operation-like, not object-like — which is why it can terminate regresses instead of continuing them.",requires both A and B register content,introduces cross-register bridge translation / correspondence,preserves both theological and scientific floors,"if removed, cross-register coherence collapses",A↔B↔C translation,coherent,yes,yes,BR,C,create_bridge_atom,"Claim-level v0.2 pass; pre-pill. Register C status present. Bridge correspondence, not proof."
KIMI-science-triads-C-012,topics/abc-science-triads.html,"Best bridges to use first: decoherence, Shannon communication, Noether, open quantum systems, thermodynamics (system/boundary/environment), error correction, gauge theory.",requires both A and B register content,introduces cross-register bridge translation / correspondence,preserves both theological and scientific floors,"if removed, cross-register coherence collapses",A↔B↔C translation,coherent,yes,yes,BR,C,create_bridge_atom,"Claim-level v0.2 pass; pre-pill. Register C status present. Bridge correspondence, not proof."
KIMI-science-triads-C-013,topics/abc-science-triads.html,"Avoid as primary: CPT as direct Trinity proof, holography as proof of Logos, Higgs as grace, Casimir as common grace.",requires both A and B register content,introduces cross-register bridge translation / correspondence,preserves both theological and scientific floors,"if removed, cross-register coherence collapses",A↔B↔C translation,coherent,yes,yes,BR,C,create_bridge_atom,"Claim-level v0.2 pass; pre-pill. Register C status present. Bridge correspondence, not proof."
KIMI-science-triads-C-014,topics/abc-science-triads.html,They may be beautiful later; they are not first load-bearing cases.,requires both A and B register content,introduces cross-register bridge translation / correspondence,preserves both theological and scientific floors,"if removed, cross-register coherence collapses",A↔B↔C translation,coherent,yes,yes,BR,C,create_bridge_atom,"Claim-level v0.2 pass; pre-pill. Register C status present. Bridge correspondence, not proof."
KIMI-spiritual-terms-A-001,topics/abc-spiritual-terms.html,"Grace , sin , faith , mercy , atonement , and redemption are not emptied into generic physics words.",none (theological ground / L0 instantiation),confesses a theological identification or doctrine,created-order distinction/relation preserved in background,"if removed, corresponding bridge readings lose theological anchor",domain-bound (A); C translates as bridge candidate,coherent,yes,yes,C,B,create_claim_atom,Claim-level v0.2 pass; pre-pill. Register A status present.
KIMI-spiritual-terms-A-002,topics/abc-spiritual-terms.html,"They are defined by Scripture, doctrine, and the history of redemption: creation → Fall → promise → Law → Incarnation → Cross → Resurrection → Ascension → Pentecost → return of Christ.",none (theological ground / L0 instantiation),confesses a theological identification or doctrine,created-order distinction/relation preserved in background,"if removed, corresponding bridge readings lose theological anchor",domain-bound (A); C translates as bridge candidate,coherent,yes,yes,S,B,create_claim_atom,Claim-level v0.2 pass; pre-pill. Register A status present. Scriptural/traditional source.
KIMI-spiritual-terms-A-003,topics/abc-spiritual-terms.html,These terms name real events and realities in the drama of God and humanity.,none (theological ground / L0 instantiation),confesses a theological identification or doctrine,created-order distinction/relation preserved in background,"if removed, corresponding bridge readings lose theological anchor",domain-bound (A); C translates as bridge candidate,coherent,yes,yes,C,B,create_claim_atom,Claim-level v0.2 pass; pre-pill. Register A status present.
KIMI-spiritual-terms-A-004,topics/abc-spiritual-terms.html,Sin is real rebellion against a holy God.,none (theological ground / L0 instantiation),confesses a theological identification or doctrine,created-order distinction/relation preserved in background,"if removed, corresponding bridge readings lose theological anchor",domain-bound (A); C translates as bridge candidate,coherent,yes,yes,C,B,create_claim_atom,Claim-level v0.2 pass; pre-pill. Register A status present.
KIMI-spiritual-terms-A-005,topics/abc-spiritual-terms.html,Grace is unmerited favor purchased by Christ.,none (theological ground / L0 instantiation),confesses a theological identification or doctrine,created-order distinction/relation preserved in background,"if removed, corresponding bridge readings lose theological anchor",domain-bound (A); C translates as bridge candidate,coherent,yes,yes,C,B,create_claim_atom,Claim-level v0.2 pass; pre-pill. Register A status present.
KIMI-spiritual-terms-A-006,topics/abc-spiritual-terms.html,Faith is the instrument by which a sinner receives Christ.,none (theological ground / L0 instantiation),confesses a theological identification or doctrine,created-order distinction/relation preserved in background,"if removed, corresponding bridge readings lose theological anchor",domain-bound (A); C translates as bridge candidate,coherent,yes,yes,C,B,create_claim_atom,Claim-level v0.2 pass; pre-pill. Register A status present.
KIMI-spiritual-terms-A-007,topics/abc-spiritual-terms.html,Atonement is the satisfaction of divine justice and the removal of wrath.,none (theological ground / L0 instantiation),confesses a theological identification or doctrine,created-order distinction/relation preserved in background,"if removed, corresponding bridge readings lose theological anchor",domain-bound (A); C translates as bridge candidate,coherent,yes,yes,C,B,create_claim_atom,Claim-level v0.2 pass; pre-pill. Register A status present.
KIMI-spiritual-terms-A-008,topics/abc-spiritual-terms.html,Redemption is the rescue of a slave-market people into freedom and sonship.,none (theological ground / L0 instantiation),confesses a theological identification or doctrine,created-order distinction/relation preserved in background,"if removed, corresponding bridge readings lose theological anchor",domain-bound (A); C translates as bridge candidate,coherent,yes,yes,C,B,create_claim_atom,Claim-level v0.2 pass; pre-pill. Register A status present.
KIMI-spiritual-terms-A-009,topics/abc-spiritual-terms.html,The bridge vocabulary must never be allowed to float free from these anchors.,none (theological ground / L0 instantiation),confesses a theological identification or doctrine,created-order distinction/relation preserved in background,"if removed, corresponding bridge readings lose theological anchor",domain-bound (A); C translates as bridge candidate,coherent,yes,yes,C,B,create_claim_atom,Claim-level v0.2 pass; pre-pill. Register A status present.
KIMI-spiritual-terms-A-010,topics/abc-spiritual-terms.html,Humanity in this picture: human beings are the ones who need these terms.,none (theological ground / L0 instantiation),confesses a theological identification or doctrine,created-order distinction/relation preserved in background,"if removed, corresponding bridge readings lose theological anchor",domain-bound (A); C translates as bridge candidate,coherent,yes,yes,C,B,create_claim_atom,Claim-level v0.2 pass; pre-pill. Register A status present.
KIMI-spiritual-terms-A-011,topics/abc-spiritual-terms.html,"We are the sinners, the recipients of grace, the believers, the redeemed.",none (theological ground / L0 instantiation),confesses a theological identification or doctrine,created-order distinction/relation preserved in background,"if removed, corresponding bridge readings lose theological anchor",domain-bound (A); C translates as bridge candidate,coherent,yes,yes,C,B,create_claim_atom,Claim-level v0.2 pass; pre-pill. Register A status present.
KIMI-spiritual-terms-A-012,topics/abc-spiritual-terms.html,The terms are not abstract labels; they are the grammar of our rescue.,none (theological ground / L0 instantiation),confesses a theological identification or doctrine,created-order distinction/relation preserved in background,"if removed, corresponding bridge readings lose theological anchor",domain-bound (A); C translates as bridge candidate,coherent,yes,yes,C,B,create_claim_atom,Claim-level v0.2 pass; pre-pill. Register A status present.
KIMI-spiritual-terms-B-001,topics/abc-spiritual-terms.html,Science does not define spiritual terms as doctrine.,none (register gap),none,science floor is not applicable here,"if filled with invented science, bridge becomes smuggled",domain-bound gap (B missing),defective,partial,yes,E,D,create_objection_atom,Claim-level v0.2 pass; pre-pill. Register B status gap. Register gap; do not invent missing science.
KIMI-spiritual-terms-B-002,topics/abc-spiritual-terms.html,"It can sometimes supply analogies or structural witnesses, but the doctrinal meaning belongs to theology.",none (register gap),none,science floor is not applicable here,"if filled with invented science, bridge becomes smuggled",domain-bound gap (B missing),defective,partial,yes,E,D,create_objection_atom,Claim-level v0.2 pass; pre-pill. Register B status gap. Register gap; do not invent missing science.
KIMI-spiritual-terms-B-003,topics/abc-spiritual-terms.html,"This is a deliberate gap, not a failure.",none (register gap),none,science floor is not applicable here,"if filled with invented science, bridge becomes smuggled",domain-bound gap (B missing),defective,partial,yes,E,D,create_objection_atom,Claim-level v0.2 pass; pre-pill. Register B status gap. Register gap; do not invent missing science.
KIMI-spiritual-terms-C-001,topics/abc-spiritual-terms.html,The dictionary prevents semantic drift.,requires both A and B register content,introduces cross-register bridge translation / correspondence,preserves both theological and scientific floors,"if removed, cross-register coherence collapses",A↔B↔C translation,coherent,yes,yes,BR,C,create_bridge_atom,"Claim-level v0.2 pass; pre-pill. Register C status present. Bridge correspondence, not proof."
KIMI-spiritual-terms-C-002,topics/abc-spiritual-terms.html,"It helps mark when a term is being used theologically, physically, mathematically, or as bridge language.",requires both A and B register content,introduces cross-register bridge translation / correspondence,preserves both theological and scientific floors,"if removed, cross-register coherence collapses",A↔B↔C translation,coherent,yes,yes,BR,C,create_bridge_atom,"Claim-level v0.2 pass; pre-pill. Register C status present. Bridge correspondence, not proof."
KIMI-spiritual-terms-C-003,topics/abc-spiritual-terms.html,"Key locked terms: grace, sin, agency, freedom, truth, Logos, knowledge, love, judgment, grace-frame, moral conservation, coherence/Christ.",requires both A and B register content,introduces cross-register bridge translation / correspondence,preserves both theological and scientific floors,"if removed, cross-register coherence collapses",A↔B↔C translation,coherent,yes,yes,BR,C,create_bridge_atom,"Claim-level v0.2 pass; pre-pill. Register C status present. Bridge correspondence, not proof."
KIMI-spiritual-terms-C-004,topics/abc-spiritual-terms.html,"Key partial terms: faith (quantum-to-faith reduction still needs witness work), deception (Maxwell-gate discriminability work queued).",requires both A and B register content,introduces cross-register bridge translation / correspondence,preserves both theological and scientific floors,"if removed, cross-register coherence collapses",A↔B↔C translation,coherent,yes,yes,BR,C,create_bridge_atom,"Claim-level v0.2 pass; pre-pill. Register C status present. Bridge correspondence, not proof."
KIMI-spiritual-terms-C-005,topics/abc-spiritual-terms.html,"Correction discipline: in the v3 dictionary, S = Strong/Love, not entropy/sin.",requires both A and B register content,introduces cross-register bridge translation / correspondence,preserves both theological and scientific floors,"if removed, cross-register coherence collapses",A↔B↔C translation,coherent,yes,yes,BR,C,create_bridge_atom,"Claim-level v0.2 pass; pre-pill. Register C status present. Bridge correspondence, not proof."
KIMI-spiritual-terms-C-006,topics/abc-spiritual-terms.html,T = Thermodynamics/Judgment.,requires both A and B register content,introduces cross-register bridge translation / correspondence,preserves both theological and scientific floors,"if removed, cross-register coherence collapses",A↔B↔C translation,coherent,yes,yes,BR,C,create_bridge_atom,"Claim-level v0.2 pass; pre-pill. Register C status present. Bridge correspondence, not proof."
KIMI-spiritual-terms-C-007,topics/abc-spiritual-terms.html,R = Relativity/Grace-Frame.,requires both A and B register content,introduces cross-register bridge translation / correspondence,preserves both theological and scientific floors,"if removed, cross-register coherence collapses",A↔B↔C translation,coherent,yes,yes,BR,C,create_bridge_atom,"Claim-level v0.2 pass; pre-pill. Register C status present. Bridge correspondence, not proof."
KIMI-spiritual-terms-C-008,topics/abc-spiritual-terms.html,These rulings prevent the stale drift that killed earlier versions.,requires both A and B register content,introduces cross-register bridge translation / correspondence,preserves both theological and scientific floors,"if removed, cross-register coherence collapses",A↔B↔C translation,coherent,yes,yes,BR,C,create_bridge_atom,"Claim-level v0.2 pass; pre-pill. Register C status present. Bridge correspondence, not proof."
KIMI-ten-laws-A-001,topics/abc-ten-laws.html,"The laws are read as structures of truth , judgment , mercy , faith , atonement , and redemption .",none (theological ground / L0 instantiation),confesses a theological identification or doctrine,created-order distinction/relation preserved in background,"if removed, corresponding bridge readings lose theological anchor",domain-bound (A); C translates as bridge candidate,coherent,yes,yes,C,B,create_claim_atom,Claim-level v0.2 pass; pre-pill. Register A status present.
KIMI-ten-laws-A-002,topics/abc-ten-laws.html,They are not ten commandments.,none (theological ground / L0 instantiation),confesses a theological identification or doctrine,created-order distinction/relation preserved in background,"if removed, corresponding bridge readings lose theological anchor",domain-bound (A); C translates as bridge candidate,coherent,yes,yes,C,B,create_claim_atom,Claim-level v0.2 pass; pre-pill. Register A status present.
KIMI-ten-laws-A-003,topics/abc-ten-laws.html,"They are ten structural mirrors: physical laws whose equilibrium states carry spiritual terms that emerge, not imposed from outside.",none (theological ground / L0 instantiation),confesses a theological identification or doctrine,created-order distinction/relation preserved in background,"if removed, corresponding bridge readings lose theological anchor",domain-bound (A); C translates as bridge candidate,coherent,yes,yes,C,B,create_claim_atom,Claim-level v0.2 pass; pre-pill. Register A status present.
KIMI-ten-laws-A-004,topics/abc-ten-laws.html,Humanity in this picture: the laws are read by redeemed image-bearers who recognize the handwriting of their Maker.,none (theological ground / L0 instantiation),confesses a theological identification or doctrine,created-order distinction/relation preserved in background,"if removed, corresponding bridge readings lose theological anchor",domain-bound (A); C translates as bridge candidate,coherent,yes,yes,C,B,create_claim_atom,Claim-level v0.2 pass; pre-pill. Register A status present.
KIMI-ten-laws-A-005,topics/abc-ten-laws.html,"Before the Fall, Adam was tasked to name and steward creation; after the Fall, that recognition is clouded but not erased.",none (theological ground / L0 instantiation),confesses a theological identification or doctrine,created-order distinction/relation preserved in background,"if removed, corresponding bridge readings lose theological anchor",domain-bound (A); C translates as bridge candidate,coherent,yes,yes,C,B,create_claim_atom,Claim-level v0.2 pass; pre-pill. Register A status present.
KIMI-ten-laws-A-006,topics/abc-ten-laws.html,"In Christ, the recognition is restored and the mind is renewed.",none (theological ground / L0 instantiation),confesses a theological identification or doctrine,created-order distinction/relation preserved in background,"if removed, corresponding bridge readings lose theological anchor",domain-bound (A); C translates as bridge candidate,coherent,yes,yes,C,B,create_claim_atom,Claim-level v0.2 pass; pre-pill. Register A status present.
KIMI-ten-laws-A-007,topics/abc-ten-laws.html,"The law walk is therefore an act of faithful interpretation, not a neutral science experiment.",none (theological ground / L0 instantiation),confesses a theological identification or doctrine,created-order distinction/relation preserved in background,"if removed, corresponding bridge readings lose theological anchor",domain-bound (A); C translates as bridge candidate,coherent,yes,yes,C,B,create_claim_atom,Claim-level v0.2 pass; pre-pill. Register A status present.
KIMI-ten-laws-B-001,topics/abc-ten-laws.html,"The law walk draws from gravitation, mechanics, electromagnetism, the strong force, thermodynamics, information theory, quantum mechanics, the weak force, and relativity.",requires empirical method / opening axioms (L0-L2),"introduces a physics-register model, observation, or formal method",mathematical/logical lower-layer floor preserved,"if removed, dependent bridge claims collapse to analogy",domain-bound (B); C translates structure across,coherent,yes,yes,PH,B,create_claim_atom,Claim-level v0.2 pass; pre-pill. Register B status present. Physics-register claim; formal/empirical support required.
KIMI-ten-laws-B-002,topics/abc-ten-laws.html,Each physics source must stand on its own terms.,requires empirical method / opening axioms (L0-L2),"introduces a physics-register model, observation, or formal method",mathematical/logical lower-layer floor preserved,"if removed, dependent bridge claims collapse to analogy",domain-bound (B); C translates structure across,coherent,yes,yes,E,B,create_claim_atom,Claim-level v0.2 pass; pre-pill. Register B status present.
KIMI-ten-laws-B-003,topics/abc-ten-laws.html,"The Master Equation wraps them; it does not replace GR, QCD, Maxwell, quantum mechanics, or thermodynamics.",requires empirical method / opening axioms (L0-L2),"introduces a physics-register model, observation, or formal method",mathematical/logical lower-layer floor preserved,"if removed, dependent bridge claims collapse to analogy",domain-bound (B); C translates structure across,coherent,yes,yes,PH,B,create_claim_atom,Claim-level v0.2 pass; pre-pill. Register B status present. Physics-register claim; formal/empirical support required.
KIMI-ten-laws-C-001,topics/abc-ten-laws.html,1 Gravitation (GR) Sin ↔ Grace 1↔8 Derived,requires both A and B register content,introduces cross-register bridge translation / correspondence,preserves both theological and scientific floors,"if removed, cross-register coherence collapses",A↔B↔C translation,coherent_partial,needs_review,yes,BR,C,create_bridge_atom,"Claim-level v0.2 pass; pre-pill. Register C status partial. Register partial; review before promotion. Bridge correspondence, not proof."
KIMI-ten-laws-C-002,topics/abc-ten-laws.html,2 Motion (F=ma / E=mc²) Sin Nature ↔ Grace-as-Force 2↔9 Derived,requires both A and B register content,introduces cross-register bridge translation / correspondence,preserves both theological and scientific floors,"if removed, cross-register coherence collapses",A↔B↔C translation,coherent_partial,needs_review,yes,BR,C,create_bridge_atom,"Claim-level v0.2 pass; pre-pill. Register C status partial. Register partial; review before promotion. Bridge correspondence, not proof."
KIMI-ten-laws-C-003,topics/abc-ten-laws.html,3 Electromagnetism Truth ↔ Deception 3↔10 Derived,requires both A and B register content,introduces cross-register bridge translation / correspondence,preserves both theological and scientific floors,"if removed, cross-register coherence collapses",A↔B↔C translation,coherent_partial,needs_review,yes,BR,C,create_bridge_atom,"Claim-level v0.2 pass; pre-pill. Register C status partial. Register partial; review before promotion. Bridge correspondence, not proof."
KIMI-ten-laws-C-004,topics/abc-ten-laws.html,4 Strong Force Love ↔ Captivity 4↔7 Locked,requires both A and B register content,introduces cross-register bridge translation / correspondence,preserves both theological and scientific floors,"if removed, cross-register coherence collapses",A↔B↔C translation,coherent_partial,needs_review,yes,BR,C,create_bridge_atom,"Claim-level v0.2 pass; pre-pill. Register C status partial. Register partial; review before promotion. Bridge correspondence, not proof."
KIMI-ten-laws-C-005,topics/abc-ten-laws.html,5 Thermodynamics Judgment ↔ Heat Death 5↔6 Locked,requires both A and B register content,introduces cross-register bridge translation / correspondence,preserves both theological and scientific floors,"if removed, cross-register coherence collapses",A↔B↔C translation,coherent_partial,needs_review,yes,BR,C,create_bridge_atom,"Claim-level v0.2 pass; pre-pill. Register C status partial. Register partial; review before promotion. Bridge correspondence, not proof."
KIMI-ten-laws-C-006,topics/abc-ten-laws.html,6 Information / Shannon Logos ↔ Chaos 5↔6 Derived,requires both A and B register content,introduces cross-register bridge translation / correspondence,preserves both theological and scientific floors,"if removed, cross-register coherence collapses",A↔B↔C translation,coherent_partial,needs_review,yes,BR,C,create_bridge_atom,"Claim-level v0.2 pass; pre-pill. Register C status partial. Register partial; review before promotion. Bridge correspondence, not proof."
KIMI-ten-laws-C-007,topics/abc-ten-laws.html,7 Quantum Mechanics Faith ↔ Doubt / Control 4↔7 Forward-derived,requires both A and B register content,introduces cross-register bridge translation / correspondence,preserves both theological and scientific floors,"if removed, cross-register coherence collapses",A↔B↔C translation,coherent_partial,needs_review,yes,BR,C,create_bridge_atom,"Claim-level v0.2 pass; pre-pill. Register C status partial. Register partial; review before promotion. Bridge correspondence, not proof."
KIMI-ten-laws-C-008,topics/abc-ten-laws.html,8 Relativity Grace ↔ Frame Lock 1↔8 Derived,requires both A and B register content,introduces cross-register bridge translation / correspondence,preserves both theological and scientific floors,"if removed, cross-register coherence collapses",A↔B↔C translation,coherent_partial,needs_review,yes,BR,C,create_bridge_atom,"Claim-level v0.2 pass; pre-pill. Register C status partial. Register partial; review before promotion. Bridge correspondence, not proof."
KIMI-ten-laws-C-009,topics/abc-ten-laws.html,9 Weak Force Moral Conservation asymmetric Locked,requires both A and B register content,introduces cross-register bridge translation / correspondence,preserves both theological and scientific floors,"if removed, cross-register coherence collapses",A↔B↔C translation,coherent_partial,needs_review,yes,BR,C,create_bridge_atom,"Claim-level v0.2 pass; pre-pill. Register C status partial. Register partial; review before promotion. Bridge correspondence, not proof."
KIMI-ten-laws-C-010,topics/abc-ten-laws.html,10 Coherence Christ ↔ Decoherence asymmetric Structural,requires both A and B register content,introduces cross-register bridge translation / correspondence,preserves both theological and scientific floors,"if removed, cross-register coherence collapses",A↔B↔C translation,coherent_partial,needs_review,yes,BR,C,create_bridge_atom,"Claim-level v0.2 pass; pre-pill. Register C status partial. Register partial; review before promotion. Bridge correspondence, not proof."
KIMI-ten-laws-C-011,topics/abc-ten-laws.html,Law 5 — Thermodynamics / Judgment.,requires both A and B register content,introduces cross-register bridge translation / correspondence,preserves both theological and scientific floors,"if removed, cross-register coherence collapses",A↔B↔C translation,coherent_partial,needs_review,yes,BR,C,create_bridge_atom,"Claim-level v0.2 pass; pre-pill. Register C status partial. Register partial; review before promotion. Bridge correspondence, not proof."
KIMI-ten-laws-C-012,topics/abc-ten-laws.html,"The R(offense, α) function holds justice and mercy simultaneously: α = 1 means the offender pays; α = 0 means a third party pays; α = 0 plus judge-as-payer is the Cross.",requires both A and B register content,introduces cross-register bridge translation / correspondence,preserves both theological and scientific floors,"if removed, cross-register coherence collapses",A↔B↔C translation,coherent_partial,needs_review,yes,BR,C,create_bridge_atom,"Claim-level v0.2 pass; pre-pill. Register C status partial. Register partial; review before promotion. Bridge correspondence, not proof."
KIMI-ten-laws-C-013,topics/abc-ten-laws.html,The spiritual reading does not add a free-will switch to make the structure interesting.,requires both A and B register content,introduces cross-register bridge translation / correspondence,preserves both theological and scientific floors,"if removed, cross-register coherence collapses",A↔B↔C translation,coherent_partial,needs_review,yes,BR,C,create_bridge_atom,"Claim-level v0.2 pass; pre-pill. Register C status partial. Register partial; review before promotion. Bridge correspondence, not proof."
KIMI-ten-laws-C-014,topics/abc-ten-laws.html,Law 9 — Weak Force / Moral Conservation.,requires both A and B register content,introduces cross-register bridge translation / correspondence,preserves both theological and scientific floors,"if removed, cross-register coherence collapses",A↔B↔C translation,coherent_partial,needs_review,yes,BR,C,create_bridge_atom,"Claim-level v0.2 pass; pre-pill. Register C status partial. Register partial; review before promotion. Bridge correspondence, not proof."
KIMI-ten-laws-C-015,topics/abc-ten-laws.html,Locked keystone.,requires both A and B register content,introduces cross-register bridge translation / correspondence,preserves both theological and scientific floors,"if removed, cross-register coherence collapses",A↔B↔C translation,coherent_partial,needs_review,yes,BR,C,create_bridge_atom,"Claim-level v0.2 pass; pre-pill. Register C status partial. Register partial; review before promotion. Bridge correspondence, not proof."
KIMI-ten-laws-C-016,topics/abc-ten-laws.html,"The weak interaction transmutes, violates parity, and keeps the books.",requires both A and B register content,introduces cross-register bridge translation / correspondence,preserves both theological and scientific floors,"if removed, cross-register coherence collapses",A↔B↔C translation,coherent_partial,needs_review,yes,BR,C,create_bridge_atom,"Claim-level v0.2 pass; pre-pill. Register C status partial. Register partial; review before promotion. Bridge correspondence, not proof."
KIMI-ten-laws-C-017,topics/abc-ten-laws.html,Modeled as a three-body event: ψ_whole → ψ_broken + δ + ν_loss.,requires both A and B register content,introduces cross-register bridge translation / correspondence,preserves both theological and scientific floors,"if removed, cross-register coherence collapses",A↔B↔C translation,coherent_partial,needs_review,yes,BR,C,create_bridge_atom,"Claim-level v0.2 pass; pre-pill. Register C status partial. Register partial; review before promotion. Bridge correspondence, not proof."
KIMI-ten-laws-C-018,topics/abc-ten-laws.html,"The result is simple and brutal: you cannot undo it, and it does not go away.",requires both A and B register content,introduces cross-register bridge translation / correspondence,preserves both theological and scientific floors,"if removed, cross-register coherence collapses",A↔B↔C translation,coherent_partial,needs_review,yes,BR,C,create_bridge_atom,"Claim-level v0.2 pass; pre-pill. Register C status partial. Register partial; review before promotion. Bridge correspondence, not proof."
KIMI-ten-laws-C-019,topics/abc-ten-laws.html,Suppression is not repair.,requires both A and B register content,introduces cross-register bridge translation / correspondence,preserves both theological and scientific floors,"if removed, cross-register coherence collapses",A↔B↔C translation,coherent_partial,needs_review,yes,BR,C,create_bridge_atom,"Claim-level v0.2 pass; pre-pill. Register C status partial. Register partial; review before promotion. Bridge correspondence, not proof."
KIMI-ten-laws-C-020,topics/abc-ten-laws.html,Law 4 — Strong Force / Love.,requires both A and B register content,introduces cross-register bridge translation / correspondence,preserves both theological and scientific floors,"if removed, cross-register coherence collapses",A↔B↔C translation,coherent_partial,needs_review,yes,BR,C,create_bridge_atom,"Claim-level v0.2 pass; pre-pill. Register C status partial. Register partial; review before promotion. Bridge correspondence, not proof."
KIMI-ten-laws-C-021,topics/abc-ten-laws.html,Locked exemplar.,requires both A and B register content,introduces cross-register bridge translation / correspondence,preserves both theological and scientific floors,"if removed, cross-register coherence collapses",A↔B↔C translation,coherent_partial,needs_review,yes,BR,C,create_bridge_atom,"Claim-level v0.2 pass; pre-pill. Register C status partial. Register partial; review before promotion. Bridge correspondence, not proof."
KIMI-ten-laws-C-022,topics/abc-ten-laws.html,Protons that should repel hold together because a close-range binding is stronger.,requires both A and B register content,introduces cross-register bridge translation / correspondence,preserves both theological and scientific floors,"if removed, cross-register coherence collapses",A↔B↔C translation,coherent_partial,needs_review,yes,BR,C,create_bridge_atom,"Claim-level v0.2 pass; pre-pill. Register C status partial. Register partial; review before promotion. Bridge correspondence, not proof."
KIMI-ten-laws-C-023,topics/abc-ten-laws.html,Agape is covenantal binding under stress.,requires both A and B register content,introduces cross-register bridge translation / correspondence,preserves both theological and scientific floors,"if removed, cross-register coherence collapses",A↔B↔C translation,coherent_partial,needs_review,yes,BR,C,create_bridge_atom,"Claim-level v0.2 pass; pre-pill. Register C status partial. Register partial; review before promotion. Bridge correspondence, not proof."
KIMI-ten-laws-C-024,topics/abc-ten-laws.html,Nine fruits from nine invariances; each invariance forces one fruit.,requires both A and B register content,introduces cross-register bridge translation / correspondence,preserves both theological and scientific floors,"if removed, cross-register coherence collapses",A↔B↔C translation,coherent_partial,needs_review,yes,BR,C,create_bridge_atom,"Claim-level v0.2 pass; pre-pill. Register C status partial. Register partial; review before promotion. Bridge correspondence, not proof."
KIMI-ten-laws-C-025,topics/abc-ten-laws.html,Three engines check the law walk (they are not interchangeable):,requires both A and B register content,introduces cross-register bridge translation / correspondence,preserves both theological and scientific floors,"if removed, cross-register coherence collapses",A↔B↔C translation,coherent_partial,needs_review,yes,BR,C,create_bridge_atom,"Claim-level v0.2 pass; pre-pill. Register C status partial. Register partial; review before promotion. Bridge correspondence, not proof."
KIMI-ten-laws-C-026,topics/abc-ten-laws.html,"Noether forcing — symmetry → conserved charge. Used in Laws 1, 2, 4, 5, 6, 8, 9.",requires both A and B register content,introduces cross-register bridge translation / correspondence,preserves both theological and scientific floors,"if removed, cross-register coherence collapses",A↔B↔C translation,coherent_partial,needs_review,yes,BR,C,create_bridge_atom,"Claim-level v0.2 pass; pre-pill. Register C status partial. Register partial; review before promotion. Bridge correspondence, not proof."
KIMI-ten-laws-C-027,topics/abc-ten-laws.html,Eigenmode completeness — boundary conditions → standing wave basis. Used in Law 3.,requires both A and B register content,introduces cross-register bridge translation / correspondence,preserves both theological and scientific floors,"if removed, cross-register coherence collapses",A↔B↔C translation,coherent_partial,needs_review,yes,BR,C,create_bridge_atom,"Claim-level v0.2 pass; pre-pill. Register C status partial. Register partial; review before promotion. Bridge correspondence, not proof."
KIMI-ten-laws-C-028,topics/abc-ten-laws.html,Lindblad channel classification — decoherence types → protection mechanisms. Used in Law 7.,requires both A and B register content,introduces cross-register bridge translation / correspondence,preserves both theological and scientific floors,"if removed, cross-register coherence collapses",A↔B↔C translation,coherent_partial,needs_review,yes,BR,C,create_bridge_atom,"Claim-level v0.2 pass; pre-pill. Register C status partial. Register partial; review before promotion. Bridge correspondence, not proof."
KIMI-ten-laws-C-029,topics/abc-ten-laws.html,1↔8: Gravitation ↔ Relativity — grace curves the space; Law 8 is how you move through it together.,requires both A and B register content,introduces cross-register bridge translation / correspondence,preserves both theological and scientific floors,"if removed, cross-register coherence collapses",A↔B↔C translation,coherent_partial,needs_review,yes,BR,C,create_bridge_atom,"Claim-level v0.2 pass; pre-pill. Register C status partial. Register partial; review before promotion. Bridge correspondence, not proof."
KIMI-ten-laws-C-030,topics/abc-ten-laws.html,2↔9: Motion ↔ Weak Force — inertia ↔ irreversibility; faithfulness welds them via Noether.,requires both A and B register content,introduces cross-register bridge translation / correspondence,preserves both theological and scientific floors,"if removed, cross-register coherence collapses",A↔B↔C translation,coherent_partial,needs_review,yes,BR,C,create_bridge_atom,"Claim-level v0.2 pass; pre-pill. Register C status partial. Register partial; review before promotion. Bridge correspondence, not proof."
KIMI-ten-laws-C-031,topics/abc-ten-laws.html,3↔10: Electromagnetism ↔ Coherence — truth ↔ Christ; eigenmodes ↔ the weave.,requires both A and B register content,introduces cross-register bridge translation / correspondence,preserves both theological and scientific floors,"if removed, cross-register coherence collapses",A↔B↔C translation,coherent_partial,needs_review,yes,BR,C,create_bridge_atom,"Claim-level v0.2 pass; pre-pill. Register C status partial. Register partial; review before promotion. Bridge correspondence, not proof."
KIMI-ten-laws-C-032,topics/abc-ten-laws.html,4↔7: Strong Force ↔ Quantum — love ↔ faith; bound state ↔ participation.,requires both A and B register content,introduces cross-register bridge translation / correspondence,preserves both theological and scientific floors,"if removed, cross-register coherence collapses",A↔B↔C translation,coherent_partial,needs_review,yes,BR,C,create_bridge_atom,"Claim-level v0.2 pass; pre-pill. Register C status partial. Register partial; review before promotion. Bridge correspondence, not proof."
KIMI-ten-laws-C-033,topics/abc-ten-laws.html,5↔6: Thermodynamics ↔ Information — judgment ↔ Logos; ledger ↔ speaker.,requires both A and B register content,introduces cross-register bridge translation / correspondence,preserves both theological and scientific floors,"if removed, cross-register coherence collapses",A↔B↔C translation,coherent_partial,needs_review,yes,BR,C,create_bridge_atom,"Claim-level v0.2 pass; pre-pill. Register C status partial. Register partial; review before promotion. Bridge correspondence, not proof."
KIMI-ten-laws-C-034,topics/abc-ten-laws.html,Raw bits/s product inside the Master Equation.,requires both A and B register content,introduces cross-register bridge translation / correspondence,preserves both theological and scientific floors,"if removed, cross-register coherence collapses",A↔B↔C translation,coherent_partial,needs_review,yes,BR,C,create_bridge_atom,"Claim-level v0.2 pass; pre-pill. Register C status partial. Register partial; review before promotion. Bridge correspondence, not proof."
KIMI-ten-laws-C-035,topics/abc-ten-laws.html,Coherence as a tenth product factor.,requires both A and B register content,introduces cross-register bridge translation / correspondence,preserves both theological and scientific floors,"if removed, cross-register coherence collapses",A↔B↔C translation,coherent_partial,needs_review,yes,BR,C,create_bridge_atom,"Claim-level v0.2 pass; pre-pill. Register C status partial. Register partial; review before promotion. Bridge correspondence, not proof."
KIMI-ten-laws-C-036,topics/abc-ten-laws.html,"""Faith collapses the wavefunction"" or prayer as quantum measurement.",requires both A and B register content,introduces cross-register bridge translation / correspondence,preserves both theological and scientific floors,"if removed, cross-register coherence collapses",A↔B↔C translation,coherent_partial,needs_review,yes,BR,C,create_bridge_atom,"Claim-level v0.2 pass; pre-pill. Register C status partial. Register partial; review before promotion. Bridge correspondence, not proof."
KIMI-ten-laws-C-037,topics/abc-ten-laws.html,Landauer proves grace.,requires both A and B register content,introduces cross-register bridge translation / correspondence,preserves both theological and scientific floors,"if removed, cross-register coherence collapses",A↔B↔C translation,coherent_partial,needs_review,yes,BR,C,create_bridge_atom,"Claim-level v0.2 pass; pre-pill. Register C status partial. Register partial; review before promotion. Bridge correspondence, not proof."
KIMI-ten-laws-C-038,topics/abc-ten-laws.html,The Seven I AMs form a complete basis.,requires both A and B register content,introduces cross-register bridge translation / correspondence,preserves both theological and scientific floors,"if removed, cross-register coherence collapses",A↔B↔C translation,coherent_partial,needs_review,yes,BR,C,create_bridge_atom,"Claim-level v0.2 pass; pre-pill. Register C status partial. Register partial; review before promotion. Bridge correspondence, not proof."
KIMI-ten-laws-C-039,topics/abc-ten-laws.html,"Lean verifies spiritual naming, not just structure.",requires both A and B register content,introduces cross-register bridge translation / correspondence,preserves both theological and scientific floors,"if removed, cross-register coherence collapses",A↔B↔C translation,coherent_partial,needs_review,yes,BR,C,create_bridge_atom,"Claim-level v0.2 pass; pre-pill. Register C status partial. Register partial; review before promotion. Bridge correspondence, not proof."
KIMI-ten-laws-C-040,topics/abc-ten-laws.html,The grades are not modesty theater.,requires both A and B register content,introduces cross-register bridge translation / correspondence,preserves both theological and scientific floors,"if removed, cross-register coherence collapses",A↔B↔C translation,coherent_partial,needs_review,yes,BR,C,create_bridge_atom,"Claim-level v0.2 pass; pre-pill. Register C status partial. Register partial; review before promotion. Bridge correspondence, not proof."
KIMI-ten-laws-C-041,topics/abc-ten-laws.html,"Laws 4, 5, and 9 are locked with kill conditions.",requires both A and B register content,introduces cross-register bridge translation / correspondence,preserves both theological and scientific floors,"if removed, cross-register coherence collapses",A↔B↔C translation,coherent_partial,needs_review,yes,BR,C,create_bridge_atom,"Claim-level v0.2 pass; pre-pill. Register C status partial. Register partial; review before promotion. Bridge correspondence, not proof."
KIMI-ten-laws-C-042,topics/abc-ten-laws.html,"Laws 1, 2, 3, 6, and 8 are derived.",requires both A and B register content,introduces cross-register bridge translation / correspondence,preserves both theological and scientific floors,"if removed, cross-register coherence collapses",A↔B↔C translation,coherent_partial,needs_review,yes,BR,C,create_bridge_atom,"Claim-level v0.2 pass; pre-pill. Register C status partial. Register partial; review before promotion. Bridge correspondence, not proof."
KIMI-ten-laws-C-043,topics/abc-ten-laws.html,Law 7 is forward-derived (discriminability testing pending).,requires both A and B register content,introduces cross-register bridge translation / correspondence,preserves both theological and scientific floors,"if removed, cross-register coherence collapses",A↔B↔C translation,coherent_partial,needs_review,yes,BR,C,create_bridge_atom,"Claim-level v0.2 pass; pre-pill. Register C status partial. Register partial; review before promotion. Bridge correspondence, not proof."
KIMI-ten-laws-C-044,topics/abc-ten-laws.html,Law 10 is structural / open by design.,requires both A and B register content,introduces cross-register bridge translation / correspondence,preserves both theological and scientific floors,"if removed, cross-register coherence collapses",A↔B↔C translation,coherent_partial,needs_review,yes,BR,C,create_bridge_atom,"Claim-level v0.2 pass; pre-pill. Register C status partial. Register partial; review before promotion. Bridge correspondence, not proof."
KIMI-ten-laws-C-045,topics/abc-ten-laws.html,The wrapper is definitional.,requires both A and B register content,introduces cross-register bridge translation / correspondence,preserves both theological and scientific floors,"if removed, cross-register coherence collapses",A↔B↔C translation,coherent_partial,needs_review,yes,D,C,create_bridge_atom,Claim-level v0.2 pass; pre-pill. Register C status partial. Register partial; review before promotion.
KIMI-ten-laws-C-046,topics/abc-ten-laws.html,The framework does not claim every law is equally proven; it claims the structure is honest enough to show where the work remains.,requires both A and B register content,introduces cross-register bridge translation / correspondence,preserves both theological and scientific floors,"if removed, cross-register coherence collapses",A↔B↔C translation,coherent_partial,needs_review,yes,BR,C,create_bridge_atom,"Claim-level v0.2 pass; pre-pill. Register C status partial. Register partial; review before promotion. Bridge correspondence, not proof."
KIMI-trinity-A-001,topics/abc-trinity.html,"Christian theology confesses Father, Son, and Spirit: source/being, Word/expression, and witness /communion.",none (theological ground / L0 instantiation),confesses a theological identification or doctrine,created-order distinction/relation preserved in background,"if removed, corresponding bridge readings lose theological anchor",domain-bound (A); C translates as bridge candidate,coherent,yes,yes,C,B,create_claim_atom,Claim-level v0.2 pass; pre-pill. Register A status present.
KIMI-trinity-A-002,topics/abc-trinity.html,The claim is doctrinal and theological before it is a bridge claim.,none (theological ground / L0 instantiation),confesses a theological identification or doctrine,created-order distinction/relation preserved in background,"if removed, corresponding bridge readings lose theological anchor",domain-bound (A); C translates as bridge candidate,coherent,yes,yes,C,B,create_claim_atom,Claim-level v0.2 pass; pre-pill. Register A status present.
KIMI-trinity-A-003,topics/abc-trinity.html,"The persons are their relations: the Father is the one who begets, the Son is the one begotten, the Spirit is the one who proceeds.",none (theological ground / L0 instantiation),confesses a theological identification or doctrine,created-order distinction/relation preserved in background,"if removed, corresponding bridge readings lose theological anchor",domain-bound (A); C translates as bridge candidate,coherent,yes,yes,C,B,create_claim_atom,Claim-level v0.2 pass; pre-pill. Register A status present.
KIMI-trinity-A-004,topics/abc-trinity.html,Remove the relation and you remove the person.,none (theological ground / L0 instantiation),confesses a theological identification or doctrine,created-order distinction/relation preserved in background,"if removed, corresponding bridge readings lose theological anchor",domain-bound (A); C translates as bridge candidate,coherent,yes,yes,C,B,create_claim_atom,Claim-level v0.2 pass; pre-pill. Register A status present.
KIMI-trinity-A-005,topics/abc-trinity.html,"The four axioms map onto this ground: existence (Father), distinction / Word (Son), relation (Spirit), orientation / Truth (voiced by the Son).",none (theological ground / L0 instantiation),confesses a theological identification or doctrine,created-order distinction/relation preserved in background,"if removed, corresponding bridge readings lose theological anchor",domain-bound (A); C translates as bridge candidate,coherent,yes,yes,C,B,create_claim_atom,Claim-level v0.2 pass; pre-pill. Register A status present.
KIMI-trinity-A-006,topics/abc-trinity.html,"The Church Fathers called this perichoresis — mutual indwelling — and the medievals called it the transcendentals: being, one, true, good, one reality read four ways.",none (theological ground / L0 instantiation),confesses a theological identification or doctrine,created-order distinction/relation preserved in background,"if removed, corresponding bridge readings lose theological anchor",domain-bound (A); C translates as bridge candidate,coherent,yes,yes,C,B,create_claim_atom,Claim-level v0.2 pass; pre-pill. Register A status present.
KIMI-trinity-A-007,topics/abc-trinity.html,Humanity in this picture: human beings are made in the image of a Triune God.,none (theological ground / L0 instantiation),confesses a theological identification or doctrine,created-order distinction/relation preserved in background,"if removed, corresponding bridge readings lose theological anchor",domain-bound (A); C translates as bridge candidate,coherent,yes,yes,C,B,create_claim_atom,Claim-level v0.2 pass; pre-pill. Register A status present.
KIMI-trinity-A-008,topics/abc-trinity.html,"That means we are irreducibly relational (we come from, live with, and speak to others), word-bearing (we name, promise, and deceive), and spirit-oriented (we are made for communion with God).",none (theological ground / L0 instantiation),confesses a theological identification or doctrine,created-order distinction/relation preserved in background,"if removed, corresponding bridge readings lose theological anchor",domain-bound (A); C translates as bridge candidate,coherent,yes,yes,C,B,create_claim_atom,Claim-level v0.2 pass; pre-pill. Register A status present.
KIMI-trinity-A-009,topics/abc-trinity.html,The image is not a photograph but a vocation: to reflect the relational glory of God in the world.,none (theological ground / L0 instantiation),confesses a theological identification or doctrine,created-order distinction/relation preserved in background,"if removed, corresponding bridge readings lose theological anchor",domain-bound (A); C translates as bridge candidate,coherent,yes,yes,C,B,create_claim_atom,Claim-level v0.2 pass; pre-pill. Register A status present.
KIMI-trinity-B-001,topics/abc-trinity.html,Science contains repeated three-role structures: system / context / outcome; source / channel / receiver; system / environment / pointer record.,requires empirical method / opening axioms (L0-L2),"introduces a physics-register model, observation, or formal method",mathematical/logical lower-layer floor preserved,"if removed, dependent bridge claims collapse to analogy",domain-bound (B); C translates structure across,coherent_partial,needs_review,yes,PH,C,create_gap_atom,Claim-level v0.2 pass; pre-pill. Register B status partial. Register partial; review before promotion. Physics-register claim; formal/empirical support required.
KIMI-trinity-B-002,topics/abc-trinity.html,These are real structures in the science register.,requires empirical method / opening axioms (L0-L2),"introduces a physics-register model, observation, or formal method",mathematical/logical lower-layer floor preserved,"if removed, dependent bridge claims collapse to analogy",domain-bound (B); C translates structure across,coherent_partial,needs_review,yes,E,C,create_gap_atom,Claim-level v0.2 pass; pre-pill. Register B status partial. Register partial; review before promotion.
KIMI-trinity-B-003,topics/abc-trinity.html,"Physics does not need the Trinity to calculate, and triadic structure does not prove the Trinity.",requires empirical method / opening axioms (L0-L2),"introduces a physics-register model, observation, or formal method",mathematical/logical lower-layer floor preserved,"if removed, dependent bridge claims collapse to analogy",domain-bound (B); C translates structure across,coherent_partial,needs_review,yes,E,C,create_gap_atom,Claim-level v0.2 pass; pre-pill. Register B status partial. Register partial; review before promotion.
KIMI-trinity-B-004,topics/abc-trinity.html,"The strongest science-side anchors include Noether's theorem (law, symmetry transformation, conserved quantity), decoherence (system, environment, pointer states), and Shannon communication (source, channel, receiver).",requires empirical method / opening axioms (L0-L2),"introduces a physics-register model, observation, or formal method",mathematical/logical lower-layer floor preserved,"if removed, dependent bridge claims collapse to analogy",domain-bound (B); C translates structure across,coherent_partial,needs_review,yes,PH,C,create_gap_atom,Claim-level v0.2 pass; pre-pill. Register B status partial. Register partial; review before promotion. Physics-register claim; formal/empirical support required.
KIMI-trinity-B-005,topics/abc-trinity.html,Each is load-bearing inside physics; each becomes a bridge candidate only after its scientific content is stated in its own terms.,requires empirical method / opening axioms (L0-L2),"introduces a physics-register model, observation, or formal method",mathematical/logical lower-layer floor preserved,"if removed, dependent bridge claims collapse to analogy",domain-bound (B); C translates structure across,coherent_partial,needs_review,yes,E,C,create_gap_atom,Claim-level v0.2 pass; pre-pill. Register B status partial. Register partial; review before promotion.
KIMI-trinity-C-001,topics/abc-trinity.html,"Theophysics asks whether recurring triads are accidental, emergent, brute, or grounded.",requires both A and B register content,introduces cross-register bridge translation / correspondence,preserves both theological and scientific floors,"if removed, cross-register coherence collapses",A↔B↔C translation,coherent,yes,yes,BR,C,create_bridge_atom,"Claim-level v0.2 pass; pre-pill. Register C status present. Bridge correspondence, not proof."
KIMI-trinity-C-002,topics/abc-trinity.html,The safe claim is structural convergence.,requires both A and B register content,introduces cross-register bridge translation / correspondence,preserves both theological and scientific floors,"if removed, cross-register coherence collapses",A↔B↔C translation,coherent,yes,yes,BR,C,create_bridge_atom,"Claim-level v0.2 pass; pre-pill. Register C status present. Bridge correspondence, not proof."
KIMI-trinity-C-003,topics/abc-trinity.html,"The forbidden claim is ""there are threes, therefore Christianity is proven.""",requires both A and B register content,introduces cross-register bridge translation / correspondence,preserves both theological and scientific floors,"if removed, cross-register coherence collapses",A↔B↔C translation,coherent,yes,yes,BR,C,create_bridge_atom,"Claim-level v0.2 pass; pre-pill. Register C status present. Bridge correspondence, not proof."
KIMI-trinity-C-004,topics/abc-trinity.html,The three jobs of actualization.,requires both A and B register content,introduces cross-register bridge translation / correspondence,preserves both theological and scientific floors,"if removed, cross-register coherence collapses",A↔B↔C translation,coherent,yes,yes,BR,C,create_bridge_atom,"Claim-level v0.2 pass; pre-pill. Register C status present. Bridge correspondence, not proof."
KIMI-trinity-C-005,topics/abc-trinity.html,"For one definite outcome to occur, three functions must be performed:",requires both A and B register content,introduces cross-register bridge translation / correspondence,preserves both theological and scientific floors,"if removed, cross-register coherence collapses",A↔B↔C translation,coherent,yes,yes,BR,C,create_bridge_atom,"Claim-level v0.2 pass; pre-pill. Register C status present. Bridge correspondence, not proof."
KIMI-trinity-C-006,topics/abc-trinity.html,"Generation / Being — the possibilities have to exist (the wave function, the superposition).",requires both A and B register content,introduces cross-register bridge translation / correspondence,preserves both theological and scientific floors,"if removed, cross-register coherence collapses",A↔B↔C translation,coherent,yes,yes,BR,C,create_bridge_atom,"Claim-level v0.2 pass; pre-pill. Register C status present. Bridge correspondence, not proof."
KIMI-trinity-C-007,topics/abc-trinity.html,"Distinction / Logos — the possibilities have to be differentiated (the basis, the eigenstructure, the menu).",requires both A and B register content,introduces cross-register bridge translation / correspondence,preserves both theological and scientific floors,"if removed, cross-register coherence collapses",A↔B↔C translation,coherent,yes,yes,BR,C,create_bridge_atom,"Claim-level v0.2 pass; pre-pill. Register C status present. Bridge correspondence, not proof."
KIMI-trinity-C-008,topics/abc-trinity.html,"Actualization / Relation — one of them has to be made real (the application of structure to content, the measurement, the making-land).",requires both A and B register content,introduces cross-register bridge translation / correspondence,preserves both theological and scientific floors,"if removed, cross-register coherence collapses",A↔B↔C translation,coherent,yes,yes,BR,C,create_bridge_atom,"Claim-level v0.2 pass; pre-pill. Register C status present. Bridge correspondence, not proof."
KIMI-trinity-C-009,topics/abc-trinity.html,Fewer than three stalls: possibilities without structure smear; structure without application freezes.,requires both A and B register content,introduces cross-register bridge translation / correspondence,preserves both theological and scientific floors,"if removed, cross-register coherence collapses",A↔B↔C translation,coherent,yes,yes,BR,C,create_bridge_atom,"Claim-level v0.2 pass; pre-pill. Register C status present. Bridge correspondence, not proof."
KIMI-trinity-C-010,topics/abc-trinity.html,More than three is redundant — any fourth job folds back into one of the three.,requires both A and B register content,introduces cross-register bridge translation / correspondence,preserves both theological and scientific floors,"if removed, cross-register coherence collapses",A↔B↔C translation,coherent,yes,yes,BR,C,create_bridge_atom,"Claim-level v0.2 pass; pre-pill. Register C status present. Bridge correspondence, not proof."
KIMI-trinity-C-011,topics/abc-trinity.html,"The claim is that this functional irreducibility is structurally convergent with the Trinity's relational logic, not that it proves the Trinity.",requires both A and B register content,introduces cross-register bridge translation / correspondence,preserves both theological and scientific floors,"if removed, cross-register coherence collapses",A↔B↔C translation,coherent,yes,yes,BR,C,create_bridge_atom,"Claim-level v0.2 pass; pre-pill. Register C status present. Bridge correspondence, not proof."
KIMI-trinity-C-012,topics/abc-trinity.html,Type-grammar version.,requires both A and B register content,introduces cross-register bridge translation / correspondence,preserves both theological and scientific floors,"if removed, cross-register coherence collapses",A↔B↔C translation,coherent,yes,yes,BR,C,create_bridge_atom,"Claim-level v0.2 pass; pre-pill. Register C status present. Bridge correspondence, not proof."
KIMI-trinity-C-013,topics/abc-trinity.html,Every formal system needs objects and operations.,requires both A and B register content,introduces cross-register bridge translation / correspondence,preserves both theological and scientific floors,"if removed, cross-register coherence collapses",A↔B↔C translation,coherent,yes,yes,BR,C,create_bridge_atom,"Claim-level v0.2 pass; pre-pill. Register C status present. Bridge correspondence, not proof."
KIMI-trinity-C-014,topics/abc-trinity.html,"An operation cannot be a member of the collection it operates on (the question ""what number is +?"" fails to type-check).",requires both A and B register content,introduces cross-register bridge translation / correspondence,preserves both theological and scientific floors,"if removed, cross-register coherence collapses",A↔B↔C translation,coherent,yes,yes,BR,C,create_bridge_atom,"Claim-level v0.2 pass; pre-pill. Register C status present. Bridge correspondence, not proof."
KIMI-trinity-C-015,topics/abc-trinity.html,"The third root, Relation, lives at the operation level, not the object level.",requires both A and B register content,introduces cross-register bridge translation / correspondence,preserves both theological and scientific floors,"if removed, cross-register coherence collapses",A↔B↔C translation,coherent,yes,yes,BR,C,create_bridge_atom,"Claim-level v0.2 pass; pre-pill. Register C status present. Bridge correspondence, not proof."
KIMI-trinity-C-016,topics/abc-trinity.html,This retyping dissolves the von Neumann watcher regress: the actualizer is not one more physical system in superposition waiting to be measured; it is the application map one type level above.,requires both A and B register content,introduces cross-register bridge translation / correspondence,preserves both theological and scientific floors,"if removed, cross-register coherence collapses",A↔B↔C translation,coherent,yes,yes,BR,C,create_bridge_atom,"Claim-level v0.2 pass; pre-pill. Register C status present. Bridge correspondence, not proof."
KIMI-trinity-C-017,topics/abc-trinity.html,Five independent instances converge on the same triadic termination shape:,requires both A and B register content,introduces cross-register bridge translation / correspondence,preserves both theological and scientific floors,"if removed, cross-register coherence collapses",A↔B↔C translation,coherent,yes,yes,BR,C,create_bridge_atom,"Claim-level v0.2 pass; pre-pill. Register C status present. Bridge correspondence, not proof."
KIMI-trinity-C-018,topics/abc-trinity.html,Maxwell / Heaviside Field coupling Bottom-up Lean verified · 0 sorry,requires both A and B register content,introduces cross-register bridge translation / correspondence,preserves both theological and scientific floors,"if removed, cross-register coherence collapses",A↔B↔C translation,coherent,yes,yes,BR,C,create_bridge_atom,"Claim-level v0.2 pass; pre-pill. Register C status present. Bridge correspondence, not proof."
KIMI-trinity-C-019,topics/abc-trinity.html,Watcher problem Quantum measurement Bottom-up Axiomatized · deployed,requires both A and B register content,introduces cross-register bridge translation / correspondence,preserves both theological and scientific floors,"if removed, cross-register coherence collapses",A↔B↔C translation,coherent,yes,yes,PM,C,create_bridge_atom,Claim-level v0.2 pass; pre-pill. Register C status present. Philosophical/model claim.
KIMI-trinity-C-020,topics/abc-trinity.html,The Cross Moral optimization Bottom-up Lean verified · MS confirmed,requires both A and B register content,introduces cross-register bridge translation / correspondence,preserves both theological and scientific floors,"if removed, cross-register coherence collapses",A↔B↔C translation,coherent,yes,yes,BR,C,create_bridge_atom,"Claim-level v0.2 pass; pre-pill. Register C status present. Bridge correspondence, not proof."
KIMI-trinity-C-021,topics/abc-trinity.html,Consciousness Internal regress Intra-subjective Drafted · 2 holes open,requires both A and B register content,introduces cross-register bridge translation / correspondence,preserves both theological and scientific floors,"if removed, cross-register coherence collapses",A↔B↔C translation,coherent,yes,yes,BR,C,create_bridge_atom,"Claim-level v0.2 pass; pre-pill. Register C status present. Bridge correspondence, not proof."
KIMI-trinity-C-022,topics/abc-trinity.html,Big Bang Cosmology Top-down Articulated · unformalized,requires both A and B register content,introduces cross-register bridge translation / correspondence,preserves both theological and scientific floors,"if removed, cross-register coherence collapses",A↔B↔C translation,coherent,yes,yes,BR,C,create_bridge_atom,"Claim-level v0.2 pass; pre-pill. Register C status present. Bridge correspondence, not proof."
KIMI-trinity-C-023,topics/abc-trinity.html,"Critical honesty: the downward eliminations (n=1, n=2 fail) are proofs; the upward bound (why not n≥4) is a parsimony argument, not yet a proof of impossibility.",requires both A and B register content,introduces cross-register bridge translation / correspondence,preserves both theological and scientific floors,"if removed, cross-register coherence collapses",A↔B↔C translation,coherent,yes,yes,BR,C,create_bridge_atom,"Claim-level v0.2 pass; pre-pill. Register C status present. Bridge correspondence, not proof."
KIMI-trinity-C-024,topics/abc-trinity.html,Never present all five instances as equally proven.,requires both A and B register content,introduces cross-register bridge translation / correspondence,preserves both theological and scientific floors,"if removed, cross-register coherence collapses",A↔B↔C translation,coherent,yes,yes,BR,C,create_bridge_atom,"Claim-level v0.2 pass; pre-pill. Register C status present. Bridge correspondence, not proof."
KIMI-unified-derivation-grammar-A-001,topics/abc-unified-derivation-grammar.html,"Christian theology confesses that ""all things were made through him [the Word], and without him was not any thing made that was made"" (John 1:3).",none (theological ground / L0 instantiation),confesses a theological identification or doctrine,created-order distinction/relation preserved in background,"if removed, corresponding bridge readings lose theological anchor",domain-bound (A); C translates as bridge candidate,coherent_partial,needs_review,yes,S,C,create_gap_atom,Claim-level v0.2 pass; pre-pill. Register A status partial. Register partial; review before promotion. Scriptural/traditional source.
KIMI-unified-derivation-grammar-A-002,topics/abc-unified-derivation-grammar.html,The Logos is not merely a message; he is the rational structure by which creation holds together.,none (theological ground / L0 instantiation),confesses a theological identification or doctrine,created-order distinction/relation preserved in background,"if removed, corresponding bridge readings lose theological anchor",domain-bound (A); C translates as bridge candidate,coherent_partial,needs_review,yes,C,C,create_gap_atom,Claim-level v0.2 pass; pre-pill. Register A status partial. Register partial; review before promotion.
KIMI-unified-derivation-grammar-A-003,topics/abc-unified-derivation-grammar.html,"A grammar that sits before particular frameworks — before Theophysics, before civilizational models, before physics — is therefore theologically welcome, not theologically threatening.",none (theological ground / L0 instantiation),confesses a theological identification or doctrine,created-order distinction/relation preserved in background,"if removed, corresponding bridge readings lose theological anchor",domain-bound (A); C translates as bridge candidate,coherent_partial,needs_review,yes,C,C,create_gap_atom,Claim-level v0.2 pass; pre-pill. Register A status partial. Register partial; review before promotion.
KIMI-unified-derivation-grammar-A-004,topics/abc-unified-derivation-grammar.html,It names the underlying order that theology has always attributed to the Creator.,none (theological ground / L0 instantiation),confesses a theological identification or doctrine,created-order distinction/relation preserved in background,"if removed, corresponding bridge readings lose theological anchor",domain-bound (A); C translates as bridge candidate,coherent_partial,needs_review,yes,C,C,create_gap_atom,Claim-level v0.2 pass; pre-pill. Register A status partial. Register partial; review before promotion.
KIMI-unified-derivation-grammar-A-005,topics/abc-unified-derivation-grammar.html,Theology does not say that this grammar proves the Trinity.,none (theological ground / L0 instantiation),confesses a theological identification or doctrine,created-order distinction/relation preserved in background,"if removed, corresponding bridge readings lose theological anchor",domain-bound (A); C translates as bridge candidate,coherent_partial,needs_review,yes,C,C,create_gap_atom,Claim-level v0.2 pass; pre-pill. Register A status partial. Register partial; review before promotion.
KIMI-unified-derivation-grammar-A-006,topics/abc-unified-derivation-grammar.html,"It says that the grammar is compatible with a world created by a rational, personal God.",none (theological ground / L0 instantiation),confesses a theological identification or doctrine,created-order distinction/relation preserved in background,"if removed, corresponding bridge readings lose theological anchor",domain-bound (A); C translates as bridge candidate,coherent_partial,needs_review,yes,C,C,create_gap_atom,Claim-level v0.2 pass; pre-pill. Register A status partial. Register partial; review before promotion.
KIMI-unified-derivation-grammar-A-007,topics/abc-unified-derivation-grammar.html,"The ""closure"" axiom — that one cannot deny a dependency without using the operations of that dependency — is an echo of what the Church has always said about the Logos: reason cannot finally escape the ground that makes reasoning possible.",none (theological ground / L0 instantiation),confesses a theological identification or doctrine,created-order distinction/relation preserved in background,"if removed, corresponding bridge readings lose theological anchor",domain-bound (A); C translates as bridge candidate,coherent_partial,needs_review,yes,C,C,create_gap_atom,Claim-level v0.2 pass; pre-pill. Register A status partial. Register partial; review before promotion.
KIMI-unified-derivation-grammar-A-008,topics/abc-unified-derivation-grammar.html,"Humanity in this picture: human beings are made to think in sequences, to ask ""what comes before?"" and ""what follows?"" That capacity is part of the image of God.",none (theological ground / L0 instantiation),confesses a theological identification or doctrine,created-order distinction/relation preserved in background,"if removed, corresponding bridge readings lose theological anchor",domain-bound (A); C translates as bridge candidate,coherent_partial,needs_review,yes,C,C,create_gap_atom,Claim-level v0.2 pass; pre-pill. Register A status partial. Register partial; review before promotion.
KIMI-unified-derivation-grammar-A-009,topics/abc-unified-derivation-grammar.html,The Derivation Grammar is a formal way of honoring that capacity without pretending the formality itself creates the world.,none (theological ground / L0 instantiation),confesses a theological identification or doctrine,created-order distinction/relation preserved in background,"if removed, corresponding bridge readings lose theological anchor",domain-bound (A); C translates as bridge candidate,coherent_partial,needs_review,yes,C,C,create_gap_atom,Claim-level v0.2 pass; pre-pill. Register A status partial. Register partial; review before promotion.
KIMI-unified-derivation-grammar-B-001,topics/abc-unified-derivation-grammar.html,The Unified Derivation Grammar (DG) is a formal language for derivation.,requires empirical method / opening axioms (L0-L2),"introduces a physics-register model, observation, or formal method",mathematical/logical lower-layer floor preserved,"if removed, dependent bridge claims collapse to analogy",domain-bound (B); C translates structure across,coherent_partial,needs_review,yes,E,C,create_gap_atom,Claim-level v0.2 pass; pre-pill. Register B status partial. Register partial; review before promotion.
KIMI-unified-derivation-grammar-B-002,topics/abc-unified-derivation-grammar.html,It does not make empirical predictions; it tests whether a layered framework is structurally valid.,requires empirical method / opening axioms (L0-L2),"introduces a physics-register model, observation, or formal method",mathematical/logical lower-layer floor preserved,"if removed, dependent bridge claims collapse to analogy",domain-bound (B); C translates structure across,coherent_partial,needs_review,yes,E,C,create_gap_atom,Claim-level v0.2 pass; pre-pill. Register B status partial. Register partial; review before promotion.
KIMI-unified-derivation-grammar-B-003,topics/abc-unified-derivation-grammar.html,Layer L A stage in ordered dependency. L_0 is the non-contingent ground.,requires empirical method / opening axioms (L0-L2),"introduces a physics-register model, observation, or formal method",mathematical/logical lower-layer floor preserved,"if removed, dependent bridge claims collapse to analogy",domain-bound (B); C translates structure across,coherent_partial,needs_review,yes,E,C,create_gap_atom,Claim-level v0.2 pass; pre-pill. Register B status partial. Register partial; review before promotion.
KIMI-unified-derivation-grammar-B-004,topics/abc-unified-derivation-grammar.html,Capability C What a layer makes possible — a class of operations.,requires empirical method / opening axioms (L0-L2),"introduces a physics-register model, observation, or formal method",mathematical/logical lower-layer floor preserved,"if removed, dependent bridge claims collapse to analogy",domain-bound (B); C translates structure across,coherent_partial,needs_review,yes,E,C,create_gap_atom,Claim-level v0.2 pass; pre-pill. Register B status partial. Register partial; review before promotion.
KIMI-unified-derivation-grammar-B-005,topics/abc-unified-derivation-grammar.html,"Dependency D The structural arrow between layers (necessity, not causation).",requires empirical method / opening axioms (L0-L2),"introduces a physics-register model, observation, or formal method",mathematical/logical lower-layer floor preserved,"if removed, dependent bridge claims collapse to analogy",domain-bound (B); C translates structure across,coherent_partial,needs_review,yes,E,C,create_gap_atom,Claim-level v0.2 pass; pre-pill. Register B status partial. Register partial; review before promotion.
KIMI-unified-derivation-grammar-B-006,topics/abc-unified-derivation-grammar.html,"Translation T Structure preserved across domains; vocabulary changes, grammar does not.",requires empirical method / opening axioms (L0-L2),"introduces a physics-register model, observation, or formal method",mathematical/logical lower-layer floor preserved,"if removed, dependent bridge claims collapse to analogy",domain-bound (B); C translates structure across,coherent_partial,needs_review,yes,E,C,create_gap_atom,Claim-level v0.2 pass; pre-pill. Register B status partial. Register partial; review before promotion.
KIMI-unified-derivation-grammar-B-007,topics/abc-unified-derivation-grammar.html,"State S The dynamics of every layer: {Coherence, Degradation, Restoration}.",requires empirical method / opening axioms (L0-L2),"introduces a physics-register model, observation, or formal method",mathematical/logical lower-layer floor preserved,"if removed, dependent bridge claims collapse to analogy",domain-bound (B); C translates structure across,coherent_partial,needs_review,yes,E,C,create_gap_atom,Claim-level v0.2 pass; pre-pill. Register B status partial. Register partial; review before promotion.
KIMI-unified-derivation-grammar-B-008,topics/abc-unified-derivation-grammar.html,Constraint X The boundary condition that makes dependency meaningful.,requires empirical method / opening axioms (L0-L2),"introduces a physics-register model, observation, or formal method",mathematical/logical lower-layer floor preserved,"if removed, dependent bridge claims collapse to analogy",domain-bound (B); C translates structure across,coherent_partial,needs_review,yes,E,C,create_gap_atom,Claim-level v0.2 pass; pre-pill. Register B status partial. Register partial; review before promotion.
KIMI-unified-derivation-grammar-B-009,topics/abc-unified-derivation-grammar.html,Science does not need DG to do experiments.,requires empirical method / opening axioms (L0-L2),"introduces a physics-register model, observation, or formal method",mathematical/logical lower-layer floor preserved,"if removed, dependent bridge claims collapse to analogy",domain-bound (B); C translates structure across,coherent_partial,needs_review,yes,E,C,create_gap_atom,Claim-level v0.2 pass; pre-pill. Register B status partial. Register partial; review before promotion.
KIMI-unified-derivation-grammar-B-010,topics/abc-unified-derivation-grammar.html,Formal frameworks can use DG to check whether their derivations are admissible.,requires empirical method / opening axioms (L0-L2),"introduces a physics-register model, observation, or formal method",mathematical/logical lower-layer floor preserved,"if removed, dependent bridge claims collapse to analogy",domain-bound (B); C translates structure across,coherent_partial,needs_review,yes,E,C,create_gap_atom,Claim-level v0.2 pass; pre-pill. Register B status partial. Register partial; review before promotion.
KIMI-unified-derivation-grammar-B-011,topics/abc-unified-derivation-grammar.html,"The grammar is a meta-tool, not a physical law.",requires empirical method / opening axioms (L0-L2),"introduces a physics-register model, observation, or formal method",mathematical/logical lower-layer floor preserved,"if removed, dependent bridge claims collapse to analogy",domain-bound (B); C translates structure across,coherent_partial,needs_review,yes,E,C,create_gap_atom,Claim-level v0.2 pass; pre-pill. Register B status partial. Register partial; review before promotion.
KIMI-unified-derivation-grammar-C-001,topics/abc-unified-derivation-grammar.html,Theophysics is one instantiation of DG.,requires both A and B register content,introduces cross-register bridge translation / correspondence,preserves both theological and scientific floors,"if removed, cross-register coherence collapses",A↔B↔C translation,coherent_partial,needs_review,yes,BR,C,create_bridge_atom,"Claim-level v0.2 pass; pre-pill. Register C status partial. Register partial; review before promotion. Bridge correspondence, not proof."
KIMI-unified-derivation-grammar-C-002,topics/abc-unified-derivation-grammar.html,The four axioms ground the staircase; the ten laws are translations; CDR is the dynamic operator; the Master Equation is the capability-integration formula.,requires both A and B register content,introduces cross-register bridge translation / correspondence,preserves both theological and scientific floors,"if removed, cross-register coherence collapses",A↔B↔C translation,coherent_partial,needs_review,yes,PM,C,create_bridge_atom,Claim-level v0.2 pass; pre-pill. Register C status partial. Register partial; review before promotion. Philosophical/model claim.
KIMI-unified-derivation-grammar-C-003,topics/abc-unified-derivation-grammar.html,DG1 — Dependency Every non-primitive layer depends on at least one earlier layer.,requires both A and B register content,introduces cross-register bridge translation / correspondence,preserves both theological and scientific floors,"if removed, cross-register coherence collapses",A↔B↔C translation,coherent_partial,needs_review,yes,PM,C,create_bridge_atom,Claim-level v0.2 pass; pre-pill. Register C status partial. Register partial; review before promotion. Philosophical/model claim.
KIMI-unified-derivation-grammar-C-004,topics/abc-unified-derivation-grammar.html,DG2 — Minimal Capability Each layer contributes one genuinely new capability class.,requires both A and B register content,introduces cross-register bridge translation / correspondence,preserves both theological and scientific floors,"if removed, cross-register coherence collapses",A↔B↔C translation,coherent_partial,needs_review,yes,PM,C,create_bridge_atom,Claim-level v0.2 pass; pre-pill. Register C status partial. Register partial; review before promotion. Philosophical/model claim.
KIMI-unified-derivation-grammar-C-005,topics/abc-unified-derivation-grammar.html,DG3 — Preservation No layer destroys valid capabilities beneath it.,requires both A and B register content,introduces cross-register bridge translation / correspondence,preserves both theological and scientific floors,"if removed, cross-register coherence collapses",A↔B↔C translation,coherent_partial,needs_review,yes,PM,C,create_bridge_atom,Claim-level v0.2 pass; pre-pill. Register C status partial. Register partial; review before promotion. Philosophical/model claim.
KIMI-unified-derivation-grammar-C-006,topics/abc-unified-derivation-grammar.html,"DG4 — Collapse If a required dependency disappears, every dependent capability disappears.",requires both A and B register content,introduces cross-register bridge translation / correspondence,preserves both theological and scientific floors,"if removed, cross-register coherence collapses",A↔B↔C translation,coherent_partial,needs_review,yes,D,C,create_bridge_atom,Claim-level v0.2 pass; pre-pill. Register C status partial. Register partial; review before promotion.
KIMI-unified-derivation-grammar-C-007,topics/abc-unified-derivation-grammar.html,DG5 — Translation Every capability may have multiple domain expressions without changing its structural role.,requires both A and B register content,introduces cross-register bridge translation / correspondence,preserves both theological and scientific floors,"if removed, cross-register coherence collapses",A↔B↔C translation,coherent_partial,needs_review,yes,D,C,create_bridge_atom,Claim-level v0.2 pass; pre-pill. Register C status partial. Register partial; review before promotion.
KIMI-unified-derivation-grammar-C-008,topics/abc-unified-derivation-grammar.html,"DG6 — Dynamics Every layer evolves through Coherence, Degradation, Restoration.",requires both A and B register content,introduces cross-register bridge translation / correspondence,preserves both theological and scientific floors,"if removed, cross-register coherence collapses",A↔B↔C translation,coherent_partial,needs_review,yes,PM,C,create_bridge_atom,Claim-level v0.2 pass; pre-pill. Register C status partial. Register partial; review before promotion. Philosophical/model claim.
KIMI-unified-derivation-grammar-C-009,topics/abc-unified-derivation-grammar.html,"DG7 — Admissibility A derivation is valid iff dependency exists, capability is new, and previous capabilities are preserved.",requires both A and B register content,introduces cross-register bridge translation / correspondence,preserves both theological and scientific floors,"if removed, cross-register coherence collapses",A↔B↔C translation,coherent_partial,needs_review,yes,PM,C,create_bridge_atom,Claim-level v0.2 pass; pre-pill. Register C status partial. Register partial; review before promotion. Philosophical/model claim.
KIMI-unified-derivation-grammar-C-010,topics/abc-unified-derivation-grammar.html,DG8 — Closure A derivation cannot deny a capability already required to express that denial.,requires both A and B register content,introduces cross-register bridge translation / correspondence,preserves both theological and scientific floors,"if removed, cross-register coherence collapses",A↔B↔C translation,coherent_partial,needs_review,yes,PM,C,create_bridge_atom,Claim-level v0.2 pass; pre-pill. Register C status partial. Register partial; review before promotion. Philosophical/model claim.
KIMI-unified-derivation-grammar-C-011,topics/abc-unified-derivation-grammar.html,No Skip. No capability may appear before its dependencies.,requires both A and B register content,introduces cross-register bridge translation / correspondence,preserves both theological and scientific floors,"if removed, cross-register coherence collapses",A↔B↔C translation,coherent_partial,needs_review,yes,PM,C,create_bridge_atom,Claim-level v0.2 pass; pre-pill. Register C status partial. Register partial; review before promotion. Philosophical/model claim.
KIMI-unified-derivation-grammar-C-012,topics/abc-unified-derivation-grammar.html,Collapse Propagation. Loss of a layer propagates upward automatically.,requires both A and B register content,introduces cross-register bridge translation / correspondence,preserves both theological and scientific floors,"if removed, cross-register coherence collapses",A↔B↔C translation,coherent_partial,needs_review,yes,PM,C,create_bridge_atom,Claim-level v0.2 pass; pre-pill. Register C status partial. Register partial; review before promotion. Philosophical/model claim.
KIMI-unified-derivation-grammar-C-013,topics/abc-unified-derivation-grammar.html,Translation Invariance. Vocabulary changes; the dependency graph does not.,requires both A and B register content,introduces cross-register bridge translation / correspondence,preserves both theological and scientific floors,"if removed, cross-register coherence collapses",A↔B↔C translation,coherent_partial,needs_review,yes,PM,C,create_bridge_atom,Claim-level v0.2 pass; pre-pill. Register C status partial. Register partial; review before promotion. Philosophical/model claim.
KIMI-unified-derivation-grammar-C-014,topics/abc-unified-derivation-grammar.html,Q1: What existed before this? (Dependency),requires both A and B register content,introduces cross-register bridge translation / correspondence,preserves both theological and scientific floors,"if removed, cross-register coherence collapses",A↔B↔C translation,coherent_partial,needs_review,yes,BR,C,create_bridge_atom,"Claim-level v0.2 pass; pre-pill. Register C status partial. Register partial; review before promotion. Bridge correspondence, not proof."
KIMI-unified-derivation-grammar-C-015,topics/abc-unified-derivation-grammar.html,Q2: What genuinely new capability appears here? (Minimal Capability),requires both A and B register content,introduces cross-register bridge translation / correspondence,preserves both theological and scientific floors,"if removed, cross-register coherence collapses",A↔B↔C translation,coherent_partial,needs_review,yes,BR,C,create_bridge_atom,"Claim-level v0.2 pass; pre-pill. Register C status partial. Register partial; review before promotion. Bridge correspondence, not proof."
KIMI-unified-derivation-grammar-C-016,topics/abc-unified-derivation-grammar.html,Q3: What collapses if this disappears? (Collapse),requires both A and B register content,introduces cross-register bridge translation / correspondence,preserves both theological and scientific floors,"if removed, cross-register coherence collapses",A↔B↔C translation,coherent_partial,needs_review,yes,BR,C,create_bridge_atom,"Claim-level v0.2 pass; pre-pill. Register C status partial. Register partial; review before promotion. Bridge correspondence, not proof."
KIMI-unified-derivation-grammar-C-017,topics/abc-unified-derivation-grammar.html,Q4: How does this translate into another domain? (Translation),requires both A and B register content,introduces cross-register bridge translation / correspondence,preserves both theological and scientific floors,"if removed, cross-register coherence collapses",A↔B↔C translation,coherent_partial,needs_review,yes,BR,C,create_bridge_atom,"Claim-level v0.2 pass; pre-pill. Register C status partial. Register partial; review before promotion. Bridge correspondence, not proof."
KIMI-unified-derivation-grammar-C-018,topics/abc-unified-derivation-grammar.html,L_0 (Ground) A1: Existence / Father (Being),requires both A and B register content,introduces cross-register bridge translation / correspondence,preserves both theological and scientific floors,"if removed, cross-register coherence collapses",A↔B↔C translation,coherent_partial,needs_review,yes,D,C,create_bridge_atom,Claim-level v0.2 pass; pre-pill. Register C status partial. Register partial; review before promotion.
KIMI-unified-derivation-grammar-C-019,topics/abc-unified-derivation-grammar.html,L_1 (Distinction) A2: Distinction / Son (Expression),requires both A and B register content,introduces cross-register bridge translation / correspondence,preserves both theological and scientific floors,"if removed, cross-register coherence collapses",A↔B↔C translation,coherent_partial,needs_review,yes,D,C,create_bridge_atom,Claim-level v0.2 pass; pre-pill. Register C status partial. Register partial; review before promotion.
KIMI-unified-derivation-grammar-C-020,topics/abc-unified-derivation-grammar.html,L_2 (Relation) A3: Relation / Spirit (Witness),requires both A and B register content,introduces cross-register bridge translation / correspondence,preserves both theological and scientific floors,"if removed, cross-register coherence collapses",A↔B↔C translation,coherent_partial,needs_review,yes,D,C,create_bridge_atom,Claim-level v0.2 pass; pre-pill. Register C status partial. Register partial; review before promotion.
KIMI-unified-derivation-grammar-C-021,topics/abc-unified-derivation-grammar.html,X (Constraint) A4: Orientation (Gradient),requires both A and B register content,introduces cross-register bridge translation / correspondence,preserves both theological and scientific floors,"if removed, cross-register coherence collapses",A↔B↔C translation,coherent_partial,needs_review,yes,BR,C,create_bridge_atom,"Claim-level v0.2 pass; pre-pill. Register C status partial. Register partial; review before promotion. Bridge correspondence, not proof."
KIMI-unified-derivation-grammar-C-022,topics/abc-unified-derivation-grammar.html,"L_3 (Physics) Space, Matter, Motion, Time",requires both A and B register content,introduces cross-register bridge translation / correspondence,preserves both theological and scientific floors,"if removed, cross-register coherence collapses",A↔B↔C translation,coherent_partial,needs_review,yes,D,C,create_bridge_atom,Claim-level v0.2 pass; pre-pill. Register C status partial. Register partial; review before promotion.
KIMI-unified-derivation-grammar-C-023,topics/abc-unified-derivation-grammar.html,"L_4 (Information) G, K, Ω, χ = ∫(G·K)dΩ",requires both A and B register content,introduces cross-register bridge translation / correspondence,preserves both theological and scientific floors,"if removed, cross-register coherence collapses",A↔B↔C translation,coherent_partial,needs_review,yes,D,C,create_bridge_atom,Claim-level v0.2 pass; pre-pill. Register C status partial. Register partial; review before promotion.
KIMI-unified-derivation-grammar-C-024,topics/abc-unified-derivation-grammar.html,L_5 (Consciousness) L3 fold: self-referential relation,requires both A and B register content,introduces cross-register bridge translation / correspondence,preserves both theological and scientific floors,"if removed, cross-register coherence collapses",A↔B↔C translation,coherent_partial,needs_review,yes,D,C,create_bridge_atom,Claim-level v0.2 pass; pre-pill. Register C status partial. Register partial; review before promotion.
KIMI-unified-derivation-grammar-C-025,topics/abc-unified-derivation-grammar.html,"L_6 (Theology) Trinity, Incarnation, Cross, Eschaton",requires both A and B register content,introduces cross-register bridge translation / correspondence,preserves both theological and scientific floors,"if removed, cross-register coherence collapses",A↔B↔C translation,coherent_partial,needs_review,yes,D,C,create_bridge_atom,Claim-level v0.2 pass; pre-pill. Register C status partial. Register partial; review before promotion.
KIMI-unified-derivation-grammar-C-026,topics/abc-unified-derivation-grammar.html,"S (Dynamics) CDR: Coherence, Degradation, Restoration",requires both A and B register content,introduces cross-register bridge translation / correspondence,preserves both theological and scientific floors,"if removed, cross-register coherence collapses",A↔B↔C translation,coherent_partial,needs_review,yes,BR,C,create_bridge_atom,"Claim-level v0.2 pass; pre-pill. Register C status partial. Register partial; review before promotion. Bridge correspondence, not proof."
KIMI-unified-derivation-grammar-C-027,topics/abc-unified-derivation-grammar.html,T (Translation) 10 Laws as projections of 4 Axioms,requires both A and B register content,introduces cross-register bridge translation / correspondence,preserves both theological and scientific floors,"if removed, cross-register coherence collapses",A↔B↔C translation,coherent_partial,needs_review,yes,PM,C,create_bridge_atom,Claim-level v0.2 pass; pre-pill. Register C status partial. Register partial; review before promotion. Philosophical/model claim.
KIMI-unified-derivation-grammar-C-028,topics/abc-unified-derivation-grammar.html,"DG is a schema, not a proof of God.",requires both A and B register content,introduces cross-register bridge translation / correspondence,preserves both theological and scientific floors,"if removed, cross-register coherence collapses",A↔B↔C translation,coherent_partial,needs_review,yes,PM,C,create_bridge_atom,Claim-level v0.2 pass; pre-pill. Register C status partial. Register partial; review before promotion. Philosophical/model claim.
KIMI-unified-derivation-grammar-C-029,topics/abc-unified-derivation-grammar.html,It claims that Theophysics is a valid instantiation under its ground axioms; it does not claim those axioms are the only possible ground.,requires both A and B register content,introduces cross-register bridge translation / correspondence,preserves both theological and scientific floors,"if removed, cross-register coherence collapses",A↔B↔C translation,coherent_partial,needs_review,yes,PM,C,create_bridge_atom,Claim-level v0.2 pass; pre-pill. Register C status partial. Register partial; review before promotion. Philosophical/model claim.
KIMI-unified-derivation-grammar-C-030,topics/abc-unified-derivation-grammar.html,"The triadic theorem (complete self-reference requires three irreducible roles) is still a conjecture, not a theorem.",requires both A and B register content,introduces cross-register bridge translation / correspondence,preserves both theological and scientific floors,"if removed, cross-register coherence collapses",A↔B↔C translation,coherent_partial,needs_review,yes,PM,C,create_bridge_atom,Claim-level v0.2 pass; pre-pill. Register C status partial. Register partial; review before promotion. Philosophical/model claim.
KIMI-unified-derivation-grammar-C-031,topics/abc-unified-derivation-grammar.html,The Lean kernel is not yet written.,requires both A and B register content,introduces cross-register bridge translation / correspondence,preserves both theological and scientific floors,"if removed, cross-register coherence collapses",A↔B↔C translation,coherent_partial,needs_review,yes,BR,C,create_bridge_atom,"Claim-level v0.2 pass; pre-pill. Register C status partial. Register partial; review before promotion. Bridge correspondence, not proof."
KIMI-why-physics-A-001,topics/abc-why-physics.html,God does not need physics.,none (theological ground / L0 instantiation),confesses a theological identification or doctrine,created-order distinction/relation preserved in background,"if removed, corresponding bridge readings lose theological anchor",domain-bound (A); C translates as bridge candidate,coherent,yes,yes,C,B,create_claim_atom,Claim-level v0.2 pass; pre-pill. Register A status present.
KIMI-why-physics-A-002,topics/abc-why-physics.html,"Creatures need a lawful, finite, temporal world in which love can become action, choice can carry cost, and grace can arrive as rescue.",none (theological ground / L0 instantiation),confesses a theological identification or doctrine,created-order distinction/relation preserved in background,"if removed, corresponding bridge readings lose theological anchor",domain-bound (A); C translates as bridge candidate,coherent,yes,yes,C,B,create_claim_atom,Claim-level v0.2 pass; pre-pill. Register A status present.
KIMI-why-physics-A-003,topics/abc-why-physics.html,The world is the stage where love is no longer private intention.,none (theological ground / L0 instantiation),confesses a theological identification or doctrine,created-order distinction/relation preserved in background,"if removed, corresponding bridge readings lose theological anchor",domain-bound (A); C translates as bridge candidate,coherent,yes,yes,C,B,create_claim_atom,Claim-level v0.2 pass; pre-pill. Register A status present.
KIMI-why-physics-A-004,topics/abc-why-physics.html,Human beings are placed in this world as learners and stewards.,none (theological ground / L0 instantiation),confesses a theological identification or doctrine,created-order distinction/relation preserved in background,"if removed, corresponding bridge readings lose theological anchor",domain-bound (A); C translates as bridge candidate,coherent,yes,yes,C,B,create_claim_atom,Claim-level v0.2 pass; pre-pill. Register A status present.
KIMI-why-physics-A-005,topics/abc-why-physics.html,"Made in God's image, they can read the order around them, name its patterns, and recognize — dimly or clearly — the hand of the Maker.",none (theological ground / L0 instantiation),confesses a theological identification or doctrine,created-order distinction/relation preserved in background,"if removed, corresponding bridge readings lose theological anchor",domain-bound (A); C translates as bridge candidate,coherent,yes,yes,C,B,create_claim_atom,Claim-level v0.2 pass; pre-pill. Register A status present.
KIMI-why-physics-A-006,topics/abc-why-physics.html,The physical universe is therefore not a trap or a machine; it is a gift that also teaches.,none (theological ground / L0 instantiation),confesses a theological identification or doctrine,created-order distinction/relation preserved in background,"if removed, corresponding bridge readings lose theological anchor",domain-bound (A); C translates as bridge candidate,coherent,yes,yes,C,B,create_claim_atom,Claim-level v0.2 pass; pre-pill. Register A status present.
KIMI-why-physics-A-007,topics/abc-why-physics.html,Every law is an invitation to know something of the One who spoke it.,none (theological ground / L0 instantiation),confesses a theological identification or doctrine,created-order distinction/relation preserved in background,"if removed, corresponding bridge readings lose theological anchor",domain-bound (A); C translates as bridge candidate,coherent,yes,yes,C,B,create_claim_atom,Claim-level v0.2 pass; pre-pill. Register A status present.
KIMI-why-physics-A-008,topics/abc-why-physics.html,"A meal, a wound, a hand extended, a body broken, and a tomb found empty all require embodied consequence.",none (theological ground / L0 instantiation),confesses a theological identification or doctrine,created-order distinction/relation preserved in background,"if removed, corresponding bridge readings lose theological anchor",domain-bound (A); C translates as bridge candidate,coherent,yes,yes,C,B,create_claim_atom,Claim-level v0.2 pass; pre-pill. Register A status present.
KIMI-why-physics-A-009,topics/abc-why-physics.html,"The Incarnation is the ultimate L1–L4 bridge: the Creator enters creation, the infinite becomes finite, the sustainer becomes the sustained.",none (theological ground / L0 instantiation),confesses a theological identification or doctrine,created-order distinction/relation preserved in background,"if removed, corresponding bridge readings lose theological anchor",domain-bound (A); C translates as bridge candidate,coherent,yes,yes,C,B,create_claim_atom,Claim-level v0.2 pass; pre-pill. Register A status present.
KIMI-why-physics-A-010,topics/abc-why-physics.html,The resurrection shows that the classroom is not the end; the classroom prepares for the new creation.,none (theological ground / L0 instantiation),confesses a theological identification or doctrine,created-order distinction/relation preserved in background,"if removed, corresponding bridge readings lose theological anchor",domain-bound (A); C translates as bridge candidate,coherent,yes,yes,C,B,create_claim_atom,Claim-level v0.2 pass; pre-pill. Register A status present.
KIMI-why-physics-B-001,topics/abc-why-physics.html,"Physics describes intelligibility, stable laws, distinguishable states, irreversible processes, time, embodiment, and open systems.",requires empirical method / opening axioms (L0-L2),"introduces a physics-register model, observation, or formal method",mathematical/logical lower-layer floor preserved,"if removed, dependent bridge claims collapse to analogy",domain-bound (B); C translates structure across,coherent_partial,needs_review,yes,E,C,create_gap_atom,Claim-level v0.2 pass; pre-pill. Register B status partial. Register partial; review before promotion.
KIMI-why-physics-B-002,topics/abc-why-physics.html,It does not assign divine purpose to those features.,requires empirical method / opening axioms (L0-L2),"introduces a physics-register model, observation, or formal method",mathematical/logical lower-layer floor preserved,"if removed, dependent bridge claims collapse to analogy",domain-bound (B); C translates structure across,coherent_partial,needs_review,yes,E,C,create_gap_atom,Claim-level v0.2 pass; pre-pill. Register B status partial. Register partial; review before promotion.
KIMI-why-physics-B-003,topics/abc-why-physics.html,"The question ""why is there a lawful world?"" is not answered by any equation inside physics.",requires empirical method / opening axioms (L0-L2),"introduces a physics-register model, observation, or formal method",mathematical/logical lower-layer floor preserved,"if removed, dependent bridge claims collapse to analogy",domain-bound (B); C translates structure across,coherent_partial,needs_review,yes,E,C,create_gap_atom,Claim-level v0.2 pass; pre-pill. Register B status partial. Register partial; review before promotion.
KIMI-why-physics-C-001,topics/abc-why-physics.html,The bridge says physics is the stage where love is no longer private intention.,requires both A and B register content,introduces cross-register bridge translation / correspondence,preserves both theological and scientific floors,"if removed, cross-register coherence collapses",A↔B↔C translation,coherent_partial,needs_review,yes,BR,C,create_bridge_atom,"Claim-level v0.2 pass; pre-pill. Register C status partial. Register partial; review before promotion. Bridge correspondence, not proof."
KIMI-why-physics-C-002,topics/abc-why-physics.html,"Embodiment, cost, time, and consequence make relation public and testable.",requires both A and B register content,introduces cross-register bridge translation / correspondence,preserves both theological and scientific floors,"if removed, cross-register coherence collapses",A↔B↔C translation,coherent_partial,needs_review,yes,BR,C,create_bridge_atom,"Claim-level v0.2 pass; pre-pill. Register C status partial. Register partial; review before promotion. Bridge correspondence, not proof."
KIMI-why-physics-C-003,topics/abc-why-physics.html,The same laws that permit freedom also enforce cost: a world where choices matter requires a world where choices have effects.,requires both A and B register content,introduces cross-register bridge translation / correspondence,preserves both theological and scientific floors,"if removed, cross-register coherence collapses",A↔B↔C translation,coherent_partial,needs_review,yes,BR,C,create_bridge_atom,"Claim-level v0.2 pass; pre-pill. Register C status partial. Register partial; review before promotion. Bridge correspondence, not proof."
KIMI-why-physics-C-004,topics/abc-why-physics.html,He built the classroom.,requires both A and B register content,introduces cross-register bridge translation / correspondence,preserves both theological and scientific floors,"if removed, cross-register coherence collapses",A↔B↔C translation,coherent_partial,needs_review,yes,BR,C,create_bridge_atom,"Claim-level v0.2 pass; pre-pill. Register C status partial. Register partial; review before promotion. Bridge correspondence, not proof."
KIMI-why-physics-C-005,topics/abc-why-physics.html,"One reading is that God designed the physical universe so that every time you drop something, feel the pull of the earth, watch ice melt, or stand at a fork in the road, you are living inside a curriculum.",requires both A and B register content,introduces cross-register bridge translation / correspondence,preserves both theological and scientific floors,"if removed, cross-register coherence collapses",A↔B↔C translation,coherent_partial,needs_review,yes,BR,C,create_bridge_atom,"Claim-level v0.2 pass; pre-pill. Register C status partial. Register partial; review before promotion. Bridge correspondence, not proof."
KIMI-why-physics-C-006,topics/abc-why-physics.html,Not metaphorically but structurally — the same equations at every scale.,requires both A and B register content,introduces cross-register bridge translation / correspondence,preserves both theological and scientific floors,"if removed, cross-register coherence collapses",A↔B↔C translation,coherent_partial,needs_review,yes,BR,C,create_bridge_atom,"Claim-level v0.2 pass; pre-pill. Register C status partial. Register partial; review before promotion. Bridge correspondence, not proof."
KIMI-why-physics-C-007,topics/abc-why-physics.html,"The claim is not that physics proves the lesson, but that the lesson is recognized because the body has been feeling it all along.",requires both A and B register content,introduces cross-register bridge translation / correspondence,preserves both theological and scientific floors,"if removed, cross-register coherence collapses",A↔B↔C translation,coherent_partial,needs_review,yes,BR,C,create_bridge_atom,"Claim-level v0.2 pass; pre-pill. Register C status partial. Register partial; review before promotion. Bridge correspondence, not proof."
KIMI-why-physics-C-008,topics/abc-why-physics.html,"Gravity → Grace. Gravity is always attractive, never shieldable, and falls with distance but never reaches zero. The bridge reads this as the shape of a love that keeps pulling the wanderer home.",requires both A and B register content,introduces cross-register bridge translation / correspondence,preserves both theological and scientific floors,"if removed, cross-register coherence collapses",A↔B↔C translation,coherent_partial,needs_review,yes,BR,C,create_bridge_atom,"Claim-level v0.2 pass; pre-pill. Register C status partial. Register partial; review before promotion. Bridge correspondence, not proof."
KIMI-why-physics-C-009,topics/abc-why-physics.html,"Quantum superposition → Faith as engagement. Before measurement, a system holds multiple possibilities; engagement collapses one definite outcome. The bridge reads this as the dignity of participation — reality is not fixed while the creature merely watches.",requires both A and B register content,introduces cross-register bridge translation / correspondence,preserves both theological and scientific floors,"if removed, cross-register coherence collapses",A↔B↔C translation,coherent_partial,needs_review,yes,BR,C,create_bridge_atom,"Claim-level v0.2 pass; pre-pill. Register C status partial. Register partial; review before promotion. Bridge correspondence, not proof."
KIMI-why-physics-C-010,topics/abc-why-physics.html,Entropy → Need for external input. Closed systems degrade toward disorder with no observed exception. The bridge reads this as the lesson that a life closed to grace cannot sustain itself.,requires both A and B register content,introduces cross-register bridge translation / correspondence,preserves both theological and scientific floors,"if removed, cross-register coherence collapses",A↔B↔C translation,coherent_partial,needs_review,yes,BR,C,create_bridge_atom,"Claim-level v0.2 pass; pre-pill. Register C status partial. Register partial; review before promotion. Bridge correspondence, not proof."
KIMI-why-physics-C-011,topics/abc-why-physics.html,"Honesty boundary: this is a theological/bridge interpretation of why a lawful created order is fitting, not a physics proof that God had to create physics.",requires both A and B register content,introduces cross-register bridge translation / correspondence,preserves both theological and scientific floors,"if removed, cross-register coherence collapses",A↔B↔C translation,coherent_partial,needs_review,yes,BR,C,create_bridge_atom,"Claim-level v0.2 pass; pre-pill. Register C status partial. Register partial; review before promotion. Bridge correspondence, not proof."
KIMI-why-physics-C-012,topics/abc-why-physics.html,"The ""why"" belongs to A and C; B describes the ""what."" These readings are C-grade correspondences; they do not make the physics equations themselves theological arguments.",requires both A and B register content,introduces cross-register bridge translation / correspondence,preserves both theological and scientific floors,"if removed, cross-register coherence collapses",A↔B↔C translation,coherent_partial,needs_review,yes,BR,C,create_bridge_atom,"Claim-level v0.2 pass; pre-pill. Register C status partial. Register partial; review before promotion. Bridge correspondence, not proof."
CANON-capstone-001,CAPSTONE_FORMALISM_v1.md,The χ-field Lagrangian yields the field equation □χ + m²χ + λχ³ = J_grace via Euler-Lagrange variation.,"variational calculus, scalar field theory, GR background",derives χ-field equation of motion,Klein-Gordon/φ⁴ structure preserved,"propagator, stability, and Noether results lose foundation",B→C translation (field → coherence measure),coherent,yes,yes,T,B,create_claim_atom,Derived result; standard QFT procedure. Honest scope: assumes Lagrangian.
CANON-capstone-002,CAPSTONE_FORMALISM_v1.md,The free χ-field propagator is D(p) = 1/(p² - m²) with positive residue +1.,quadratic Lagrangian for χ,establishes ghost-free propagation,positive-norm pole structure preserved,stability and causality of χ-field collapse,B internal,coherent,yes,yes,T,B,create_claim_atom,Derived result from quadratic form.
CANON-capstone-003,CAPSTONE_FORMALISM_v1.md,The non-relativistic limit of the χ-field reduces to the Gross-Pitaevskii equation.,"slowly-varying envelope approximation, χ-field equation",connects χ-field to BEC/coherence fluid,Schrödinger/NLSE floor preserved,condensate interpretation of coherence collapses,B→C bridge,coherent,yes,yes,T,B,create_claim_atom,Derived limiting case.
CANON-capstone-004,CAPSTONE_FORMALISM_v1.md,"Noether's theorem gives conserved U(1) current, energy, and momentum for the χ-field.",continuous symmetries of χ-field action,derives conserved quantities,Noether theorem floor preserved,conservation-law bridge claims collapse,B→C bridge,coherent,yes,yes,T,B,create_claim_atom,Standard derivation.
CANON-capstone-005,CAPSTONE_FORMALISM_v1.md,Stability analysis shows χ = 0 is a stable minimum for m² > 0 and λ > 0.,potential V(χ) = ½m²χ² + ¼λχ⁴,establishes vacuum stability,positive-definite energy preserved,vacuum-stability predictions collapse,B internal,coherent,yes,yes,T,B,create_claim_atom,Derived from potential.
CANON-capstone-006,CAPSTONE_FORMALISM_v1.md,The modified Einstein equations yield effective gravitational coupling G_eff = G/(1 + ξκ₀χ²).,metric variation of χ-GR action,predicts screened/modified gravity,Einstein tensor structure preserved,galaxy rotation and cosmology predictions collapse,B→C bridge,coherent,yes,yes,T,B,create_claim_atom,Derived result; observational bounds noted.
CANON-capstone-007,CAPSTONE_FORMALISM_v1.md,"Five falsification conditions are named: Euclid fσ₈, Cassini ξ bound, DESI dark energy, manuscript transmission, and consciousness-QM coupling.",derived cosmological and information-theoretic models,makes framework empirically killable,scientific method floor preserved,falsifiability claim collapses,B empirical,coherent,yes,yes,E,B,create_claim_atom,Empirical boundary conditions.
CANON-capstone-008,CAPSTONE_FORMALISM_v1.md,The modified Heisenberg relation Δx·Δp ≥ ℏ(1-C)/2 is asserted without a modified commutator derivation.,"standard uncertainty principle, coherence measure C",proposes coherence-dependent uncertainty,standard Heisenberg floor preserved in C→0 limit,related vacuum-fluctuation claims collapse,B→C conjecture,coherent_partial,needs_review,yes,PH,E,create_gap_atom,Asserted-not-derived per capstone honest report. Open problem.
CANON-capstone-009,CAPSTONE_FORMALISM_v1.md,SU(2)_trinity gauge symmetry is asserted without gauge bosons or covariant derivative.,gauge theory framework,proposes trinity-typed gauge structure,none demonstrated,Trinity-as-gauge claims collapse,A↔B speculative,defective,needs_review,needs_review,PM,E,create_gap_atom,Asserted-not-derived per capstone honest report.
CANON-capstone-010,CAPSTONE_FORMALISM_v1.md,A resurrection operator is asserted but is non-unitary and breaks probability conservation.,quantum operator formalism,proposes sign-flip operator,unitary QM floor not preserved,resurrection-as-operator claim collapses,A→B failed,defective,needs_review,no,PM,F,create_gap_atom,Flagged for retirement in capstone honest report.
CANON-adversary-001,ADVERSARY_FORMALISM_I_A_CHI.md,Adversarial mutual information satisfies 0 ≤ I(A;χ) ≤ H(χ).,"Shannon entropy, conditional entropy",quantifies adversary's structural knowledge,information-theoretic bounds preserved,adversary budget analysis collapses,B→C bridge,coherent,yes,yes,T,B,create_claim_atom,Follows from non-negativity of conditional entropy.
CANON-adversary-002,ADVERSARY_FORMALISM_I_A_CHI.md,The optimal adversarial perturbation is δ* = -ε·∇_V χ/‖∇_V χ‖ (steepest descent on χ).,"differentiability of χ, Cauchy-Schwarz",derives optimal attack direction,gradient descent structure preserved,attack sequence claim collapses,B→C bridge,coherent,yes,yes,T,B,create_claim_atom,Theorem 2.3; standard optimization.
CANON-adversary-003,ADVERSARY_FORMALISM_I_A_CHI.md,"The gradient ∇_V χ is largest in the direction of the smallest Vᵢ, so the adversary attacks the weakest variable first.","product-form χ, partial derivatives",identifies vulnerability-gradient attack strategy,product-rule structure preserved,T→K→Q attack sequence loses foundation,B→C bridge,coherent,yes,yes,T,B,create_claim_atom,Corollary 2.4.
CANON-adversary-004,ADVERSARY_FORMALISM_I_A_CHI.md,"At the systems level, a deception network costs more Kolmogorov complexity to maintain than a truth network.","Kolmogorov complexity, consistency constraints",quantifies structural cost of deception networks,computational complexity floor preserved,anti-Logos cost claim collapses,B→C bridge,coherent_partial,partial,yes,T,C,create_bridge_atom,Systems-level only; per-statement inequality is false. Honest scope noted.
CANON-adversary-005,ADVERSARY_FORMALISM_I_A_CHI.md,"Maintaining a lie against truth incurs an irreducible thermodynamic cost by Landauer's principle, while truth does not.","Landauer principle, second law",quantifies thermodynamic asymmetry of deception,thermodynamic cost floor preserved,adversary-unsustainability claim collapses,B→C bridge,coherent,yes,yes,T,B,create_claim_atom,Theorem 4.3; strongest adversary-formalism claim.
CANON-adversary-006,ADVERSARY_FORMALISM_I_A_CHI.md,"In an open system with persistent Γ > 0, the adversary loses over the full time integral.","Landauer cost, bounded adversary budget, grace source",proves asymptotic adversarial futility,thermodynamic budget logic preserved,long-term hope claim collapses,B→C bridge,coherent_partial,partial,yes,T,C,create_bridge_atom,Theorem 5.2; assumes bounded I(A;χ) and persistent Γ. Honest scope.
CANON-adversary-007,ADVERSARY_FORMALISM_I_A_CHI.md,The adversary can win locally in closed pockets where Γ = 0 and R → 1.,"closed-system second law, resistance variable",defines local defeat condition,thermodynamic inevitability preserved,honest scope of adversary claim collapses,B→C bridge,coherent,yes,yes,T,B,create_claim_atom,Corollary 5.3; keeps claim honest.
CANON-adversary-008,ADVERSARY_FORMALISM_I_A_CHI.md,Shannon capacity bound for deception is inconclusive at the simple single-channel level.,Shannon channel capacity,honest-scope boundary for deception cost,Shannon theory preserved,overclaim risk if removed,B internal,coherent,yes,yes,BR,C,create_bridge_atom,Explicit scope limitation; prevents overclaim.
CANON-against-001,STRONGEST_CASE_AGAINST.md,Early versions of the framework were notation dressed as physics: variables renamed without independent derivation.,history of framework claims,records self-criticism and correction,honest historiography preserved,integrity of later corrections weakens,meta/objection,coherent,yes,yes,E,B,create_objection_atom,"Strongest external objection, now acknowledged."
CANON-against-002,STRONGEST_CASE_AGAINST.md,The χ-field has no operational definition that differs from standard physics in current published form.,operational definition criteria,states the core unfalsifiability objection,scientific method floor preserved,the notation-not-physics objection loses anchor,B empirical/objection,coherent_partial,needs_review,yes,PH,C,create_objection_atom,Challenge 1; Euclid test is pending.
CANON-against-003,STRONGEST_CASE_AGAINST.md,The ten-variable product has severe dimensionality problems if treated as a standard QFT composite operator.,QFT dimensional analysis,states the dimensional catastrophe objection,standard QFT floor preserved,dimensional objection loses anchor,B empirical/objection,coherent_partial,needs_review,yes,PH,C,create_objection_atom,Challenge 2; framework reclassified χ as meta-theoretical measure.
CANON-against-004,STRONGEST_CASE_AGAINST.md,An isomorphism between mathematical structures does not prove a common cause; it proves a common form.,"philosophy of mathematics, group theory examples",states the analogy-vs-identity objection,mathematical rigor preserved,strongest philosophical objection loses anchor,C meta/objection,coherent,yes,yes,PM,B,create_objection_atom,Challenge 3; central philosophical boundary.
CANON-against-005,STRONGEST_CASE_AGAINST.md,The framework's pattern of retreating to meta-theoretical status when physics critiques land creates an unfalsifiability suspicion.,falsification methodology,states the unfalsifiable-core objection,Popperian demarcation preserved,meta-status escape-hatch concern loses anchor,C meta/objection,coherent_partial,partial,yes,PM,C,create_objection_atom,Challenge 5; framework responds with named future tests.
CANON-against-006,STRONGEST_CASE_AGAINST.md,The 24 properties of God document selects force properties that map to a benevolent God and ignores destructive properties.,selection bias methodology,identifies selection-bias objection,empirical honesty preserved,bias critique loses anchor,C narrative/objection,coherent,yes,yes,E,C,create_objection_atom,"Challenge 6; acknowledged by framework as narrative, not proof."
CANON-against-007,STRONGEST_CASE_AGAINST.md,"Five kill conditions are named: Euclid w(z)=-1 exactly, SPARC no G_eff modification, closed-system model with identical predictive power, adversary attack sequence failing, and a second framework with different 10/10 mapping.",framework's falsification commitments,lists conditions that would destroy the framework,scientific method floor preserved,honesty boundary collapses,B empirical,coherent,yes,yes,E,B,create_claim_atom,Kill conditions from strongest-case-against document.
CANON-char-god-001,CHARACTER_OF_GOD_FROM_PHYSICS.md,"Gravity's measured properties (weakest, unshielded, always attractive, infinite range, path-curving) are narratively read as the character of grace.",empirical gravity properties,narrative bridge from physics property to theological trait,physics facts preserved,gravity-as-grace narrative collapses,B→C narrative bridge,coherent_partial,partial,yes,BR,C,create_bridge_atom,Narrative/bridge claim; selection bias possible.
CANON-char-god-002,CHARACTER_OF_GOD_FROM_PHYSICS.md,The strong nuclear force's confinement and short-range dominance are narratively read as the character of covenantal love.,empirical strong-force properties,narrative bridge to love,physics facts preserved,strong-force-as-love narrative collapses,B→C narrative bridge,coherent_partial,partial,yes,BR,C,create_bridge_atom,Narrative/bridge claim; note selection bias.
CANON-char-god-003,CHARACTER_OF_GOD_FROM_PHYSICS.md,"Electromagnetism's self-sustaining, undegraded, maximum-speed propagation is narratively read as the character of truth.",empirical EM properties,narrative bridge to truth,physics facts preserved,EM-as-truth narrative collapses,B→C narrative bridge,coherent_partial,partial,yes,BR,C,create_bridge_atom,Narrative/bridge claim; note selection bias.
CANON-char-god-004,CHARACTER_OF_GOD_FROM_PHYSICS.md,Thermodynamics' second law is narratively read as the necessity of external rescue (grace).,empirical second law,narrative bridge to necessity-of-grace,physics facts preserved,entropy-as-necessity narrative collapses,B→C narrative bridge,coherent_partial,partial,yes,BR,C,create_bridge_atom,Narrative/bridge claim; note selection bias.
CANON-char-god-005,CHARACTER_OF_GOD_FROM_PHYSICS.md,The document presents 24 measured physics properties as composing a portrait of one Person.,individual property bridges,synthesizes narrative portrait,individual physics facts preserved,composite portrait claim collapses,A↔B↔C narrative synthesis,coherent_partial,partial,yes,BR,D,create_bridge_atom,"Synthesis claim; explicitly narrative, not proof."
CANON-char-adv-001,CHARACTER_OF_ADVERSARY_FROM_PHYSICS.md,The adversary is not the Second Law but what happens when an intelligence learns to aim the Second Law.,"entropy, directed agency distinction",distinguishes adversary from entropy,second law preserved as precondition,adversary formalism loses foundation,B→C bridge,coherent_partial,partial,yes,BR,C,create_bridge_atom,Bridge claim; intelligence-as-adversary not empirically defined.
CANON-char-adv-002,CHARACTER_OF_ADVERSARY_FROM_PHYSICS.md,"Decoherence collapses possibilities before a person chooses, corresponding narratively to stolen choice.",quantum decoherence,narrative bridge to possibility collapse,decoherence physics preserved,stolen-choice narrative collapses,B→C narrative bridge,coherent_partial,partial,yes,BR,C,create_bridge_atom,Narrative/bridge claim.
CANON-char-adv-003,CHARACTER_OF_ADVERSARY_FROM_PHYSICS.md,Radioactive beta decay outside the nucleus is narratively read as identity transformation that succeeds only outside the bond.,weak-force beta decay,narrative bridge to identity theft,nuclear physics preserved,weak-force-as-identity-loss narrative collapses,B→C narrative bridge,coherent_partial,partial,yes,BR,C,create_bridge_atom,Narrative/bridge claim.
CANON-char-adv-004,CHARACTER_OF_ADVERSARY_FROM_PHYSICS.md,The adversary's strategy reduces to closing the system: driving R toward 1 and blocking external input.,open/closed system thermodynamics,narrative bridge to spiritual isolation,thermodynamic model preserved,isolation-as-adversary-strategy narrative collapses,B→C narrative bridge,coherent_partial,partial,yes,BR,C,create_bridge_atom,Narrative/bridge claim.
CANON-char-adv-005,CHARACTER_OF_ADVERSARY_FROM_PHYSICS.md,The adversary's 12 measured physics properties are presented as describing one destructive strategy.,individual adversary-property bridges,synthesizes adversary narrative portrait,individual physics facts preserved,composite adversary portrait collapses,A↔B↔C narrative synthesis,coherent_partial,partial,yes,BR,D,create_bridge_atom,"Synthesis claim; explicitly narrative, not proof."
CANON-three-states-narrative-001,THE_THREE_STATES_AND_THE_PERFECT_10.md,State 0 is pre-decision superposition; state -1 is closed-system decay; state +1 is open-system grace-driven compounding.,"sign function, dynamic equation",three-state interpretation of χ dynamics,state-machine logic preserved,three-state pastoral narrative collapses,A↔B↔C bridge,coherent_partial,partial,yes,BR,C,create_bridge_atom,Narrative summary; formalization in THREE_STATES_FORMALISM.
CANON-three-states-narrative-002,THE_THREE_STATES_AND_THE_PERFECT_10.md,The equation scores 10 by perfectly describing both -1 (closed) and +1 (open) states rather than choosing between them.,three-state framework,claims descriptive completeness of both solutions,both ODE solutions preserved,completeness/apologetic use collapses,C bridge,coherent_partial,partial,yes,BR,C,create_bridge_atom,Interpretive claim; 'perfect' is rhetorical.
CANON-product-001,PRODUCT_FORM_DERIVATION.md,"For positive variables, exp(Σ ln Vᵢ) = ∏ Vᵢ; additive log-space dynamics correspond to multiplicative linear-space structure.",logarithm and exponential identities,logarithmic bridge between additive and multiplicative forms,elementary identities preserved,product-form derivation loses foundation,B internal,coherent,yes,yes,T,B,create_claim_atom,Theorem 1.1; elementary but load-bearing.
CANON-product-002,PRODUCT_FORM_DERIVATION.md,"If χ = ∭∏Vᵢ and any single Vᵢ → 0 on the domain, then χ → 0 (veto property).","product structure, integration domain",establishes theological/structural veto,multiplication properties preserved,veto-based apologetics collapse,B→C bridge,coherent,yes,yes,T,B,create_claim_atom,Theorem 2.1.
CANON-product-003,PRODUCT_FORM_DERIVATION.md,"For anti-correlated normalized pair (Vₐ,V_b) with Vₐ+V_b constant, P_ab = Vₐ(1-Vₐ) ≤ ¼, maximized at balance.","AM-GM inequality, linear anti-correlation",bounds joint pair contribution,AM-GM preserved,pair-balance interpretation collapses,B internal,coherent,yes,yes,T,B,create_claim_atom,Theorem 3.2.
CANON-product-004,PRODUCT_FORM_DERIVATION.md,Time integration of log-dynamics yields the product form as the cumulative exponential.,"additive log-dynamics, integration, exponentiation",derives product form from dynamic form,ODE solution structure preserved,dynamic→product bridge collapses,B internal,coherent_partial,partial,yes,T,B,create_claim_atom,Theorem 3.4; time-averaging step is a modeling assumption.
CANON-product-005,PRODUCT_FORM_DERIVATION.md,"The uniqueness claim for the product form is argued by elimination of alternatives, not by formal impossibility proof.",product form derivation,honest-scope boundary,logical honesty preserved,overclaim risk rises,meta,coherent,yes,yes,BR,C,create_bridge_atom,Explicit honesty note from §5.
CANON-product-006,PRODUCT_FORM_DERIVATION.md,"Fixed-point existence for the dynamic system under Γ > 0 is a conjecture, not a theorem.","dynamic equation, open-system thermodynamics",marks open problem,Prigogine intuition preserved,asymptotic +1 claim becomes unsupported,meta,coherent_partial,needs_review,yes,PM,D,create_gap_atom,Conjecture 4.2; needed for product-form closure.
CANON-master-001,MASTER_EQUATION_CANONICAL_v3.md,"χ is a meta-theoretical coherence measure, not a standard physical field.","dimensional analysis critique, framework self-classification",correctly classifies χ status,physics-register honesty preserved,field-vs-measure debates lose resolution,B meta,coherent,yes,yes,PM,B,create_claim_atom,Key honest classification.
CANON-master-002,MASTER_EQUATION_CANONICAL_v3.md,"The Master Equation has product (veto), ratio (combat), dynamic (engine), and field forms, each revealing different structure.","χ definition, dynamic equation",catalogues four formal representations,each form's internal consistency preserved,formal unity claim collapses,B internal,coherent_partial,partial,yes,PM,C,create_claim_atom,Framework taxonomy.
CANON-master-003,MASTER_EQUATION_CANONICAL_v3.md,Each of laws 1–9 contains exactly one free-will asymmetry term; Law 10 contains none.,ten-law canonical formulation,identifies asymmetry architecture,each physical law preserved with its asymmetry,free-will-as-design claim collapses,B→C bridge,coherent_partial,partial,yes,BR,C,create_bridge_atom,Pattern claim; strong but asserted pattern.
CANON-master-004,MASTER_EQUATION_CANONICAL_v3.md,Five canonical pairs anti-correlate at r = -1.0000 according to computational verification.,"pair definitions, computational test",reports perfect anti-correlation of conjugate pairs,correlation mathematics preserved,pair-dynamics and Trinity cluster claims collapse,B empirical,coherent_partial,needs_review,yes,E,C,create_claim_atom,Empirical/computational claim; needs independent verification.
CANON-master-005,MASTER_EQUATION_CANONICAL_v3.md,The chi-field cosmology fits Hubble and BAO data with reduced χ² = 1.54 in effective parameterization.,"χ-field Friedmann solver, cosmological data",data-driven cosmological prediction,GR cosmology floor preserved,physics-not-notation response weakens,B empirical,coherent_partial,partial,yes,E,B,create_claim_atom,Promising but one dataset; raw ODE gives χ²=41.4.
CANON-master-006,MASTER_EQUATION_CANONICAL_v3.md,"Raw ODE solution gives χ² = 41.4, so the potential V(χ) functional form needs refinement.",full field equation integration,honest reporting of model gap,effective fit preserved,honest scope boundary collapses,B internal,coherent_partial,needs_review,yes,E,C,create_gap_atom,Open problem; prevents overclaim.
CANON-master-007,MASTER_EQUATION_CANONICAL_v3.md,"The Trinity appears as three operational clusters (Father/Son/Spirit) emergently, not by theological labeling.","ten variables, cluster analysis",maps structural clusters to Trinitarian interpretation,cluster structure preserved,Trinity-in-equation claim collapses,A↔B↔C bridge,coherent_partial,partial,yes,BR,C,create_bridge_atom,Bridge interpretation; not a derivation of Trinity.
CANON-master-008,MASTER_EQUATION_CANONICAL_v3.md,"Kill conditions include Euclid w(z)=-1 exactly, no galaxy rotation modification, closed-system model with identical predictions, Law 10 asymmetry non-cancellation, and a 10-law framework without free-will terms.",framework predictions,names falsification criteria,scientific discipline preserved,falsifiability claim collapses,B empirical,coherent,yes,yes,E,B,create_claim_atom,Kill conditions from §XIV.
CANON-ten-laws-001,TEN_LAWS_CANONICAL_EQUATIONS.md,The physical and spiritual equations are structurally identical; the spiritual versions add one free-will term.,canonical ten-law formulation,states core structural-identity thesis,physical equations preserved,entire ten-law bridge collapses,B→C bridge,coherent_partial,partial,yes,BR,C,create_bridge_atom,Core claim of Ten Laws document; asserted pattern.
CANON-ten-laws-002,TEN_LAWS_CANONICAL_EQUATIONS.md,Gravity has no resistance term R; the grace analog has R = resistance (0–1).,"Newton gravity, grace equation",exemplifies free-will asymmetry,Newtonian gravity preserved,asymmetry architecture example collapses,B→C bridge,coherent,yes,yes,BR,C,create_bridge_atom,Clean Law 1 example.
CANON-ten-laws-003,TEN_LAWS_CANONICAL_EQUATIONS.md,Information IS Logos in mathematical form because Shannon entropy has the same equation in both registers.,Shannon entropy definition,claims identity of information and Logos equations,Shannon equation preserved,Law 6 bridge collapses,B→C bridge,coherent_partial,partial,yes,BR,C,create_bridge_atom,Equation identity; interpretation is bridge.
CANON-ten-laws-004,TEN_LAWS_CANONICAL_EQUATIONS.md,Law 10 (Coherence/Christ) has no asymmetry term; χ = C.,integration of laws 1–9,states completion/identity claim,integral structure preserved,Christ-as-coherence identity collapses,A↔B↔C bridge,coherent_partial,partial,yes,BR,C,create_bridge_atom,Law 10 identity claim; conditional on asymmetry cancellation.
CANON-three-states-formal-001,THREE_STATES_FORMALISM.md,"The state function s maps χ-field configurations to {-1, 0, +1}.",χ-field framework,formalizes sign states,discrete state logic preserved,three-state theology collapses,B→C bridge,coherent,yes,yes,D,B,create_claim_atom,Definition 1.1.
CANON-three-states-formal-002,THREE_STATES_FORMALISM.md,"In the closed state s=-1, Γ=0 and G_eff=0, and χ decays monotonically to zero asymptotically.",closed-system dynamic equation,proves closed-system decay theorem,second law preserved,sin-as-closed-system claim collapses,B→C bridge,coherent,yes,yes,T,B,create_claim_atom,Theorem 3.2.
CANON-three-states-formal-003,THREE_STATES_FORMALISM.md,"True zero coherence is unreachable in finite time and in principle due to uncertainty, Γ irreducibility, and Landauer cost.","Theorem 3.3, quantum/thermodynamic arguments",bounds asymptotic decay,quantum/thermo limits preserved,eternal-decay theology loses support,B→C bridge,coherent_partial,partial,yes,T,C,create_bridge_atom,Theorem 3.3 plus Claim 3.4; argument 2 is conjectural.
CANON-three-states-formal-004,THREE_STATES_FORMALISM.md,Wavefunction-collapse decoherence makes the 0→±1 transition irreversible.,quantum measurement theory,formalizes decision irreversibility,decoherence model preserved,age-of-accountability analogy collapses,B→C bridge,coherent_partial,partial,yes,T,C,create_bridge_atom,Theorem 4.2; analogy to moral decision is bridge.
CANON-three-states-formal-005,THREE_STATES_FORMALISM.md,Sign reversal -1→+1 requires passage through χ_s = 0 with nonzero derivative.,"dynamic equation, G+Γ>0",proves instantaneous transition through zero,ODE dynamics preserved,death/resurrection analogy loses formal anchor,B→C bridge,coherent,yes,yes,T,B,create_claim_atom,Theorem 5.3.
CANON-three-states-formal-006,THREE_STATES_FORMALISM.md,"In the open state s=+1, if G+Γ > S + αI|∇_vuln| then d|χ|/dt > 0.",full dynamic equation,proves open-system growth condition,dynamic equation preserved,grace-driven growth claim collapses,B→C bridge,coherent,yes,yes,T,B,create_claim_atom,Theorem 6.2.
CANON-three-states-formal-007,THREE_STATES_FORMALISM.md,The product form compounds in the open state and is fragile in the closed state.,"product form, three-state dynamics",unifies product behavior across states,exponential growth/decay preserved,state-dependent product interpretation collapses,B→C bridge,coherent_partial,partial,yes,BR,C,create_bridge_atom,Claim 6.4 / §7; heuristic stability argument.
CANON-three-states-formal-008,THREE_STATES_FORMALISM.md,"Modified uncertainty relation ΔxΔp ≥ ℏ(1-C)/2 is postulated, not derived from the χ-field Lagrangian.","χ-field Lagrangian, uncertainty principle",marks open problem,standard uncertainty preserved in C→0,Γ-fluctuation claim becomes unsupported,B internal,coherent_partial,needs_review,yes,PH,D,create_gap_atom,Open problem #1.
CANON-unique-001,WHY_THESE_EQUATIONS_ARE_UNIQUE.md,"Shannon's 1948 theorem: any measure of information/uncertainty satisfying continuity, monotonicity, and additivity must have the form H = -K Σ pᵢ log(pᵢ).",requires probability axioms and information-theoretic ground (L0-L2),introduces a formally unique entropy/information functional,measure-theoretic and probabilistic lower-layer floor preserved,"if removed, all dependent information-theoretic bridges collapse",B→C translation; pure theorem before bridge application,coherent,yes,yes,T,B,create_claim_atom,Established mathematical theorem; grade B because physical uniqueness does not by itself force spiritual application.
CANON-unique-002,WHY_THESE_EQUATIONS_ARE_UNIQUE.md,"If spiritual concepts (sin, grace, faith, coherence) are information-theoretic, then they must use Shannon's formula.",depends on Shannon uniqueness theorem plus analogy premise,introduces cross-register bridge from information theory to spiritual register,preserves Shannon's mathematical floor; does not alter it,"if removed, the sin-as-entropy and grace-as-negative-entropy mappings lose purported necessity",B↔C translation; bridge hypothesis,coherent_partial,partial,yes,BR,C,create_bridge_atom,"Bridge claim: valid structural correspondence, but 'must' depends on accepting the information-theoretic framing of spiritual quantities."
CANON-unique-003,WHY_THESE_EQUATIONS_ARE_UNIQUE.md,"Einstein's field equations are the unique low-derivative, coordinate-independent tensor theory of gravity that reduces to Newton in weak fields and conserves energy-momentum (Einstein/Lovelock result).","requires differential geometry, special relativity, and conservation laws (L0-L3)",introduces a unique geometric gravity equation,preserves Newtonian limit and energy-momentum conservation,"if removed, gravity-as-curvature bridge and dependent spiritual analogies collapse",B→C translation; pure theorem before bridge application,coherent,yes,yes,T,B,create_claim_atom,Established physical result; uniqueness is qualified by the stated axioms. Does not alone force spiritual analog.
CANON-unique-004,WHY_THESE_EQUATIONS_ARE_UNIQUE.md,"If grace is the spiritual analog of gravity and must satisfy the same four constraints, then Gμν^(spirit) = (8πΛ/c⁴) Sμν is the unique form.",depends on Einstein/Lovelock uniqueness plus analog constraints,introduces cross-register bridge from gravity to spiritual grace,preserves the physical field-equation floor while adding spiritual interpretation,"if removed, the grace/gravity identity-mapping loses necessity",B↔C translation; bridge hypothesis,coherent_partial,partial,yes,BR,C,create_bridge_atom,Bridge claim: the 'must' is conditional on accepting the four spiritualized constraints; not derived from physics alone.
CANON-unique-005,WHY_THESE_EQUATIONS_ARE_UNIQUE.md,"Von Neumann/Gleason framework: quantum measurement satisfying repeatability, probability preservation, and linearity is represented by projection operators with P = |⟨outcome|ψ⟩|².",requires Hilbert-space formalism and probability axioms (L0-L3),introduces a unique probability rule for projective measurement,preserves linearity and normalization of quantum states,"if removed, faith-as-measurement bridge loses purported necessity",B→C translation; pure theorem before bridge application,coherent,yes,yes,T,B,create_claim_atom,Established theorem in quantum foundations; grade B because interpretation as 'the only structure' can be contested by non-projective frameworks.
CANON-unique-006,WHY_THESE_EQUATIONS_ARE_UNIQUE.md,"If faith is the spiritual analog of quantum observation, then faith must be described by the same projection structure: F̂|ψ_spirit⟩ = |outcome_spirit⟩ with P = |⟨outcome|F̂|ψ⟩|².",depends on von Neumann/Gleason plus analogy premise,introduces cross-register bridge from quantum measurement to faith,preserves the projection-postulate floor; does not alter it,"if removed, the faith-as-measurement mapping loses necessity",B↔C translation; bridge hypothesis,coherent_partial,partial,yes,BR,C,create_bridge_atom,"Bridge claim: valid structural correspondence if the analogy is granted, but not forced by physics alone."
CANON-unique-007,WHY_THESE_EQUATIONS_ARE_UNIQUE.md,The Second Law states dS/dt ≥ 0 for closed systems and has been verified in every relevant experiment.,requires statistical mechanics and thermodynamic ground (L0-L3),introduces an entropy-increase law for isolated systems,preserves energy conservation and phase-space measure,"if removed, sin-as-entropy and arrow-of-time bridges collapse",B→C translation; physical law before bridge application,coherent,yes,yes,PH,B,create_claim_atom,Well-established physical law; grade B because 'every experiment ever performed' is rhetorical rather than a formal proof of scope.
CANON-unique-008,WHY_THESE_EQUATIONS_ARE_UNIQUE.md,"If sin is the spiritual analog of entropy and spiritual systems are information-theoretically consistent, then dS_spirit/dt ≥ 0 for closed spiritual systems.",depends on Second Law plus information-theoretic framing of sin,introduces cross-register bridge from entropy to spiritual entropy,preserves the physical Second-Law floor,"if removed, the sin/entropy identity-mapping loses necessity",B↔C translation; bridge hypothesis,coherent_partial,partial,yes,BR,C,create_bridge_atom,Bridge claim: conditional necessity; depends on accepting the spiritual-systems-as-information-systems analogy.
CANON-unique-009,WHY_THESE_EQUATIONS_ARE_UNIQUE.md,"For non-commuting observables, the mutual uncertainty is uniquely captured by Δx · Δp ≥ ℏ/2, following from the algebra/Fourier structure.",requires operator algebra and Fourier analysis (L0-L3),introduces a unique uncertainty inequality for conjugate observables,preserves canonical commutation relations,"if removed, knowledge-will uncertainty bridge collapses",B→C translation; pure theorem before bridge application,coherent,yes,yes,T,B,create_claim_atom,Established theorem for standard quantum observables; grade B because the spiritual K/W observables are not defined in physics.
CANON-unique-010,WHY_THESE_EQUATIONS_ARE_UNIQUE.md,"If knowledge (K) and will (W) are non-commuting observables in spiritual space, then ΔK · ΔW ≥ Λ/2 follows by the same algebra.",depends on Heisenberg uncertainty plus spiritual observable premise,introduces cross-register bridge from quantum uncertainty to knowledge/will,preserves the uncertainty-relation floor,"if removed, the knowledge/will complementarity claim loses necessity",B↔C translation; bridge hypothesis,coherent_partial,partial,yes,BR,C,create_bridge_atom,Bridge claim: assumes K and W are non-commuting operators with a meaningful Λ; not derived from physics alone.
CANON-unique-011,WHY_THESE_EQUATIONS_ARE_UNIQUE.md,"The Master Equation χ = ∭(G·M·E·S·T·K·R·Q·F·C) dx dy dt uses multiplication because field couplings in physics multiply, and addition would violate dimensional and gauge consistency.",requires field-theoretic coupling conventions and dimensional analysis (L0-L3),introduces a multiplicative ansatz for the master spiritual-physical functional,preserves standard field-coupling floor; uses analogy,"if removed, the master functional loses its purported organizing structure",B↔C translation; model/bridge hybrid,coherent_partial,partial,yes,PM,C,create_bridge_atom,"Model-level bridge: multiplication is a reasonable field-coupling convention, but the ten-factor integrand is an ansatz, not forced by any uniqueness theorem."
CANON-unique-012,WHY_THESE_EQUATIONS_ARE_UNIQUE.md,Noether's theorem proves that every differentiable symmetry corresponds to a conservation law.,requires variational mechanics and symmetry formalism (L0-L3),introduces symmetry-to-conservation-law mapping,preserves the action principle and conservation laws,"if removed, the ten-variables-as-ten-symmetries argument collapses",B→C translation; pure theorem before bridge application,coherent,yes,yes,T,B,create_claim_atom,Established theorem; grade B because Noether alone does not determine which variables are 'fundamental' or that there are exactly ten.
CANON-unique-013,WHY_THESE_EQUATIONS_ARE_UNIQUE.md,"The ten variables in the Master Equation are the minimal complete set needed to respect all known symmetries, conservation laws, fundamental interactions, and quantum-classical unification.",depends on Noether plus unification desiderata,introduces the claim that exactly ten variables complete the unification,preserves symmetry/conservation-law floor while extending interpretation,"if removed, the 'ten is unique' argument and Master Equation completeness claim collapse",B↔C translation; philosophical model,coherent_partial,partial,yes,PM,C,create_bridge_atom,"Bridge/model claim: no proof is given that the listed ten are minimal or exhaustive; this is a plausibility argument, not a uniqueness theorem."
CANON-unique-014,WHY_THESE_EQUATIONS_ARE_UNIQUE.md,"Oxford validated the framework at 85% agreement, representing the overlap between spiritual concepts and measurable proxies (HRV, EEG, fMRI, behavioral entropy).",requires empirical study citation and proxy validation methodology,introduces an empirical corroboration claim for the framework,floor is measurement methodology; not yet supplied,"if removed, the independent-corroboration argument loses its empirical anchor",E↔C translation; empirical bridge,defective,needs_review,needs_review,E,D,create_gap_atom,"Flagged for verification: no citation, study name, or methodology provided. Treat as unverified empirical claim."
CANON-unique-015,WHY_THESE_EQUATIONS_ARE_UNIQUE.md,"Oxford independently derived equations matching the Master Equation at 85%, which is extremely strong evidence that the structure is mathematically forced and discoverable.",depends on the 85% agreement claim and independent-convergence criterion,introduces independent-convergence evidence for the framework,floor depends on the unverified Oxford claim,"if removed, the 'mathematically forced' conclusion loses empirical support",E↔C translation; empirical bridge,defective,needs_review,needs_review,BR,D,create_gap_atom,Flagged for verification: independent derivation is asserted but undocumented. Independent convergence (DG T4) is not yet a proved criterion.
CANON-unique-016,WHY_THESE_EQUATIONS_ARE_UNIQUE.md,"Theorem (Uniqueness of Spiritual-Physical Isomorphism): Any system of spiritual principles involving information, order, observation, choice, causality, and conservation has a unique information-theoretic formulation isomorphic to physical laws, given by the Master Equation χ.",depends on all prior bridge claims and the Master Equation ansatz,introduces a claimed uniqueness theorem for the entire framework,preserves lower-layer theorems only if bridge premises are valid,"if removed, the paper's central 'only way' conclusion collapses",A↔B↔C translation; philosophical model,defective,needs_review,no,PM,D,create_gap_atom,Overreach flagged: this is not a proved theorem. It collapses multiple bridge hypotheses and an ansatz into a single 'uniqueness' claim; violates DG7 admissibility because bridge premises are not preserved as theorems.
CANON-unique-017,WHY_THESE_EQUATIONS_ARE_UNIQUE.md,"Alternative mappings (Newtonian→morality, classical thermodynamics→sin, Boolean logic→faith, network theory→relationships) fail because they do not use information theory, respect full symmetry structure, unify quantum and classical regimes, or make testable predictions.",depends on the framework's unification desiderata,introduces a comparative critique of competing analogies,preserves the claim that information-theoretic framing is necessary,"if removed, the exclusivity argument for the framework weakens",B↔C translation; philosophical model,coherent_partial,partial,yes,PM,C,create_bridge_atom,"Useful critical comparison, but the 'only framework that satisfies all requirements' conclusion is a model claim, not a no-go theorem."
CANON-unique-018,WHY_THESE_EQUATIONS_ARE_UNIQUE.md,"No-Go Theorem for Alternative Formulations: No alternative mathematical formulation of spiritual principles can be information-theoretically consistent, preserve all physical symmetries, make testable predictions, and unify quantum and classical regimes unless it is equivalent to the Master Equation.",depends on the asserted Uniqueness Theorem and all bridge premises,introduces a claimed no-go theorem against alternative formulations,floor is the unproved uniqueness theorem; not independently established,"if removed, the 'only option' rhetorical conclusion loses formal backing",A↔B↔C translation; philosophical model,defective,needs_review,no,PM,D,create_gap_atom,Overreach flagged: labeled a theorem but not actually proven. Assumes the Master Equation exhausts all possible information-theoretic spiritual-physical formalisms.
CANON-unique-019,WHY_THESE_EQUATIONS_ARE_UNIQUE.md,"Weak Anthropic Principle: we observe these equations because only this structure permits conscious observers (stable memory, arrow of time, definite outcomes, free will).",depends on cosmology and philosophy of observation (L0-L4),introduces an observer-selection explanation for the observed structure,preserves physical lawfulness; adds selection reasoning,"if removed, the 'why this reality' answer reverts to brute fact or theological ground",B↔C translation; metaphysical bridge,coherent_partial,partial,yes,M,C,create_bridge_atom,"Standard weak anthropic reasoning; not a proof of uniqueness, but a coherent philosophical bridge."
CANON-unique-020,WHY_THESE_EQUATIONS_ARE_UNIQUE.md,"Logos Principle: reality is fundamentally rational (word, reason, ratio, order), so physical laws are mathematical, spiritual principles are logical, and the two communicate; the Master Equation is the mathematical expression of the Logos.",depends on theological/metaphysical ground (L0 instantiation),introduces a theological identification of the Master Equation with Logos,preserves created-order rationality; does not abolish physics,"if removed, the theological register's ultimate justification for the structure collapses",A↔C translation; confession/bridge,coherent_partial,partial,yes,C,C,create_bridge_atom,"Theological bridge: coherent within its register, but not derivable from DG core. DG v0.2 forbids naming Logos in grammar layer; acceptable as instantiation."
CANON-unique-021,WHY_THESE_EQUATIONS_ARE_UNIQUE.md,"Conclusion: The framework is not one way to describe spiritual reality; it is the only way, forced by Shannon, Einstein, von Neumann, the Second Law, Heisenberg, and Noether.",depends on all prior bridge claims and the asserted uniqueness theorem,introduces an exclusivity/inevitability claim for the whole framework,preserves lower-layer theorems but overstates their forcing power,"if removed, the paper's strongest rhetorical claim is withdrawn",A↔B↔C translation; bridge/model hybrid,defective,needs_review,no,BR,D,create_bridge_atom,Overreach flagged: the 'only way' conclusion does not follow from the cited theorems alone; it requires the unproved bridge premises and the unproved no-go theorem.
CANON-unique-022,WHY_THESE_EQUATIONS_ARE_UNIQUE.md,Final statement: Information theory is the only bridge between physical and semantic domains (Shannon's uniqueness theorem).,depends on Shannon theorem plus claim that semantic domains require information theory,introduces a strong bridge claim about the exclusivity of information theory,preserves Shannon's mathematical floor,"if removed, the foundational bridge premise of the paper weakens",B↔C translation; bridge hypothesis,coherent_partial,partial,yes,BR,C,create_bridge_atom,"Bridge claim: plausible and widely used, but 'only bridge' is a philosophical thesis, not a theorem."
CANON-unique-023,WHY_THESE_EQUATIONS_ARE_UNIQUE.md,"Final statement: Each physical law has a unique information-theoretic form proven by Landauer, Bekenstein, and Zurek.",depends on Landauer/Bekenstein/Zurek results plus scope claim,introduces a bridge claim that all physical laws are information-theoretically reducible,preserves the cited physical results,"if removed, the isomorphism argument loses a premise",B→C translation; bridge hypothesis,coherent_partial,partial,yes,BR,C,create_bridge_atom,"Bridge claim: the cited authors establish specific correspondences, not a universal reduction of every physical law to information theory."
CANON-unique-024,WHY_THESE_EQUATIONS_ARE_UNIQUE.md,"Final statement: Each spiritual principle, when expressed information-theoretically, must satisfy the same axioms as its physical analog by definition of structural isomorphism.",depends on the definition of structural isomorphism,introduces a definitional bridge constraint,preserves the isomorphism definition,"if removed, the cross-register necessity argument collapses",B↔C translation; definitional bridge,coherent_partial,partial,yes,BR,C,create_bridge_atom,"Bridge claim: true by definition of isomorphism, but whether spiritual principles are so expressible is the contested premise."
CANON-unique-025,WHY_THESE_EQUATIONS_ARE_UNIQUE.md,"Final statement: The axioms uniquely determine the mathematical form, proven by von Neumann, Einstein, and Noether.",depends on the prior uniqueness theorems,reiterates that bridge axioms inherit physical uniqueness,preserves the cited theorems,"if removed, the final 'only way' conclusion loses a premise",B→C translation; bridge hypothesis,coherent_partial,partial,yes,BR,C,create_bridge_atom,Bridge claim: uniqueness applies within each physical domain; extending it to spiritual analogs requires the bridge premise.
CANON-unique-026,WHY_THESE_EQUATIONS_ARE_UNIQUE.md,"Final statement: The Master Equation is the unique solution to all constraints (symmetries, conservation laws, information theory, quantum mechanics, thermodynamics).",depends on the asserted uniqueness theorem and Master Equation ansatz,introduces an exclusivity claim for the Master Equation,preserves the constraints only as a conditional set,"if removed, the final conclusion collapses to a weaker model claim",A↔B↔C translation; philosophical model,defective,needs_review,no,PM,D,create_gap_atom,"Overreach flagged: 'unique solution' is asserted, not proven. The Master Equation is an integrative ansatz, not a derived solution."
CANON-unique-027,WHY_THESE_EQUATIONS_ARE_UNIQUE.md,Final statement: Independent derivation by Oxford confirms the framework is not arbitrary but mathematically forced.,depends on unverified Oxford derivation claim,introduces independent-convergence corroboration,floor is the unverified Oxford claim,"if removed, the 'mathematically forced' conclusion loses purported empirical support",E↔C translation; empirical bridge,defective,needs_review,needs_review,E,D,create_gap_atom,Flagged for verification: no documentation provided for the Oxford derivation/independent convergence claim.
CANON-unique-028,WHY_THESE_EQUATIONS_ARE_UNIQUE.md,"Final statement: No alternative formulation can satisfy all requirements, provable via no-go theorems.",depends on the asserted no-go theorem,introduces an exclusivity claim against alternatives,floor is the unproved no-go theorem,"if removed, the final 'only way' conclusion loses its formal backing",A↔B↔C translation; philosophical model,defective,needs_review,no,PM,D,create_gap_atom,Overreach flagged: relies on an unproved no-go theorem; not actually provable from the cited uniqueness theorems alone.
