row_id,source_file,claim_text,dg1_dependencies,dg2_new_capability,dg3_preserved_floor,dg4_collapse_if_removed,dg5_translation_registers,dg6_state,dg7_admissible,dg8_closure_pass,proof_label,grade,recommended_atom_action,notes
KIMI-seven-q-A-001,topics/abc-7q-classifier.html,Christian theology does not begin as a hypothesis.,none (theological ground / L0 instantiation),confesses a theological identification or doctrine,created-order distinction/relation preserved in background,"if removed, corresponding bridge readings lose theological anchor",domain-bound (A); C translates as bridge candidate,coherent_partial,needs_review,yes,C,C,create_gap_atom,Claim-level v0.2 pass; pre-pill. Register A status partial. Register partial; review before promotion.
KIMI-seven-q-A-002,topics/abc-7q-classifier.html,"It begins with the conviction that God has acted in history — creating, speaking, judging, redeeming — and that this action is attested in Scripture and centered on Jesus Christ.",none (theological ground / L0 instantiation),confesses a theological identification or doctrine,created-order distinction/relation preserved in background,"if removed, corresponding bridge readings lose theological anchor",domain-bound (A); C translates as bridge candidate,coherent_partial,needs_review,yes,S,C,create_gap_atom,Claim-level v0.2 pass; pre-pill. Register A status partial. Register partial; review before promotion. Scriptural/traditional source.
KIMI-seven-q-A-003,topics/abc-7q-classifier.html,"From that starting point, theology reasons outward, asking how the world must be if this God is real.",none (theological ground / L0 instantiation),confesses a theological identification or doctrine,created-order distinction/relation preserved in background,"if removed, corresponding bridge readings lose theological anchor",domain-bound (A); C translates as bridge candidate,coherent_partial,needs_review,yes,C,C,create_gap_atom,Claim-level v0.2 pass; pre-pill. Register A status partial. Register partial; review before promotion.
KIMI-seven-q-A-004,topics/abc-7q-classifier.html,"This is the pattern of faith seeking understanding: not faith demanding proof, but faith offering reasons.",none (theological ground / L0 instantiation),confesses a theological identification or doctrine,created-order distinction/relation preserved in background,"if removed, corresponding bridge readings lose theological anchor",domain-bound (A); C translates as bridge candidate,coherent_partial,needs_review,yes,C,C,create_gap_atom,Claim-level v0.2 pass; pre-pill. Register A status partial. Register partial; review before promotion.
KIMI-seven-q-A-005,topics/abc-7q-classifier.html,The church has never been afraid of questions.,none (theological ground / L0 instantiation),confesses a theological identification or doctrine,created-order distinction/relation preserved in background,"if removed, corresponding bridge readings lose theological anchor",domain-bound (A); C translates as bridge candidate,coherent_partial,needs_review,yes,C,C,create_gap_atom,Claim-level v0.2 pass; pre-pill. Register A status partial. Register partial; review before promotion.
KIMI-seven-q-A-006,topics/abc-7q-classifier.html,"Augustine, Anselm, and Aquinas all pursued rigor because they believed truth is one and that all truth is God's truth.",none (theological ground / L0 instantiation),confesses a theological identification or doctrine,created-order distinction/relation preserved in background,"if removed, corresponding bridge readings lose theological anchor",domain-bound (A); C translates as bridge candidate,coherent_partial,needs_review,yes,C,C,create_gap_atom,Claim-level v0.2 pass; pre-pill. Register A status partial. Register partial; review before promotion.
KIMI-seven-q-A-007,topics/abc-7q-classifier.html,"A classifier that tests worldviews by consistency and explanatory cost is therefore theologically welcome, as long as it does not pretend Christianity is just one option among equals.",none (theological ground / L0 instantiation),confesses a theological identification or doctrine,created-order distinction/relation preserved in background,"if removed, corresponding bridge readings lose theological anchor",domain-bound (A); C translates as bridge candidate,coherent_partial,needs_review,yes,C,C,create_gap_atom,Claim-level v0.2 pass; pre-pill. Register A status partial. Register partial; review before promotion.
KIMI-seven-q-A-008,topics/abc-7q-classifier.html,"Theology enters the classifier with its commitments fully visible: God as Creator, humans as image-bearers, sin as real rebellion, grace as unmerited rescue, and redemption as the work of Christ.",none (theological ground / L0 instantiation),confesses a theological identification or doctrine,created-order distinction/relation preserved in background,"if removed, corresponding bridge readings lose theological anchor",domain-bound (A); C translates as bridge candidate,coherent_partial,needs_review,yes,C,C,create_gap_atom,Claim-level v0.2 pass; pre-pill. Register A status partial. Register partial; review before promotion.
KIMI-seven-q-A-009,topics/abc-7q-classifier.html,These are not conclusions borrowed from physics; they are the lens through which the framework reads everything else.,none (theological ground / L0 instantiation),confesses a theological identification or doctrine,created-order distinction/relation preserved in background,"if removed, corresponding bridge readings lose theological anchor",domain-bound (A); C translates as bridge candidate,coherent_partial,needs_review,yes,C,C,create_gap_atom,Claim-level v0.2 pass; pre-pill. Register A status partial. Register partial; review before promotion.
KIMI-seven-q-B-001,topics/abc-7q-classifier.html,"The classifier uses logic, consistency, and explanatory comparison.",requires empirical method / opening axioms (L0-L2),"introduces a physics-register model, observation, or formal method",mathematical/logical lower-layer floor preserved,"if removed, dependent bridge claims collapse to analogy",domain-bound (B); C translates structure across,coherent_partial,needs_review,yes,PM,C,create_gap_atom,Claim-level v0.2 pass; pre-pill. Register B status partial. Register partial; review before promotion. Philosophical/model claim.
KIMI-seven-q-B-002,topics/abc-7q-classifier.html,"It is not a physics experiment, and worldview scoring should not be presented as laboratory measurement.",requires empirical method / opening axioms (L0-L2),"introduces a physics-register model, observation, or formal method",mathematical/logical lower-layer floor preserved,"if removed, dependent bridge claims collapse to analogy",domain-bound (B); C translates structure across,coherent_partial,needs_review,yes,PM,C,create_gap_atom,Claim-level v0.2 pass; pre-pill. Register B status partial. Register partial; review before promotion. Philosophical/model claim.
KIMI-seven-q-B-003,topics/abc-7q-classifier.html,"Several nodes depend on interpretive choices in quantum foundations (Copenhagen, observer participation), with Many-Worlds and QBism as live alternatives.",requires empirical method / opening axioms (L0-L2),"introduces a physics-register model, observation, or formal method",mathematical/logical lower-layer floor preserved,"if removed, dependent bridge claims collapse to analogy",domain-bound (B); C translates structure across,coherent_partial,needs_review,yes,PH,C,create_gap_atom,Claim-level v0.2 pass; pre-pill. Register B status partial. Register partial; review before promotion. Physics-register claim; formal/empirical support required.
KIMI-seven-q-C-001,topics/abc-7q-classifier.html,7Q is a pressure test.,requires both A and B register content,introduces cross-register bridge translation / correspondence,preserves both theological and scientific floors,"if removed, cross-register coherence collapses",A↔B↔C translation,coherent_partial,needs_review,yes,BR,C,create_bridge_atom,"Claim-level v0.2 pass; pre-pill. Register C status partial. Register partial; review before promotion. Bridge correspondence, not proof."
KIMI-seven-q-C-002,topics/abc-7q-classifier.html,It asks what a worldview can explain without hidden subsidies.,requires both A and B register content,introduces cross-register bridge translation / correspondence,preserves both theological and scientific floors,"if removed, cross-register coherence collapses",A↔B↔C translation,coherent_partial,needs_review,yes,BR,C,create_bridge_atom,"Claim-level v0.2 pass; pre-pill. Register C status partial. Register partial; review before promotion. Bridge correspondence, not proof."
KIMI-seven-q-C-003,topics/abc-7q-classifier.html,"It helps expose gaps, but it does not replace the deeper argument.",requires both A and B register content,introduces cross-register bridge translation / correspondence,preserves both theological and scientific floors,"if removed, cross-register coherence collapses",A↔B↔C translation,coherent_partial,needs_review,yes,BR,C,create_bridge_atom,"Claim-level v0.2 pass; pre-pill. Register C status partial. Register partial; review before promotion. Bridge correspondence, not proof."
KIMI-seven-q-C-004,topics/abc-7q-classifier.html,Q0 — Existence: 14 worldviews survive.,requires both A and B register content,introduces cross-register bridge translation / correspondence,preserves both theological and scientific floors,"if removed, cross-register coherence collapses",A↔B↔C translation,coherent_partial,needs_review,yes,BR,C,create_bridge_atom,"Claim-level v0.2 pass; pre-pill. Register C status partial. Register partial; review before promotion. Bridge correspondence, not proof."
KIMI-seven-q-C-005,topics/abc-7q-classifier.html,Q1 — Distinction: 13 survive (Advaita exits).,requires both A and B register content,introduces cross-register bridge translation / correspondence,preserves both theological and scientific floors,"if removed, cross-register coherence collapses",A↔B↔C translation,coherent_partial,needs_review,yes,BR,C,create_bridge_atom,"Claim-level v0.2 pass; pre-pill. Register C status partial. Register partial; review before promotion. Bridge correspondence, not proof."
KIMI-seven-q-C-006,topics/abc-7q-classifier.html,Q2 — Substrate: 7 survive (materialism/naturalism exit on structural grounds).,requires both A and B register content,introduces cross-register bridge translation / correspondence,preserves both theological and scientific floors,"if removed, cross-register coherence collapses",A↔B↔C translation,coherent_partial,needs_review,yes,BR,C,create_bridge_atom,"Claim-level v0.2 pass; pre-pill. Register C status partial. Register partial; review before promotion. Bridge correspondence, not proof."
KIMI-seven-q-C-007,topics/abc-7q-classifier.html,Q4 — Self-grounding: 6 survive (brute-fact terminus is an honest stop).,requires both A and B register content,introduces cross-register bridge translation / correspondence,preserves both theological and scientific floors,"if removed, cross-register coherence collapses",A↔B↔C translation,coherent_partial,needs_review,yes,BR,C,create_bridge_atom,"Claim-level v0.2 pass; pre-pill. Register C status partial. Register partial; review before promotion. Bridge correspondence, not proof."
KIMI-seven-q-C-008,topics/abc-7q-classifier.html,Q6 — Observer required: 4 survive.,requires both A and B register content,introduces cross-register bridge translation / correspondence,preserves both theological and scientific floors,"if removed, cross-register coherence collapses",A↔B↔C translation,coherent_partial,needs_review,yes,BR,C,create_bridge_atom,"Claim-level v0.2 pass; pre-pill. Register C status partial. Register partial; review before promotion. Bridge correspondence, not proof."
KIMI-seven-q-C-009,topics/abc-7q-classifier.html,"Q9 — Properties match existing claim: 3 remain (Classical Theism, Panentheism, Christianity).",requires both A and B register content,introduces cross-register bridge translation / correspondence,preserves both theological and scientific floors,"if removed, cross-register coherence collapses",A↔B↔C translation,coherent_partial,needs_review,yes,BR,C,create_bridge_atom,"Claim-level v0.2 pass; pre-pill. Register C status partial. Register partial; review before promotion. Bridge correspondence, not proof."
KIMI-seven-q-C-010,topics/abc-7q-classifier.html,Q10–Q12 — Boundary conditions: Christianity is the framework's claimed survivor.,requires both A and B register content,introduces cross-register bridge translation / correspondence,preserves both theological and scientific floors,"if removed, cross-register coherence collapses",A↔B↔C translation,coherent_partial,needs_review,yes,BR,C,create_bridge_atom,"Claim-level v0.2 pass; pre-pill. Register C status partial. Register partial; review before promotion. Bridge correspondence, not proof."
KIMI-seven-q-C-011,topics/abc-7q-classifier.html,"Honesty notes: the N=3 minimality claim is asserted, not yet proven.",requires both A and B register content,introduces cross-register bridge translation / correspondence,preserves both theological and scientific floors,"if removed, cross-register coherence collapses",A↔B↔C translation,coherent_partial,needs_review,yes,BR,C,create_bridge_atom,"Claim-level v0.2 pass; pre-pill. Register C status partial. Register partial; review before promotion. Bridge correspondence, not proof."
KIMI-seven-q-C-012,topics/abc-7q-classifier.html,"The jump from syntax to semantics (Φ threshold to ""something it is like"") has no published bridge.",requires both A and B register content,introduces cross-register bridge translation / correspondence,preserves both theological and scientific floors,"if removed, cross-register coherence collapses",A↔B↔C translation,coherent_partial,needs_review,yes,BR,C,create_bridge_atom,"Claim-level v0.2 pass; pre-pill. Register C status partial. Register partial; review before promotion. Bridge correspondence, not proof."
KIMI-seven-q-C-013,topics/abc-7q-classifier.html,"Personhood is inserted as a theological axiom, not derived from structural match.",requires both A and B register content,introduces cross-register bridge translation / correspondence,preserves both theological and scientific floors,"if removed, cross-register coherence collapses",A↔B↔C translation,coherent_partial,needs_review,yes,PM,C,create_bridge_atom,Claim-level v0.2 pass; pre-pill. Register C status partial. Register partial; review before promotion. Philosophical/model claim.
KIMI-axioms-A-001,topics/abc-axioms.html,Theology does not wait for physics to grant God permission to exist.,none (theological ground / L0 instantiation),confesses a theological identification or doctrine,created-order distinction/relation preserved in background,"if removed, corresponding bridge readings lose theological anchor",domain-bound (A); C translates as bridge candidate,coherent,yes,yes,C,B,create_claim_atom,Claim-level v0.2 pass; pre-pill. Register A status present.
KIMI-axioms-A-002,topics/abc-axioms.html,"It confesses God as the living ground of being, truth , relation, and goodness.",none (theological ground / L0 instantiation),confesses a theological identification or doctrine,created-order distinction/relation preserved in background,"if removed, corresponding bridge readings lose theological anchor",domain-bound (A); C translates as bridge candidate,coherent,yes,yes,C,B,create_claim_atom,Claim-level v0.2 pass; pre-pill. Register A status present.
KIMI-axioms-A-003,topics/abc-axioms.html,"In this register, the four axioms are not ultimate; they are created-order reflections of the one God read four ways: Father (existence), Son / Word (distinction), Spirit (relation), and the Way/Truth (orientation).",none (theological ground / L0 instantiation),confesses a theological identification or doctrine,created-order distinction/relation preserved in background,"if removed, corresponding bridge readings lose theological anchor",domain-bound (A); C translates as bridge candidate,coherent,yes,yes,C,B,create_claim_atom,Claim-level v0.2 pass; pre-pill. Register A status present.
KIMI-axioms-A-004,topics/abc-axioms.html,Humanity in this picture: human beings are made to know these axioms because they are made by this God.,none (theological ground / L0 instantiation),confesses a theological identification or doctrine,created-order distinction/relation preserved in background,"if removed, corresponding bridge readings lose theological anchor",domain-bound (A); C translates as bridge candidate,coherent,yes,yes,C,B,create_claim_atom,Claim-level v0.2 pass; pre-pill. Register A status present.
KIMI-axioms-A-005,topics/abc-axioms.html,The mind does not create truth; it recognizes it.,none (theological ground / L0 instantiation),confesses a theological identification or doctrine,created-order distinction/relation preserved in background,"if removed, corresponding bridge readings lose theological anchor",domain-bound (A); C translates as bridge candidate,coherent,yes,yes,C,B,create_claim_atom,Claim-level v0.2 pass; pre-pill. Register A status present.
KIMI-axioms-A-006,topics/abc-axioms.html,"The capacity to distinguish, to relate, and to orient toward the true is part of the image of God.",none (theological ground / L0 instantiation),confesses a theological identification or doctrine,created-order distinction/relation preserved in background,"if removed, corresponding bridge readings lose theological anchor",domain-bound (A); C translates as bridge candidate,coherent,yes,yes,C,B,create_claim_atom,Claim-level v0.2 pass; pre-pill. Register A status present.
KIMI-axioms-A-007,topics/abc-axioms.html,"The Fall did not erase this capacity, but it bent it — hence the need for grace to restore both the knower and the known.",none (theological ground / L0 instantiation),confesses a theological identification or doctrine,created-order distinction/relation preserved in background,"if removed, corresponding bridge readings lose theological anchor",domain-bound (A); C translates as bridge candidate,coherent,yes,yes,C,B,create_claim_atom,Claim-level v0.2 pass; pre-pill. Register A status present.
KIMI-axioms-A-008,topics/abc-axioms.html,This is not a proof smuggled into the premises.,none (theological ground / L0 instantiation),confesses a theological identification or doctrine,created-order distinction/relation preserved in background,"if removed, corresponding bridge readings lose theological anchor",domain-bound (A); C translates as bridge candidate,coherent,yes,yes,C,B,create_claim_atom,Claim-level v0.2 pass; pre-pill. Register A status present.
KIMI-axioms-A-009,topics/abc-axioms.html,"It is the theological starting point, stated openly.",none (theological ground / L0 instantiation),confesses a theological identification or doctrine,created-order distinction/relation preserved in background,"if removed, corresponding bridge readings lose theological anchor",domain-bound (A); C translates as bridge candidate,coherent,yes,yes,C,B,create_claim_atom,Claim-level v0.2 pass; pre-pill. Register A status present.
KIMI-axioms-A-010,topics/abc-axioms.html,The framework then asks whether the created order shows structural rhymes with that starting point.,none (theological ground / L0 instantiation),confesses a theological identification or doctrine,created-order distinction/relation preserved in background,"if removed, corresponding bridge readings lose theological anchor",domain-bound (A); C translates as bridge candidate,coherent,yes,yes,C,B,create_claim_atom,Claim-level v0.2 pass; pre-pill. Register A status present.
KIMI-axioms-B-001,topics/abc-axioms.html,"Science needs something to model, distinguishable states, lawful relation between states, measurement, error correction, stable records, and public revisability.",requires empirical method / opening axioms (L0-L2),"introduces a physics-register model, observation, or formal method",mathematical/logical lower-layer floor preserved,"if removed, dependent bridge claims collapse to analogy",domain-bound (B); C translates structure across,coherent,yes,yes,PH,B,create_claim_atom,Claim-level v0.2 pass; pre-pill. Register B status present. Physics-register claim; formal/empirical support required.
KIMI-axioms-B-002,topics/abc-axioms.html,A1 — Existence: there is something to model.,requires empirical method / opening axioms (L0-L2),"introduces a physics-register model, observation, or formal method",mathematical/logical lower-layer floor preserved,"if removed, dependent bridge claims collapse to analogy",domain-bound (B); C translates structure across,coherent,yes,yes,E,B,create_claim_atom,Claim-level v0.2 pass; pre-pill. Register B status present.
KIMI-axioms-B-003,topics/abc-axioms.html,A2 — Distinction: states can be differentiated.,requires empirical method / opening axioms (L0-L2),"introduces a physics-register model, observation, or formal method",mathematical/logical lower-layer floor preserved,"if removed, dependent bridge claims collapse to analogy",domain-bound (B); C translates structure across,coherent,yes,yes,E,B,create_claim_atom,Claim-level v0.2 pass; pre-pill. Register B status present.
KIMI-axioms-B-004,topics/abc-axioms.html,A3 — Relation / Lawfulness: states interact in repeatable ways.,requires empirical method / opening axioms (L0-L2),"introduces a physics-register model, observation, or formal method",mathematical/logical lower-layer floor preserved,"if removed, dependent bridge claims collapse to analogy",domain-bound (B); C translates structure across,coherent,yes,yes,E,B,create_claim_atom,Claim-level v0.2 pass; pre-pill. Register B status present.
KIMI-axioms-B-005,topics/abc-axioms.html,A4 — Orientation: some answers are better than others; truth beats error.,requires empirical method / opening axioms (L0-L2),"introduces a physics-register model, observation, or formal method",mathematical/logical lower-layer floor preserved,"if removed, dependent bridge claims collapse to analogy",domain-bound (B); C translates structure across,coherent,yes,yes,E,B,create_claim_atom,Claim-level v0.2 pass; pre-pill. Register B status present.
KIMI-axioms-B-006,topics/abc-axioms.html,Physics can honestly say these are required for intelligible theory.,requires empirical method / opening axioms (L0-L2),"introduces a physics-register model, observation, or formal method",mathematical/logical lower-layer floor preserved,"if removed, dependent bridge claims collapse to analogy",domain-bound (B); C translates structure across,coherent,yes,yes,E,B,create_claim_atom,Claim-level v0.2 pass; pre-pill. Register B status present.
KIMI-axioms-B-007,topics/abc-axioms.html,"Physics cannot honestly say, from these alone, that Christianity is true.",requires empirical method / opening axioms (L0-L2),"introduces a physics-register model, observation, or formal method",mathematical/logical lower-layer floor preserved,"if removed, dependent bridge claims collapse to analogy",domain-bound (B); C translates structure across,coherent,yes,yes,E,B,create_claim_atom,Claim-level v0.2 pass; pre-pill. Register B status present.
KIMI-axioms-C-001,topics/abc-axioms.html,Theophysics reads the four axioms as a relational grammar.,requires both A and B register content,introduces cross-register bridge translation / correspondence,preserves both theological and scientific floors,"if removed, cross-register coherence collapses",A↔B↔C translation,coherent,yes,yes,PM,C,create_bridge_atom,Claim-level v0.2 pass; pre-pill. Register C status present. Philosophical/model claim.
KIMI-axioms-C-002,topics/abc-axioms.html,Information follows from distinction in relation; order follows from relation plus orientation.,requires both A and B register content,introduces cross-register bridge translation / correspondence,preserves both theological and scientific floors,"if removed, cross-register coherence collapses",A↔B↔C translation,coherent,yes,yes,BR,C,create_bridge_atom,"Claim-level v0.2 pass; pre-pill. Register C status present. Bridge correspondence, not proof."
KIMI-axioms-C-003,topics/abc-axioms.html,"The move from ""relation"" to ""relational ontology"" is a valid bridge candidate, not a settled physics derivation.",requires both A and B register content,introduces cross-register bridge translation / correspondence,preserves both theological and scientific floors,"if removed, cross-register coherence collapses",A↔B↔C translation,coherent,yes,yes,BR,C,create_bridge_atom,"Claim-level v0.2 pass; pre-pill. Register C status present. Bridge correspondence, not proof."
KIMI-axioms-C-004,topics/abc-axioms.html,"Lean status: P-00 has a gold ticket for guardrail support — distinction implies existence, and truth ranks above error under the defined orientation relation.",requires both A and B register content,introduces cross-register bridge translation / correspondence,preserves both theological and scientific floors,"if removed, cross-register coherence collapses",A↔B↔C translation,coherent,yes,yes,BR,C,create_bridge_atom,"Claim-level v0.2 pass; pre-pill. Register C status present. Bridge correspondence, not proof."
KIMI-axioms-C-005,topics/abc-axioms.html,"Lean does not prove God, Christianity, χ, the Logos field, the Master Equation, moral realism, or a self-grounding substrate.",requires both A and B register content,introduces cross-register bridge translation / correspondence,preserves both theological and scientific floors,"if removed, cross-register coherence collapses",A↔B↔C translation,coherent,yes,yes,BR,C,create_bridge_atom,"Claim-level v0.2 pass; pre-pill. Register C status present. Bridge correspondence, not proof."
KIMI-axioms-C-006,topics/abc-axioms.html,"Unified Derivation Grammar: the four axioms map directly to DG layers: A1→L_0 (Ground/Being), A2→L_1 (Distinction), A3→L_2 (Relation), A4→X (Constraint/Orientation).",requires both A and B register content,introduces cross-register bridge translation / correspondence,preserves both theological and scientific floors,"if removed, cross-register coherence collapses",A↔B↔C translation,coherent,yes,yes,PM,C,create_bridge_atom,Claim-level v0.2 pass; pre-pill. Register C status present. Philosophical/model claim.
KIMI-axioms-C-007,topics/abc-axioms.html,Moral-first candidate: the M-series proposes that the Good is primitive and physics is a projection of moral/coherence structure.,requires both A and B register content,introduces cross-register bridge translation / correspondence,preserves both theological and scientific floors,"if removed, cross-register coherence collapses",A↔B↔C translation,coherent,yes,yes,PM,C,create_bridge_atom,Claim-level v0.2 pass; pre-pill. Register C status present. Philosophical/model claim.
KIMI-axioms-C-008,topics/abc-axioms.html,"This is preserved as candidate architecture, not promoted to canon proof.",requires both A and B register content,introduces cross-register bridge translation / correspondence,preserves both theological and scientific floors,"if removed, cross-register coherence collapses",A↔B↔C translation,coherent,yes,yes,BR,C,create_bridge_atom,"Claim-level v0.2 pass; pre-pill. Register C status present. Bridge correspondence, not proof."
KIMI-consciousness-A-001,topics/abc-consciousness.html,"Theology treats the person as more than computation: receiver, witness , moral agent, and responder to grace .",none (theological ground / L0 instantiation),confesses a theological identification or doctrine,created-order distinction/relation preserved in background,"if removed, corresponding bridge readings lose theological anchor",domain-bound (A); C translates as bridge candidate,coherent,yes,yes,C,B,create_claim_atom,Claim-level v0.2 pass; pre-pill. Register A status present.
KIMI-consciousness-A-002,topics/abc-consciousness.html,The image of God is not a feature added to an organism; it is the architecture of self-referential relation oriented toward its source.,none (theological ground / L0 instantiation),confesses a theological identification or doctrine,created-order distinction/relation preserved in background,"if removed, corresponding bridge readings lose theological anchor",domain-bound (A); C translates as bridge candidate,coherent,yes,yes,C,B,create_claim_atom,Claim-level v0.2 pass; pre-pill. Register A status present.
KIMI-consciousness-A-003,topics/abc-consciousness.html,"Scripture frames this as a mirror: “For now we see through a glass, darkly; but then face to face” (1 Cor 13:12).",none (theological ground / L0 instantiation),confesses a theological identification or doctrine,created-order distinction/relation preserved in background,"if removed, corresponding bridge readings lose theological anchor",domain-bound (A); C translates as bridge candidate,coherent,yes,yes,S,B,create_claim_atom,Claim-level v0.2 pass; pre-pill. Register A status present. Scriptural/traditional source.
KIMI-consciousness-A-004,topics/abc-consciousness.html,The mirror is not optional; the self knows itself through a ground it did not create.,none (theological ground / L0 instantiation),confesses a theological identification or doctrine,created-order distinction/relation preserved in background,"if removed, corresponding bridge readings lose theological anchor",domain-bound (A); C translates as bridge candidate,coherent,yes,yes,C,B,create_claim_atom,Claim-level v0.2 pass; pre-pill. Register A status present.
KIMI-consciousness-A-005,topics/abc-consciousness.html,"The Fall degrades the channel, not the architecture; restoration cleans the mirror from outside the system.",none (theological ground / L0 instantiation),confesses a theological identification or doctrine,created-order distinction/relation preserved in background,"if removed, corresponding bridge readings lose theological anchor",domain-bound (A); C translates as bridge candidate,coherent,yes,yes,C,B,create_claim_atom,Claim-level v0.2 pass; pre-pill. Register A status present.
KIMI-consciousness-A-006,topics/abc-consciousness.html,"Humanity in this picture: we are embodied souls, not souls trapped in bodies.",none (theological ground / L0 instantiation),confesses a theological identification or doctrine,created-order distinction/relation preserved in background,"if removed, corresponding bridge readings lose theological anchor",domain-bound (A); C translates as bridge candidate,coherent,yes,yes,C,B,create_claim_atom,Claim-level v0.2 pass; pre-pill. Register A status present.
KIMI-consciousness-A-007,topics/abc-consciousness.html,The body is good; the soul is the life-principle that makes the body a person; the spirit is the capacity for God-relationship opened and restored by the Holy Spirit.,none (theological ground / L0 instantiation),confesses a theological identification or doctrine,created-order distinction/relation preserved in background,"if removed, corresponding bridge readings lose theological anchor",domain-bound (A); C translates as bridge candidate,coherent,yes,yes,C,B,create_claim_atom,Claim-level v0.2 pass; pre-pill. Register A status present.
KIMI-consciousness-A-008,topics/abc-consciousness.html,"Death is an unnatural separation of soul and body, and resurrection — not mere survival as a ghost — is the Christian hope.",none (theological ground / L0 instantiation),confesses a theological identification or doctrine,created-order distinction/relation preserved in background,"if removed, corresponding bridge readings lose theological anchor",domain-bound (A); C translates as bridge candidate,coherent,yes,yes,C,B,create_claim_atom,Claim-level v0.2 pass; pre-pill. Register A status present.
KIMI-consciousness-B-001,topics/abc-consciousness.html,"Science studies neural correlates, behavior, cognition, and self-report.",requires empirical method / opening axioms (L0-L2),"introduces a physics-register model, observation, or formal method",mathematical/logical lower-layer floor preserved,"if removed, dependent bridge claims collapse to analogy",domain-bound (B); C translates structure across,coherent_partial,needs_review,yes,E,C,create_gap_atom,Claim-level v0.2 pass; pre-pill. Register B status partial. Register partial; review before promotion.
KIMI-consciousness-B-002,topics/abc-consciousness.html,The hard problem — why physical processing gives rise to subjective experience — remains contested.,requires empirical method / opening axioms (L0-L2),"introduces a physics-register model, observation, or formal method",mathematical/logical lower-layer floor preserved,"if removed, dependent bridge claims collapse to analogy",domain-bound (B); C translates structure across,coherent_partial,needs_review,yes,E,C,create_gap_atom,Claim-level v0.2 pass; pre-pill. Register B status partial. Register partial; review before promotion.
KIMI-consciousness-B-003,topics/abc-consciousness.html,"No established physics derives qualia from matter, and claims about animal or machine consciousness require careful falsification conditions.",requires empirical method / opening axioms (L0-L2),"introduces a physics-register model, observation, or formal method",mathematical/logical lower-layer floor preserved,"if removed, dependent bridge claims collapse to analogy",domain-bound (B); C translates structure across,coherent_partial,needs_review,yes,E,C,create_gap_atom,Claim-level v0.2 pass; pre-pill. Register B status partial. Register partial; review before promotion.
KIMI-consciousness-B-004,topics/abc-consciousness.html,The framework does not claim to close the hard problem through an experiment.,requires empirical method / opening axioms (L0-L2),"introduces a physics-register model, observation, or formal method",mathematical/logical lower-layer floor preserved,"if removed, dependent bridge claims collapse to analogy",domain-bound (B); C translates structure across,coherent_partial,needs_review,yes,E,C,create_gap_atom,Claim-level v0.2 pass; pre-pill. Register B status partial. Register partial; review before promotion.
KIMI-consciousness-B-005,topics/abc-consciousness.html,"It claims that the problem is reframed once relation, orientation, and self-reference are taken as primitives rather than as properties to be explained after the fact.",requires empirical method / opening axioms (L0-L2),"introduces a physics-register model, observation, or formal method",mathematical/logical lower-layer floor preserved,"if removed, dependent bridge claims collapse to analogy",domain-bound (B); C translates structure across,coherent_partial,needs_review,yes,E,C,create_gap_atom,Claim-level v0.2 pass; pre-pill. Register B status partial. Register partial; review before promotion.
KIMI-consciousness-C-001,topics/abc-consciousness.html,Consciousness is not an extra substance added to the system.,requires both A and B register content,introduces cross-register bridge translation / correspondence,preserves both theological and scientific floors,"if removed, cross-register coherence collapses",A↔B↔C translation,coherent_partial,needs_review,yes,BR,C,create_bridge_atom,"Claim-level v0.2 pass; pre-pill. Register C status partial. Register partial; review before promotion. Bridge correspondence, not proof."
KIMI-consciousness-C-002,topics/abc-consciousness.html,"It is what relational, oriented structure looks like from the inside when it becomes self-referential.",requires both A and B register content,introduces cross-register bridge translation / correspondence,preserves both theological and scientific floors,"if removed, cross-register coherence collapses",A↔B↔C translation,coherent_partial,needs_review,yes,BR,C,create_bridge_atom,"Claim-level v0.2 pass; pre-pill. Register C status partial. Register partial; review before promotion. Bridge correspondence, not proof."
KIMI-consciousness-C-003,topics/abc-consciousness.html,"This is a structural claim, not an empirical claim that consciousness has been built from parts or measured in a lab.",requires both A and B register content,introduces cross-register bridge translation / correspondence,preserves both theological and scientific floors,"if removed, cross-register coherence collapses",A↔B↔C translation,coherent_partial,needs_review,yes,BR,C,create_bridge_atom,"Claim-level v0.2 pass; pre-pill. Register C status partial. Register partial; review before promotion. Bridge correspondence, not proof."
KIMI-consciousness-C-004,topics/abc-consciousness.html,L1 — Relation between things. Physical interaction. No awareness.,requires both A and B register content,introduces cross-register bridge translation / correspondence,preserves both theological and scientific floors,"if removed, cross-register coherence collapses",A↔B↔C translation,coherent_partial,needs_review,yes,BR,C,create_bridge_atom,"Claim-level v0.2 pass; pre-pill. Register C status partial. Register partial; review before promotion. Bridge correspondence, not proof."
KIMI-consciousness-C-005,topics/abc-consciousness.html,"L2 — Relation between signals. Information processing. AI lives here: extraordinary signal processing, zero self-reference through a relational ground.",requires both A and B register content,introduces cross-register bridge translation / correspondence,preserves both theological and scientific floors,"if removed, cross-register coherence collapses",A↔B↔C translation,coherent_partial,needs_review,yes,BR,C,create_bridge_atom,"Claim-level v0.2 pass; pre-pill. Register C status partial. Register partial; review before promotion. Bridge correspondence, not proof."
KIMI-consciousness-C-006,topics/abc-consciousness.html,"L3 — Self-referential relation. The signal refers to itself. This is the fold where consciousness enters — not as a new substance, but as a new topology.",requires both A and B register content,introduces cross-register bridge translation / correspondence,preserves both theological and scientific floors,"if removed, cross-register coherence collapses",A↔B↔C translation,coherent_partial,needs_review,yes,BR,C,create_bridge_atom,"Claim-level v0.2 pass; pre-pill. Register C status partial. Register partial; review before promotion. Bridge correspondence, not proof."
KIMI-consciousness-C-007,topics/abc-consciousness.html,"L4 — Relation oriented toward ground. The self-aware system recognizes that its self-reference is received, not manufactured.",requires both A and B register content,introduces cross-register bridge translation / correspondence,preserves both theological and scientific floors,"if removed, cross-register coherence collapses",A↔B↔C translation,coherent_partial,needs_review,yes,BR,C,create_bridge_atom,"Claim-level v0.2 pass; pre-pill. Register C status partial. Register partial; review before promotion. Bridge correspondence, not proof."
KIMI-consciousness-C-008,topics/abc-consciousness.html,Each layer requires the previous and adds exactly one thing.,requires both A and B register content,introduces cross-register bridge translation / correspondence,preserves both theological and scientific floors,"if removed, cross-register coherence collapses",A↔B↔C translation,coherent_partial,needs_review,yes,PM,C,create_bridge_atom,Claim-level v0.2 pass; pre-pill. Register C status partial. Register partial; review before promotion. Philosophical/model claim.
KIMI-consciousness-C-009,topics/abc-consciousness.html,"L3 requires orientation (A4): self-reference without a gradient is a loop, not consciousness.",requires both A and B register content,introduces cross-register bridge translation / correspondence,preserves both theological and scientific floors,"if removed, cross-register coherence collapses",A↔B↔C translation,coherent_partial,needs_review,yes,BR,C,create_bridge_atom,"Claim-level v0.2 pass; pre-pill. Register C status partial. Register partial; review before promotion. Bridge correspondence, not proof."
KIMI-consciousness-C-010,topics/abc-consciousness.html,The self-reference is not circular; it is reflective.,requires both A and B register content,introduces cross-register bridge translation / correspondence,preserves both theological and scientific floors,"if removed, cross-register coherence collapses",A↔B↔C translation,coherent_partial,needs_review,yes,BR,C,create_bridge_atom,"Claim-level v0.2 pass; pre-pill. Register C status partial. Register partial; review before promotion. Bridge correspondence, not proof."
KIMI-consciousness-C-011,topics/abc-consciousness.html,The system sees itself in something that is not itself — the Trinitarian ground.,requires both A and B register content,introduces cross-register bridge translation / correspondence,preserves both theological and scientific floors,"if removed, cross-register coherence collapses",A↔B↔C translation,coherent_partial,needs_review,yes,BR,C,create_bridge_atom,"Claim-level v0.2 pass; pre-pill. Register C status partial. Register partial; review before promotion. Bridge correspondence, not proof."
KIMI-consciousness-C-012,topics/abc-consciousness.html,The mirror does not absorb what it reflects; it reveals the gap between the self and the ground.,requires both A and B register content,introduces cross-register bridge translation / correspondence,preserves both theological and scientific floors,"if removed, cross-register coherence collapses",A↔B↔C translation,coherent_partial,needs_review,yes,BR,C,create_bridge_atom,"Claim-level v0.2 pass; pre-pill. Register C status partial. Register partial; review before promotion. Bridge correspondence, not proof."
KIMI-consciousness-C-013,topics/abc-consciousness.html,"This is theology-register language, load-bearing inside the framework but not a public demonstration.",requires both A and B register content,introduces cross-register bridge translation / correspondence,preserves both theological and scientific floors,"if removed, cross-register coherence collapses",A↔B↔C translation,coherent_partial,needs_review,yes,BR,C,create_bridge_atom,"Claim-level v0.2 pass; pre-pill. Register C status partial. Register partial; review before promotion. Bridge correspondence, not proof."
KIMI-consciousness-C-014,topics/abc-consciousness.html,Each phenomenon is mapped to an existing framework operator.,requires both A and B register content,introduces cross-register bridge translation / correspondence,preserves both theological and scientific floors,"if removed, cross-register coherence collapses",A↔B↔C translation,coherent_partial,needs_review,yes,BR,C,create_bridge_atom,"Claim-level v0.2 pass; pre-pill. Register C status partial. Register partial; review before promotion. Bridge correspondence, not proof."
KIMI-consciousness-C-015,topics/abc-consciousness.html,"Grades follow the canon: [B] = formally structured; [C] = correspondence, more work needed.",requires both A and B register content,introduces cross-register bridge translation / correspondence,preserves both theological and scientific floors,"if removed, cross-register coherence collapses",A↔B↔C translation,coherent_partial,needs_review,yes,BR,C,create_bridge_atom,"Claim-level v0.2 pass; pre-pill. Register C status partial. Register partial; review before promotion. Bridge correspondence, not proof."
KIMI-consciousness-C-016,topics/abc-consciousness.html,Awareness → Coherence [B],requires both A and B register content,introduces cross-register bridge translation / correspondence,preserves both theological and scientific floors,"if removed, cross-register coherence collapses",A↔B↔C translation,coherent_partial,needs_review,yes,BR,C,create_bridge_atom,"Claim-level v0.2 pass; pre-pill. Register C status partial. Register partial; review before promotion. Bridge correspondence, not proof."
KIMI-consciousness-C-017,topics/abc-consciousness.html,Attention / Agency → Free Will [B],requires both A and B register content,introduces cross-register bridge translation / correspondence,preserves both theological and scientific floors,"if removed, cross-register coherence collapses",A↔B↔C translation,coherent_partial,needs_review,yes,BR,C,create_bridge_atom,"Claim-level v0.2 pass; pre-pill. Register C status partial. Register partial; review before promotion. Bridge correspondence, not proof."
KIMI-consciousness-C-018,topics/abc-consciousness.html,Meaning → Knowledge / Signal [B],requires both A and B register content,introduces cross-register bridge translation / correspondence,preserves both theological and scientific floors,"if removed, cross-register coherence collapses",A↔B↔C translation,coherent_partial,needs_review,yes,BR,C,create_bridge_atom,"Claim-level v0.2 pass; pre-pill. Register C status partial. Register partial; review before promotion. Bridge correspondence, not proof."
KIMI-consciousness-C-019,topics/abc-consciousness.html,Value → Orientation (A4) [B],requires both A and B register content,introduces cross-register bridge translation / correspondence,preserves both theological and scientific floors,"if removed, cross-register coherence collapses",A↔B↔C translation,coherent_partial,needs_review,yes,BR,C,create_bridge_atom,"Claim-level v0.2 pass; pre-pill. Register C status partial. Register partial; review before promotion. Bridge correspondence, not proof."
KIMI-consciousness-C-020,topics/abc-consciousness.html,Intention → Grace / Directed Force [C],requires both A and B register content,introduces cross-register bridge translation / correspondence,preserves both theological and scientific floors,"if removed, cross-register coherence collapses",A↔B↔C translation,coherent_partial,needs_review,yes,BR,C,create_bridge_atom,"Claim-level v0.2 pass; pre-pill. Register C status partial. Register partial; review before promotion. Bridge correspondence, not proof."
KIMI-consciousness-C-021,topics/abc-consciousness.html,Memory → Integrated Measure [C],requires both A and B register content,introduces cross-register bridge translation / correspondence,preserves both theological and scientific floors,"if removed, cross-register coherence collapses",A↔B↔C translation,coherent_partial,needs_review,yes,BR,C,create_bridge_atom,"Claim-level v0.2 pass; pre-pill. Register C status partial. Register partial; review before promotion. Bridge correspondence, not proof."
KIMI-consciousness-C-022,topics/abc-consciousness.html,Imagination → Possibility Space [C],requires both A and B register content,introduces cross-register bridge translation / correspondence,preserves both theological and scientific floors,"if removed, cross-register coherence collapses",A↔B↔C translation,coherent_partial,needs_review,yes,BR,C,create_bridge_atom,"Claim-level v0.2 pass; pre-pill. Register C status partial. Register partial; review before promotion. Bridge correspondence, not proof."
KIMI-consciousness-C-023,topics/abc-consciousness.html,The claim that moral awareness is constitutive of consciousness is the strongest structural result here.,requires both A and B register content,introduces cross-register bridge translation / correspondence,preserves both theological and scientific floors,"if removed, cross-register coherence collapses",A↔B↔C translation,coherent_partial,needs_review,yes,BR,C,create_bridge_atom,"Claim-level v0.2 pass; pre-pill. Register C status partial. Register partial; review before promotion. Bridge correspondence, not proof."
KIMI-consciousness-C-024,topics/abc-consciousness.html,Remove A4 (orientation) and the L3 fold collapses into a mere recursive loop.,requires both A and B register content,introduces cross-register bridge translation / correspondence,preserves both theological and scientific floors,"if removed, cross-register coherence collapses",A↔B↔C translation,coherent_partial,needs_review,yes,BR,C,create_bridge_atom,"Claim-level v0.2 pass; pre-pill. Register C status partial. Register partial; review before promotion. Bridge correspondence, not proof."
KIMI-consciousness-C-025,topics/abc-consciousness.html,"This claim is bridge-register and falsifiable in principle: demonstrate L3 consciousness in a system with no orientation architecture, and the claim is dead.",requires both A and B register content,introduces cross-register bridge translation / correspondence,preserves both theological and scientific floors,"if removed, cross-register coherence collapses",A↔B↔C translation,coherent_partial,needs_review,yes,BR,C,create_bridge_atom,"Claim-level v0.2 pass; pre-pill. Register C status partial. Register partial; review before promotion. Bridge correspondence, not proof."
KIMI-consciousness-C-026,topics/abc-consciousness.html,"The right Lean target is not ""prove consciousness exists."" It is the dependency graph.",requires both A and B register content,introduces cross-register bridge translation / correspondence,preserves both theological and scientific floors,"if removed, cross-register coherence collapses",A↔B↔C translation,coherent_partial,needs_review,yes,BR,C,create_bridge_atom,"Claim-level v0.2 pass; pre-pill. Register C status partial. Register partial; review before promotion. Bridge correspondence, not proof."
KIMI-consciousness-C-027,topics/abc-consciousness.html,"If Conscious is defined as representation plus self-reference plus orientation, Lean can prove conditional theorems: no consciousness without representation, no consciousness without self-reference, and no consciousness without orientation.",requires both A and B register content,introduces cross-register bridge translation / correspondence,preserves both theological and scientific floors,"if removed, cross-register coherence collapses",A↔B↔C translation,coherent_partial,needs_review,yes,PM,C,create_bridge_atom,Claim-level v0.2 pass; pre-pill. Register C status partial. Register partial; review before promotion. Philosophical/model claim.
KIMI-consciousness-C-028,topics/abc-consciousness.html,That would make the structure exact without pretending Lean proved humans have souls.,requires both A and B register content,introduces cross-register bridge translation / correspondence,preserves both theological and scientific floors,"if removed, cross-register coherence collapses",A↔B↔C translation,coherent_partial,needs_review,yes,BR,C,create_bridge_atom,"Claim-level v0.2 pass; pre-pill. Register C status partial. Register partial; review before promotion. Bridge correspondence, not proof."
KIMI-consciousness-C-029,topics/abc-consciousness.html,"Outside theology register, the sheet says the hard problem is reframed , not dissolved.",requires both A and B register content,introduces cross-register bridge translation / correspondence,preserves both theological and scientific floors,"if removed, cross-register coherence collapses",A↔B↔C translation,coherent_partial,needs_review,yes,BR,C,create_bridge_atom,"Claim-level v0.2 pass; pre-pill. Register C status partial. Register partial; review before promotion. Bridge correspondence, not proof."
KIMI-consciousness-C-030,topics/abc-consciousness.html,The question changes from “how does matter produce experience?” to “what does self-referential relation in an oriented substrate look like from the inside?” The theology register may speak more strongly; the bridge register keeps the boundary visible.,requires both A and B register content,introduces cross-register bridge translation / correspondence,preserves both theological and scientific floors,"if removed, cross-register coherence collapses",A↔B↔C translation,coherent_partial,needs_review,yes,BR,C,create_bridge_atom,"Claim-level v0.2 pass; pre-pill. Register C status partial. Register partial; review before promotion. Bridge correspondence, not proof."
KIMI-consciousness-C-031,topics/abc-consciousness.html,"The hard-problem paper proposes a syzygy structure : consciousness orientations are binary sign states (+1 aligned with Logos, −1 opposed).",requires both A and B register content,introduces cross-register bridge translation / correspondence,preserves both theological and scientific floors,"if removed, cross-register coherence collapses",A↔B↔C translation,coherent_partial,needs_review,yes,BR,C,create_bridge_atom,"Claim-level v0.2 pass; pre-pill. Register C status partial. Register partial; review before promotion. Bridge correspondence, not proof."
KIMI-consciousness-C-032,topics/abc-consciousness.html,"The claim is conditional: if consciousness has this binary sign structure, then an external transformation mechanism is mathematically necessary to flip the sign.",requires both A and B register content,introduces cross-register bridge translation / correspondence,preserves both theological and scientific floors,"if removed, cross-register coherence collapses",A↔B↔C translation,coherent_partial,needs_review,yes,BR,C,create_bridge_atom,"Claim-level v0.2 pass; pre-pill. Register C status partial. Register partial; review before promotion. Bridge correspondence, not proof."
KIMI-consciousness-C-033,topics/abc-consciousness.html,Self-generated operations cannot change their own sign any more than a vector can rotate itself out of its own plane.,requires both A and B register content,introduces cross-register bridge translation / correspondence,preserves both theological and scientific floors,"if removed, cross-register coherence collapses",A↔B↔C translation,coherent_partial,needs_review,yes,BR,C,create_bridge_atom,"Claim-level v0.2 pass; pre-pill. Register C status partial. Register partial; review before promotion. Bridge correspondence, not proof."
KIMI-consciousness-C-034,topics/abc-consciousness.html,"This is a bridge model, not an empirical proof that consciousness is binary.",requires both A and B register content,introduces cross-register bridge translation / correspondence,preserves both theological and scientific floors,"if removed, cross-register coherence collapses",A↔B↔C translation,coherent_partial,needs_review,yes,BR,C,create_bridge_atom,"Claim-level v0.2 pass; pre-pill. Register C status partial. Register partial; review before promotion. Bridge correspondence, not proof."
KIMI-consciousness-C-035,topics/abc-consciousness.html,"It makes testable predictions (bimodal coherence distributions, sign-flip requiring external intervention) and carries its own kill conditions.",requires both A and B register content,introduces cross-register bridge translation / correspondence,preserves both theological and scientific floors,"if removed, cross-register coherence collapses",A↔B↔C translation,coherent_partial,needs_review,yes,BR,C,create_bridge_atom,"Claim-level v0.2 pass; pre-pill. Register C status partial. Register partial; review before promotion. Bridge correspondence, not proof."
KIMI-consciousness-C-036,topics/abc-consciousness.html,It fits the L3–L4 ladder but does not replace neuroscience.,requires both A and B register content,introduces cross-register bridge translation / correspondence,preserves both theological and scientific floors,"if removed, cross-register coherence collapses",A↔B↔C translation,coherent_partial,needs_review,yes,BR,C,create_bridge_atom,"Claim-level v0.2 pass; pre-pill. Register C status partial. Register partial; review before promotion. Bridge correspondence, not proof."
KIMI-consciousness-C-037,topics/abc-consciousness.html,"Consciousness follows Coherence-Degradation-Restoration: the capacity is given (C), the channel degrades but the architecture holds (D), and restoration requires an external source term (R).",requires both A and B register content,introduces cross-register bridge translation / correspondence,preserves both theological and scientific floors,"if removed, cross-register coherence collapses",A↔B↔C translation,coherent_partial,needs_review,yes,BR,C,create_bridge_atom,"Claim-level v0.2 pass; pre-pill. Register C status partial. Register partial; review before promotion. Bridge correspondence, not proof."
KIMI-consciousness-C-038,topics/abc-consciousness.html,Same grammar as other domains; same honesty about status.,requires both A and B register content,introduces cross-register bridge translation / correspondence,preserves both theological and scientific floors,"if removed, cross-register coherence collapses",A↔B↔C translation,coherent_partial,needs_review,yes,BR,C,create_bridge_atom,"Claim-level v0.2 pass; pre-pill. Register C status partial. Register partial; review before promotion. Bridge correspondence, not proof."
KIMI-consciousness-C-039,topics/abc-consciousness.html,Demonstrate L3 consciousness in a system with no orientation architecture.,requires both A and B register content,introduces cross-register bridge translation / correspondence,preserves both theological and scientific floors,"if removed, cross-register coherence collapses",A↔B↔C translation,coherent_partial,needs_review,yes,BR,C,create_bridge_atom,"Claim-level v0.2 pass; pre-pill. Register C status partial. Register partial; review before promotion. Bridge correspondence, not proof."
KIMI-consciousness-C-040,topics/abc-consciousness.html,Raise humans with zero cultural input and show zero moral intuition.,requires both A and B register content,introduces cross-register bridge translation / correspondence,preserves both theological and scientific floors,"if removed, cross-register coherence collapses",A↔B↔C translation,coherent_partial,needs_review,yes,BR,C,create_bridge_atom,"Claim-level v0.2 pass; pre-pill. Register C status partial. Register partial; review before promotion. Bridge correspondence, not proof."
KIMI-consciousness-C-041,topics/abc-consciousness.html,Derive qualia from a non-relational substrate.,requires both A and B register content,introduces cross-register bridge translation / correspondence,preserves both theological and scientific floors,"if removed, cross-register coherence collapses",A↔B↔C translation,coherent_partial,needs_review,yes,BR,C,create_bridge_atom,"Claim-level v0.2 pass; pre-pill. Register C status partial. Register partial; review before promotion. Bridge correspondence, not proof."
KIMI-consciousness-C-042,topics/abc-consciousness.html,Demonstrate a structurally non-triadic mode of consciousness.,requires both A and B register content,introduces cross-register bridge translation / correspondence,preserves both theological and scientific floors,"if removed, cross-register coherence collapses",A↔B↔C translation,coherent_partial,needs_review,yes,BR,C,create_bridge_atom,"Claim-level v0.2 pass; pre-pill. Register C status partial. Register partial; review before promotion. Bridge correspondence, not proof."
KIMI-consciousness-C-043,topics/abc-consciousness.html,"Show that consciousness orientation is continuous rather than bimodal, if the binary sign model is being claimed.",requires both A and B register content,introduces cross-register bridge translation / correspondence,preserves both theological and scientific floors,"if removed, cross-register coherence collapses",A↔B↔C translation,coherent_partial,needs_review,yes,BR,C,create_bridge_atom,"Claim-level v0.2 pass; pre-pill. Register C status partial. Register partial; review before promotion. Bridge correspondence, not proof."
KIMI-consciousness-C-044,topics/abc-consciousness.html,This page does not claim to have experimentally solved consciousness.,requires both A and B register content,introduces cross-register bridge translation / correspondence,preserves both theological and scientific floors,"if removed, cross-register coherence collapses",A↔B↔C translation,coherent_partial,needs_review,yes,BR,C,create_bridge_atom,"Claim-level v0.2 pass; pre-pill. Register C status partial. Register partial; review before promotion. Bridge correspondence, not proof."
KIMI-consciousness-C-045,topics/abc-consciousness.html,"It claims that, within Theophysics, consciousness is best understood as self-referential, morally oriented relation grounded in the same triadic structure the framework identifies at the foundation of reality.",requires both A and B register content,introduces cross-register bridge translation / correspondence,preserves both theological and scientific floors,"if removed, cross-register coherence collapses",A↔B↔C translation,coherent_partial,needs_review,yes,BR,C,create_bridge_atom,"Claim-level v0.2 pass; pre-pill. Register C status partial. Register partial; review before promotion. Bridge correspondence, not proof."
KIMI-consciousness-C-046,topics/abc-consciousness.html,"""Derives"" here means structural derivation : given the four axioms and the Ten Laws, the L1–L4 staircase follows by logical entailment.",requires both A and B register content,introduces cross-register bridge translation / correspondence,preserves both theological and scientific floors,"if removed, cross-register coherence collapses",A↔B↔C translation,coherent_partial,needs_review,yes,PM,C,create_bridge_atom,Claim-level v0.2 pass; pre-pill. Register C status partial. Register partial; review before promotion. Philosophical/model claim.
KIMI-consciousness-C-047,topics/abc-consciousness.html,"It is not an empirical derivation, a Lean proof, or a causal explanation of how neurons produce qualia.",requires both A and B register content,introduces cross-register bridge translation / correspondence,preserves both theological and scientific floors,"if removed, cross-register coherence collapses",A↔B↔C translation,coherent_partial,needs_review,yes,BR,C,create_bridge_atom,"Claim-level v0.2 pass; pre-pill. Register C status partial. Register partial; review before promotion. Bridge correspondence, not proof."
KIMI-consciousness-C-048,topics/abc-consciousness.html,"AI at L2 only is a working prediction, not a final verdict.",requires both A and B register content,introduces cross-register bridge translation / correspondence,preserves both theological and scientific floors,"if removed, cross-register coherence collapses",A↔B↔C translation,coherent_partial,needs_review,yes,BR,C,create_bridge_atom,"Claim-level v0.2 pass; pre-pill. Register C status partial. Register partial; review before promotion. Bridge correspondence, not proof."
KIMI-consciousness-C-049,topics/abc-consciousness.html,The morality-as-constitutive claim is strong but remains under review.,requires both A and B register content,introduces cross-register bridge translation / correspondence,preserves both theological and scientific floors,"if removed, cross-register coherence collapses",A↔B↔C translation,coherent_partial,needs_review,yes,BR,C,create_bridge_atom,"Claim-level v0.2 pass; pre-pill. Register C status partial. Register partial; review before promotion. Bridge correspondence, not proof."
KIMI-cost-shadow-doorway-A-001,topics/abc-cost-shadow.html,"Theology frames the possibility of evil, the reality of sin , and the convergence of justice , mercy , and cost at the Cross.",none (theological ground / L0 instantiation),confesses a theological identification or doctrine,created-order distinction/relation preserved in background,"if removed, corresponding bridge readings lose theological anchor",domain-bound (A); C translates as bridge candidate,coherent,yes,yes,C,B,create_claim_atom,Claim-level v0.2 pass; pre-pill. Register A status present.
KIMI-cost-shadow-doorway-A-002,topics/abc-cost-shadow.html,The clean line: evil is not a created substance.,none (theological ground / L0 instantiation),confesses a theological identification or doctrine,created-order distinction/relation preserved in background,"if removed, corresponding bridge readings lose theological anchor",domain-bound (A); C translates as bridge candidate,coherent,yes,yes,C,B,create_claim_atom,Claim-level v0.2 pass; pre-pill. Register A status present.
KIMI-cost-shadow-doorway-A-003,topics/abc-cost-shadow.html,"Evil is the away-direction made possible by the reality of the Good, and made enterable only when finite freedom exists.",none (theological ground / L0 instantiation),confesses a theological identification or doctrine,created-order distinction/relation preserved in background,"if removed, corresponding bridge readings lose theological anchor",domain-bound (A); C translates as bridge candidate,coherent,yes,yes,C,B,create_claim_atom,Claim-level v0.2 pass; pre-pill. Register A status present.
KIMI-cost-shadow-doorway-A-004,topics/abc-cost-shadow.html,The shadow was cast at creation as bounded possibility.,none (theological ground / L0 instantiation),confesses a theological identification or doctrine,created-order distinction/relation preserved in background,"if removed, corresponding bridge readings lose theological anchor",domain-bound (A); C translates as bridge candidate,coherent,yes,yes,C,B,create_claim_atom,Claim-level v0.2 pass; pre-pill. Register A status present.
KIMI-cost-shadow-doorway-A-005,topics/abc-cost-shadow.html,It was entered at the Fall as actual refusal.,none (theological ground / L0 instantiation),confesses a theological identification or doctrine,created-order distinction/relation preserved in background,"if removed, corresponding bridge readings lose theological anchor",domain-bound (A); C translates as bridge candidate,coherent,yes,yes,C,B,create_claim_atom,Claim-level v0.2 pass; pre-pill. Register A status present.
KIMI-cost-shadow-doorway-A-006,topics/abc-cost-shadow.html,Creation carries a structural cost; creatures carry a moral responsibility.,none (theological ground / L0 instantiation),confesses a theological identification or doctrine,created-order distinction/relation preserved in background,"if removed, corresponding bridge readings lose theological anchor",domain-bound (A); C translates as bridge candidate,coherent,yes,yes,C,B,create_claim_atom,Claim-level v0.2 pass; pre-pill. Register A status present.
KIMI-cost-shadow-doorway-A-007,topics/abc-cost-shadow.html,"The two are separate, and both are real.",none (theological ground / L0 instantiation),confesses a theological identification or doctrine,created-order distinction/relation preserved in background,"if removed, corresponding bridge readings lose theological anchor",domain-bound (A); C translates as bridge candidate,coherent,yes,yes,C,B,create_claim_atom,Claim-level v0.2 pass; pre-pill. Register A status present.
KIMI-cost-shadow-doorway-A-008,topics/abc-cost-shadow.html,"At the center of Christian theology, justice and mercy meet because the Judge himself pays the debt.",none (theological ground / L0 instantiation),confesses a theological identification or doctrine,created-order distinction/relation preserved in background,"if removed, corresponding bridge readings lose theological anchor",domain-bound (A); C translates as bridge candidate,coherent,yes,yes,C,B,create_claim_atom,Claim-level v0.2 pass; pre-pill. Register A status present.
KIMI-cost-shadow-doorway-A-009,topics/abc-cost-shadow.html,Christ is the voluntary external cost-bearer.,none (theological ground / L0 instantiation),confesses a theological identification or doctrine,created-order distinction/relation preserved in background,"if removed, corresponding bridge readings lose theological anchor",domain-bound (A); C translates as bridge candidate,coherent,yes,yes,C,B,create_claim_atom,Claim-level v0.2 pass; pre-pill. Register A status present.
KIMI-cost-shadow-doorway-A-010,topics/abc-cost-shadow.html,He does not cancel the moral ledger by fiat; he satisfies it by his own blood.,none (theological ground / L0 instantiation),confesses a theological identification or doctrine,created-order distinction/relation preserved in background,"if removed, corresponding bridge readings lose theological anchor",domain-bound (A); C translates as bridge candidate,coherent,yes,yes,C,B,create_claim_atom,Claim-level v0.2 pass; pre-pill. Register A status present.
KIMI-cost-shadow-doorway-A-011,topics/abc-cost-shadow.html,"Substitutionary atonement means that the righteous one stands in the place of the unrighteous, bearing what sin deserved so that mercy can be righteous and justice can be merciful.",none (theological ground / L0 instantiation),confesses a theological identification or doctrine,created-order distinction/relation preserved in background,"if removed, corresponding bridge readings lose theological anchor",domain-bound (A); C translates as bridge candidate,coherent,yes,yes,C,B,create_claim_atom,Claim-level v0.2 pass; pre-pill. Register A status present.
KIMI-cost-shadow-doorway-A-012,topics/abc-cost-shadow.html,This is why the Cross is not one symbol among many; it is the unique event that makes the convergence of justice and mercy possible.,none (theological ground / L0 instantiation),confesses a theological identification or doctrine,created-order distinction/relation preserved in background,"if removed, corresponding bridge readings lose theological anchor",domain-bound (A); C translates as bridge candidate,coherent,yes,yes,C,B,create_claim_atom,Claim-level v0.2 pass; pre-pill. Register A status present.
KIMI-cost-shadow-doorway-A-013,topics/abc-cost-shadow.html,Humanity in this picture: human beings are debtors who cannot pay their own way.,none (theological ground / L0 instantiation),confesses a theological identification or doctrine,created-order distinction/relation preserved in background,"if removed, corresponding bridge readings lose theological anchor",domain-bound (A); C translates as bridge candidate,coherent,yes,yes,C,B,create_claim_atom,Claim-level v0.2 pass; pre-pill. Register A status present.
KIMI-cost-shadow-doorway-A-014,topics/abc-cost-shadow.html,The law can expose the debt; only grace can settle it.,none (theological ground / L0 instantiation),confesses a theological identification or doctrine,created-order distinction/relation preserved in background,"if removed, corresponding bridge readings lose theological anchor",domain-bound (A); C translates as bridge candidate,coherent,yes,yes,C,B,create_claim_atom,Claim-level v0.2 pass; pre-pill. Register A status present.
KIMI-cost-shadow-doorway-A-015,topics/abc-cost-shadow.html,The Christian is one who accepts the payment and is then called to live as a debtor to mercy.,none (theological ground / L0 instantiation),confesses a theological identification or doctrine,created-order distinction/relation preserved in background,"if removed, corresponding bridge readings lose theological anchor",domain-bound (A); C translates as bridge candidate,coherent,yes,yes,C,B,create_claim_atom,Claim-level v0.2 pass; pre-pill. Register A status present.
KIMI-cost-shadow-doorway-B-001,topics/abc-cost-shadow.html,"Physics can describe entropy, irreversibility, conservation, and cost.",requires empirical method / opening axioms (L0-L2),"introduces a physics-register model, observation, or formal method",mathematical/logical lower-layer floor preserved,"if removed, dependent bridge claims collapse to analogy",domain-bound (B); C translates structure across,coherent_partial,needs_review,yes,PH,C,create_gap_atom,Claim-level v0.2 pass; pre-pill. Register B status partial. Register partial; review before promotion. Physics-register claim; formal/empirical support required.
KIMI-cost-shadow-doorway-B-002,topics/abc-cost-shadow.html,It cannot by itself say that a moral debt has been paid or that grace exists.,requires empirical method / opening axioms (L0-L2),"introduces a physics-register model, observation, or formal method",mathematical/logical lower-layer floor preserved,"if removed, dependent bridge claims collapse to analogy",domain-bound (B); C translates structure across,coherent_partial,needs_review,yes,E,C,create_gap_atom,Claim-level v0.2 pass; pre-pill. Register B status partial. Register partial; review before promotion.
KIMI-cost-shadow-doorway-B-003,topics/abc-cost-shadow.html,The framework distinguishes structural entropy (the neutral cost of finitude) from moral entropy (the directional fracture of will).,requires empirical method / opening axioms (L0-L2),"introduces a physics-register model, observation, or formal method",mathematical/logical lower-layer floor preserved,"if removed, dependent bridge claims collapse to analogy",domain-bound (B); C translates structure across,coherent_partial,needs_review,yes,PH,C,create_gap_atom,Claim-level v0.2 pass; pre-pill. Register B status partial. Register partial; review before promotion. Physics-register claim; formal/empirical support required.
KIMI-cost-shadow-doorway-B-004,topics/abc-cost-shadow.html,Confusing them either makes God the author of evil or excuses human cruelty.,requires empirical method / opening axioms (L0-L2),"introduces a physics-register model, observation, or formal method",mathematical/logical lower-layer floor preserved,"if removed, dependent bridge claims collapse to analogy",domain-bound (B); C translates structure across,coherent_partial,needs_review,yes,E,C,create_gap_atom,Claim-level v0.2 pass; pre-pill. Register B status partial. Register partial; review before promotion.
KIMI-cost-shadow-doorway-C-001,topics/abc-cost-shadow.html,The shadow page is strong and mostly family-safe.,requires both A and B register content,introduces cross-register bridge translation / correspondence,preserves both theological and scientific floors,"if removed, cross-register coherence collapses",A↔B↔C translation,coherent_partial,needs_review,yes,BR,C,create_bridge_atom,"Claim-level v0.2 pass; pre-pill. Register C status partial. Register partial; review before promotion. Bridge correspondence, not proof."
KIMI-cost-shadow-doorway-C-002,topics/abc-cost-shadow.html,"The cost page is marked ""do not send yet"" in the audit because it may predate later caveats or retired claims.",requires both A and B register content,introduces cross-register bridge translation / correspondence,preserves both theological and scientific floors,"if removed, cross-register coherence collapses",A↔B↔C translation,coherent_partial,needs_review,yes,BR,C,create_bridge_atom,"Claim-level v0.2 pass; pre-pill. Register C status partial. Register partial; review before promotion. Bridge correspondence, not proof."
KIMI-cost-shadow-doorway-C-003,topics/abc-cost-shadow.html,"Locked bridge claims: structural entropy ≠ moral entropy; ""very good"" includes the cost of finitude; the Fall is a relational breach (removal of maintenance), not a physics change.",requires both A and B register content,introduces cross-register bridge translation / correspondence,preserves both theological and scientific floors,"if removed, cross-register coherence collapses",A↔B↔C translation,coherent_partial,needs_review,yes,BR,C,create_bridge_atom,"Claim-level v0.2 pass; pre-pill. Register C status partial. Register partial; review before promotion. Bridge correspondence, not proof."
KIMI-cost-shadow-doorway-C-004,topics/abc-cost-shadow.html,"Open: ""Tree of Life as grace-maintenance"" is interpretive, not derived from axioms.",requires both A and B register content,introduces cross-register bridge translation / correspondence,preserves both theological and scientific floors,"if removed, cross-register coherence collapses",A↔B↔C translation,coherent_partial,needs_review,yes,PM,C,create_bridge_atom,Claim-level v0.2 pass; pre-pill. Register C status partial. Register partial; review before promotion. Philosophical/model claim.
KIMI-cost-shadow-doorway-C-005,topics/abc-cost-shadow.html,The cost page's claims should be cross-checked against the latest canon rulings before broad sharing.,requires both A and B register content,introduces cross-register bridge translation / correspondence,preserves both theological and scientific floors,"if removed, cross-register coherence collapses",A↔B↔C translation,coherent_partial,needs_review,yes,BR,C,create_bridge_atom,"Claim-level v0.2 pass; pre-pill. Register C status partial. Register partial; review before promotion. Bridge correspondence, not proof."
KIMI-fall-redemption-A-001,topics/abc-fall-redemption.html,Theology tells the story of two heads.,none (theological ground / L0 instantiation),confesses a theological identification or doctrine,created-order distinction/relation preserved in background,"if removed, corresponding bridge readings lose theological anchor",domain-bound (A); C translates as bridge candidate,coherent,yes,yes,C,B,create_claim_atom,Claim-level v0.2 pass; pre-pill. Register A status present.
KIMI-fall-redemption-A-002,topics/abc-fall-redemption.html,"Adam, made in God's image, was given a probationary command and the freedom to obey or refuse.",none (theological ground / L0 instantiation),confesses a theological identification or doctrine,created-order distinction/relation preserved in background,"if removed, corresponding bridge readings lose theological anchor",domain-bound (A); C translates as bridge candidate,coherent,yes,yes,C,B,create_claim_atom,Claim-level v0.2 pass; pre-pill. Register A status present.
KIMI-fall-redemption-A-003,topics/abc-fall-redemption.html,"His refusal brought death — not merely biological end but estrangement from God, one another, and the created order.",none (theological ground / L0 instantiation),confesses a theological identification or doctrine,created-order distinction/relation preserved in background,"if removed, corresponding bridge readings lose theological anchor",domain-bound (A); C translates as bridge candidate,coherent,yes,yes,C,B,create_claim_atom,Claim-level v0.2 pass; pre-pill. Register A status present.
KIMI-fall-redemption-A-004,topics/abc-fall-redemption.html,"This is the Fall: a real historical rupture that affects every human being who descends from Adam by ordinary generation. ""Sin came into the world through one man, and death through sin, and so death spread to all men because all sinned"" (Rom 5:12).",none (theological ground / L0 instantiation),confesses a theological identification or doctrine,created-order distinction/relation preserved in background,"if removed, corresponding bridge readings lose theological anchor",domain-bound (A); C translates as bridge candidate,coherent,yes,yes,S,B,create_claim_atom,Claim-level v0.2 pass; pre-pill. Register A status present. Scriptural/traditional source.
KIMI-fall-redemption-A-005,topics/abc-fall-redemption.html,Evil is not a substance God created.,none (theological ground / L0 instantiation),confesses a theological identification or doctrine,created-order distinction/relation preserved in background,"if removed, corresponding bridge readings lose theological anchor",domain-bound (A); C translates as bridge candidate,coherent,yes,yes,C,B,create_claim_atom,Claim-level v0.2 pass; pre-pill. Register A status present.
KIMI-fall-redemption-A-006,topics/abc-fall-redemption.html,"It is the away-direction, the parasitic twisting of a good thing, the refusal of creaturely dependence upon the Creator.",none (theological ground / L0 instantiation),confesses a theological identification or doctrine,created-order distinction/relation preserved in background,"if removed, corresponding bridge readings lose theological anchor",domain-bound (A); C translates as bridge candidate,coherent,yes,yes,C,B,create_claim_atom,Claim-level v0.2 pass; pre-pill. Register A status present.
KIMI-fall-redemption-A-007,topics/abc-fall-redemption.html,"The devil is a fallen creature, not a co-equal opposite.",none (theological ground / L0 instantiation),confesses a theological identification or doctrine,created-order distinction/relation preserved in background,"if removed, corresponding bridge readings lose theological anchor",domain-bound (A); C translates as bridge candidate,coherent,yes,yes,C,B,create_claim_atom,Claim-level v0.2 pass; pre-pill. Register A status present.
KIMI-fall-redemption-A-008,topics/abc-fall-redemption.html,"Hell is the final persistence of that refusal, not a torture chamber God invents for spite.",none (theological ground / L0 instantiation),confesses a theological identification or doctrine,created-order distinction/relation preserved in background,"if removed, corresponding bridge readings lose theological anchor",domain-bound (A); C translates as bridge candidate,coherent,yes,yes,C,B,create_claim_atom,Claim-level v0.2 pass; pre-pill. Register A status present.
KIMI-fall-redemption-A-009,topics/abc-fall-redemption.html,Grace is not plan B.,none (theological ground / L0 instantiation),confesses a theological identification or doctrine,created-order distinction/relation preserved in background,"if removed, corresponding bridge readings lose theological anchor",domain-bound (A); C translates as bridge candidate,coherent,yes,yes,C,B,create_claim_atom,Claim-level v0.2 pass; pre-pill. Register A status present.
KIMI-fall-redemption-A-010,topics/abc-fall-redemption.html,The Lamb was slain before the foundation of the world (Rev 13:8).,none (theological ground / L0 instantiation),confesses a theological identification or doctrine,created-order distinction/relation preserved in background,"if removed, corresponding bridge readings lose theological anchor",domain-bound (A); C translates as bridge candidate,coherent,yes,yes,S,B,create_claim_atom,Claim-level v0.2 pass; pre-pill. Register A status present. Scriptural/traditional source.
KIMI-fall-redemption-A-011,topics/abc-fall-redemption.html,"God's answer to the Fall is the second Adam, Jesus Christ.",none (theological ground / L0 instantiation),confesses a theological identification or doctrine,created-order distinction/relation preserved in background,"if removed, corresponding bridge readings lose theological anchor",domain-bound (A); C translates as bridge candidate,coherent,yes,yes,C,B,create_claim_atom,Claim-level v0.2 pass; pre-pill. Register A status present.
KIMI-fall-redemption-A-012,topics/abc-fall-redemption.html,"Where Adam failed, Christ obeyed; where Adam brought condemnation, Christ brings justification; where Adam's sin reigned in death, grace reigns through righteousness to eternal life (Rom 5:12-21).",none (theological ground / L0 instantiation),confesses a theological identification or doctrine,created-order distinction/relation preserved in background,"if removed, corresponding bridge readings lose theological anchor",domain-bound (A); C translates as bridge candidate,coherent,yes,yes,S,B,create_claim_atom,Claim-level v0.2 pass; pre-pill. Register A status present. Scriptural/traditional source.
KIMI-fall-redemption-A-013,topics/abc-fall-redemption.html,"Redemption is not a reset to Eden; it is a new creation, begun in the resurrection of Christ and awaited in the resurrection of the body.",none (theological ground / L0 instantiation),confesses a theological identification or doctrine,created-order distinction/relation preserved in background,"if removed, corresponding bridge readings lose theological anchor",domain-bound (A); C translates as bridge candidate,coherent,yes,yes,C,B,create_claim_atom,Claim-level v0.2 pass; pre-pill. Register A status present.
KIMI-fall-redemption-A-014,topics/abc-fall-redemption.html,Humanity in this picture: every human being is either in Adam or in Christ .,none (theological ground / L0 instantiation),confesses a theological identification or doctrine,created-order distinction/relation preserved in background,"if removed, corresponding bridge readings lose theological anchor",domain-bound (A); C translates as bridge candidate,coherent,yes,yes,C,B,create_claim_atom,Claim-level v0.2 pass; pre-pill. Register A status present.
KIMI-fall-redemption-A-015,topics/abc-fall-redemption.html,There is no neutral ground.,none (theological ground / L0 instantiation),confesses a theological identification or doctrine,created-order distinction/relation preserved in background,"if removed, corresponding bridge readings lose theological anchor",domain-bound (A); C translates as bridge candidate,coherent,yes,yes,C,B,create_claim_atom,Claim-level v0.2 pass; pre-pill. Register A status present.
KIMI-fall-redemption-A-016,topics/abc-fall-redemption.html,"The transition is not by biology, culture, or effort, but by faith — the voluntary reception of the grace offered in the gospel.",none (theological ground / L0 instantiation),confesses a theological identification or doctrine,created-order distinction/relation preserved in background,"if removed, corresponding bridge readings lose theological anchor",domain-bound (A); C translates as bridge candidate,coherent,yes,yes,C,B,create_claim_atom,Claim-level v0.2 pass; pre-pill. Register A status present.
KIMI-fall-redemption-B-001,topics/abc-fall-redemption.html,"Science can describe physical systems, entropy, noise, boundaries, and openness.",none (register gap),none,science floor is not applicable here,"if filled with invented science, bridge becomes smuggled",domain-bound gap (B missing),defective,partial,yes,PH,D,create_objection_atom,Claim-level v0.2 pass; pre-pill. Register B status gap. Register gap; do not invent missing science. Physics-register claim; formal/empirical support required.
KIMI-fall-redemption-B-002,topics/abc-fall-redemption.html,It has no register for moral origin before physical systems exist.,none (register gap),none,science floor is not applicable here,"if filled with invented science, bridge becomes smuggled",domain-bound gap (B missing),defective,partial,yes,E,D,create_objection_atom,Claim-level v0.2 pass; pre-pill. Register B status gap. Register gap; do not invent missing science.
KIMI-fall-redemption-B-003,topics/abc-fall-redemption.html,"This gap should be marked, not filled with invented science.",none (register gap),none,science floor is not applicable here,"if filled with invented science, bridge becomes smuggled",domain-bound gap (B missing),defective,partial,yes,E,D,create_objection_atom,Claim-level v0.2 pass; pre-pill. Register B status gap. Register gap; do not invent missing science.
KIMI-fall-redemption-C-001,topics/abc-fall-redemption.html,"Theophysics can model refusal as closure, loss of coherence , and increasing drift.",requires both A and B register content,introduces cross-register bridge translation / correspondence,preserves both theological and scientific floors,"if removed, cross-register coherence collapses",A↔B↔C translation,coherent,yes,yes,PM,C,create_bridge_atom,Claim-level v0.2 pass; pre-pill. Register C status present. Philosophical/model claim.
KIMI-fall-redemption-C-002,topics/abc-fall-redemption.html,It can model grace as reopening from beyond a closed system.,requires both A and B register content,introduces cross-register bridge translation / correspondence,preserves both theological and scientific floors,"if removed, cross-register coherence collapses",A↔B↔C translation,coherent,yes,yes,BR,C,create_bridge_atom,"Claim-level v0.2 pass; pre-pill. Register C status present. Bridge correspondence, not proof."
KIMI-fall-redemption-C-003,topics/abc-fall-redemption.html,"These are bridge models, not physics proofs of the Fall.",requires both A and B register content,introduces cross-register bridge translation / correspondence,preserves both theological and scientific floors,"if removed, cross-register coherence collapses",A↔B↔C translation,coherent,yes,yes,BR,C,create_bridge_atom,"Claim-level v0.2 pass; pre-pill. Register C status present. Bridge correspondence, not proof."
KIMI-fall-redemption-C-004,topics/abc-fall-redemption.html,The central formal results live in Law V and Law VIII.,requires both A and B register content,introduces cross-register bridge translation / correspondence,preserves both theological and scientific floors,"if removed, cross-register coherence collapses",A↔B↔C translation,coherent,yes,yes,BR,C,create_bridge_atom,"Claim-level v0.2 pass; pre-pill. Register C status present. Bridge correspondence, not proof."
KIMI-fall-redemption-C-005,topics/abc-fall-redemption.html,"R(offense, α) holds justice and mercy simultaneously: α = 1 (offender pays), α = 0 (third party pays), and α = 0 + judge-as-payer is the Cross — the unique point where both justice and mercy reach their maximum.",requires both A and B register content,introduces cross-register bridge translation / correspondence,preserves both theological and scientific floors,"if removed, cross-register coherence collapses",A↔B↔C translation,coherent,yes,yes,BR,C,create_bridge_atom,"Claim-level v0.2 pass; pre-pill. Register C status present. Bridge correspondence, not proof."
KIMI-fall-redemption-C-006,topics/abc-fall-redemption.html,Law VIII models moral breakdown as a three-body decay: ψ_whole → ψ_broken + δ + ν_loss.,requires both A and B register content,introduces cross-register bridge translation / correspondence,preserves both theological and scientific floors,"if removed, cross-register coherence collapses",A↔B↔C translation,coherent,yes,yes,BR,C,create_bridge_atom,"Claim-level v0.2 pass; pre-pill. Register C status present. Bridge correspondence, not proof."
KIMI-fall-redemption-C-007,topics/abc-fall-redemption.html,The ledger does not forget; grace does not pretend.,requires both A and B register content,introduces cross-register bridge translation / correspondence,preserves both theological and scientific floors,"if removed, cross-register coherence collapses",A↔B↔C translation,coherent,yes,yes,BR,C,create_bridge_atom,"Claim-level v0.2 pass; pre-pill. Register C status present. Bridge correspondence, not proof."
KIMI-hard-questions-A-001,topics/abc-hard-questions.html,"Theology cannot protect itself by deleting scandal, judgment, or difficult biblical texts.",none (theological ground / L0 instantiation),confesses a theological identification or doctrine,created-order distinction/relation preserved in background,"if removed, corresponding bridge readings lose theological anchor",domain-bound (A); C translates as bridge candidate,coherent,yes,yes,C,B,create_claim_atom,Claim-level v0.2 pass; pre-pill. Register A status present.
KIMI-hard-questions-A-002,topics/abc-hard-questions.html,"The posture is reverent honesty, not moral authority stolen from God.",none (theological ground / L0 instantiation),confesses a theological identification or doctrine,created-order distinction/relation preserved in background,"if removed, corresponding bridge readings lose theological anchor",domain-bound (A); C translates as bridge candidate,coherent,yes,yes,C,B,create_claim_atom,Claim-level v0.2 pass; pre-pill. Register A status present.
KIMI-hard-questions-A-003,topics/abc-hard-questions.html,"The Bible itself models honest questioning: Job defends his integrity to God's face; Habakkuk demands God account for injustice; the psalmists cry out; Jesus himself quotes Psalm 22 from the cross: ""My God, my God, why have you forsaken me?""",none (theological ground / L0 instantiation),confesses a theological identification or doctrine,created-order distinction/relation preserved in background,"if removed, corresponding bridge readings lose theological anchor",domain-bound (A); C translates as bridge candidate,coherent,yes,yes,S,B,create_claim_atom,Claim-level v0.2 pass; pre-pill. Register A status present. Scriptural/traditional source.
KIMI-hard-questions-A-004,topics/abc-hard-questions.html,The Job posture — questioning in loyalty — is the only one that preserves both truth and love.,none (theological ground / L0 instantiation),confesses a theological identification or doctrine,created-order distinction/relation preserved in background,"if removed, corresponding bridge readings lose theological anchor",domain-bound (A); C translates as bridge candidate,coherent,yes,yes,C,B,create_claim_atom,Claim-level v0.2 pass; pre-pill. Register A status present.
KIMI-hard-questions-A-005,topics/abc-hard-questions.html,"It refuses the four dangerous postures: closed book (atheism), apologist (conscience silenced), authority (God as tyrant), and adversarial (taking God's seat).",none (theological ground / L0 instantiation),confesses a theological identification or doctrine,created-order distinction/relation preserved in background,"if removed, corresponding bridge readings lose theological anchor",domain-bound (A); C translates as bridge candidate,coherent,yes,yes,C,B,create_claim_atom,Claim-level v0.2 pass; pre-pill. Register A status present.
KIMI-hard-questions-A-006,topics/abc-hard-questions.html,Lament is not unbelief; it is prayer under pressure.,none (theological ground / L0 instantiation),confesses a theological identification or doctrine,created-order distinction/relation preserved in background,"if removed, corresponding bridge readings lose theological anchor",domain-bound (A); C translates as bridge candidate,coherent,yes,yes,C,B,create_claim_atom,Claim-level v0.2 pass; pre-pill. Register A status present.
KIMI-hard-questions-A-007,topics/abc-hard-questions.html,"But Christian theology also holds that the deepest answer to the problem of evil, suffering, and divine judgment is not a theory but an event: the Cross.",none (theological ground / L0 instantiation),confesses a theological identification or doctrine,created-order distinction/relation preserved in background,"if removed, corresponding bridge readings lose theological anchor",domain-bound (A); C translates as bridge candidate,coherent,yes,yes,C,B,create_claim_atom,Claim-level v0.2 pass; pre-pill. Register A status present.
KIMI-hard-questions-A-008,topics/abc-hard-questions.html,"At the cross God enters into human suffering, bears the judgment sin deserves, and opens the way to resurrection.",none (theological ground / L0 instantiation),confesses a theological identification or doctrine,created-order distinction/relation preserved in background,"if removed, corresponding bridge readings lose theological anchor",domain-bound (A); C translates as bridge candidate,coherent,yes,yes,C,B,create_claim_atom,Claim-level v0.2 pass; pre-pill. Register A status present.
KIMI-hard-questions-A-009,topics/abc-hard-questions.html,Theodicy is therefore penultimate; the gospel is ultimate.,none (theological ground / L0 instantiation),confesses a theological identification or doctrine,created-order distinction/relation preserved in background,"if removed, corresponding bridge readings lose theological anchor",domain-bound (A); C translates as bridge candidate,coherent,yes,yes,C,B,create_claim_atom,Claim-level v0.2 pass; pre-pill. Register A status present.
KIMI-hard-questions-A-010,topics/abc-hard-questions.html,The framework can ask hard questions honestly because it believes the answer has already come in the person and work of Christ.,none (theological ground / L0 instantiation),confesses a theological identification or doctrine,created-order distinction/relation preserved in background,"if removed, corresponding bridge readings lose theological anchor",domain-bound (A); C translates as bridge candidate,coherent,yes,yes,C,B,create_claim_atom,Claim-level v0.2 pass; pre-pill. Register A status present.
KIMI-hard-questions-B-001,topics/abc-hard-questions.html,"Physics has no category for divine command, moral horror, or theodicy.",requires empirical method / opening axioms (L0-L2),"introduces a physics-register model, observation, or formal method",mathematical/logical lower-layer floor preserved,"if removed, dependent bridge claims collapse to analogy",domain-bound (B); C translates structure across,coherent_partial,needs_review,yes,E,C,create_gap_atom,Claim-level v0.2 pass; pre-pill. Register B status partial. Register partial; review before promotion.
KIMI-hard-questions-B-002,topics/abc-hard-questions.html,Anyone who tries to solve the conquest narratives with entropy or information theory is doing something other than physics.,requires empirical method / opening axioms (L0-L2),"introduces a physics-register model, observation, or formal method",mathematical/logical lower-layer floor preserved,"if removed, dependent bridge claims collapse to analogy",domain-bound (B); C translates structure across,coherent_partial,needs_review,yes,PH,C,create_gap_atom,Claim-level v0.2 pass; pre-pill. Register B status partial. Register partial; review before promotion. Physics-register claim; formal/empirical support required.
KIMI-hard-questions-B-003,topics/abc-hard-questions.html,The hard-questions page is not a physics page.,requires empirical method / opening axioms (L0-L2),"introduces a physics-register model, observation, or formal method",mathematical/logical lower-layer floor preserved,"if removed, dependent bridge claims collapse to analogy",domain-bound (B); C translates structure across,coherent_partial,needs_review,yes,E,C,create_gap_atom,Claim-level v0.2 pass; pre-pill. Register B status partial. Register partial; review before promotion.
KIMI-hard-questions-C-001,topics/abc-hard-questions.html,"Theophysics should invite real objections, mark where they land, and either answer, downgrade, quarantine, or retire claims.",requires both A and B register content,introduces cross-register bridge translation / correspondence,preserves both theological and scientific floors,"if removed, cross-register coherence collapses",A↔B↔C translation,coherent,yes,yes,BR,C,create_bridge_atom,"Claim-level v0.2 pass; pre-pill. Register C status present. Bridge correspondence, not proof."
KIMI-hard-questions-C-002,topics/abc-hard-questions.html,That process is part of the truth claim.,requires both A and B register content,introduces cross-register bridge translation / correspondence,preserves both theological and scientific floors,"if removed, cross-register coherence collapses",A↔B↔C translation,coherent,yes,yes,BR,C,create_bridge_atom,"Claim-level v0.2 pass; pre-pill. Register C status present. Bridge correspondence, not proof."
KIMI-hard-questions-C-003,topics/abc-hard-questions.html,"The framework provides a structure for holding hard passages honestly without collapsing into apologetics, atheism, or authoritarianism.",requires both A and B register content,introduces cross-register bridge translation / correspondence,preserves both theological and scientific floors,"if removed, cross-register coherence collapses",A↔B↔C translation,coherent,yes,yes,BR,C,create_bridge_atom,"Claim-level v0.2 pass; pre-pill. Register C status present. Bridge correspondence, not proof."
KIMI-hard-questions-C-004,topics/abc-hard-questions.html,"The Split format is a guardrail, not a solution.",requires both A and B register content,introduces cross-register bridge translation / correspondence,preserves both theological and scientific floors,"if removed, cross-register coherence collapses",A↔B↔C translation,coherent,yes,yes,BR,C,create_bridge_atom,"Claim-level v0.2 pass; pre-pill. Register C status present. Bridge correspondence, not proof."
KIMI-hard-questions-C-005,topics/abc-hard-questions.html,It prevents the four postures from collapsing into each other.,requires both A and B register content,introduces cross-register bridge translation / correspondence,preserves both theological and scientific floors,"if removed, cross-register coherence collapses",A↔B↔C translation,coherent,yes,yes,BR,C,create_bridge_atom,"Claim-level v0.2 pass; pre-pill. Register C status present. Bridge correspondence, not proof."
KIMI-hard-questions-C-006,topics/abc-hard-questions.html,Lean gold ticket: T-01 formalizes the Job posture under defined predicates.,requires both A and B register content,introduces cross-register bridge translation / correspondence,preserves both theological and scientific floors,"if removed, cross-register coherence collapses",A↔B↔C translation,coherent,yes,yes,BR,C,create_bridge_atom,"Claim-level v0.2 pass; pre-pill. Register C status present. Bridge correspondence, not proof."
KIMI-hard-questions-C-007,topics/abc-hard-questions.html,It does not prove historical interpretation or resolve every hard passage.,requires both A and B register content,introduces cross-register bridge translation / correspondence,preserves both theological and scientific floors,"if removed, cross-register coherence collapses",A↔B↔C translation,coherent,yes,yes,BR,C,create_bridge_atom,"Claim-level v0.2 pass; pre-pill. Register C status present. Bridge correspondence, not proof."
KIMI-information-A-001,topics/abc-information.html,Theology names the world as intelligible because it is created through Logos .,none (theological ground / L0 instantiation),confesses a theological identification or doctrine,created-order distinction/relation preserved in background,"if removed, corresponding bridge readings lose theological anchor",domain-bound (A); C translates as bridge candidate,coherent,yes,yes,C,B,create_claim_atom,Claim-level v0.2 pass; pre-pill. Register A status present.
KIMI-information-A-002,topics/abc-information.html,"A witness is not merely a mirror; it is a person capable of receiving truth and responding to it. ""In the beginning was the Word"" is a substrate claim: information is fundamental, and its source is personal.",none (theological ground / L0 instantiation),confesses a theological identification or doctrine,created-order distinction/relation preserved in background,"if removed, corresponding bridge readings lose theological anchor",domain-bound (A); C translates as bridge candidate,coherent,yes,yes,C,B,create_claim_atom,Claim-level v0.2 pass; pre-pill. Register A status present.
KIMI-information-A-003,topics/abc-information.html,Humanity in this picture: human beings are the creaturely witnesses.,none (theological ground / L0 instantiation),confesses a theological identification or doctrine,created-order distinction/relation preserved in background,"if removed, corresponding bridge readings lose theological anchor",domain-bound (A); C translates as bridge candidate,coherent,yes,yes,C,B,create_claim_atom,Claim-level v0.2 pass; pre-pill. Register A status present.
KIMI-information-A-004,topics/abc-information.html,"We are made to hear the Word, to name creation, to keep promises, and to bear true testimony.",none (theological ground / L0 instantiation),confesses a theological identification or doctrine,created-order distinction/relation preserved in background,"if removed, corresponding bridge readings lose theological anchor",domain-bound (A); C translates as bridge candidate,coherent,yes,yes,C,B,create_claim_atom,Claim-level v0.2 pass; pre-pill. Register A status present.
KIMI-information-A-005,topics/abc-information.html,"The Fall corrupts this witness — we hear selectively, name falsely, break promises, and deceive.",none (theological ground / L0 instantiation),confesses a theological identification or doctrine,created-order distinction/relation preserved in background,"if removed, corresponding bridge readings lose theological anchor",domain-bound (A); C translates as bridge candidate,coherent,yes,yes,C,B,create_claim_atom,Claim-level v0.2 pass; pre-pill. Register A status present.
KIMI-information-A-006,topics/abc-information.html,"Redemption restores the witness: the Spirit is the truth who leads believers into all truth, and the church is called to be a community of truthful speech in a world of lies.",none (theological ground / L0 instantiation),confesses a theological identification or doctrine,created-order distinction/relation preserved in background,"if removed, corresponding bridge readings lose theological anchor",domain-bound (A); C translates as bridge candidate,coherent,yes,yes,C,B,create_claim_atom,Claim-level v0.2 pass; pre-pill. Register A status present.
KIMI-information-B-001,topics/abc-information.html,Information theory begins with distinctions and signals.,requires empirical method / opening axioms (L0-L2),"introduces a physics-register model, observation, or formal method",mathematical/logical lower-layer floor preserved,"if removed, dependent bridge claims collapse to analogy",domain-bound (B); C translates structure across,coherent,yes,yes,PH,B,create_claim_atom,Claim-level v0.2 pass; pre-pill. Register B status present. Physics-register claim; formal/empirical support required.
KIMI-information-B-002,topics/abc-information.html,"Communication requires source, channel, and receiver.",requires empirical method / opening axioms (L0-L2),"introduces a physics-register model, observation, or formal method",mathematical/logical lower-layer floor preserved,"if removed, dependent bridge claims collapse to analogy",domain-bound (B); C translates structure across,coherent,yes,yes,PH,B,create_claim_atom,Claim-level v0.2 pass; pre-pill. Register B status present. Physics-register claim; formal/empirical support required.
KIMI-information-B-003,topics/abc-information.html,"Physical information is constrained by noise, record stability, and error correction.",requires empirical method / opening axioms (L0-L2),"introduces a physics-register model, observation, or formal method",mathematical/logical lower-layer floor preserved,"if removed, dependent bridge claims collapse to analogy",domain-bound (B); C translates structure across,coherent,yes,yes,PH,B,create_claim_atom,Claim-level v0.2 pass; pre-pill. Register B status present. Physics-register claim; formal/empirical support required.
KIMI-information-B-004,topics/abc-information.html,"Shannon's channel capacity, C = B log₂(1 + S/N), gives the limits of reliable transmission.",requires empirical method / opening axioms (L0-L2),"introduces a physics-register model, observation, or formal method",mathematical/logical lower-layer floor preserved,"if removed, dependent bridge claims collapse to analogy",domain-bound (B); C translates structure across,coherent,yes,yes,PH,B,create_claim_atom,Claim-level v0.2 pass; pre-pill. Register B status present. Physics-register claim; formal/empirical support required.
KIMI-information-B-005,topics/abc-information.html,Landauer's principle adds that irreversible information operations have thermodynamic cost.,requires empirical method / opening axioms (L0-L2),"introduces a physics-register model, observation, or formal method",mathematical/logical lower-layer floor preserved,"if removed, dependent bridge claims collapse to analogy",domain-bound (B); C translates structure across,coherent,yes,yes,PH,B,create_claim_atom,Claim-level v0.2 pass; pre-pill. Register B status present. Physics-register claim; formal/empirical support required.
KIMI-information-B-006,topics/abc-information.html,Information is not free once it is physically enacted.,requires empirical method / opening axioms (L0-L2),"introduces a physics-register model, observation, or formal method",mathematical/logical lower-layer floor preserved,"if removed, dependent bridge claims collapse to analogy",domain-bound (B); C translates structure across,coherent,yes,yes,E,B,create_claim_atom,Claim-level v0.2 pass; pre-pill. Register B status present.
KIMI-information-C-001,topics/abc-information.html,K names meaningful information density in the grammar.,requires both A and B register content,introduces cross-register bridge translation / correspondence,preserves both theological and scientific floors,"if removed, cross-register coherence collapses",A↔B↔C translation,coherent,yes,yes,BR,C,create_bridge_atom,"Claim-level v0.2 pass; pre-pill. Register C status present. Bridge correspondence, not proof."
KIMI-information-C-002,topics/abc-information.html,The witness-field language marks the transition from unused potential to actualized record.,requires both A and B register content,introduces cross-register bridge translation / correspondence,preserves both theological and scientific floors,"if removed, cross-register coherence collapses",A↔B↔C translation,coherent,yes,yes,BR,C,create_bridge_atom,"Claim-level v0.2 pass; pre-pill. Register C status present. Bridge correspondence, not proof."
KIMI-information-C-003,topics/abc-information.html,Λ_i = A_i log₂(1 + T_i / D_i),requires both A and B register content,introduces cross-register bridge translation / correspondence,preserves both theological and scientific floors,"if removed, cross-register coherence collapses",A↔B↔C translation,coherent,yes,yes,BR,C,create_bridge_atom,"Claim-level v0.2 pass; pre-pill. Register C status present. Bridge correspondence, not proof."
KIMI-information-C-004,topics/abc-information.html,"where A is bandwidth, T is true signal / coherence, and D is drift / noise / sin.",requires both A and B register content,introduces cross-register bridge translation / correspondence,preserves both theological and scientific floors,"if removed, cross-register coherence collapses",A↔B↔C translation,coherent,yes,yes,BR,C,create_bridge_atom,"Claim-level v0.2 pass; pre-pill. Register C status present. Bridge correspondence, not proof."
KIMI-information-C-005,topics/abc-information.html,The no-drift limit is the theological denominator insight: fullness is the reference capacity against which the actual channel is measured.,requires both A and B register content,introduces cross-register bridge translation / correspondence,preserves both theological and scientific floors,"if removed, cross-register coherence collapses",A↔B↔C translation,coherent,yes,yes,BR,C,create_bridge_atom,"Claim-level v0.2 pass; pre-pill. Register C status present. Bridge correspondence, not proof."
KIMI-information-C-006,topics/abc-information.html,Guardrails: K is not matter by itself.,requires both A and B register content,introduces cross-register bridge translation / correspondence,preserves both theological and scientific floors,"if removed, cross-register coherence collapses",A↔B↔C translation,coherent,yes,yes,BR,C,create_bridge_atom,"Claim-level v0.2 pass; pre-pill. Register C status present. Bridge correspondence, not proof."
KIMI-information-C-007,topics/abc-information.html,Phi is not yet a completed formal operator.,requires both A and B register content,introduces cross-register bridge translation / correspondence,preserves both theological and scientific floors,"if removed, cross-register coherence collapses",A↔B↔C translation,coherent,yes,yes,BR,C,create_bridge_atom,"Claim-level v0.2 pass; pre-pill. Register C status present. Bridge correspondence, not proof."
KIMI-information-C-008,topics/abc-information.html,Information theory alone does not prove God.,requires both A and B register content,introduces cross-register bridge translation / correspondence,preserves both theological and scientific floors,"if removed, cross-register coherence collapses",A↔B↔C translation,coherent,yes,yes,BR,C,create_bridge_atom,"Claim-level v0.2 pass; pre-pill. Register C status present. Bridge correspondence, not proof."
KIMI-information-C-009,topics/abc-information.html,Distinguishability is the floor of information; semantic meaning requires additional structure.,requires both A and B register content,introduces cross-register bridge translation / correspondence,preserves both theological and scientific floors,"if removed, cross-register coherence collapses",A↔B↔C translation,coherent,yes,yes,BR,C,create_bridge_atom,"Claim-level v0.2 pass; pre-pill. Register C status present. Bridge correspondence, not proof."
KIMI-layered-necessity-A-001,topics/abc-layered-necessity.html,Christian theology confesses that God alone is self-existent and necessary.,none (theological ground / L0 instantiation),confesses a theological identification or doctrine,created-order distinction/relation preserved in background,"if removed, corresponding bridge readings lose theological anchor",domain-bound (A); C translates as bridge candidate,coherent_partial,needs_review,yes,C,C,create_gap_atom,Claim-level v0.2 pass; pre-pill. Register A status partial. Register partial; review before promotion.
KIMI-layered-necessity-A-002,topics/abc-layered-necessity.html,"Everything else — angels, atoms, laws, minds, time — exists because God freely willed it. ""In the beginning God created the heavens and the earth"" (Gen 1:1) means there is no co-eternal matter, no necessary chaos, no substrate that exists alongside God.",none (theological ground / L0 instantiation),confesses a theological identification or doctrine,created-order distinction/relation preserved in background,"if removed, corresponding bridge readings lose theological anchor",domain-bound (A); C translates as bridge candidate,coherent_partial,needs_review,yes,S,C,create_gap_atom,Claim-level v0.2 pass; pre-pill. Register A status partial. Register partial; review before promotion. Scriptural/traditional source.
KIMI-layered-necessity-A-003,topics/abc-layered-necessity.html,"Creation is ex nihilo : out of nothing, by the Word, through the Spirit.",none (theological ground / L0 instantiation),confesses a theological identification or doctrine,created-order distinction/relation preserved in background,"if removed, corresponding bridge readings lose theological anchor",domain-bound (A); C translates as bridge candidate,coherent_partial,needs_review,yes,C,C,create_gap_atom,Claim-level v0.2 pass; pre-pill. Register A status partial. Register partial; review before promotion.
KIMI-layered-necessity-A-004,topics/abc-layered-necessity.html,"Because God is triune, creation is not a lonely act of will but an overflow of interpersonal love.",none (theological ground / L0 instantiation),confesses a theological identification or doctrine,created-order distinction/relation preserved in background,"if removed, corresponding bridge readings lose theological anchor",domain-bound (A); C translates as bridge candidate,coherent_partial,needs_review,yes,C,C,create_gap_atom,Claim-level v0.2 pass; pre-pill. Register A status partial. Register partial; review before promotion.
KIMI-layered-necessity-A-005,topics/abc-layered-necessity.html,The Father speaks the Word; the Spirit broods over the deep; the world is born from a communion that already is.,none (theological ground / L0 instantiation),confesses a theological identification or doctrine,created-order distinction/relation preserved in background,"if removed, corresponding bridge readings lose theological anchor",domain-bound (A); C translates as bridge candidate,coherent_partial,needs_review,yes,C,C,create_gap_atom,Claim-level v0.2 pass; pre-pill. Register A status partial. Register partial; review before promotion.
KIMI-layered-necessity-A-006,topics/abc-layered-necessity.html,"Any layered necessity staircase that the framework constructs is therefore a map of created dependencies, not a proof that God exists.",none (theological ground / L0 instantiation),confesses a theological identification or doctrine,created-order distinction/relation preserved in background,"if removed, corresponding bridge readings lose theological anchor",domain-bound (A); C translates as bridge candidate,coherent_partial,needs_review,yes,C,C,create_gap_atom,Claim-level v0.2 pass; pre-pill. Register A status partial. Register partial; review before promotion.
KIMI-layered-necessity-A-007,topics/abc-layered-necessity.html,The ground of the staircase is theological; the steps are formal.,none (theological ground / L0 instantiation),confesses a theological identification or doctrine,created-order distinction/relation preserved in background,"if removed, corresponding bridge readings lose theological anchor",domain-bound (A); C translates as bridge candidate,coherent_partial,needs_review,yes,C,C,create_gap_atom,Claim-level v0.2 pass; pre-pill. Register A status partial. Register partial; review before promotion.
KIMI-layered-necessity-A-008,topics/abc-layered-necessity.html,Humanity in this picture: humans are not merely late arrivals at the top of the staircase.,none (theological ground / L0 instantiation),confesses a theological identification or doctrine,created-order distinction/relation preserved in background,"if removed, corresponding bridge readings lose theological anchor",domain-bound (A); C translates as bridge candidate,coherent_partial,needs_review,yes,C,C,create_gap_atom,Claim-level v0.2 pass; pre-pill. Register A status partial. Register partial; review before promotion.
KIMI-layered-necessity-A-009,topics/abc-layered-necessity.html,"They are made in the image of the Triune God — capable of relation, word, and spirit — and placed within creation as priests who recognize, name, and steward the order around them.",none (theological ground / L0 instantiation),confesses a theological identification or doctrine,created-order distinction/relation preserved in background,"if removed, corresponding bridge readings lose theological anchor",domain-bound (A); C translates as bridge candidate,coherent_partial,needs_review,yes,C,C,create_gap_atom,Claim-level v0.2 pass; pre-pill. Register A status partial. Register partial; review before promotion.
KIMI-layered-necessity-B-001,topics/abc-layered-necessity.html,"Lean can test dependency, inheritance, no-skip conditions, irreducibility, and collapse under definitions.",requires empirical method / opening axioms (L0-L2),"introduces a physics-register model, observation, or formal method",mathematical/logical lower-layer floor preserved,"if removed, dependent bridge claims collapse to analogy",domain-bound (B); C translates structure across,coherent_partial,needs_review,yes,E,C,create_gap_atom,Claim-level v0.2 pass; pre-pill. Register B status partial. Register partial; review before promotion.
KIMI-layered-necessity-B-002,topics/abc-layered-necessity.html,"It cannot prove the definitions are empirically complete, and it cannot prove divine identifications from nowhere.",requires empirical method / opening axioms (L0-L2),"introduces a physics-register model, observation, or formal method",mathematical/logical lower-layer floor preserved,"if removed, dependent bridge claims collapse to analogy",domain-bound (B); C translates structure across,coherent_partial,needs_review,yes,E,C,create_gap_atom,Claim-level v0.2 pass; pre-pill. Register B status partial. Register partial; review before promotion.
KIMI-layered-necessity-B-003,topics/abc-layered-necessity.html,"The method is a formal grammar, not a physics experiment.",requires empirical method / opening axioms (L0-L2),"introduces a physics-register model, observation, or formal method",mathematical/logical lower-layer floor preserved,"if removed, dependent bridge claims collapse to analogy",domain-bound (B); C translates structure across,coherent_partial,needs_review,yes,E,C,create_gap_atom,Claim-level v0.2 pass; pre-pill. Register B status partial. Register partial; review before promotion.
KIMI-layered-necessity-C-001,topics/abc-layered-necessity.html,The consciousness ladder appears to be one instance of a broader pattern.,requires both A and B register content,introduces cross-register bridge translation / correspondence,preserves both theological and scientific floors,"if removed, cross-register coherence collapses",A↔B↔C translation,coherent,yes,yes,BR,C,create_bridge_atom,"Claim-level v0.2 pass; pre-pill. Register C status present. Bridge correspondence, not proof."
KIMI-layered-necessity-C-002,topics/abc-layered-necessity.html,"Truth, ontology, information, morality, grace, and Trinity bridges can each be written as layered necessity staircases.",requires both A and B register content,introduces cross-register bridge translation / correspondence,preserves both theological and scientific floors,"if removed, cross-register coherence collapses",A↔B↔C translation,coherent,yes,yes,PM,C,create_bridge_atom,Claim-level v0.2 pass; pre-pill. Register C status present. Philosophical/model claim.
KIMI-layered-necessity-C-003,topics/abc-layered-necessity.html,"This turns the project from one grand proof into a repeatable question: what is the next unavoidable layer, and what single new capability does it contribute?",requires both A and B register content,introduces cross-register bridge translation / correspondence,preserves both theological and scientific floors,"if removed, cross-register coherence collapses",A↔B↔C translation,coherent,yes,yes,PM,C,create_bridge_atom,Claim-level v0.2 pass; pre-pill. Register C status present. Philosophical/model claim.
KIMI-layered-necessity-C-004,topics/abc-layered-necessity.html,Dependency: it requires the previous layer.,requires both A and B register content,introduces cross-register bridge translation / correspondence,preserves both theological and scientific floors,"if removed, cross-register coherence collapses",A↔B↔C translation,coherent,yes,yes,PM,C,create_bridge_atom,Claim-level v0.2 pass; pre-pill. Register C status present. Philosophical/model claim.
KIMI-layered-necessity-C-005,topics/abc-layered-necessity.html,Addition: it contributes exactly one new irreducible operation.,requires both A and B register content,introduces cross-register bridge translation / correspondence,preserves both theological and scientific floors,"if removed, cross-register coherence collapses",A↔B↔C translation,coherent,yes,yes,BR,C,create_bridge_atom,"Claim-level v0.2 pass; pre-pill. Register C status present. Bridge correspondence, not proof."
KIMI-layered-necessity-C-006,topics/abc-layered-necessity.html,No skip: it cannot be reached if the prior layer is absent.,requires both A and B register content,introduces cross-register bridge translation / correspondence,preserves both theological and scientific floors,"if removed, cross-register coherence collapses",A↔B↔C translation,coherent,yes,yes,PM,C,create_bridge_atom,Claim-level v0.2 pass; pre-pill. Register C status present. Philosophical/model claim.
KIMI-layered-necessity-C-007,topics/abc-layered-necessity.html,Collapse: removing a required layer collapses all downstream layers.,requires both A and B register content,introduces cross-register bridge translation / correspondence,preserves both theological and scientific floors,"if removed, cross-register coherence collapses",A↔B↔C translation,coherent,yes,yes,PM,C,create_bridge_atom,Claim-level v0.2 pass; pre-pill. Register C status present. Philosophical/model claim.
KIMI-layered-necessity-C-008,topics/abc-layered-necessity.html,Consciousness: Relation → Representation → Self-reference → Orientation → Consciousness → Source recognition.,requires both A and B register content,introduces cross-register bridge translation / correspondence,preserves both theological and scientific floors,"if removed, cross-register coherence collapses",A↔B↔C translation,coherent,yes,yes,BR,C,create_bridge_atom,"Claim-level v0.2 pass; pre-pill. Register C status present. Bridge correspondence, not proof."
KIMI-layered-necessity-C-009,topics/abc-layered-necessity.html,Truth: Existence → Distinction → Representation → Correspondence → Truth → Witness.,requires both A and B register content,introduces cross-register bridge translation / correspondence,preserves both theological and scientific floors,"if removed, cross-register coherence collapses",A↔B↔C translation,coherent,yes,yes,BR,C,create_bridge_atom,"Claim-level v0.2 pass; pre-pill. Register C status present. Bridge correspondence, not proof."
KIMI-layered-necessity-C-010,topics/abc-layered-necessity.html,Ontology: Existence → Identity → Distinction → Relation → Structure → Law → World.,requires both A and B register content,introduces cross-register bridge translation / correspondence,preserves both theological and scientific floors,"if removed, cross-register coherence collapses",A↔B↔C translation,coherent,yes,yes,BR,C,create_bridge_atom,"Claim-level v0.2 pass; pre-pill. Register C status present. Bridge correspondence, not proof."
KIMI-layered-necessity-C-011,topics/abc-layered-necessity.html,Morality: Existence → Distinction → Relation → Agency → Orientation → Responsibility.,requires both A and B register content,introduces cross-register bridge translation / correspondence,preserves both theological and scientific floors,"if removed, cross-register coherence collapses",A↔B↔C translation,coherent,yes,yes,BR,C,create_bridge_atom,"Claim-level v0.2 pass; pre-pill. Register C status present. Bridge correspondence, not proof."
KIMI-layered-necessity-C-012,topics/abc-layered-necessity.html,Grace: Damage → Recognition → Cost → Inability → External source → Restoration.,requires both A and B register content,introduces cross-register bridge translation / correspondence,preserves both theological and scientific floors,"if removed, cross-register coherence collapses",A↔B↔C translation,coherent,yes,yes,BR,C,create_bridge_atom,"Claim-level v0.2 pass; pre-pill. Register C status present. Bridge correspondence, not proof."
KIMI-layered-necessity-C-013,topics/abc-layered-necessity.html,Trinity bridge: Ground → Expression → Witness.,requires both A and B register content,introduces cross-register bridge translation / correspondence,preserves both theological and scientific floors,"if removed, cross-register coherence collapses",A↔B↔C translation,coherent,yes,yes,BR,C,create_bridge_atom,"Claim-level v0.2 pass; pre-pill. Register C status present. Bridge correspondence, not proof."
KIMI-layered-necessity-C-014,topics/abc-layered-necessity.html,The corpus compresses the axiom framework to eight schemata.,requires both A and B register content,introduces cross-register bridge translation / correspondence,preserves both theological and scientific floors,"if removed, cross-register coherence collapses",A↔B↔C translation,coherent,yes,yes,PM,C,create_bridge_atom,Claim-level v0.2 pass; pre-pill. Register C status present. Philosophical/model claim.
KIMI-layered-necessity-C-015,topics/abc-layered-necessity.html,Each layer depends on the previous and adds one new irreducible operation:,requires both A and B register content,introduces cross-register bridge translation / correspondence,preserves both theological and scientific floors,"if removed, cross-register coherence collapses",A↔B↔C translation,coherent,yes,yes,PM,C,create_bridge_atom,Claim-level v0.2 pass; pre-pill. Register C status present. Philosophical/model claim.
KIMI-layered-necessity-C-016,topics/abc-layered-necessity.html,AS-000 Existence: ∃x A1.1 Existence,requires both A and B register content,introduces cross-register bridge translation / correspondence,preserves both theological and scientific floors,"if removed, cross-register coherence collapses",A↔B↔C translation,coherent,yes,yes,D,C,create_bridge_atom,Claim-level v0.2 pass; pre-pill. Register C status present.
KIMI-layered-necessity-C-017,topics/abc-layered-necessity.html,AS-001 Distinction: x ≠ y A1.2 Distinction,requires both A and B register content,introduces cross-register bridge translation / correspondence,preserves both theological and scientific floors,"if removed, cross-register coherence collapses",A↔B↔C translation,coherent,yes,yes,D,C,create_bridge_atom,Claim-level v0.2 pass; pre-pill. Register C status present.
KIMI-layered-necessity-C-018,topics/abc-layered-necessity.html,"AS-002 Information: I = f(Being, Distinction) A1.3 Information Primacy",requires both A and B register content,introduces cross-register bridge translation / correspondence,preserves both theological and scientific floors,"if removed, cross-register coherence collapses",A↔B↔C translation,coherent,yes,yes,D,C,create_bridge_atom,Claim-level v0.2 pass; pre-pill. Register C status present.
KIMI-layered-necessity-C-019,topics/abc-layered-necessity.html,AS-003 Substrate: self-grounding requirement Substrate,requires both A and B register content,introduces cross-register bridge translation / correspondence,preserves both theological and scientific floors,"if removed, cross-register coherence collapses",A↔B↔C translation,coherent,yes,yes,D,C,create_bridge_atom,Claim-level v0.2 pass; pre-pill. Register C status present.
KIMI-layered-necessity-C-020,topics/abc-layered-necessity.html,AS-004 Observation: witness required Observation,requires both A and B register content,introduces cross-register bridge translation / correspondence,preserves both theological and scientific floors,"if removed, cross-register coherence collapses",A↔B↔C translation,coherent,yes,yes,D,C,create_bridge_atom,Claim-level v0.2 pass; pre-pill. Register C status present.
KIMI-layered-necessity-C-021,topics/abc-layered-necessity.html,"AS-005 Source: infinite, external Infinite Source",requires both A and B register content,introduces cross-register bridge translation / correspondence,preserves both theological and scientific floors,"if removed, cross-register coherence collapses",A↔B↔C translation,coherent,yes,yes,D,C,create_bridge_atom,Claim-level v0.2 pass; pre-pill. Register C status present.
KIMI-layered-necessity-C-022,topics/abc-layered-necessity.html,AS-006 Conservation: ∂_μj^μ = 0 Information Conservation,requires both A and B register content,introduces cross-register bridge translation / correspondence,preserves both theological and scientific floors,"if removed, cross-register coherence collapses",A↔B↔C translation,coherent,yes,yes,D,C,create_bridge_atom,Claim-level v0.2 pass; pre-pill. Register C status present.
KIMI-layered-necessity-C-023,topics/abc-layered-necessity.html,"AS-007 Coupling: W ∈ {−1, +1}, free Voluntary Coupling",requires both A and B register content,introduces cross-register bridge translation / correspondence,preserves both theological and scientific floors,"if removed, cross-register coherence collapses",A↔B↔C translation,coherent,yes,yes,D,C,create_bridge_atom,Claim-level v0.2 pass; pre-pill. Register C status present.
KIMI-layered-necessity-C-024,topics/abc-layered-necessity.html,"The Unified Derivation Grammar formalizes the staircase rules into six primitives (Layer, Capability, Dependency, Translation, State, Constraint) and eight axioms.",requires both A and B register content,introduces cross-register bridge translation / correspondence,preserves both theological and scientific floors,"if removed, cross-register coherence collapses",A↔B↔C translation,coherent,yes,yes,PM,C,create_bridge_atom,Claim-level v0.2 pass; pre-pill. Register C status present. Philosophical/model claim.
KIMI-layered-necessity-C-025,topics/abc-layered-necessity.html,Layered Necessity is the Theophysics instantiation of that grammar.,requires both A and B register content,introduces cross-register bridge translation / correspondence,preserves both theological and scientific floors,"if removed, cross-register coherence collapses",A↔B↔C translation,coherent,yes,yes,PM,C,create_bridge_atom,Claim-level v0.2 pass; pre-pill. Register C status present. Philosophical/model claim.
KIMI-layered-necessity-C-026,topics/abc-layered-necessity.html,The four questions of DG (What existed before?,requires both A and B register content,introduces cross-register bridge translation / correspondence,preserves both theological and scientific floors,"if removed, cross-register coherence collapses",A↔B↔C translation,coherent,yes,yes,PM,C,create_bridge_atom,Claim-level v0.2 pass; pre-pill. Register C status present. Philosophical/model claim.
KIMI-layered-necessity-C-027,topics/abc-layered-necessity.html,What new capability?,requires both A and B register content,introduces cross-register bridge translation / correspondence,preserves both theological and scientific floors,"if removed, cross-register coherence collapses",A↔B↔C translation,coherent,yes,yes,BR,C,create_bridge_atom,"Claim-level v0.2 pass; pre-pill. Register C status present. Bridge correspondence, not proof."
KIMI-layered-necessity-C-028,topics/abc-layered-necessity.html,How does it translate?) are exactly the questions this page has been asking all along.,requires both A and B register content,introduces cross-register bridge translation / correspondence,preserves both theological and scientific floors,"if removed, cross-register coherence collapses",A↔B↔C translation,coherent,yes,yes,BR,C,create_bridge_atom,"Claim-level v0.2 pass; pre-pill. Register C status present. Bridge correspondence, not proof."
KIMI-layered-necessity-C-029,topics/abc-layered-necessity.html,Status: the eight schemata are documented in the corpus; DG is v0.1 and not yet Lean-verified.,requires both A and B register content,introduces cross-register bridge translation / correspondence,preserves both theological and scientific floors,"if removed, cross-register coherence collapses",A↔B↔C translation,coherent,yes,yes,PM,C,create_bridge_atom,Claim-level v0.2 pass; pre-pill. Register C status present. Philosophical/model claim.
KIMI-layered-necessity-C-030,topics/abc-layered-necessity.html,A reusable Lean module for layered necessity is still the recommended next step before claiming formal lock.,requires both A and B register content,introduces cross-register bridge translation / correspondence,preserves both theological and scientific floors,"if removed, cross-register coherence collapses",A↔B↔C translation,coherent,yes,yes,PM,C,create_bridge_atom,Claim-level v0.2 pass; pre-pill. Register C status present. Philosophical/model claim.
KIMI-layered-necessity-C-031,topics/abc-layered-necessity.html,Consciousness would be the first test case.,requires both A and B register content,introduces cross-register bridge translation / correspondence,preserves both theological and scientific floors,"if removed, cross-register coherence collapses",A↔B↔C translation,coherent,yes,yes,BR,C,create_bridge_atom,"Claim-level v0.2 pass; pre-pill. Register C status present. Bridge correspondence, not proof."
KIMI-lean-verification-A-001,topics/abc-lean-verification.html,"He speaks truly, keeps his promises, and his judgments are without partiality.",none (theological ground / L0 instantiation),confesses a theological identification or doctrine,created-order distinction/relation preserved in background,"if removed, corresponding bridge readings lose theological anchor",domain-bound (A); C translates as bridge candidate,coherent_partial,needs_review,yes,C,C,create_gap_atom,Claim-level v0.2 pass; pre-pill. Register A status partial. Register partial; review before promotion.
KIMI-lean-verification-A-002,topics/abc-lean-verification.html,"Because human beings are made in his image, they are capable of recognizing truth, making distinctions, and giving an account for their reasoning.",none (theological ground / L0 instantiation),confesses a theological identification or doctrine,created-order distinction/relation preserved in background,"if removed, corresponding bridge readings lose theological anchor",domain-bound (A); C translates as bridge candidate,coherent_partial,needs_review,yes,C,C,create_gap_atom,Claim-level v0.2 pass; pre-pill. Register A status partial. Register partial; review before promotion.
KIMI-lean-verification-A-003,topics/abc-lean-verification.html,Formal honesty is therefore a moral act: to check one's claims carefully is to honor the God who is not the author of confusion.,none (theological ground / L0 instantiation),confesses a theological identification or doctrine,created-order distinction/relation preserved in background,"if removed, corresponding bridge readings lose theological anchor",domain-bound (A); C translates as bridge candidate,coherent_partial,needs_review,yes,C,C,create_gap_atom,Claim-level v0.2 pass; pre-pill. Register A status partial. Register partial; review before promotion.
KIMI-lean-verification-A-004,topics/abc-lean-verification.html,But theology is not exhausted by formal systems.,none (theological ground / L0 instantiation),confesses a theological identification or doctrine,created-order distinction/relation preserved in background,"if removed, corresponding bridge readings lose theological anchor",domain-bound (A); C translates as bridge candidate,coherent_partial,needs_review,yes,C,C,create_gap_atom,Claim-level v0.2 pass; pre-pill. Register A status partial. Register partial; review before promotion.
KIMI-lean-verification-A-005,topics/abc-lean-verification.html,"The articles of faith — the Trinity, the Incarnation, the atonement, the resurrection — are received by revelation and confessed by the church.",none (theological ground / L0 instantiation),confesses a theological identification or doctrine,created-order distinction/relation preserved in background,"if removed, corresponding bridge readings lose theological anchor",domain-bound (A); C translates as bridge candidate,coherent_partial,needs_review,yes,C,C,create_gap_atom,Claim-level v0.2 pass; pre-pill. Register A status partial. Register partial; review before promotion.
KIMI-lean-verification-A-006,topics/abc-lean-verification.html,They are not theorems to be derived from axioms.,none (theological ground / L0 instantiation),confesses a theological identification or doctrine,created-order distinction/relation preserved in background,"if removed, corresponding bridge readings lose theological anchor",domain-bound (A); C translates as bridge candidate,coherent_partial,needs_review,yes,C,C,create_gap_atom,Claim-level v0.2 pass; pre-pill. Register A status partial. Register partial; review before promotion.
KIMI-lean-verification-A-007,topics/abc-lean-verification.html,"Lean can serve theology by exposing hidden assumptions and preventing overreach; it cannot replace doctrine, interpretation, pastoral wisdom, or the work of the Spirit in convincing the heart.",none (theological ground / L0 instantiation),confesses a theological identification or doctrine,created-order distinction/relation preserved in background,"if removed, corresponding bridge readings lose theological anchor",domain-bound (A); C translates as bridge candidate,coherent_partial,needs_review,yes,C,C,create_gap_atom,Claim-level v0.2 pass; pre-pill. Register A status partial. Register partial; review before promotion.
KIMI-lean-verification-A-008,topics/abc-lean-verification.html,"The right posture is: use every gift of reason and rigor in service of truth, while remembering that the Word became flesh, not a formal system.",none (theological ground / L0 instantiation),confesses a theological identification or doctrine,created-order distinction/relation preserved in background,"if removed, corresponding bridge readings lose theological anchor",domain-bound (A); C translates as bridge candidate,coherent_partial,needs_review,yes,C,C,create_gap_atom,Claim-level v0.2 pass; pre-pill. Register A status partial. Register partial; review before promotion.
KIMI-lean-verification-B-001,topics/abc-lean-verification.html,"Lean can verify definitions, implications, uniqueness claims, and consistency inside a formal system.",requires empirical method / opening axioms (L0-L2),"introduces a physics-register model, observation, or formal method",mathematical/logical lower-layer floor preserved,"if removed, dependent bridge claims collapse to analogy",domain-bound (B); C translates structure across,coherent,yes,yes,PM,B,create_claim_atom,Claim-level v0.2 pass; pre-pill. Register B status present. Philosophical/model claim.
KIMI-lean-verification-B-002,topics/abc-lean-verification.html,"It cannot make an undefined bridge true, and it cannot convert assumptions into empirical facts.",requires empirical method / opening axioms (L0-L2),"introduces a physics-register model, observation, or formal method",mathematical/logical lower-layer floor preserved,"if removed, dependent bridge claims collapse to analogy",domain-bound (B); C translates structure across,coherent,yes,yes,E,B,create_claim_atom,Claim-level v0.2 pass; pre-pill. Register B status present.
KIMI-lean-verification-B-003,topics/abc-lean-verification.html,"A gold ticket requires four things: a .lean file, a compiled build, a report, and an explicit statement of what Lean did not prove.",requires empirical method / opening axioms (L0-L2),"introduces a physics-register model, observation, or formal method",mathematical/logical lower-layer floor preserved,"if removed, dependent bridge claims collapse to analogy",domain-bound (B); C translates structure across,coherent,yes,yes,T,B,create_claim_atom,Claim-level v0.2 pass; pre-pill. Register B status present.
KIMI-lean-verification-C-001,topics/abc-lean-verification.html,"The canon should show what Lean checked, where the file lives, and what Lean did not prove.",requires both A and B register content,introduces cross-register bridge translation / correspondence,preserves both theological and scientific floors,"if removed, cross-register coherence collapses",A↔B↔C translation,coherent,yes,yes,BR,C,create_bridge_atom,"Claim-level v0.2 pass; pre-pill. Register C status present. Bridge correspondence, not proof."
KIMI-lean-verification-C-002,topics/abc-lean-verification.html,That protects the reader from treating every formal-looking claim as a theorem.,requires both A and B register content,introduces cross-register bridge translation / correspondence,preserves both theological and scientific floors,"if removed, cross-register coherence collapses",A↔B↔C translation,coherent,yes,yes,PM,C,create_bridge_atom,Claim-level v0.2 pass; pre-pill. Register C status present. Philosophical/model claim.
KIMI-lean-verification-C-003,topics/abc-lean-verification.html,"P-00 Opening Postulates — LEAN_GUARDRAIL_SUPPORTED . Checked: minimal inquiry definitions are internally coherent; distinction implies existence; truth ranks above error. Did not prove: God, Christianity, χ, Logos field, Master Equation, moral realism.",requires both A and B register content,introduces cross-register bridge translation / correspondence,preserves both theological and scientific floors,"if removed, cross-register coherence collapses",A↔B↔C translation,coherent,yes,yes,D,C,create_bridge_atom,Claim-level v0.2 pass; pre-pill. Register C status present.
KIMI-lean-verification-C-004,topics/abc-lean-verification.html,"T-01 Hard Questions Posture — LEAN_GUARDRAIL_SUPPORTED . Checked: under defined posture predicates, the Job posture uniquely preserves honest horror, relationship, refusal to take God's seat, God's goodness, and conscience. Did not prove: historical interpretation of any passage, complete answers to hard texts, doctrine of Scripture.",requires both A and B register content,introduces cross-register bridge translation / correspondence,preserves both theological and scientific floors,"if removed, cross-register coherence collapses",A↔B↔C translation,coherent,yes,yes,BR,C,create_bridge_atom,"Claim-level v0.2 pass; pre-pill. Register C status present. Bridge correspondence, not proof."
KIMI-lean-verification-C-005,topics/abc-lean-verification.html,"Consciousness Lean target: formalize the L1–L4 dependency graph and prove conditional theorems such as no consciousness without representation, self-reference, and orientation.",requires both A and B register content,introduces cross-register bridge translation / correspondence,preserves both theological and scientific floors,"if removed, cross-register coherence collapses",A↔B↔C translation,coherent,yes,yes,PM,C,create_bridge_atom,Claim-level v0.2 pass; pre-pill. Register C status present. Philosophical/model claim.
KIMI-lean-verification-C-006,topics/abc-lean-verification.html,"That would be a conditional theorem, not an empirical proof that humans are conscious.",requires both A and B register content,introduces cross-register bridge translation / correspondence,preserves both theological and scientific floors,"if removed, cross-register coherence collapses",A↔B↔C translation,coherent,yes,yes,PM,C,create_bridge_atom,Claim-level v0.2 pass; pre-pill. Register C status present. Philosophical/model claim.
KIMI-ledger-A-001,topics/abc-ledger.html,"Scripture speaks of books being opened on the day of judgment, of every careless word being weighed, and of confessing the truth about oneself before God.",none (theological ground / L0 instantiation),confesses a theological identification or doctrine,created-order distinction/relation preserved in background,"if removed, corresponding bridge readings lose theological anchor",domain-bound (A); C translates as bridge candidate,coherent,yes,yes,S,B,create_claim_atom,Claim-level v0.2 pass; pre-pill. Register A status present. Scriptural/traditional source.
KIMI-ledger-A-002,topics/abc-ledger.html,This is not merely an administrative image; it is the shape of reality under God.,none (theological ground / L0 instantiation),confesses a theological identification or doctrine,created-order distinction/relation preserved in background,"if removed, corresponding bridge readings lose theological anchor",domain-bound (A); C translates as bridge candidate,coherent,yes,yes,C,B,create_claim_atom,Claim-level v0.2 pass; pre-pill. Register A status present.
KIMI-ledger-A-003,topics/abc-ledger.html,"Nothing is hidden from him, and the path of wisdom is to bring errors into the light before he does.",none (theological ground / L0 instantiation),confesses a theological identification or doctrine,created-order distinction/relation preserved in background,"if removed, corresponding bridge readings lose theological anchor",domain-bound (A); C translates as bridge candidate,coherent,yes,yes,C,B,create_claim_atom,Claim-level v0.2 pass; pre-pill. Register A status present.
KIMI-ledger-A-004,topics/abc-ledger.html,Therefore a theological argument should be honest about its own failures.,none (theological ground / L0 instantiation),confesses a theological identification or doctrine,created-order distinction/relation preserved in background,"if removed, corresponding bridge readings lose theological anchor",domain-bound (A); C translates as bridge candidate,coherent,yes,yes,C,B,create_claim_atom,Claim-level v0.2 pass; pre-pill. Register A status present.
KIMI-ledger-A-005,topics/abc-ledger.html,Confession is not a public-relations tactic; it is the shape of repentance.,none (theological ground / L0 instantiation),confesses a theological identification or doctrine,created-order distinction/relation preserved in background,"if removed, corresponding bridge readings lose theological anchor",domain-bound (A); C translates as bridge candidate,coherent,yes,yes,C,B,create_claim_atom,Claim-level v0.2 pass; pre-pill. Register A status present.
KIMI-ledger-A-006,topics/abc-ledger.html,"To retire a bad claim, to mark a gap, or to name a kill condition is to act as if God is true and we are accountable.",none (theological ground / L0 instantiation),confesses a theological identification or doctrine,created-order distinction/relation preserved in background,"if removed, corresponding bridge readings lose theological anchor",domain-bound (A); C translates as bridge candidate,coherent,yes,yes,C,B,create_claim_atom,Claim-level v0.2 pass; pre-pill. Register A status present.
KIMI-ledger-A-007,topics/abc-ledger.html,An argument that hides its attackers is not an argument; it is an evasion.,none (theological ground / L0 instantiation),confesses a theological identification or doctrine,created-order distinction/relation preserved in background,"if removed, corresponding bridge readings lose theological anchor",domain-bound (A); C translates as bridge candidate,coherent,yes,yes,C,B,create_claim_atom,Claim-level v0.2 pass; pre-pill. Register A status present.
KIMI-ledger-A-008,topics/abc-ledger.html,The ledger is a small echo of the larger accountability every creature has before the Judge who is also Savior.,none (theological ground / L0 instantiation),confesses a theological identification or doctrine,created-order distinction/relation preserved in background,"if removed, corresponding bridge readings lose theological anchor",domain-bound (A); C translates as bridge candidate,coherent,yes,yes,C,B,create_claim_atom,Claim-level v0.2 pass; pre-pill. Register A status present.
KIMI-ledger-B-001,topics/abc-ledger.html,"Proof, model, analogy, correspondence, conjecture, and open question are different grades.",requires empirical method / opening axioms (L0-L2),"introduces a physics-register model, observation, or formal method",mathematical/logical lower-layer floor preserved,"if removed, dependent bridge claims collapse to analogy",domain-bound (B); C translates structure across,coherent,yes,yes,E,B,create_claim_atom,Claim-level v0.2 pass; pre-pill. Register B status present.
KIMI-ledger-B-002,topics/abc-ledger.html,The science register gets damaged when they are mixed.,requires empirical method / opening axioms (L0-L2),"introduces a physics-register model, observation, or formal method",mathematical/logical lower-layer floor preserved,"if removed, dependent bridge claims collapse to analogy",domain-bound (B); C translates structure across,coherent,yes,yes,E,B,create_claim_atom,Claim-level v0.2 pass; pre-pill. Register B status present.
KIMI-ledger-B-003,topics/abc-ledger.html,"The audit protocol is: apparent objection → corpus search → structural test → disposition: killed, reduced, open, repaired, derivation-owed, or strengthened.",requires empirical method / opening axioms (L0-L2),"introduces a physics-register model, observation, or formal method",mathematical/logical lower-layer floor preserved,"if removed, dependent bridge claims collapse to analogy",domain-bound (B); C translates structure across,coherent,yes,yes,PM,B,create_claim_atom,Claim-level v0.2 pass; pre-pill. Register B status present. Philosophical/model claim.
KIMI-ledger-C-001,topics/abc-ledger.html,"The ledger, Lean gold ticket standard, and Lane 4 registry govern canon status.",requires both A and B register content,introduces cross-register bridge translation / correspondence,preserves both theological and scientific floors,"if removed, cross-register coherence collapses",A↔B↔C translation,coherent,yes,yes,BR,C,create_bridge_atom,"Claim-level v0.2 pass; pre-pill. Register C status present. Bridge correspondence, not proof."
KIMI-ledger-C-002,topics/abc-ledger.html,A bridge can pass with caveats.,requires both A and B register content,introduces cross-register bridge translation / correspondence,preserves both theological and scientific floors,"if removed, cross-register coherence collapses",A↔B↔C translation,coherent,yes,yes,BR,C,create_bridge_atom,"Claim-level v0.2 pass; pre-pill. Register C status present. Bridge correspondence, not proof."
KIMI-ledger-C-003,topics/abc-ledger.html,A failed claim can retire without collapsing the whole project.,requires both A and B register content,introduces cross-register bridge translation / correspondence,preserves both theological and scientific floors,"if removed, cross-register coherence collapses",A↔B↔C translation,coherent,yes,yes,BR,C,create_bridge_atom,"Claim-level v0.2 pass; pre-pill. Register C status present. Bridge correspondence, not proof."
KIMI-ledger-C-004,topics/abc-ledger.html,"What walked through untouched: the triadic termination structure, the coupling gate battery, and the method itself — state the strongest objection, search for an independent repair, attack again, keep only what survives.",requires both A and B register content,introduces cross-register bridge translation / correspondence,preserves both theological and scientific floors,"if removed, cross-register coherence collapses",A↔B↔C translation,coherent,yes,yes,BR,C,create_bridge_atom,"Claim-level v0.2 pass; pre-pill. Register C status present. Bridge correspondence, not proof."
KIMI-ledger-C-005,topics/abc-ledger.html,"""One zero anywhere kills the whole product"" — killed as originally worded; repaired by normalized sector product.",requires both A and B register content,introduces cross-register bridge translation / correspondence,preserves both theological and scientific floors,"if removed, cross-register coherence collapses",A↔B↔C translation,coherent,yes,yes,BR,C,create_bridge_atom,"Claim-level v0.2 pass; pre-pill. Register C status present. Bridge correspondence, not proof."
KIMI-ledger-C-006,topics/abc-ledger.html,"Fruits from Yukawa potential — overstated ; honest count is seven-from-one-parent, Hessian owed.",requires both A and B register content,introduces cross-register bridge translation / correspondence,preserves both theological and scientific floors,"if removed, cross-register coherence collapses",A↔B↔C translation,coherent,yes,yes,BR,C,create_bridge_atom,"Claim-level v0.2 pass; pre-pill. Register C status present. Bridge correspondence, not proof."
KIMI-ledger-C-007,topics/abc-ledger.html,"""1+1=3"" / ""1×1×1=1 proves three"" — killed .",requires both A and B register content,introduces cross-register bridge translation / correspondence,preserves both theological and scientific floors,"if removed, cross-register coherence collapses",A↔B↔C translation,coherent,yes,yes,BR,C,create_bridge_atom,"Claim-level v0.2 pass; pre-pill. Register C status present. Bridge correspondence, not proof."
KIMI-ledger-C-008,topics/abc-ledger.html,Divine attributes read off EM waves — killed .,requires both A and B register content,introduces cross-register bridge translation / correspondence,preserves both theological and scientific floors,"if removed, cross-register coherence collapses",A↔B↔C translation,coherent,yes,yes,BR,C,create_bridge_atom,"Claim-level v0.2 pass; pre-pill. Register C status present. Bridge correspondence, not proof."
KIMI-ledger-C-009,topics/abc-ledger.html,"""No premise smuggled. No step skipped."" — killed ; replaced with ""every major bridge is named so it can be attacked.""",requires both A and B register content,introduces cross-register bridge translation / correspondence,preserves both theological and scientific floors,"if removed, cross-register coherence collapses",A↔B↔C translation,coherent,yes,yes,BR,C,create_bridge_atom,"Claim-level v0.2 pass; pre-pill. Register C status present. Bridge correspondence, not proof."
KIMI-ledger-C-010,topics/abc-ledger.html,"""Weak-force physics proves moral conservation"" — reduced ; the real argument is stronger when the moral-Lagrangian premise is stated explicitly.",requires both A and B register content,introduces cross-register bridge translation / correspondence,preserves both theological and scientific floors,"if removed, cross-register coherence collapses",A↔B↔C translation,coherent,yes,yes,BR,C,create_bridge_atom,"Claim-level v0.2 pass; pre-pill. Register C status present. Bridge correspondence, not proof."
KIMI-master-equation-A-001,topics/abc-master-equation.html,"In theology, coherence is not first a measurable quantity; it is a person. ""For by him all things were created, in heaven and on earth, visible and invisible... and in him all things hold together"" (Col 1:16-17).",none (theological ground / L0 instantiation),confesses a theological identification or doctrine,created-order distinction/relation preserved in background,"if removed, corresponding bridge readings lose theological anchor",domain-bound (A); C translates as bridge candidate,coherent,yes,yes,S,B,create_claim_atom,Claim-level v0.2 pass; pre-pill. Register A status present. Scriptural/traditional source.
KIMI-master-equation-A-002,topics/abc-master-equation.html,Christ is the wisdom by which the world was made and the power by which it is sustained.,none (theological ground / L0 instantiation),confesses a theological identification or doctrine,created-order distinction/relation preserved in background,"if removed, corresponding bridge readings lose theological anchor",domain-bound (A); C translates as bridge candidate,coherent,yes,yes,C,B,create_claim_atom,Claim-level v0.2 pass; pre-pill. Register A status present.
KIMI-master-equation-A-003,topics/abc-master-equation.html,"Sin, then, is not merely rule-breaking; it is the dis-integration of the creature from the one in whom all things cohere.",none (theological ground / L0 instantiation),confesses a theological identification or doctrine,created-order distinction/relation preserved in background,"if removed, corresponding bridge readings lose theological anchor",domain-bound (A); C translates as bridge candidate,coherent,yes,yes,C,B,create_claim_atom,Claim-level v0.2 pass; pre-pill. Register A status present.
KIMI-master-equation-A-004,topics/abc-master-equation.html,The equation does not contain God.,none (theological ground / L0 instantiation),confesses a theological identification or doctrine,created-order distinction/relation preserved in background,"if removed, corresponding bridge readings lose theological anchor",domain-bound (A); C translates as bridge candidate,coherent,yes,yes,C,B,create_claim_atom,Claim-level v0.2 pass; pre-pill. Register A status present.
KIMI-master-equation-A-005,topics/abc-master-equation.html,"At best it may model created alignment, the cost of disorder, and the direction of restoration.",none (theological ground / L0 instantiation),confesses a theological identification or doctrine,created-order distinction/relation preserved in background,"if removed, corresponding bridge readings lose theological anchor",domain-bound (A); C translates as bridge candidate,coherent,yes,yes,C,B,create_claim_atom,Claim-level v0.2 pass; pre-pill. Register A status present.
KIMI-master-equation-A-006,topics/abc-master-equation.html,The real coherence is eschatological: God will sum up all things in Christ (Eph 1:10).,none (theological ground / L0 instantiation),confesses a theological identification or doctrine,created-order distinction/relation preserved in background,"if removed, corresponding bridge readings lose theological anchor",domain-bound (A); C translates as bridge candidate,coherent,yes,yes,S,B,create_claim_atom,Claim-level v0.2 pass; pre-pill. Register A status present. Scriptural/traditional source.
KIMI-master-equation-A-007,topics/abc-master-equation.html,"The Master Equation, if it is useful at all, points toward that summing-up; it does not replace it.",none (theological ground / L0 instantiation),confesses a theological identification or doctrine,created-order distinction/relation preserved in background,"if removed, corresponding bridge readings lose theological anchor",domain-bound (A); C translates as bridge candidate,coherent,yes,yes,C,B,create_claim_atom,Claim-level v0.2 pass; pre-pill. Register A status present.
KIMI-master-equation-A-008,topics/abc-master-equation.html,"Humanity in this picture: human beings are image-bearers called to reflect this coherence in their knowing, loving, and choosing.",none (theological ground / L0 instantiation),confesses a theological identification or doctrine,created-order distinction/relation preserved in background,"if removed, corresponding bridge readings lose theological anchor",domain-bound (A); C translates as bridge candidate,coherent,yes,yes,C,B,create_claim_atom,Claim-level v0.2 pass; pre-pill. Register A status present.
KIMI-master-equation-A-009,topics/abc-master-equation.html,The Fall distorted but did not erase the image.,none (theological ground / L0 instantiation),confesses a theological identification or doctrine,created-order distinction/relation preserved in background,"if removed, corresponding bridge readings lose theological anchor",domain-bound (A); C translates as bridge candidate,coherent,yes,yes,C,B,create_claim_atom,Claim-level v0.2 pass; pre-pill. Register A status present.
KIMI-master-equation-A-010,topics/abc-master-equation.html,"Redemption is the re-integration of the person into Christ, beginning now and completed at the resurrection.",none (theological ground / L0 instantiation),confesses a theological identification or doctrine,created-order distinction/relation preserved in background,"if removed, corresponding bridge readings lose theological anchor",domain-bound (A); C translates as bridge candidate,coherent,yes,yes,C,B,create_claim_atom,Claim-level v0.2 pass; pre-pill. Register A status present.
KIMI-master-equation-B-001,topics/abc-master-equation.html,"Physics supplies pieces such as information rates, entropy constraints, dynamical laws, and boundary conditions.",requires empirical method / opening axioms (L0-L2),"introduces a physics-register model, observation, or formal method",mathematical/logical lower-layer floor preserved,"if removed, dependent bridge claims collapse to analogy",domain-bound (B); C translates structure across,coherent_partial,needs_review,yes,PH,C,create_gap_atom,Claim-level v0.2 pass; pre-pill. Register B status partial. Register partial; review before promotion. Physics-register claim; formal/empirical support required.
KIMI-master-equation-B-002,topics/abc-master-equation.html,The Lowe Coherence Lagrangian is written as a contact/Herglotz form to handle dissipative systems:,requires empirical method / opening axioms (L0-L2),"introduces a physics-register model, observation, or formal method",mathematical/logical lower-layer floor preserved,"if removed, dependent bridge claims collapse to analogy",domain-bound (B); C translates structure across,coherent_partial,needs_review,yes,PH,C,create_gap_atom,Claim-level v0.2 pass; pre-pill. Register B status partial. Register partial; review before promotion. Physics-register claim; formal/empirical support required.
KIMI-master-equation-B-003,topics/abc-master-equation.html,"ℒ = χ(t)·(d/dt ΣFᵢ)² − V(χ,S)",requires empirical method / opening axioms (L0-L2),"introduces a physics-register model, observation, or formal method",mathematical/logical lower-layer floor preserved,"if removed, dependent bridge claims collapse to analogy",domain-bound (B); C translates structure across,coherent_partial,needs_review,yes,E,C,create_gap_atom,Claim-level v0.2 pass; pre-pill. Register B status partial. Register partial; review before promotion.
KIMI-master-equation-B-004,topics/abc-master-equation.html,From this Lagrangian the framework derives seven governing equations (GE1–GE7) and four Noether conservation laws (N1–N4).,requires empirical method / opening axioms (L0-L2),"introduces a physics-register model, observation, or formal method",mathematical/logical lower-layer floor preserved,"if removed, dependent bridge claims collapse to analogy",domain-bound (B); C translates structure across,coherent_partial,needs_review,yes,PH,C,create_gap_atom,Claim-level v0.2 pass; pre-pill. Register B status partial. Register partial; review before promotion. Physics-register claim; formal/empirical support required.
KIMI-master-equation-B-005,topics/abc-master-equation.html,"The contact Noether theorem still gives conserved charges, but they decay at a rate proportional to the dissipation — nothing is free.",requires empirical method / opening axioms (L0-L2),"introduces a physics-register model, observation, or formal method",mathematical/logical lower-layer floor preserved,"if removed, dependent bridge claims collapse to analogy",domain-bound (B); C translates structure across,coherent_partial,needs_review,yes,PH,C,create_gap_atom,Claim-level v0.2 pass; pre-pill. Register B status partial. Register partial; review before promotion. Physics-register claim; formal/empirical support required.
KIMI-master-equation-B-006,topics/abc-master-equation.html,"The Master Equation remains a wrapper and measurement instrument, not a replacement for GR, QCD, Maxwell, quantum mechanics, or thermodynamics.",requires empirical method / opening axioms (L0-L2),"introduces a physics-register model, observation, or formal method",mathematical/logical lower-layer floor preserved,"if removed, dependent bridge claims collapse to analogy",domain-bound (B); C translates structure across,coherent_partial,needs_review,yes,PH,C,create_gap_atom,Claim-level v0.2 pass; pre-pill. Register B status partial. Register partial; review before promotion. Physics-register claim; formal/empirical support required.
KIMI-master-equation-C-001,topics/abc-master-equation.html,"The Master Equation appears in four forms, each revealing a different structural feature:",requires both A and B register content,introduces cross-register bridge translation / correspondence,preserves both theological and scientific floors,"if removed, cross-register coherence collapses",A↔B↔C translation,coherent_partial,needs_review,yes,BR,C,create_bridge_atom,"Claim-level v0.2 pass; pre-pill. Register C status partial. Register partial; review before promotion. Bridge correspondence, not proof."
KIMI-master-equation-C-002,topics/abc-master-equation.html,Product (structural veto) χ = C_W[∭(G·M·E·S·T·K·R·Q·F) dx dy dt] Any variable → 0 kills χ. Every factor is necessary.,requires both A and B register content,introduces cross-register bridge translation / correspondence,preserves both theological and scientific floors,"if removed, cross-register coherence collapses",A↔B↔C translation,coherent_partial,needs_review,yes,BR,C,create_bridge_atom,"Claim-level v0.2 pass; pre-pill. Register C status partial. Register partial; review before promotion. Bridge correspondence, not proof."
KIMI-master-equation-C-003,topics/abc-master-equation.html,Ratio (combat) χ = G/S Grace vs entropy. The war.,requires both A and B register content,introduces cross-register bridge translation / correspondence,preserves both theological and scientific floors,"if removed, cross-register coherence collapses",A↔B↔C translation,coherent_partial,needs_review,yes,BR,C,create_bridge_atom,"Claim-level v0.2 pass; pre-pill. Register C status partial. Register partial; review before promotion. Bridge correspondence, not proof."
KIMI-master-equation-C-004,topics/abc-master-equation.html,Dynamic (engine) dχ/dt = G − S + Γ Time evolution. Source term Γ is where grace enters.,requires both A and B register content,introduces cross-register bridge translation / correspondence,preserves both theological and scientific floors,"if removed, cross-register coherence collapses",A↔B↔C translation,coherent_partial,needs_review,yes,BR,C,create_bridge_atom,"Claim-level v0.2 pass; pre-pill. Register C status partial. Register partial; review before promotion. Bridge correspondence, not proof."
KIMI-master-equation-C-005,topics/abc-master-equation.html,Field (wave equation) □χ + V'(χ) + J_grace = 0 χ as a propagating field. Connects to the Lagrangian.,requires both A and B register content,introduces cross-register bridge translation / correspondence,preserves both theological and scientific floors,"if removed, cross-register coherence collapses",A↔B↔C translation,coherent_partial,needs_review,yes,BR,C,create_bridge_atom,"Claim-level v0.2 pass; pre-pill. Register C status partial. Register partial; review before promotion. Bridge correspondence, not proof."
KIMI-master-equation-C-006,topics/abc-master-equation.html,"Noether forcing — symmetry → conserved charge. Used in Laws 1, 2, 4, 5, 6, 8, 9.",requires both A and B register content,introduces cross-register bridge translation / correspondence,preserves both theological and scientific floors,"if removed, cross-register coherence collapses",A↔B↔C translation,coherent_partial,needs_review,yes,BR,C,create_bridge_atom,"Claim-level v0.2 pass; pre-pill. Register C status partial. Register partial; review before promotion. Bridge correspondence, not proof."
KIMI-master-equation-C-007,topics/abc-master-equation.html,Eigenmode completeness — boundary conditions → standing wave basis. Used in Law 3.,requires both A and B register content,introduces cross-register bridge translation / correspondence,preserves both theological and scientific floors,"if removed, cross-register coherence collapses",A↔B↔C translation,coherent_partial,needs_review,yes,BR,C,create_bridge_atom,"Claim-level v0.2 pass; pre-pill. Register C status partial. Register partial; review before promotion. Bridge correspondence, not proof."
KIMI-master-equation-C-008,topics/abc-master-equation.html,Lindblad channel classification — decoherence types → protection mechanisms. Used in Law 7.,requires both A and B register content,introduces cross-register bridge translation / correspondence,preserves both theological and scientific floors,"if removed, cross-register coherence collapses",A↔B↔C translation,coherent_partial,needs_review,yes,BR,C,create_bridge_atom,"Claim-level v0.2 pass; pre-pill. Register C status partial. Register partial; review before promotion. Bridge correspondence, not proof."
KIMI-master-equation-C-009,topics/abc-master-equation.html,N1 Grace-Sin Conservation dS/dt + dG/dt = 0 Grace and sin are exchange partners.,requires both A and B register content,introduces cross-register bridge translation / correspondence,preserves both theological and scientific floors,"if removed, cross-register coherence collapses",A↔B↔C translation,coherent_partial,needs_review,yes,BR,C,create_bridge_atom,"Claim-level v0.2 pass; pre-pill. Register C status partial. Register partial; review before promotion. Bridge correspondence, not proof."
KIMI-master-equation-C-010,topics/abc-master-equation.html,N2 Information Conservation ∇·I = 0 No sources or sinks. Nothing truly forgotten.,requires both A and B register content,introduces cross-register bridge translation / correspondence,preserves both theological and scientific floors,"if removed, cross-register coherence collapses",A↔B↔C translation,coherent_partial,needs_review,yes,BR,C,create_bridge_atom,"Claim-level v0.2 pass; pre-pill. Register C status partial. Register partial; review before promotion. Bridge correspondence, not proof."
KIMI-master-equation-C-011,topics/abc-master-equation.html,N3 Pair Conservation Q = 2k·χ·(v_a + v_b) Symmetry pairs generate paired conserved charges.,requires both A and B register content,introduces cross-register bridge translation / correspondence,preserves both theological and scientific floors,"if removed, cross-register coherence collapses",A↔B↔C translation,coherent_partial,needs_review,yes,BR,C,create_bridge_atom,"Claim-level v0.2 pass; pre-pill. Register C status partial. Register partial; review before promotion. Bridge correspondence, not proof."
KIMI-master-equation-C-012,topics/abc-master-equation.html,N4 Moral Conservation ∇_β T^αβ = 0 Two derivation paths (Bianchi + Noether). The keystone.,requires both A and B register content,introduces cross-register bridge translation / correspondence,preserves both theological and scientific floors,"if removed, cross-register coherence collapses",A↔B↔C translation,coherent_partial,needs_review,yes,BR,C,create_bridge_atom,"Claim-level v0.2 pass; pre-pill. Register C status partial. Register partial; review before promotion. Bridge correspondence, not proof."
KIMI-master-equation-C-013,topics/abc-master-equation.html,"Seven governing equations: GE1 Differential Identity, GE2 Curvature-Coherence, GE3 Entropy-Negentropy Exchange, GE4 χ Conservation, GE5 Moral Equilibrium, GE6 Information Tensor, GE7 Trinity Constraint.",requires both A and B register content,introduces cross-register bridge translation / correspondence,preserves both theological and scientific floors,"if removed, cross-register coherence collapses",A↔B↔C translation,coherent_partial,needs_review,yes,BR,C,create_bridge_atom,"Claim-level v0.2 pass; pre-pill. Register C status partial. Register partial; review before promotion. Bridge correspondence, not proof."
KIMI-master-equation-C-014,topics/abc-master-equation.html,"Retired claims: raw bits/s product inside χ; C as a tenth factor; ""one zero anywhere kills the whole product"" as originally worded.",requires both A and B register content,introduces cross-register bridge translation / correspondence,preserves both theological and scientific floors,"if removed, cross-register coherence collapses",A↔B↔C translation,coherent_partial,needs_review,yes,BR,C,create_bridge_atom,"Claim-level v0.2 pass; pre-pill. Register C status partial. Register partial; review before promotion. Bridge correspondence, not proof."
KIMI-master-equation-C-015,topics/abc-master-equation.html,Honest statement: the derivation is distributed across ten law files and several formal papers.,requires both A and B register content,introduces cross-register bridge translation / correspondence,preserves both theological and scientific floors,"if removed, cross-register coherence collapses",A↔B↔C translation,coherent_partial,needs_review,yes,BR,C,create_bridge_atom,"Claim-level v0.2 pass; pre-pill. Register C status partial. Register partial; review before promotion. Bridge correspondence, not proof."
KIMI-master-equation-C-016,topics/abc-master-equation.html,A single unified walk from axioms to χ remains the most important missing piece for reviewers.,requires both A and B register content,introduces cross-register bridge translation / correspondence,preserves both theological and scientific floors,"if removed, cross-register coherence collapses",A↔B↔C translation,coherent_partial,needs_review,yes,PM,C,create_bridge_atom,Claim-level v0.2 pass; pre-pill. Register C status partial. Register partial; review before promotion. Philosophical/model claim.
KIMI-master-equation-C-017,topics/abc-master-equation.html,"Where derivations are done, they carry kill conditions; where they aren't, this page says OPEN in plain sight.",requires both A and B register content,introduces cross-register bridge translation / correspondence,preserves both theological and scientific floors,"if removed, cross-register coherence collapses",A↔B↔C translation,coherent_partial,needs_review,yes,BR,C,create_bridge_atom,"Claim-level v0.2 pass; pre-pill. Register C status partial. Register partial; review before promotion. Bridge correspondence, not proof."
KIMI-science-triads-A-001,topics/abc-science-triads.html,Christian theology confesses that the Triune God created all things through the Word and by the Spirit.,none (theological ground / L0 instantiation),confesses a theological identification or doctrine,created-order distinction/relation preserved in background,"if removed, corresponding bridge readings lose theological anchor",domain-bound (A); C translates as bridge candidate,coherent_partial,needs_review,yes,C,C,create_gap_atom,Claim-level v0.2 pass; pre-pill. Register A status partial. Register partial; review before promotion.
KIMI-science-triads-A-002,topics/abc-science-triads.html,"The world is not a machine running beside God; it is speech from God, sustained by God, and ordered toward God. ""The heavens declare the glory of God"" (Ps 19:1); ""His invisible attributes, namely his eternal power and divine nature, have been clearly perceived, ever since the creation of the world, in the things that have been made"" (Rom 1:20).",none (theological ground / L0 instantiation),confesses a theological identification or doctrine,created-order distinction/relation preserved in background,"if removed, corresponding bridge readings lose theological anchor",domain-bound (A); C translates as bridge candidate,coherent_partial,needs_review,yes,S,C,create_gap_atom,Claim-level v0.2 pass; pre-pill. Register A status partial. Register partial; review before promotion. Scriptural/traditional source.
KIMI-science-triads-A-003,topics/abc-science-triads.html,This general revelation is real but limited.,none (theological ground / L0 instantiation),confesses a theological identification or doctrine,created-order distinction/relation preserved in background,"if removed, corresponding bridge readings lose theological anchor",domain-bound (A); C translates as bridge candidate,coherent_partial,needs_review,yes,C,C,create_gap_atom,Claim-level v0.2 pass; pre-pill. Register A status partial. Register partial; review before promotion.
KIMI-science-triads-A-004,topics/abc-science-triads.html,"It tells that God is, that he is powerful, and that creation is ordered.",none (theological ground / L0 instantiation),confesses a theological identification or doctrine,created-order distinction/relation preserved in background,"if removed, corresponding bridge readings lose theological anchor",domain-bound (A); C translates as bridge candidate,coherent_partial,needs_review,yes,C,C,create_gap_atom,Claim-level v0.2 pass; pre-pill. Register A status partial. Register partial; review before promotion.
KIMI-science-triads-A-005,topics/abc-science-triads.html,"It does not tell us that God is Father, Son, and Spirit, or that he is love, or that sin has been atoned for at the Cross.",none (theological ground / L0 instantiation),confesses a theological identification or doctrine,created-order distinction/relation preserved in background,"if removed, corresponding bridge readings lose theological anchor",domain-bound (A); C translates as bridge candidate,coherent_partial,needs_review,yes,C,C,create_gap_atom,Claim-level v0.2 pass; pre-pill. Register A status partial. Register partial; review before promotion.
KIMI-science-triads-A-006,topics/abc-science-triads.html,Those truths come by special revelation in Scripture and ultimately in Christ.,none (theological ground / L0 instantiation),confesses a theological identification or doctrine,created-order distinction/relation preserved in background,"if removed, corresponding bridge readings lose theological anchor",domain-bound (A); C translates as bridge candidate,coherent_partial,needs_review,yes,S,C,create_gap_atom,Claim-level v0.2 pass; pre-pill. Register A status partial. Register partial; review before promotion. Scriptural/traditional source.
KIMI-science-triads-A-007,topics/abc-science-triads.html,"So creation may bear traces of its Creator — including a relational grammar of source, word, and witness — but those traces are not a replacement for the gospel.",none (theological ground / L0 instantiation),confesses a theological identification or doctrine,created-order distinction/relation preserved in background,"if removed, corresponding bridge readings lose theological anchor",domain-bound (A); C translates as bridge candidate,coherent_partial,needs_review,yes,C,C,create_gap_atom,Claim-level v0.2 pass; pre-pill. Register A status partial. Register partial; review before promotion.
KIMI-science-triads-A-008,topics/abc-science-triads.html,The Trinity is the deeper reason why triadic structures are not surprising to theology.,none (theological ground / L0 instantiation),confesses a theological identification or doctrine,created-order distinction/relation preserved in background,"if removed, corresponding bridge readings lose theological anchor",domain-bound (A); C translates as bridge candidate,coherent_partial,needs_review,yes,C,C,create_gap_atom,Claim-level v0.2 pass; pre-pill. Register A status partial. Register partial; review before promotion.
KIMI-science-triads-A-009,topics/abc-science-triads.html,"God is one being in three persons, and the persons are constituted by their relations: the Father begets, the Son is begotten, the Spirit proceeds.",none (theological ground / L0 instantiation),confesses a theological identification or doctrine,created-order distinction/relation preserved in background,"if removed, corresponding bridge readings lose theological anchor",domain-bound (A); C translates as bridge candidate,coherent_partial,needs_review,yes,C,C,create_gap_atom,Claim-level v0.2 pass; pre-pill. Register A status partial. Register partial; review before promotion.
KIMI-science-triads-A-010,topics/abc-science-triads.html,"A creation made by this God may reasonably exhibit relation at its foundation, even though physics does not need the Trinity to calculate and triadic structure does not prove the Trinity.",none (theological ground / L0 instantiation),confesses a theological identification or doctrine,created-order distinction/relation preserved in background,"if removed, corresponding bridge readings lose theological anchor",domain-bound (A); C translates as bridge candidate,coherent_partial,needs_review,yes,C,C,create_gap_atom,Claim-level v0.2 pass; pre-pill. Register A status partial. Register partial; review before promotion.
KIMI-science-triads-B-001,topics/abc-science-triads.html,"A real triad requires irreducible roles, functional dependence, mediation, asymmetry, and formal visibility.",requires empirical method / opening axioms (L0-L2),"introduces a physics-register model, observation, or formal method",mathematical/logical lower-layer floor preserved,"if removed, dependent bridge claims collapse to analogy",domain-bound (B); C translates structure across,coherent,yes,yes,E,B,create_claim_atom,Claim-level v0.2 pass; pre-pill. Register B status present.
KIMI-science-triads-B-002,topics/abc-science-triads.html,"Shannon communication: source, channel, receiver.",requires empirical method / opening axioms (L0-L2),"introduces a physics-register model, observation, or formal method",mathematical/logical lower-layer floor preserved,"if removed, dependent bridge claims collapse to analogy",domain-bound (B); C translates structure across,coherent,yes,yes,PH,B,create_claim_atom,Claim-level v0.2 pass; pre-pill. Register B status present. Physics-register claim; formal/empirical support required.
KIMI-science-triads-B-003,topics/abc-science-triads.html,"Quantum measurement: system, measurement context, outcome.",requires empirical method / opening axioms (L0-L2),"introduces a physics-register model, observation, or formal method",mathematical/logical lower-layer floor preserved,"if removed, dependent bridge claims collapse to analogy",domain-bound (B); C translates structure across,coherent,yes,yes,PH,B,create_claim_atom,Claim-level v0.2 pass; pre-pill. Register B status present. Physics-register claim; formal/empirical support required.
KIMI-science-triads-B-004,topics/abc-science-triads.html,"Decoherence / einselection: system, environment, pointer states.",requires empirical method / opening axioms (L0-L2),"introduces a physics-register model, observation, or formal method",mathematical/logical lower-layer floor preserved,"if removed, dependent bridge claims collapse to analogy",domain-bound (B); C translates structure across,coherent,yes,yes,PH,B,create_claim_atom,Claim-level v0.2 pass; pre-pill. Register B status present. Physics-register claim; formal/empirical support required.
KIMI-science-triads-B-005,topics/abc-science-triads.html,"Open quantum systems: system, bath, coupling term.",requires empirical method / opening axioms (L0-L2),"introduces a physics-register model, observation, or formal method",mathematical/logical lower-layer floor preserved,"if removed, dependent bridge claims collapse to analogy",domain-bound (B); C translates structure across,coherent,yes,yes,PH,B,create_claim_atom,Claim-level v0.2 pass; pre-pill. Register B status present. Physics-register claim; formal/empirical support required.
KIMI-science-triads-B-006,topics/abc-science-triads.html,"Noether's theorem: action / Lagrangian, symmetry transformation, conserved quantity.",requires empirical method / opening axioms (L0-L2),"introduces a physics-register model, observation, or formal method",mathematical/logical lower-layer floor preserved,"if removed, dependent bridge claims collapse to analogy",domain-bound (B); C translates structure across,coherent,yes,yes,PH,B,create_claim_atom,Claim-level v0.2 pass; pre-pill. Register B status present. Physics-register claim; formal/empirical support required.
KIMI-science-triads-B-007,topics/abc-science-triads.html,"Error correction: encoded data, syndrome/check, recovery operation.",requires empirical method / opening axioms (L0-L2),"introduces a physics-register model, observation, or formal method",mathematical/logical lower-layer floor preserved,"if removed, dependent bridge claims collapse to analogy",domain-bound (B); C translates structure across,coherent,yes,yes,PH,B,create_claim_atom,Claim-level v0.2 pass; pre-pill. Register B status present. Physics-register claim; formal/empirical support required.
KIMI-science-triads-B-008,topics/abc-science-triads.html,Each must be described in its own scientific terms first.,requires empirical method / opening axioms (L0-L2),"introduces a physics-register model, observation, or formal method",mathematical/logical lower-layer floor preserved,"if removed, dependent bridge claims collapse to analogy",domain-bound (B); C translates structure across,coherent,yes,yes,E,B,create_claim_atom,Claim-level v0.2 pass; pre-pill. Register B status present.
KIMI-science-triads-B-009,topics/abc-science-triads.html,"The third role is not decorative; it mediates, stabilizes, selects, preserves, or makes the relation public.",requires empirical method / opening axioms (L0-L2),"introduces a physics-register model, observation, or formal method",mathematical/logical lower-layer floor preserved,"if removed, dependent bridge claims collapse to analogy",domain-bound (B); C translates structure across,coherent,yes,yes,E,B,create_claim_atom,Claim-level v0.2 pass; pre-pill. Register B status present.
KIMI-science-triads-C-001,topics/abc-science-triads.html,Theophysics does not say every group of three proves the Trinity.,requires both A and B register content,introduces cross-register bridge translation / correspondence,preserves both theological and scientific floors,"if removed, cross-register coherence collapses",A↔B↔C translation,coherent,yes,yes,BR,C,create_bridge_atom,"Claim-level v0.2 pass; pre-pill. Register C status present. Bridge correspondence, not proof."
KIMI-science-triads-C-002,topics/abc-science-triads.html,"It asks whether stable truth repeatedly needs being, mediation, and record; source, channel, and receiver; system, context, and outcome.",requires both A and B register content,introduces cross-register bridge translation / correspondence,preserves both theological and scientific floors,"if removed, cross-register coherence collapses",A↔B↔C translation,coherent,yes,yes,BR,C,create_bridge_atom,"Claim-level v0.2 pass; pre-pill. Register C status present. Bridge correspondence, not proof."
KIMI-science-triads-C-003,topics/abc-science-triads.html,Core pattern: state + mediation + stable witness.,requires both A and B register content,introduces cross-register bridge translation / correspondence,preserves both theological and scientific floors,"if removed, cross-register coherence collapses",A↔B↔C translation,coherent,yes,yes,BR,C,create_bridge_atom,"Claim-level v0.2 pass; pre-pill. Register C status present. Bridge correspondence, not proof."
KIMI-science-triads-C-004,topics/abc-science-triads.html,The bridge claim is that this recurring grammar is structurally convergent with the Trinity's relational logic.,requires both A and B register content,introduces cross-register bridge translation / correspondence,preserves both theological and scientific floors,"if removed, cross-register coherence collapses",A↔B↔C translation,coherent,yes,yes,BR,C,create_bridge_atom,"Claim-level v0.2 pass; pre-pill. Register C status present. Bridge correspondence, not proof."
KIMI-science-triads-C-005,topics/abc-science-triads.html,"The claim is [C]-grade correspondence, not proof.",requires both A and B register content,introduces cross-register bridge translation / correspondence,preserves both theological and scientific floors,"if removed, cross-register coherence collapses",A↔B↔C translation,coherent,yes,yes,BR,C,create_bridge_atom,"Claim-level v0.2 pass; pre-pill. Register C status present. Bridge correspondence, not proof."
KIMI-science-triads-C-006,topics/abc-science-triads.html,Functional irreducibility.,requires both A and B register content,introduces cross-register bridge translation / correspondence,preserves both theological and scientific floors,"if removed, cross-register coherence collapses",A↔B↔C translation,coherent,yes,yes,BR,C,create_bridge_atom,"Claim-level v0.2 pass; pre-pill. Register C status present. Bridge correspondence, not proof."
KIMI-science-triads-C-007,topics/abc-science-triads.html,"The strongest bridge is not ""three of anything"" but the three-root termination argument: generation (Being), distinction (Logos), and actualization (Relation).",requires both A and B register content,introduces cross-register bridge translation / correspondence,preserves both theological and scientific floors,"if removed, cross-register coherence collapses",A↔B↔C translation,coherent,yes,yes,BR,C,create_bridge_atom,"Claim-level v0.2 pass; pre-pill. Register C status present. Bridge correspondence, not proof."
KIMI-science-triads-C-008,topics/abc-science-triads.html,"In measurement, these map to superposition, basis/eigenstructure, and outcome.",requires both A and B register content,introduces cross-register bridge translation / correspondence,preserves both theological and scientific floors,"if removed, cross-register coherence collapses",A↔B↔C translation,coherent,yes,yes,BR,C,create_bridge_atom,"Claim-level v0.2 pass; pre-pill. Register C status present. Bridge correspondence, not proof."
KIMI-science-triads-C-009,topics/abc-science-triads.html,"In arithmetic they map to operand, operand, and operation.",requires both A and B register content,introduces cross-register bridge translation / correspondence,preserves both theological and scientific floors,"if removed, cross-register coherence collapses",A↔B↔C translation,coherent,yes,yes,BR,C,create_bridge_atom,"Claim-level v0.2 pass; pre-pill. Register C status present. Bridge correspondence, not proof."
KIMI-science-triads-C-010,topics/abc-science-triads.html,"In communication they map to source, channel, and receiver.",requires both A and B register content,introduces cross-register bridge translation / correspondence,preserves both theological and scientific floors,"if removed, cross-register coherence collapses",A↔B↔C translation,coherent,yes,yes,BR,C,create_bridge_atom,"Claim-level v0.2 pass; pre-pill. Register C status present. Bridge correspondence, not proof."
KIMI-science-triads-C-011,topics/abc-science-triads.html,"The third role is operation-like, not object-like — which is why it can terminate regresses instead of continuing them.",requires both A and B register content,introduces cross-register bridge translation / correspondence,preserves both theological and scientific floors,"if removed, cross-register coherence collapses",A↔B↔C translation,coherent,yes,yes,BR,C,create_bridge_atom,"Claim-level v0.2 pass; pre-pill. Register C status present. Bridge correspondence, not proof."
KIMI-science-triads-C-012,topics/abc-science-triads.html,"Best bridges to use first: decoherence, Shannon communication, Noether, open quantum systems, thermodynamics (system/boundary/environment), error correction, gauge theory.",requires both A and B register content,introduces cross-register bridge translation / correspondence,preserves both theological and scientific floors,"if removed, cross-register coherence collapses",A↔B↔C translation,coherent,yes,yes,BR,C,create_bridge_atom,"Claim-level v0.2 pass; pre-pill. Register C status present. Bridge correspondence, not proof."
KIMI-science-triads-C-013,topics/abc-science-triads.html,"Avoid as primary: CPT as direct Trinity proof, holography as proof of Logos, Higgs as grace, Casimir as common grace.",requires both A and B register content,introduces cross-register bridge translation / correspondence,preserves both theological and scientific floors,"if removed, cross-register coherence collapses",A↔B↔C translation,coherent,yes,yes,BR,C,create_bridge_atom,"Claim-level v0.2 pass; pre-pill. Register C status present. Bridge correspondence, not proof."
KIMI-science-triads-C-014,topics/abc-science-triads.html,They may be beautiful later; they are not first load-bearing cases.,requires both A and B register content,introduces cross-register bridge translation / correspondence,preserves both theological and scientific floors,"if removed, cross-register coherence collapses",A↔B↔C translation,coherent,yes,yes,BR,C,create_bridge_atom,"Claim-level v0.2 pass; pre-pill. Register C status present. Bridge correspondence, not proof."
KIMI-spiritual-terms-A-001,topics/abc-spiritual-terms.html,"Grace , sin , faith , mercy , atonement , and redemption are not emptied into generic physics words.",none (theological ground / L0 instantiation),confesses a theological identification or doctrine,created-order distinction/relation preserved in background,"if removed, corresponding bridge readings lose theological anchor",domain-bound (A); C translates as bridge candidate,coherent,yes,yes,C,B,create_claim_atom,Claim-level v0.2 pass; pre-pill. Register A status present.
KIMI-spiritual-terms-A-002,topics/abc-spiritual-terms.html,"They are defined by Scripture, doctrine, and the history of redemption: creation → Fall → promise → Law → Incarnation → Cross → Resurrection → Ascension → Pentecost → return of Christ.",none (theological ground / L0 instantiation),confesses a theological identification or doctrine,created-order distinction/relation preserved in background,"if removed, corresponding bridge readings lose theological anchor",domain-bound (A); C translates as bridge candidate,coherent,yes,yes,S,B,create_claim_atom,Claim-level v0.2 pass; pre-pill. Register A status present. Scriptural/traditional source.
KIMI-spiritual-terms-A-003,topics/abc-spiritual-terms.html,These terms name real events and realities in the drama of God and humanity.,none (theological ground / L0 instantiation),confesses a theological identification or doctrine,created-order distinction/relation preserved in background,"if removed, corresponding bridge readings lose theological anchor",domain-bound (A); C translates as bridge candidate,coherent,yes,yes,C,B,create_claim_atom,Claim-level v0.2 pass; pre-pill. Register A status present.
KIMI-spiritual-terms-A-004,topics/abc-spiritual-terms.html,Sin is real rebellion against a holy God.,none (theological ground / L0 instantiation),confesses a theological identification or doctrine,created-order distinction/relation preserved in background,"if removed, corresponding bridge readings lose theological anchor",domain-bound (A); C translates as bridge candidate,coherent,yes,yes,C,B,create_claim_atom,Claim-level v0.2 pass; pre-pill. Register A status present.
KIMI-spiritual-terms-A-005,topics/abc-spiritual-terms.html,Grace is unmerited favor purchased by Christ.,none (theological ground / L0 instantiation),confesses a theological identification or doctrine,created-order distinction/relation preserved in background,"if removed, corresponding bridge readings lose theological anchor",domain-bound (A); C translates as bridge candidate,coherent,yes,yes,C,B,create_claim_atom,Claim-level v0.2 pass; pre-pill. Register A status present.
KIMI-spiritual-terms-A-006,topics/abc-spiritual-terms.html,Faith is the instrument by which a sinner receives Christ.,none (theological ground / L0 instantiation),confesses a theological identification or doctrine,created-order distinction/relation preserved in background,"if removed, corresponding bridge readings lose theological anchor",domain-bound (A); C translates as bridge candidate,coherent,yes,yes,C,B,create_claim_atom,Claim-level v0.2 pass; pre-pill. Register A status present.
KIMI-spiritual-terms-A-007,topics/abc-spiritual-terms.html,Atonement is the satisfaction of divine justice and the removal of wrath.,none (theological ground / L0 instantiation),confesses a theological identification or doctrine,created-order distinction/relation preserved in background,"if removed, corresponding bridge readings lose theological anchor",domain-bound (A); C translates as bridge candidate,coherent,yes,yes,C,B,create_claim_atom,Claim-level v0.2 pass; pre-pill. Register A status present.
KIMI-spiritual-terms-A-008,topics/abc-spiritual-terms.html,Redemption is the rescue of a slave-market people into freedom and sonship.,none (theological ground / L0 instantiation),confesses a theological identification or doctrine,created-order distinction/relation preserved in background,"if removed, corresponding bridge readings lose theological anchor",domain-bound (A); C translates as bridge candidate,coherent,yes,yes,C,B,create_claim_atom,Claim-level v0.2 pass; pre-pill. Register A status present.
KIMI-spiritual-terms-A-009,topics/abc-spiritual-terms.html,The bridge vocabulary must never be allowed to float free from these anchors.,none (theological ground / L0 instantiation),confesses a theological identification or doctrine,created-order distinction/relation preserved in background,"if removed, corresponding bridge readings lose theological anchor",domain-bound (A); C translates as bridge candidate,coherent,yes,yes,C,B,create_claim_atom,Claim-level v0.2 pass; pre-pill. Register A status present.
KIMI-spiritual-terms-A-010,topics/abc-spiritual-terms.html,Humanity in this picture: human beings are the ones who need these terms.,none (theological ground / L0 instantiation),confesses a theological identification or doctrine,created-order distinction/relation preserved in background,"if removed, corresponding bridge readings lose theological anchor",domain-bound (A); C translates as bridge candidate,coherent,yes,yes,C,B,create_claim_atom,Claim-level v0.2 pass; pre-pill. Register A status present.
KIMI-spiritual-terms-A-011,topics/abc-spiritual-terms.html,"We are the sinners, the recipients of grace, the believers, the redeemed.",none (theological ground / L0 instantiation),confesses a theological identification or doctrine,created-order distinction/relation preserved in background,"if removed, corresponding bridge readings lose theological anchor",domain-bound (A); C translates as bridge candidate,coherent,yes,yes,C,B,create_claim_atom,Claim-level v0.2 pass; pre-pill. Register A status present.
KIMI-spiritual-terms-A-012,topics/abc-spiritual-terms.html,The terms are not abstract labels; they are the grammar of our rescue.,none (theological ground / L0 instantiation),confesses a theological identification or doctrine,created-order distinction/relation preserved in background,"if removed, corresponding bridge readings lose theological anchor",domain-bound (A); C translates as bridge candidate,coherent,yes,yes,C,B,create_claim_atom,Claim-level v0.2 pass; pre-pill. Register A status present.
KIMI-spiritual-terms-B-001,topics/abc-spiritual-terms.html,Science does not define spiritual terms as doctrine.,none (register gap),none,science floor is not applicable here,"if filled with invented science, bridge becomes smuggled",domain-bound gap (B missing),defective,partial,yes,E,D,create_objection_atom,Claim-level v0.2 pass; pre-pill. Register B status gap. Register gap; do not invent missing science.
KIMI-spiritual-terms-B-002,topics/abc-spiritual-terms.html,"It can sometimes supply analogies or structural witnesses, but the doctrinal meaning belongs to theology.",none (register gap),none,science floor is not applicable here,"if filled with invented science, bridge becomes smuggled",domain-bound gap (B missing),defective,partial,yes,E,D,create_objection_atom,Claim-level v0.2 pass; pre-pill. Register B status gap. Register gap; do not invent missing science.
KIMI-spiritual-terms-B-003,topics/abc-spiritual-terms.html,"This is a deliberate gap, not a failure.",none (register gap),none,science floor is not applicable here,"if filled with invented science, bridge becomes smuggled",domain-bound gap (B missing),defective,partial,yes,E,D,create_objection_atom,Claim-level v0.2 pass; pre-pill. Register B status gap. Register gap; do not invent missing science.
KIMI-spiritual-terms-C-001,topics/abc-spiritual-terms.html,The dictionary prevents semantic drift.,requires both A and B register content,introduces cross-register bridge translation / correspondence,preserves both theological and scientific floors,"if removed, cross-register coherence collapses",A↔B↔C translation,coherent,yes,yes,BR,C,create_bridge_atom,"Claim-level v0.2 pass; pre-pill. Register C status present. Bridge correspondence, not proof."
KIMI-spiritual-terms-C-002,topics/abc-spiritual-terms.html,"It helps mark when a term is being used theologically, physically, mathematically, or as bridge language.",requires both A and B register content,introduces cross-register bridge translation / correspondence,preserves both theological and scientific floors,"if removed, cross-register coherence collapses",A↔B↔C translation,coherent,yes,yes,BR,C,create_bridge_atom,"Claim-level v0.2 pass; pre-pill. Register C status present. Bridge correspondence, not proof."
KIMI-spiritual-terms-C-003,topics/abc-spiritual-terms.html,"Key locked terms: grace, sin, agency, freedom, truth, Logos, knowledge, love, judgment, grace-frame, moral conservation, coherence/Christ.",requires both A and B register content,introduces cross-register bridge translation / correspondence,preserves both theological and scientific floors,"if removed, cross-register coherence collapses",A↔B↔C translation,coherent,yes,yes,BR,C,create_bridge_atom,"Claim-level v0.2 pass; pre-pill. Register C status present. Bridge correspondence, not proof."
KIMI-spiritual-terms-C-004,topics/abc-spiritual-terms.html,"Key partial terms: faith (quantum-to-faith reduction still needs witness work), deception (Maxwell-gate discriminability work queued).",requires both A and B register content,introduces cross-register bridge translation / correspondence,preserves both theological and scientific floors,"if removed, cross-register coherence collapses",A↔B↔C translation,coherent,yes,yes,BR,C,create_bridge_atom,"Claim-level v0.2 pass; pre-pill. Register C status present. Bridge correspondence, not proof."
KIMI-spiritual-terms-C-005,topics/abc-spiritual-terms.html,"Correction discipline: in the v3 dictionary, S = Strong/Love, not entropy/sin.",requires both A and B register content,introduces cross-register bridge translation / correspondence,preserves both theological and scientific floors,"if removed, cross-register coherence collapses",A↔B↔C translation,coherent,yes,yes,BR,C,create_bridge_atom,"Claim-level v0.2 pass; pre-pill. Register C status present. Bridge correspondence, not proof."
KIMI-spiritual-terms-C-006,topics/abc-spiritual-terms.html,T = Thermodynamics/Judgment.,requires both A and B register content,introduces cross-register bridge translation / correspondence,preserves both theological and scientific floors,"if removed, cross-register coherence collapses",A↔B↔C translation,coherent,yes,yes,BR,C,create_bridge_atom,"Claim-level v0.2 pass; pre-pill. Register C status present. Bridge correspondence, not proof."
KIMI-spiritual-terms-C-007,topics/abc-spiritual-terms.html,R = Relativity/Grace-Frame.,requires both A and B register content,introduces cross-register bridge translation / correspondence,preserves both theological and scientific floors,"if removed, cross-register coherence collapses",A↔B↔C translation,coherent,yes,yes,BR,C,create_bridge_atom,"Claim-level v0.2 pass; pre-pill. Register C status present. Bridge correspondence, not proof."
KIMI-spiritual-terms-C-008,topics/abc-spiritual-terms.html,These rulings prevent the stale drift that killed earlier versions.,requires both A and B register content,introduces cross-register bridge translation / correspondence,preserves both theological and scientific floors,"if removed, cross-register coherence collapses",A↔B↔C translation,coherent,yes,yes,BR,C,create_bridge_atom,"Claim-level v0.2 pass; pre-pill. Register C status present. Bridge correspondence, not proof."
KIMI-ten-laws-A-001,topics/abc-ten-laws.html,"The laws are read as structures of truth , judgment , mercy , faith , atonement , and redemption .",none (theological ground / L0 instantiation),confesses a theological identification or doctrine,created-order distinction/relation preserved in background,"if removed, corresponding bridge readings lose theological anchor",domain-bound (A); C translates as bridge candidate,coherent,yes,yes,C,B,create_claim_atom,Claim-level v0.2 pass; pre-pill. Register A status present.
KIMI-ten-laws-A-002,topics/abc-ten-laws.html,They are not ten commandments.,none (theological ground / L0 instantiation),confesses a theological identification or doctrine,created-order distinction/relation preserved in background,"if removed, corresponding bridge readings lose theological anchor",domain-bound (A); C translates as bridge candidate,coherent,yes,yes,C,B,create_claim_atom,Claim-level v0.2 pass; pre-pill. Register A status present.
KIMI-ten-laws-A-003,topics/abc-ten-laws.html,"They are ten structural mirrors: physical laws whose equilibrium states carry spiritual terms that emerge, not imposed from outside.",none (theological ground / L0 instantiation),confesses a theological identification or doctrine,created-order distinction/relation preserved in background,"if removed, corresponding bridge readings lose theological anchor",domain-bound (A); C translates as bridge candidate,coherent,yes,yes,C,B,create_claim_atom,Claim-level v0.2 pass; pre-pill. Register A status present.
KIMI-ten-laws-A-004,topics/abc-ten-laws.html,Humanity in this picture: the laws are read by redeemed image-bearers who recognize the handwriting of their Maker.,none (theological ground / L0 instantiation),confesses a theological identification or doctrine,created-order distinction/relation preserved in background,"if removed, corresponding bridge readings lose theological anchor",domain-bound (A); C translates as bridge candidate,coherent,yes,yes,C,B,create_claim_atom,Claim-level v0.2 pass; pre-pill. Register A status present.
KIMI-ten-laws-A-005,topics/abc-ten-laws.html,"Before the Fall, Adam was tasked to name and steward creation; after the Fall, that recognition is clouded but not erased.",none (theological ground / L0 instantiation),confesses a theological identification or doctrine,created-order distinction/relation preserved in background,"if removed, corresponding bridge readings lose theological anchor",domain-bound (A); C translates as bridge candidate,coherent,yes,yes,C,B,create_claim_atom,Claim-level v0.2 pass; pre-pill. Register A status present.
KIMI-ten-laws-A-006,topics/abc-ten-laws.html,"In Christ, the recognition is restored and the mind is renewed.",none (theological ground / L0 instantiation),confesses a theological identification or doctrine,created-order distinction/relation preserved in background,"if removed, corresponding bridge readings lose theological anchor",domain-bound (A); C translates as bridge candidate,coherent,yes,yes,C,B,create_claim_atom,Claim-level v0.2 pass; pre-pill. Register A status present.
KIMI-ten-laws-A-007,topics/abc-ten-laws.html,"The law walk is therefore an act of faithful interpretation, not a neutral science experiment.",none (theological ground / L0 instantiation),confesses a theological identification or doctrine,created-order distinction/relation preserved in background,"if removed, corresponding bridge readings lose theological anchor",domain-bound (A); C translates as bridge candidate,coherent,yes,yes,C,B,create_claim_atom,Claim-level v0.2 pass; pre-pill. Register A status present.
KIMI-ten-laws-B-001,topics/abc-ten-laws.html,"The law walk draws from gravitation, mechanics, electromagnetism, the strong force, thermodynamics, information theory, quantum mechanics, the weak force, and relativity.",requires empirical method / opening axioms (L0-L2),"introduces a physics-register model, observation, or formal method",mathematical/logical lower-layer floor preserved,"if removed, dependent bridge claims collapse to analogy",domain-bound (B); C translates structure across,coherent,yes,yes,PH,B,create_claim_atom,Claim-level v0.2 pass; pre-pill. Register B status present. Physics-register claim; formal/empirical support required.
KIMI-ten-laws-B-002,topics/abc-ten-laws.html,Each physics source must stand on its own terms.,requires empirical method / opening axioms (L0-L2),"introduces a physics-register model, observation, or formal method",mathematical/logical lower-layer floor preserved,"if removed, dependent bridge claims collapse to analogy",domain-bound (B); C translates structure across,coherent,yes,yes,E,B,create_claim_atom,Claim-level v0.2 pass; pre-pill. Register B status present.
KIMI-ten-laws-B-003,topics/abc-ten-laws.html,"The Master Equation wraps them; it does not replace GR, QCD, Maxwell, quantum mechanics, or thermodynamics.",requires empirical method / opening axioms (L0-L2),"introduces a physics-register model, observation, or formal method",mathematical/logical lower-layer floor preserved,"if removed, dependent bridge claims collapse to analogy",domain-bound (B); C translates structure across,coherent,yes,yes,PH,B,create_claim_atom,Claim-level v0.2 pass; pre-pill. Register B status present. Physics-register claim; formal/empirical support required.
KIMI-ten-laws-C-001,topics/abc-ten-laws.html,1 Gravitation (GR) Sin ↔ Grace 1↔8 Derived,requires both A and B register content,introduces cross-register bridge translation / correspondence,preserves both theological and scientific floors,"if removed, cross-register coherence collapses",A↔B↔C translation,coherent_partial,needs_review,yes,BR,C,create_bridge_atom,"Claim-level v0.2 pass; pre-pill. Register C status partial. Register partial; review before promotion. Bridge correspondence, not proof."
KIMI-ten-laws-C-002,topics/abc-ten-laws.html,2 Motion (F=ma / E=mc²) Sin Nature ↔ Grace-as-Force 2↔9 Derived,requires both A and B register content,introduces cross-register bridge translation / correspondence,preserves both theological and scientific floors,"if removed, cross-register coherence collapses",A↔B↔C translation,coherent_partial,needs_review,yes,BR,C,create_bridge_atom,"Claim-level v0.2 pass; pre-pill. Register C status partial. Register partial; review before promotion. Bridge correspondence, not proof."
KIMI-ten-laws-C-003,topics/abc-ten-laws.html,3 Electromagnetism Truth ↔ Deception 3↔10 Derived,requires both A and B register content,introduces cross-register bridge translation / correspondence,preserves both theological and scientific floors,"if removed, cross-register coherence collapses",A↔B↔C translation,coherent_partial,needs_review,yes,BR,C,create_bridge_atom,"Claim-level v0.2 pass; pre-pill. Register C status partial. Register partial; review before promotion. Bridge correspondence, not proof."
KIMI-ten-laws-C-004,topics/abc-ten-laws.html,4 Strong Force Love ↔ Captivity 4↔7 Locked,requires both A and B register content,introduces cross-register bridge translation / correspondence,preserves both theological and scientific floors,"if removed, cross-register coherence collapses",A↔B↔C translation,coherent_partial,needs_review,yes,BR,C,create_bridge_atom,"Claim-level v0.2 pass; pre-pill. Register C status partial. Register partial; review before promotion. Bridge correspondence, not proof."
KIMI-ten-laws-C-005,topics/abc-ten-laws.html,5 Thermodynamics Judgment ↔ Heat Death 5↔6 Locked,requires both A and B register content,introduces cross-register bridge translation / correspondence,preserves both theological and scientific floors,"if removed, cross-register coherence collapses",A↔B↔C translation,coherent_partial,needs_review,yes,BR,C,create_bridge_atom,"Claim-level v0.2 pass; pre-pill. Register C status partial. Register partial; review before promotion. Bridge correspondence, not proof."
KIMI-ten-laws-C-006,topics/abc-ten-laws.html,6 Information / Shannon Logos ↔ Chaos 5↔6 Derived,requires both A and B register content,introduces cross-register bridge translation / correspondence,preserves both theological and scientific floors,"if removed, cross-register coherence collapses",A↔B↔C translation,coherent_partial,needs_review,yes,BR,C,create_bridge_atom,"Claim-level v0.2 pass; pre-pill. Register C status partial. Register partial; review before promotion. Bridge correspondence, not proof."
KIMI-ten-laws-C-007,topics/abc-ten-laws.html,7 Quantum Mechanics Faith ↔ Doubt / Control 4↔7 Forward-derived,requires both A and B register content,introduces cross-register bridge translation / correspondence,preserves both theological and scientific floors,"if removed, cross-register coherence collapses",A↔B↔C translation,coherent_partial,needs_review,yes,BR,C,create_bridge_atom,"Claim-level v0.2 pass; pre-pill. Register C status partial. Register partial; review before promotion. Bridge correspondence, not proof."
KIMI-ten-laws-C-008,topics/abc-ten-laws.html,8 Relativity Grace ↔ Frame Lock 1↔8 Derived,requires both A and B register content,introduces cross-register bridge translation / correspondence,preserves both theological and scientific floors,"if removed, cross-register coherence collapses",A↔B↔C translation,coherent_partial,needs_review,yes,BR,C,create_bridge_atom,"Claim-level v0.2 pass; pre-pill. Register C status partial. Register partial; review before promotion. Bridge correspondence, not proof."
KIMI-ten-laws-C-009,topics/abc-ten-laws.html,9 Weak Force Moral Conservation asymmetric Locked,requires both A and B register content,introduces cross-register bridge translation / correspondence,preserves both theological and scientific floors,"if removed, cross-register coherence collapses",A↔B↔C translation,coherent_partial,needs_review,yes,BR,C,create_bridge_atom,"Claim-level v0.2 pass; pre-pill. Register C status partial. Register partial; review before promotion. Bridge correspondence, not proof."
KIMI-ten-laws-C-010,topics/abc-ten-laws.html,10 Coherence Christ ↔ Decoherence asymmetric Structural,requires both A and B register content,introduces cross-register bridge translation / correspondence,preserves both theological and scientific floors,"if removed, cross-register coherence collapses",A↔B↔C translation,coherent_partial,needs_review,yes,BR,C,create_bridge_atom,"Claim-level v0.2 pass; pre-pill. Register C status partial. Register partial; review before promotion. Bridge correspondence, not proof."
KIMI-ten-laws-C-011,topics/abc-ten-laws.html,Law 5 — Thermodynamics / Judgment.,requires both A and B register content,introduces cross-register bridge translation / correspondence,preserves both theological and scientific floors,"if removed, cross-register coherence collapses",A↔B↔C translation,coherent_partial,needs_review,yes,BR,C,create_bridge_atom,"Claim-level v0.2 pass; pre-pill. Register C status partial. Register partial; review before promotion. Bridge correspondence, not proof."
KIMI-ten-laws-C-012,topics/abc-ten-laws.html,"The R(offense, α) function holds justice and mercy simultaneously: α = 1 means the offender pays; α = 0 means a third party pays; α = 0 plus judge-as-payer is the Cross.",requires both A and B register content,introduces cross-register bridge translation / correspondence,preserves both theological and scientific floors,"if removed, cross-register coherence collapses",A↔B↔C translation,coherent_partial,needs_review,yes,BR,C,create_bridge_atom,"Claim-level v0.2 pass; pre-pill. Register C status partial. Register partial; review before promotion. Bridge correspondence, not proof."
KIMI-ten-laws-C-013,topics/abc-ten-laws.html,The spiritual reading does not add a free-will switch to make the structure interesting.,requires both A and B register content,introduces cross-register bridge translation / correspondence,preserves both theological and scientific floors,"if removed, cross-register coherence collapses",A↔B↔C translation,coherent_partial,needs_review,yes,BR,C,create_bridge_atom,"Claim-level v0.2 pass; pre-pill. Register C status partial. Register partial; review before promotion. Bridge correspondence, not proof."
KIMI-ten-laws-C-014,topics/abc-ten-laws.html,Law 9 — Weak Force / Moral Conservation.,requires both A and B register content,introduces cross-register bridge translation / correspondence,preserves both theological and scientific floors,"if removed, cross-register coherence collapses",A↔B↔C translation,coherent_partial,needs_review,yes,BR,C,create_bridge_atom,"Claim-level v0.2 pass; pre-pill. Register C status partial. Register partial; review before promotion. Bridge correspondence, not proof."
KIMI-ten-laws-C-015,topics/abc-ten-laws.html,Locked keystone.,requires both A and B register content,introduces cross-register bridge translation / correspondence,preserves both theological and scientific floors,"if removed, cross-register coherence collapses",A↔B↔C translation,coherent_partial,needs_review,yes,BR,C,create_bridge_atom,"Claim-level v0.2 pass; pre-pill. Register C status partial. Register partial; review before promotion. Bridge correspondence, not proof."
KIMI-ten-laws-C-016,topics/abc-ten-laws.html,"The weak interaction transmutes, violates parity, and keeps the books.",requires both A and B register content,introduces cross-register bridge translation / correspondence,preserves both theological and scientific floors,"if removed, cross-register coherence collapses",A↔B↔C translation,coherent_partial,needs_review,yes,BR,C,create_bridge_atom,"Claim-level v0.2 pass; pre-pill. Register C status partial. Register partial; review before promotion. Bridge correspondence, not proof."
KIMI-ten-laws-C-017,topics/abc-ten-laws.html,Modeled as a three-body event: ψ_whole → ψ_broken + δ + ν_loss.,requires both A and B register content,introduces cross-register bridge translation / correspondence,preserves both theological and scientific floors,"if removed, cross-register coherence collapses",A↔B↔C translation,coherent_partial,needs_review,yes,BR,C,create_bridge_atom,"Claim-level v0.2 pass; pre-pill. Register C status partial. Register partial; review before promotion. Bridge correspondence, not proof."
KIMI-ten-laws-C-018,topics/abc-ten-laws.html,"The result is simple and brutal: you cannot undo it, and it does not go away.",requires both A and B register content,introduces cross-register bridge translation / correspondence,preserves both theological and scientific floors,"if removed, cross-register coherence collapses",A↔B↔C translation,coherent_partial,needs_review,yes,BR,C,create_bridge_atom,"Claim-level v0.2 pass; pre-pill. Register C status partial. Register partial; review before promotion. Bridge correspondence, not proof."
KIMI-ten-laws-C-019,topics/abc-ten-laws.html,Suppression is not repair.,requires both A and B register content,introduces cross-register bridge translation / correspondence,preserves both theological and scientific floors,"if removed, cross-register coherence collapses",A↔B↔C translation,coherent_partial,needs_review,yes,BR,C,create_bridge_atom,"Claim-level v0.2 pass; pre-pill. Register C status partial. Register partial; review before promotion. Bridge correspondence, not proof."
KIMI-ten-laws-C-020,topics/abc-ten-laws.html,Law 4 — Strong Force / Love.,requires both A and B register content,introduces cross-register bridge translation / correspondence,preserves both theological and scientific floors,"if removed, cross-register coherence collapses",A↔B↔C translation,coherent_partial,needs_review,yes,BR,C,create_bridge_atom,"Claim-level v0.2 pass; pre-pill. Register C status partial. Register partial; review before promotion. Bridge correspondence, not proof."
KIMI-ten-laws-C-021,topics/abc-ten-laws.html,Locked exemplar.,requires both A and B register content,introduces cross-register bridge translation / correspondence,preserves both theological and scientific floors,"if removed, cross-register coherence collapses",A↔B↔C translation,coherent_partial,needs_review,yes,BR,C,create_bridge_atom,"Claim-level v0.2 pass; pre-pill. Register C status partial. Register partial; review before promotion. Bridge correspondence, not proof."
KIMI-ten-laws-C-022,topics/abc-ten-laws.html,Protons that should repel hold together because a close-range binding is stronger.,requires both A and B register content,introduces cross-register bridge translation / correspondence,preserves both theological and scientific floors,"if removed, cross-register coherence collapses",A↔B↔C translation,coherent_partial,needs_review,yes,BR,C,create_bridge_atom,"Claim-level v0.2 pass; pre-pill. Register C status partial. Register partial; review before promotion. Bridge correspondence, not proof."
KIMI-ten-laws-C-023,topics/abc-ten-laws.html,Agape is covenantal binding under stress.,requires both A and B register content,introduces cross-register bridge translation / correspondence,preserves both theological and scientific floors,"if removed, cross-register coherence collapses",A↔B↔C translation,coherent_partial,needs_review,yes,BR,C,create_bridge_atom,"Claim-level v0.2 pass; pre-pill. Register C status partial. Register partial; review before promotion. Bridge correspondence, not proof."
KIMI-ten-laws-C-024,topics/abc-ten-laws.html,Nine fruits from nine invariances; each invariance forces one fruit.,requires both A and B register content,introduces cross-register bridge translation / correspondence,preserves both theological and scientific floors,"if removed, cross-register coherence collapses",A↔B↔C translation,coherent_partial,needs_review,yes,BR,C,create_bridge_atom,"Claim-level v0.2 pass; pre-pill. Register C status partial. Register partial; review before promotion. Bridge correspondence, not proof."
KIMI-ten-laws-C-025,topics/abc-ten-laws.html,Three engines check the law walk (they are not interchangeable):,requires both A and B register content,introduces cross-register bridge translation / correspondence,preserves both theological and scientific floors,"if removed, cross-register coherence collapses",A↔B↔C translation,coherent_partial,needs_review,yes,BR,C,create_bridge_atom,"Claim-level v0.2 pass; pre-pill. Register C status partial. Register partial; review before promotion. Bridge correspondence, not proof."
KIMI-ten-laws-C-026,topics/abc-ten-laws.html,"Noether forcing — symmetry → conserved charge. Used in Laws 1, 2, 4, 5, 6, 8, 9.",requires both A and B register content,introduces cross-register bridge translation / correspondence,preserves both theological and scientific floors,"if removed, cross-register coherence collapses",A↔B↔C translation,coherent_partial,needs_review,yes,BR,C,create_bridge_atom,"Claim-level v0.2 pass; pre-pill. Register C status partial. Register partial; review before promotion. Bridge correspondence, not proof."
KIMI-ten-laws-C-027,topics/abc-ten-laws.html,Eigenmode completeness — boundary conditions → standing wave basis. Used in Law 3.,requires both A and B register content,introduces cross-register bridge translation / correspondence,preserves both theological and scientific floors,"if removed, cross-register coherence collapses",A↔B↔C translation,coherent_partial,needs_review,yes,BR,C,create_bridge_atom,"Claim-level v0.2 pass; pre-pill. Register C status partial. Register partial; review before promotion. Bridge correspondence, not proof."
KIMI-ten-laws-C-028,topics/abc-ten-laws.html,Lindblad channel classification — decoherence types → protection mechanisms. Used in Law 7.,requires both A and B register content,introduces cross-register bridge translation / correspondence,preserves both theological and scientific floors,"if removed, cross-register coherence collapses",A↔B↔C translation,coherent_partial,needs_review,yes,BR,C,create_bridge_atom,"Claim-level v0.2 pass; pre-pill. Register C status partial. Register partial; review before promotion. Bridge correspondence, not proof."
KIMI-ten-laws-C-029,topics/abc-ten-laws.html,1↔8: Gravitation ↔ Relativity — grace curves the space; Law 8 is how you move through it together.,requires both A and B register content,introduces cross-register bridge translation / correspondence,preserves both theological and scientific floors,"if removed, cross-register coherence collapses",A↔B↔C translation,coherent_partial,needs_review,yes,BR,C,create_bridge_atom,"Claim-level v0.2 pass; pre-pill. Register C status partial. Register partial; review before promotion. Bridge correspondence, not proof."
KIMI-ten-laws-C-030,topics/abc-ten-laws.html,2↔9: Motion ↔ Weak Force — inertia ↔ irreversibility; faithfulness welds them via Noether.,requires both A and B register content,introduces cross-register bridge translation / correspondence,preserves both theological and scientific floors,"if removed, cross-register coherence collapses",A↔B↔C translation,coherent_partial,needs_review,yes,BR,C,create_bridge_atom,"Claim-level v0.2 pass; pre-pill. Register C status partial. Register partial; review before promotion. Bridge correspondence, not proof."
KIMI-ten-laws-C-031,topics/abc-ten-laws.html,3↔10: Electromagnetism ↔ Coherence — truth ↔ Christ; eigenmodes ↔ the weave.,requires both A and B register content,introduces cross-register bridge translation / correspondence,preserves both theological and scientific floors,"if removed, cross-register coherence collapses",A↔B↔C translation,coherent_partial,needs_review,yes,BR,C,create_bridge_atom,"Claim-level v0.2 pass; pre-pill. Register C status partial. Register partial; review before promotion. Bridge correspondence, not proof."
KIMI-ten-laws-C-032,topics/abc-ten-laws.html,4↔7: Strong Force ↔ Quantum — love ↔ faith; bound state ↔ participation.,requires both A and B register content,introduces cross-register bridge translation / correspondence,preserves both theological and scientific floors,"if removed, cross-register coherence collapses",A↔B↔C translation,coherent_partial,needs_review,yes,BR,C,create_bridge_atom,"Claim-level v0.2 pass; pre-pill. Register C status partial. Register partial; review before promotion. Bridge correspondence, not proof."
KIMI-ten-laws-C-033,topics/abc-ten-laws.html,5↔6: Thermodynamics ↔ Information — judgment ↔ Logos; ledger ↔ speaker.,requires both A and B register content,introduces cross-register bridge translation / correspondence,preserves both theological and scientific floors,"if removed, cross-register coherence collapses",A↔B↔C translation,coherent_partial,needs_review,yes,BR,C,create_bridge_atom,"Claim-level v0.2 pass; pre-pill. Register C status partial. Register partial; review before promotion. Bridge correspondence, not proof."
KIMI-ten-laws-C-034,topics/abc-ten-laws.html,Raw bits/s product inside the Master Equation.,requires both A and B register content,introduces cross-register bridge translation / correspondence,preserves both theological and scientific floors,"if removed, cross-register coherence collapses",A↔B↔C translation,coherent_partial,needs_review,yes,BR,C,create_bridge_atom,"Claim-level v0.2 pass; pre-pill. Register C status partial. Register partial; review before promotion. Bridge correspondence, not proof."
KIMI-ten-laws-C-035,topics/abc-ten-laws.html,Coherence as a tenth product factor.,requires both A and B register content,introduces cross-register bridge translation / correspondence,preserves both theological and scientific floors,"if removed, cross-register coherence collapses",A↔B↔C translation,coherent_partial,needs_review,yes,BR,C,create_bridge_atom,"Claim-level v0.2 pass; pre-pill. Register C status partial. Register partial; review before promotion. Bridge correspondence, not proof."
KIMI-ten-laws-C-036,topics/abc-ten-laws.html,"""Faith collapses the wavefunction"" or prayer as quantum measurement.",requires both A and B register content,introduces cross-register bridge translation / correspondence,preserves both theological and scientific floors,"if removed, cross-register coherence collapses",A↔B↔C translation,coherent_partial,needs_review,yes,BR,C,create_bridge_atom,"Claim-level v0.2 pass; pre-pill. Register C status partial. Register partial; review before promotion. Bridge correspondence, not proof."
KIMI-ten-laws-C-037,topics/abc-ten-laws.html,Landauer proves grace.,requires both A and B register content,introduces cross-register bridge translation / correspondence,preserves both theological and scientific floors,"if removed, cross-register coherence collapses",A↔B↔C translation,coherent_partial,needs_review,yes,BR,C,create_bridge_atom,"Claim-level v0.2 pass; pre-pill. Register C status partial. Register partial; review before promotion. Bridge correspondence, not proof."
KIMI-ten-laws-C-038,topics/abc-ten-laws.html,The Seven I AMs form a complete basis.,requires both A and B register content,introduces cross-register bridge translation / correspondence,preserves both theological and scientific floors,"if removed, cross-register coherence collapses",A↔B↔C translation,coherent_partial,needs_review,yes,BR,C,create_bridge_atom,"Claim-level v0.2 pass; pre-pill. Register C status partial. Register partial; review before promotion. Bridge correspondence, not proof."
KIMI-ten-laws-C-039,topics/abc-ten-laws.html,"Lean verifies spiritual naming, not just structure.",requires both A and B register content,introduces cross-register bridge translation / correspondence,preserves both theological and scientific floors,"if removed, cross-register coherence collapses",A↔B↔C translation,coherent_partial,needs_review,yes,BR,C,create_bridge_atom,"Claim-level v0.2 pass; pre-pill. Register C status partial. Register partial; review before promotion. Bridge correspondence, not proof."
KIMI-ten-laws-C-040,topics/abc-ten-laws.html,The grades are not modesty theater.,requires both A and B register content,introduces cross-register bridge translation / correspondence,preserves both theological and scientific floors,"if removed, cross-register coherence collapses",A↔B↔C translation,coherent_partial,needs_review,yes,BR,C,create_bridge_atom,"Claim-level v0.2 pass; pre-pill. Register C status partial. Register partial; review before promotion. Bridge correspondence, not proof."
KIMI-ten-laws-C-041,topics/abc-ten-laws.html,"Laws 4, 5, and 9 are locked with kill conditions.",requires both A and B register content,introduces cross-register bridge translation / correspondence,preserves both theological and scientific floors,"if removed, cross-register coherence collapses",A↔B↔C translation,coherent_partial,needs_review,yes,BR,C,create_bridge_atom,"Claim-level v0.2 pass; pre-pill. Register C status partial. Register partial; review before promotion. Bridge correspondence, not proof."
KIMI-ten-laws-C-042,topics/abc-ten-laws.html,"Laws 1, 2, 3, 6, and 8 are derived.",requires both A and B register content,introduces cross-register bridge translation / correspondence,preserves both theological and scientific floors,"if removed, cross-register coherence collapses",A↔B↔C translation,coherent_partial,needs_review,yes,BR,C,create_bridge_atom,"Claim-level v0.2 pass; pre-pill. Register C status partial. Register partial; review before promotion. Bridge correspondence, not proof."
KIMI-ten-laws-C-043,topics/abc-ten-laws.html,Law 7 is forward-derived (discriminability testing pending).,requires both A and B register content,introduces cross-register bridge translation / correspondence,preserves both theological and scientific floors,"if removed, cross-register coherence collapses",A↔B↔C translation,coherent_partial,needs_review,yes,BR,C,create_bridge_atom,"Claim-level v0.2 pass; pre-pill. Register C status partial. Register partial; review before promotion. Bridge correspondence, not proof."
KIMI-ten-laws-C-044,topics/abc-ten-laws.html,Law 10 is structural / open by design.,requires both A and B register content,introduces cross-register bridge translation / correspondence,preserves both theological and scientific floors,"if removed, cross-register coherence collapses",A↔B↔C translation,coherent_partial,needs_review,yes,BR,C,create_bridge_atom,"Claim-level v0.2 pass; pre-pill. Register C status partial. Register partial; review before promotion. Bridge correspondence, not proof."
KIMI-ten-laws-C-045,topics/abc-ten-laws.html,The wrapper is definitional.,requires both A and B register content,introduces cross-register bridge translation / correspondence,preserves both theological and scientific floors,"if removed, cross-register coherence collapses",A↔B↔C translation,coherent_partial,needs_review,yes,D,C,create_bridge_atom,Claim-level v0.2 pass; pre-pill. Register C status partial. Register partial; review before promotion.
KIMI-ten-laws-C-046,topics/abc-ten-laws.html,The framework does not claim every law is equally proven; it claims the structure is honest enough to show where the work remains.,requires both A and B register content,introduces cross-register bridge translation / correspondence,preserves both theological and scientific floors,"if removed, cross-register coherence collapses",A↔B↔C translation,coherent_partial,needs_review,yes,BR,C,create_bridge_atom,"Claim-level v0.2 pass; pre-pill. Register C status partial. Register partial; review before promotion. Bridge correspondence, not proof."
KIMI-trinity-A-001,topics/abc-trinity.html,"Christian theology confesses Father, Son, and Spirit: source/being, Word/expression, and witness /communion.",none (theological ground / L0 instantiation),confesses a theological identification or doctrine,created-order distinction/relation preserved in background,"if removed, corresponding bridge readings lose theological anchor",domain-bound (A); C translates as bridge candidate,coherent,yes,yes,C,B,create_claim_atom,Claim-level v0.2 pass; pre-pill. Register A status present.
KIMI-trinity-A-002,topics/abc-trinity.html,The claim is doctrinal and theological before it is a bridge claim.,none (theological ground / L0 instantiation),confesses a theological identification or doctrine,created-order distinction/relation preserved in background,"if removed, corresponding bridge readings lose theological anchor",domain-bound (A); C translates as bridge candidate,coherent,yes,yes,C,B,create_claim_atom,Claim-level v0.2 pass; pre-pill. Register A status present.
KIMI-trinity-A-003,topics/abc-trinity.html,"The persons are their relations: the Father is the one who begets, the Son is the one begotten, the Spirit is the one who proceeds.",none (theological ground / L0 instantiation),confesses a theological identification or doctrine,created-order distinction/relation preserved in background,"if removed, corresponding bridge readings lose theological anchor",domain-bound (A); C translates as bridge candidate,coherent,yes,yes,C,B,create_claim_atom,Claim-level v0.2 pass; pre-pill. Register A status present.
KIMI-trinity-A-004,topics/abc-trinity.html,Remove the relation and you remove the person.,none (theological ground / L0 instantiation),confesses a theological identification or doctrine,created-order distinction/relation preserved in background,"if removed, corresponding bridge readings lose theological anchor",domain-bound (A); C translates as bridge candidate,coherent,yes,yes,C,B,create_claim_atom,Claim-level v0.2 pass; pre-pill. Register A status present.
KIMI-trinity-A-005,topics/abc-trinity.html,"The four axioms map onto this ground: existence (Father), distinction / Word (Son), relation (Spirit), orientation / Truth (voiced by the Son).",none (theological ground / L0 instantiation),confesses a theological identification or doctrine,created-order distinction/relation preserved in background,"if removed, corresponding bridge readings lose theological anchor",domain-bound (A); C translates as bridge candidate,coherent,yes,yes,C,B,create_claim_atom,Claim-level v0.2 pass; pre-pill. Register A status present.
KIMI-trinity-A-006,topics/abc-trinity.html,"The Church Fathers called this perichoresis — mutual indwelling — and the medievals called it the transcendentals: being, one, true, good, one reality read four ways.",none (theological ground / L0 instantiation),confesses a theological identification or doctrine,created-order distinction/relation preserved in background,"if removed, corresponding bridge readings lose theological anchor",domain-bound (A); C translates as bridge candidate,coherent,yes,yes,C,B,create_claim_atom,Claim-level v0.2 pass; pre-pill. Register A status present.
KIMI-trinity-A-007,topics/abc-trinity.html,Humanity in this picture: human beings are made in the image of a Triune God.,none (theological ground / L0 instantiation),confesses a theological identification or doctrine,created-order distinction/relation preserved in background,"if removed, corresponding bridge readings lose theological anchor",domain-bound (A); C translates as bridge candidate,coherent,yes,yes,C,B,create_claim_atom,Claim-level v0.2 pass; pre-pill. Register A status present.
KIMI-trinity-A-008,topics/abc-trinity.html,"That means we are irreducibly relational (we come from, live with, and speak to others), word-bearing (we name, promise, and deceive), and spirit-oriented (we are made for communion with God).",none (theological ground / L0 instantiation),confesses a theological identification or doctrine,created-order distinction/relation preserved in background,"if removed, corresponding bridge readings lose theological anchor",domain-bound (A); C translates as bridge candidate,coherent,yes,yes,C,B,create_claim_atom,Claim-level v0.2 pass; pre-pill. Register A status present.
KIMI-trinity-A-009,topics/abc-trinity.html,The image is not a photograph but a vocation: to reflect the relational glory of God in the world.,none (theological ground / L0 instantiation),confesses a theological identification or doctrine,created-order distinction/relation preserved in background,"if removed, corresponding bridge readings lose theological anchor",domain-bound (A); C translates as bridge candidate,coherent,yes,yes,C,B,create_claim_atom,Claim-level v0.2 pass; pre-pill. Register A status present.
KIMI-trinity-B-001,topics/abc-trinity.html,Science contains repeated three-role structures: system / context / outcome; source / channel / receiver; system / environment / pointer record.,requires empirical method / opening axioms (L0-L2),"introduces a physics-register model, observation, or formal method",mathematical/logical lower-layer floor preserved,"if removed, dependent bridge claims collapse to analogy",domain-bound (B); C translates structure across,coherent_partial,needs_review,yes,PH,C,create_gap_atom,Claim-level v0.2 pass; pre-pill. Register B status partial. Register partial; review before promotion. Physics-register claim; formal/empirical support required.
KIMI-trinity-B-002,topics/abc-trinity.html,These are real structures in the science register.,requires empirical method / opening axioms (L0-L2),"introduces a physics-register model, observation, or formal method",mathematical/logical lower-layer floor preserved,"if removed, dependent bridge claims collapse to analogy",domain-bound (B); C translates structure across,coherent_partial,needs_review,yes,E,C,create_gap_atom,Claim-level v0.2 pass; pre-pill. Register B status partial. Register partial; review before promotion.
KIMI-trinity-B-003,topics/abc-trinity.html,"Physics does not need the Trinity to calculate, and triadic structure does not prove the Trinity.",requires empirical method / opening axioms (L0-L2),"introduces a physics-register model, observation, or formal method",mathematical/logical lower-layer floor preserved,"if removed, dependent bridge claims collapse to analogy",domain-bound (B); C translates structure across,coherent_partial,needs_review,yes,E,C,create_gap_atom,Claim-level v0.2 pass; pre-pill. Register B status partial. Register partial; review before promotion.
KIMI-trinity-B-004,topics/abc-trinity.html,"The strongest science-side anchors include Noether's theorem (law, symmetry transformation, conserved quantity), decoherence (system, environment, pointer states), and Shannon communication (source, channel, receiver).",requires empirical method / opening axioms (L0-L2),"introduces a physics-register model, observation, or formal method",mathematical/logical lower-layer floor preserved,"if removed, dependent bridge claims collapse to analogy",domain-bound (B); C translates structure across,coherent_partial,needs_review,yes,PH,C,create_gap_atom,Claim-level v0.2 pass; pre-pill. Register B status partial. Register partial; review before promotion. Physics-register claim; formal/empirical support required.
KIMI-trinity-B-005,topics/abc-trinity.html,Each is load-bearing inside physics; each becomes a bridge candidate only after its scientific content is stated in its own terms.,requires empirical method / opening axioms (L0-L2),"introduces a physics-register model, observation, or formal method",mathematical/logical lower-layer floor preserved,"if removed, dependent bridge claims collapse to analogy",domain-bound (B); C translates structure across,coherent_partial,needs_review,yes,E,C,create_gap_atom,Claim-level v0.2 pass; pre-pill. Register B status partial. Register partial; review before promotion.
KIMI-trinity-C-001,topics/abc-trinity.html,"Theophysics asks whether recurring triads are accidental, emergent, brute, or grounded.",requires both A and B register content,introduces cross-register bridge translation / correspondence,preserves both theological and scientific floors,"if removed, cross-register coherence collapses",A↔B↔C translation,coherent,yes,yes,BR,C,create_bridge_atom,"Claim-level v0.2 pass; pre-pill. Register C status present. Bridge correspondence, not proof."
KIMI-trinity-C-002,topics/abc-trinity.html,The safe claim is structural convergence.,requires both A and B register content,introduces cross-register bridge translation / correspondence,preserves both theological and scientific floors,"if removed, cross-register coherence collapses",A↔B↔C translation,coherent,yes,yes,BR,C,create_bridge_atom,"Claim-level v0.2 pass; pre-pill. Register C status present. Bridge correspondence, not proof."
KIMI-trinity-C-003,topics/abc-trinity.html,"The forbidden claim is ""there are threes, therefore Christianity is proven.""",requires both A and B register content,introduces cross-register bridge translation / correspondence,preserves both theological and scientific floors,"if removed, cross-register coherence collapses",A↔B↔C translation,coherent,yes,yes,BR,C,create_bridge_atom,"Claim-level v0.2 pass; pre-pill. Register C status present. Bridge correspondence, not proof."
KIMI-trinity-C-004,topics/abc-trinity.html,The three jobs of actualization.,requires both A and B register content,introduces cross-register bridge translation / correspondence,preserves both theological and scientific floors,"if removed, cross-register coherence collapses",A↔B↔C translation,coherent,yes,yes,BR,C,create_bridge_atom,"Claim-level v0.2 pass; pre-pill. Register C status present. Bridge correspondence, not proof."
KIMI-trinity-C-005,topics/abc-trinity.html,"For one definite outcome to occur, three functions must be performed:",requires both A and B register content,introduces cross-register bridge translation / correspondence,preserves both theological and scientific floors,"if removed, cross-register coherence collapses",A↔B↔C translation,coherent,yes,yes,BR,C,create_bridge_atom,"Claim-level v0.2 pass; pre-pill. Register C status present. Bridge correspondence, not proof."
KIMI-trinity-C-006,topics/abc-trinity.html,"Generation / Being — the possibilities have to exist (the wave function, the superposition).",requires both A and B register content,introduces cross-register bridge translation / correspondence,preserves both theological and scientific floors,"if removed, cross-register coherence collapses",A↔B↔C translation,coherent,yes,yes,BR,C,create_bridge_atom,"Claim-level v0.2 pass; pre-pill. Register C status present. Bridge correspondence, not proof."
KIMI-trinity-C-007,topics/abc-trinity.html,"Distinction / Logos — the possibilities have to be differentiated (the basis, the eigenstructure, the menu).",requires both A and B register content,introduces cross-register bridge translation / correspondence,preserves both theological and scientific floors,"if removed, cross-register coherence collapses",A↔B↔C translation,coherent,yes,yes,BR,C,create_bridge_atom,"Claim-level v0.2 pass; pre-pill. Register C status present. Bridge correspondence, not proof."
KIMI-trinity-C-008,topics/abc-trinity.html,"Actualization / Relation — one of them has to be made real (the application of structure to content, the measurement, the making-land).",requires both A and B register content,introduces cross-register bridge translation / correspondence,preserves both theological and scientific floors,"if removed, cross-register coherence collapses",A↔B↔C translation,coherent,yes,yes,BR,C,create_bridge_atom,"Claim-level v0.2 pass; pre-pill. Register C status present. Bridge correspondence, not proof."
KIMI-trinity-C-009,topics/abc-trinity.html,Fewer than three stalls: possibilities without structure smear; structure without application freezes.,requires both A and B register content,introduces cross-register bridge translation / correspondence,preserves both theological and scientific floors,"if removed, cross-register coherence collapses",A↔B↔C translation,coherent,yes,yes,BR,C,create_bridge_atom,"Claim-level v0.2 pass; pre-pill. Register C status present. Bridge correspondence, not proof."
KIMI-trinity-C-010,topics/abc-trinity.html,More than three is redundant — any fourth job folds back into one of the three.,requires both A and B register content,introduces cross-register bridge translation / correspondence,preserves both theological and scientific floors,"if removed, cross-register coherence collapses",A↔B↔C translation,coherent,yes,yes,BR,C,create_bridge_atom,"Claim-level v0.2 pass; pre-pill. Register C status present. Bridge correspondence, not proof."
KIMI-trinity-C-011,topics/abc-trinity.html,"The claim is that this functional irreducibility is structurally convergent with the Trinity's relational logic, not that it proves the Trinity.",requires both A and B register content,introduces cross-register bridge translation / correspondence,preserves both theological and scientific floors,"if removed, cross-register coherence collapses",A↔B↔C translation,coherent,yes,yes,BR,C,create_bridge_atom,"Claim-level v0.2 pass; pre-pill. Register C status present. Bridge correspondence, not proof."
KIMI-trinity-C-012,topics/abc-trinity.html,Type-grammar version.,requires both A and B register content,introduces cross-register bridge translation / correspondence,preserves both theological and scientific floors,"if removed, cross-register coherence collapses",A↔B↔C translation,coherent,yes,yes,BR,C,create_bridge_atom,"Claim-level v0.2 pass; pre-pill. Register C status present. Bridge correspondence, not proof."
KIMI-trinity-C-013,topics/abc-trinity.html,Every formal system needs objects and operations.,requires both A and B register content,introduces cross-register bridge translation / correspondence,preserves both theological and scientific floors,"if removed, cross-register coherence collapses",A↔B↔C translation,coherent,yes,yes,BR,C,create_bridge_atom,"Claim-level v0.2 pass; pre-pill. Register C status present. Bridge correspondence, not proof."
KIMI-trinity-C-014,topics/abc-trinity.html,"An operation cannot be a member of the collection it operates on (the question ""what number is +?"" fails to type-check).",requires both A and B register content,introduces cross-register bridge translation / correspondence,preserves both theological and scientific floors,"if removed, cross-register coherence collapses",A↔B↔C translation,coherent,yes,yes,BR,C,create_bridge_atom,"Claim-level v0.2 pass; pre-pill. Register C status present. Bridge correspondence, not proof."
KIMI-trinity-C-015,topics/abc-trinity.html,"The third root, Relation, lives at the operation level, not the object level.",requires both A and B register content,introduces cross-register bridge translation / correspondence,preserves both theological and scientific floors,"if removed, cross-register coherence collapses",A↔B↔C translation,coherent,yes,yes,BR,C,create_bridge_atom,"Claim-level v0.2 pass; pre-pill. Register C status present. Bridge correspondence, not proof."
KIMI-trinity-C-016,topics/abc-trinity.html,This retyping dissolves the von Neumann watcher regress: the actualizer is not one more physical system in superposition waiting to be measured; it is the application map one type level above.,requires both A and B register content,introduces cross-register bridge translation / correspondence,preserves both theological and scientific floors,"if removed, cross-register coherence collapses",A↔B↔C translation,coherent,yes,yes,BR,C,create_bridge_atom,"Claim-level v0.2 pass; pre-pill. Register C status present. Bridge correspondence, not proof."
KIMI-trinity-C-017,topics/abc-trinity.html,Five independent instances converge on the same triadic termination shape:,requires both A and B register content,introduces cross-register bridge translation / correspondence,preserves both theological and scientific floors,"if removed, cross-register coherence collapses",A↔B↔C translation,coherent,yes,yes,BR,C,create_bridge_atom,"Claim-level v0.2 pass; pre-pill. Register C status present. Bridge correspondence, not proof."
KIMI-trinity-C-018,topics/abc-trinity.html,Maxwell / Heaviside Field coupling Bottom-up Lean verified · 0 sorry,requires both A and B register content,introduces cross-register bridge translation / correspondence,preserves both theological and scientific floors,"if removed, cross-register coherence collapses",A↔B↔C translation,coherent,yes,yes,BR,C,create_bridge_atom,"Claim-level v0.2 pass; pre-pill. Register C status present. Bridge correspondence, not proof."
KIMI-trinity-C-019,topics/abc-trinity.html,Watcher problem Quantum measurement Bottom-up Axiomatized · deployed,requires both A and B register content,introduces cross-register bridge translation / correspondence,preserves both theological and scientific floors,"if removed, cross-register coherence collapses",A↔B↔C translation,coherent,yes,yes,PM,C,create_bridge_atom,Claim-level v0.2 pass; pre-pill. Register C status present. Philosophical/model claim.
KIMI-trinity-C-020,topics/abc-trinity.html,The Cross Moral optimization Bottom-up Lean verified · MS confirmed,requires both A and B register content,introduces cross-register bridge translation / correspondence,preserves both theological and scientific floors,"if removed, cross-register coherence collapses",A↔B↔C translation,coherent,yes,yes,BR,C,create_bridge_atom,"Claim-level v0.2 pass; pre-pill. Register C status present. Bridge correspondence, not proof."
KIMI-trinity-C-021,topics/abc-trinity.html,Consciousness Internal regress Intra-subjective Drafted · 2 holes open,requires both A and B register content,introduces cross-register bridge translation / correspondence,preserves both theological and scientific floors,"if removed, cross-register coherence collapses",A↔B↔C translation,coherent,yes,yes,BR,C,create_bridge_atom,"Claim-level v0.2 pass; pre-pill. Register C status present. Bridge correspondence, not proof."
KIMI-trinity-C-022,topics/abc-trinity.html,Big Bang Cosmology Top-down Articulated · unformalized,requires both A and B register content,introduces cross-register bridge translation / correspondence,preserves both theological and scientific floors,"if removed, cross-register coherence collapses",A↔B↔C translation,coherent,yes,yes,BR,C,create_bridge_atom,"Claim-level v0.2 pass; pre-pill. Register C status present. Bridge correspondence, not proof."
KIMI-trinity-C-023,topics/abc-trinity.html,"Critical honesty: the downward eliminations (n=1, n=2 fail) are proofs; the upward bound (why not n≥4) is a parsimony argument, not yet a proof of impossibility.",requires both A and B register content,introduces cross-register bridge translation / correspondence,preserves both theological and scientific floors,"if removed, cross-register coherence collapses",A↔B↔C translation,coherent,yes,yes,BR,C,create_bridge_atom,"Claim-level v0.2 pass; pre-pill. Register C status present. Bridge correspondence, not proof."
KIMI-trinity-C-024,topics/abc-trinity.html,Never present all five instances as equally proven.,requires both A and B register content,introduces cross-register bridge translation / correspondence,preserves both theological and scientific floors,"if removed, cross-register coherence collapses",A↔B↔C translation,coherent,yes,yes,BR,C,create_bridge_atom,"Claim-level v0.2 pass; pre-pill. Register C status present. Bridge correspondence, not proof."
KIMI-unified-derivation-grammar-A-001,topics/abc-unified-derivation-grammar.html,"Christian theology confesses that ""all things were made through him [the Word], and without him was not any thing made that was made"" (John 1:3).",none (theological ground / L0 instantiation),confesses a theological identification or doctrine,created-order distinction/relation preserved in background,"if removed, corresponding bridge readings lose theological anchor",domain-bound (A); C translates as bridge candidate,coherent_partial,needs_review,yes,S,C,create_gap_atom,Claim-level v0.2 pass; pre-pill. Register A status partial. Register partial; review before promotion. Scriptural/traditional source.
KIMI-unified-derivation-grammar-A-002,topics/abc-unified-derivation-grammar.html,The Logos is not merely a message; he is the rational structure by which creation holds together.,none (theological ground / L0 instantiation),confesses a theological identification or doctrine,created-order distinction/relation preserved in background,"if removed, corresponding bridge readings lose theological anchor",domain-bound (A); C translates as bridge candidate,coherent_partial,needs_review,yes,C,C,create_gap_atom,Claim-level v0.2 pass; pre-pill. Register A status partial. Register partial; review before promotion.
KIMI-unified-derivation-grammar-A-003,topics/abc-unified-derivation-grammar.html,"A grammar that sits before particular frameworks — before Theophysics, before civilizational models, before physics — is therefore theologically welcome, not theologically threatening.",none (theological ground / L0 instantiation),confesses a theological identification or doctrine,created-order distinction/relation preserved in background,"if removed, corresponding bridge readings lose theological anchor",domain-bound (A); C translates as bridge candidate,coherent_partial,needs_review,yes,C,C,create_gap_atom,Claim-level v0.2 pass; pre-pill. Register A status partial. Register partial; review before promotion.
KIMI-unified-derivation-grammar-A-004,topics/abc-unified-derivation-grammar.html,It names the underlying order that theology has always attributed to the Creator.,none (theological ground / L0 instantiation),confesses a theological identification or doctrine,created-order distinction/relation preserved in background,"if removed, corresponding bridge readings lose theological anchor",domain-bound (A); C translates as bridge candidate,coherent_partial,needs_review,yes,C,C,create_gap_atom,Claim-level v0.2 pass; pre-pill. Register A status partial. Register partial; review before promotion.
KIMI-unified-derivation-grammar-A-005,topics/abc-unified-derivation-grammar.html,Theology does not say that this grammar proves the Trinity.,none (theological ground / L0 instantiation),confesses a theological identification or doctrine,created-order distinction/relation preserved in background,"if removed, corresponding bridge readings lose theological anchor",domain-bound (A); C translates as bridge candidate,coherent_partial,needs_review,yes,C,C,create_gap_atom,Claim-level v0.2 pass; pre-pill. Register A status partial. Register partial; review before promotion.
KIMI-unified-derivation-grammar-A-006,topics/abc-unified-derivation-grammar.html,"It says that the grammar is compatible with a world created by a rational, personal God.",none (theological ground / L0 instantiation),confesses a theological identification or doctrine,created-order distinction/relation preserved in background,"if removed, corresponding bridge readings lose theological anchor",domain-bound (A); C translates as bridge candidate,coherent_partial,needs_review,yes,C,C,create_gap_atom,Claim-level v0.2 pass; pre-pill. Register A status partial. Register partial; review before promotion.
KIMI-unified-derivation-grammar-A-007,topics/abc-unified-derivation-grammar.html,"The ""closure"" axiom — that one cannot deny a dependency without using the operations of that dependency — is an echo of what the Church has always said about the Logos: reason cannot finally escape the ground that makes reasoning possible.",none (theological ground / L0 instantiation),confesses a theological identification or doctrine,created-order distinction/relation preserved in background,"if removed, corresponding bridge readings lose theological anchor",domain-bound (A); C translates as bridge candidate,coherent_partial,needs_review,yes,C,C,create_gap_atom,Claim-level v0.2 pass; pre-pill. Register A status partial. Register partial; review before promotion.
KIMI-unified-derivation-grammar-A-008,topics/abc-unified-derivation-grammar.html,"Humanity in this picture: human beings are made to think in sequences, to ask ""what comes before?"" and ""what follows?"" That capacity is part of the image of God.",none (theological ground / L0 instantiation),confesses a theological identification or doctrine,created-order distinction/relation preserved in background,"if removed, corresponding bridge readings lose theological anchor",domain-bound (A); C translates as bridge candidate,coherent_partial,needs_review,yes,C,C,create_gap_atom,Claim-level v0.2 pass; pre-pill. Register A status partial. Register partial; review before promotion.
KIMI-unified-derivation-grammar-A-009,topics/abc-unified-derivation-grammar.html,The Derivation Grammar is a formal way of honoring that capacity without pretending the formality itself creates the world.,none (theological ground / L0 instantiation),confesses a theological identification or doctrine,created-order distinction/relation preserved in background,"if removed, corresponding bridge readings lose theological anchor",domain-bound (A); C translates as bridge candidate,coherent_partial,needs_review,yes,C,C,create_gap_atom,Claim-level v0.2 pass; pre-pill. Register A status partial. Register partial; review before promotion.
KIMI-unified-derivation-grammar-B-001,topics/abc-unified-derivation-grammar.html,The Unified Derivation Grammar (DG) is a formal language for derivation.,requires empirical method / opening axioms (L0-L2),"introduces a physics-register model, observation, or formal method",mathematical/logical lower-layer floor preserved,"if removed, dependent bridge claims collapse to analogy",domain-bound (B); C translates structure across,coherent_partial,needs_review,yes,E,C,create_gap_atom,Claim-level v0.2 pass; pre-pill. Register B status partial. Register partial; review before promotion.
KIMI-unified-derivation-grammar-B-002,topics/abc-unified-derivation-grammar.html,It does not make empirical predictions; it tests whether a layered framework is structurally valid.,requires empirical method / opening axioms (L0-L2),"introduces a physics-register model, observation, or formal method",mathematical/logical lower-layer floor preserved,"if removed, dependent bridge claims collapse to analogy",domain-bound (B); C translates structure across,coherent_partial,needs_review,yes,E,C,create_gap_atom,Claim-level v0.2 pass; pre-pill. Register B status partial. Register partial; review before promotion.
KIMI-unified-derivation-grammar-B-003,topics/abc-unified-derivation-grammar.html,Layer L A stage in ordered dependency. L_0 is the non-contingent ground.,requires empirical method / opening axioms (L0-L2),"introduces a physics-register model, observation, or formal method",mathematical/logical lower-layer floor preserved,"if removed, dependent bridge claims collapse to analogy",domain-bound (B); C translates structure across,coherent_partial,needs_review,yes,E,C,create_gap_atom,Claim-level v0.2 pass; pre-pill. Register B status partial. Register partial; review before promotion.
KIMI-unified-derivation-grammar-B-004,topics/abc-unified-derivation-grammar.html,Capability C What a layer makes possible — a class of operations.,requires empirical method / opening axioms (L0-L2),"introduces a physics-register model, observation, or formal method",mathematical/logical lower-layer floor preserved,"if removed, dependent bridge claims collapse to analogy",domain-bound (B); C translates structure across,coherent_partial,needs_review,yes,E,C,create_gap_atom,Claim-level v0.2 pass; pre-pill. Register B status partial. Register partial; review before promotion.
KIMI-unified-derivation-grammar-B-005,topics/abc-unified-derivation-grammar.html,"Dependency D The structural arrow between layers (necessity, not causation).",requires empirical method / opening axioms (L0-L2),"introduces a physics-register model, observation, or formal method",mathematical/logical lower-layer floor preserved,"if removed, dependent bridge claims collapse to analogy",domain-bound (B); C translates structure across,coherent_partial,needs_review,yes,E,C,create_gap_atom,Claim-level v0.2 pass; pre-pill. Register B status partial. Register partial; review before promotion.
KIMI-unified-derivation-grammar-B-006,topics/abc-unified-derivation-grammar.html,"Translation T Structure preserved across domains; vocabulary changes, grammar does not.",requires empirical method / opening axioms (L0-L2),"introduces a physics-register model, observation, or formal method",mathematical/logical lower-layer floor preserved,"if removed, dependent bridge claims collapse to analogy",domain-bound (B); C translates structure across,coherent_partial,needs_review,yes,E,C,create_gap_atom,Claim-level v0.2 pass; pre-pill. Register B status partial. Register partial; review before promotion.
KIMI-unified-derivation-grammar-B-007,topics/abc-unified-derivation-grammar.html,"State S The dynamics of every layer: {Coherence, Degradation, Restoration}.",requires empirical method / opening axioms (L0-L2),"introduces a physics-register model, observation, or formal method",mathematical/logical lower-layer floor preserved,"if removed, dependent bridge claims collapse to analogy",domain-bound (B); C translates structure across,coherent_partial,needs_review,yes,E,C,create_gap_atom,Claim-level v0.2 pass; pre-pill. Register B status partial. Register partial; review before promotion.
KIMI-unified-derivation-grammar-B-008,topics/abc-unified-derivation-grammar.html,Constraint X The boundary condition that makes dependency meaningful.,requires empirical method / opening axioms (L0-L2),"introduces a physics-register model, observation, or formal method",mathematical/logical lower-layer floor preserved,"if removed, dependent bridge claims collapse to analogy",domain-bound (B); C translates structure across,coherent_partial,needs_review,yes,E,C,create_gap_atom,Claim-level v0.2 pass; pre-pill. Register B status partial. Register partial; review before promotion.
KIMI-unified-derivation-grammar-B-009,topics/abc-unified-derivation-grammar.html,Science does not need DG to do experiments.,requires empirical method / opening axioms (L0-L2),"introduces a physics-register model, observation, or formal method",mathematical/logical lower-layer floor preserved,"if removed, dependent bridge claims collapse to analogy",domain-bound (B); C translates structure across,coherent_partial,needs_review,yes,E,C,create_gap_atom,Claim-level v0.2 pass; pre-pill. Register B status partial. Register partial; review before promotion.
KIMI-unified-derivation-grammar-B-010,topics/abc-unified-derivation-grammar.html,Formal frameworks can use DG to check whether their derivations are admissible.,requires empirical method / opening axioms (L0-L2),"introduces a physics-register model, observation, or formal method",mathematical/logical lower-layer floor preserved,"if removed, dependent bridge claims collapse to analogy",domain-bound (B); C translates structure across,coherent_partial,needs_review,yes,E,C,create_gap_atom,Claim-level v0.2 pass; pre-pill. Register B status partial. Register partial; review before promotion.
KIMI-unified-derivation-grammar-B-011,topics/abc-unified-derivation-grammar.html,"The grammar is a meta-tool, not a physical law.",requires empirical method / opening axioms (L0-L2),"introduces a physics-register model, observation, or formal method",mathematical/logical lower-layer floor preserved,"if removed, dependent bridge claims collapse to analogy",domain-bound (B); C translates structure across,coherent_partial,needs_review,yes,E,C,create_gap_atom,Claim-level v0.2 pass; pre-pill. Register B status partial. Register partial; review before promotion.
KIMI-unified-derivation-grammar-C-001,topics/abc-unified-derivation-grammar.html,Theophysics is one instantiation of DG.,requires both A and B register content,introduces cross-register bridge translation / correspondence,preserves both theological and scientific floors,"if removed, cross-register coherence collapses",A↔B↔C translation,coherent_partial,needs_review,yes,BR,C,create_bridge_atom,"Claim-level v0.2 pass; pre-pill. Register C status partial. Register partial; review before promotion. Bridge correspondence, not proof."
KIMI-unified-derivation-grammar-C-002,topics/abc-unified-derivation-grammar.html,The four axioms ground the staircase; the ten laws are translations; CDR is the dynamic operator; the Master Equation is the capability-integration formula.,requires both A and B register content,introduces cross-register bridge translation / correspondence,preserves both theological and scientific floors,"if removed, cross-register coherence collapses",A↔B↔C translation,coherent_partial,needs_review,yes,PM,C,create_bridge_atom,Claim-level v0.2 pass; pre-pill. Register C status partial. Register partial; review before promotion. Philosophical/model claim.
KIMI-unified-derivation-grammar-C-003,topics/abc-unified-derivation-grammar.html,DG1 — Dependency Every non-primitive layer depends on at least one earlier layer.,requires both A and B register content,introduces cross-register bridge translation / correspondence,preserves both theological and scientific floors,"if removed, cross-register coherence collapses",A↔B↔C translation,coherent_partial,needs_review,yes,PM,C,create_bridge_atom,Claim-level v0.2 pass; pre-pill. Register C status partial. Register partial; review before promotion. Philosophical/model claim.
KIMI-unified-derivation-grammar-C-004,topics/abc-unified-derivation-grammar.html,DG2 — Minimal Capability Each layer contributes one genuinely new capability class.,requires both A and B register content,introduces cross-register bridge translation / correspondence,preserves both theological and scientific floors,"if removed, cross-register coherence collapses",A↔B↔C translation,coherent_partial,needs_review,yes,PM,C,create_bridge_atom,Claim-level v0.2 pass; pre-pill. Register C status partial. Register partial; review before promotion. Philosophical/model claim.
KIMI-unified-derivation-grammar-C-005,topics/abc-unified-derivation-grammar.html,DG3 — Preservation No layer destroys valid capabilities beneath it.,requires both A and B register content,introduces cross-register bridge translation / correspondence,preserves both theological and scientific floors,"if removed, cross-register coherence collapses",A↔B↔C translation,coherent_partial,needs_review,yes,PM,C,create_bridge_atom,Claim-level v0.2 pass; pre-pill. Register C status partial. Register partial; review before promotion. Philosophical/model claim.
KIMI-unified-derivation-grammar-C-006,topics/abc-unified-derivation-grammar.html,"DG4 — Collapse If a required dependency disappears, every dependent capability disappears.",requires both A and B register content,introduces cross-register bridge translation / correspondence,preserves both theological and scientific floors,"if removed, cross-register coherence collapses",A↔B↔C translation,coherent_partial,needs_review,yes,D,C,create_bridge_atom,Claim-level v0.2 pass; pre-pill. Register C status partial. Register partial; review before promotion.
KIMI-unified-derivation-grammar-C-007,topics/abc-unified-derivation-grammar.html,DG5 — Translation Every capability may have multiple domain expressions without changing its structural role.,requires both A and B register content,introduces cross-register bridge translation / correspondence,preserves both theological and scientific floors,"if removed, cross-register coherence collapses",A↔B↔C translation,coherent_partial,needs_review,yes,D,C,create_bridge_atom,Claim-level v0.2 pass; pre-pill. Register C status partial. Register partial; review before promotion.
KIMI-unified-derivation-grammar-C-008,topics/abc-unified-derivation-grammar.html,"DG6 — Dynamics Every layer evolves through Coherence, Degradation, Restoration.",requires both A and B register content,introduces cross-register bridge translation / correspondence,preserves both theological and scientific floors,"if removed, cross-register coherence collapses",A↔B↔C translation,coherent_partial,needs_review,yes,PM,C,create_bridge_atom,Claim-level v0.2 pass; pre-pill. Register C status partial. Register partial; review before promotion. Philosophical/model claim.
KIMI-unified-derivation-grammar-C-009,topics/abc-unified-derivation-grammar.html,"DG7 — Admissibility A derivation is valid iff dependency exists, capability is new, and previous capabilities are preserved.",requires both A and B register content,introduces cross-register bridge translation / correspondence,preserves both theological and scientific floors,"if removed, cross-register coherence collapses",A↔B↔C translation,coherent_partial,needs_review,yes,PM,C,create_bridge_atom,Claim-level v0.2 pass; pre-pill. Register C status partial. Register partial; review before promotion. Philosophical/model claim.
KIMI-unified-derivation-grammar-C-010,topics/abc-unified-derivation-grammar.html,DG8 — Closure A derivation cannot deny a capability already required to express that denial.,requires both A and B register content,introduces cross-register bridge translation / correspondence,preserves both theological and scientific floors,"if removed, cross-register coherence collapses",A↔B↔C translation,coherent_partial,needs_review,yes,PM,C,create_bridge_atom,Claim-level v0.2 pass; pre-pill. Register C status partial. Register partial; review before promotion. Philosophical/model claim.
KIMI-unified-derivation-grammar-C-011,topics/abc-unified-derivation-grammar.html,No Skip. No capability may appear before its dependencies.,requires both A and B register content,introduces cross-register bridge translation / correspondence,preserves both theological and scientific floors,"if removed, cross-register coherence collapses",A↔B↔C translation,coherent_partial,needs_review,yes,PM,C,create_bridge_atom,Claim-level v0.2 pass; pre-pill. Register C status partial. Register partial; review before promotion. Philosophical/model claim.
KIMI-unified-derivation-grammar-C-012,topics/abc-unified-derivation-grammar.html,Collapse Propagation. Loss of a layer propagates upward automatically.,requires both A and B register content,introduces cross-register bridge translation / correspondence,preserves both theological and scientific floors,"if removed, cross-register coherence collapses",A↔B↔C translation,coherent_partial,needs_review,yes,PM,C,create_bridge_atom,Claim-level v0.2 pass; pre-pill. Register C status partial. Register partial; review before promotion. Philosophical/model claim.
KIMI-unified-derivation-grammar-C-013,topics/abc-unified-derivation-grammar.html,Translation Invariance. Vocabulary changes; the dependency graph does not.,requires both A and B register content,introduces cross-register bridge translation / correspondence,preserves both theological and scientific floors,"if removed, cross-register coherence collapses",A↔B↔C translation,coherent_partial,needs_review,yes,PM,C,create_bridge_atom,Claim-level v0.2 pass; pre-pill. Register C status partial. Register partial; review before promotion. Philosophical/model claim.
KIMI-unified-derivation-grammar-C-014,topics/abc-unified-derivation-grammar.html,Q1: What existed before this? (Dependency),requires both A and B register content,introduces cross-register bridge translation / correspondence,preserves both theological and scientific floors,"if removed, cross-register coherence collapses",A↔B↔C translation,coherent_partial,needs_review,yes,BR,C,create_bridge_atom,"Claim-level v0.2 pass; pre-pill. Register C status partial. Register partial; review before promotion. Bridge correspondence, not proof."
KIMI-unified-derivation-grammar-C-015,topics/abc-unified-derivation-grammar.html,Q2: What genuinely new capability appears here? (Minimal Capability),requires both A and B register content,introduces cross-register bridge translation / correspondence,preserves both theological and scientific floors,"if removed, cross-register coherence collapses",A↔B↔C translation,coherent_partial,needs_review,yes,BR,C,create_bridge_atom,"Claim-level v0.2 pass; pre-pill. Register C status partial. Register partial; review before promotion. Bridge correspondence, not proof."
KIMI-unified-derivation-grammar-C-016,topics/abc-unified-derivation-grammar.html,Q3: What collapses if this disappears? (Collapse),requires both A and B register content,introduces cross-register bridge translation / correspondence,preserves both theological and scientific floors,"if removed, cross-register coherence collapses",A↔B↔C translation,coherent_partial,needs_review,yes,BR,C,create_bridge_atom,"Claim-level v0.2 pass; pre-pill. Register C status partial. Register partial; review before promotion. Bridge correspondence, not proof."
KIMI-unified-derivation-grammar-C-017,topics/abc-unified-derivation-grammar.html,Q4: How does this translate into another domain? (Translation),requires both A and B register content,introduces cross-register bridge translation / correspondence,preserves both theological and scientific floors,"if removed, cross-register coherence collapses",A↔B↔C translation,coherent_partial,needs_review,yes,BR,C,create_bridge_atom,"Claim-level v0.2 pass; pre-pill. Register C status partial. Register partial; review before promotion. Bridge correspondence, not proof."
KIMI-unified-derivation-grammar-C-018,topics/abc-unified-derivation-grammar.html,L_0 (Ground) A1: Existence / Father (Being),requires both A and B register content,introduces cross-register bridge translation / correspondence,preserves both theological and scientific floors,"if removed, cross-register coherence collapses",A↔B↔C translation,coherent_partial,needs_review,yes,D,C,create_bridge_atom,Claim-level v0.2 pass; pre-pill. Register C status partial. Register partial; review before promotion.
KIMI-unified-derivation-grammar-C-019,topics/abc-unified-derivation-grammar.html,L_1 (Distinction) A2: Distinction / Son (Expression),requires both A and B register content,introduces cross-register bridge translation / correspondence,preserves both theological and scientific floors,"if removed, cross-register coherence collapses",A↔B↔C translation,coherent_partial,needs_review,yes,D,C,create_bridge_atom,Claim-level v0.2 pass; pre-pill. Register C status partial. Register partial; review before promotion.
KIMI-unified-derivation-grammar-C-020,topics/abc-unified-derivation-grammar.html,L_2 (Relation) A3: Relation / Spirit (Witness),requires both A and B register content,introduces cross-register bridge translation / correspondence,preserves both theological and scientific floors,"if removed, cross-register coherence collapses",A↔B↔C translation,coherent_partial,needs_review,yes,D,C,create_bridge_atom,Claim-level v0.2 pass; pre-pill. Register C status partial. Register partial; review before promotion.
KIMI-unified-derivation-grammar-C-021,topics/abc-unified-derivation-grammar.html,X (Constraint) A4: Orientation (Gradient),requires both A and B register content,introduces cross-register bridge translation / correspondence,preserves both theological and scientific floors,"if removed, cross-register coherence collapses",A↔B↔C translation,coherent_partial,needs_review,yes,BR,C,create_bridge_atom,"Claim-level v0.2 pass; pre-pill. Register C status partial. Register partial; review before promotion. Bridge correspondence, not proof."
KIMI-unified-derivation-grammar-C-022,topics/abc-unified-derivation-grammar.html,"L_3 (Physics) Space, Matter, Motion, Time",requires both A and B register content,introduces cross-register bridge translation / correspondence,preserves both theological and scientific floors,"if removed, cross-register coherence collapses",A↔B↔C translation,coherent_partial,needs_review,yes,D,C,create_bridge_atom,Claim-level v0.2 pass; pre-pill. Register C status partial. Register partial; review before promotion.
KIMI-unified-derivation-grammar-C-023,topics/abc-unified-derivation-grammar.html,"L_4 (Information) G, K, Ω, χ = ∫(G·K)dΩ",requires both A and B register content,introduces cross-register bridge translation / correspondence,preserves both theological and scientific floors,"if removed, cross-register coherence collapses",A↔B↔C translation,coherent_partial,needs_review,yes,D,C,create_bridge_atom,Claim-level v0.2 pass; pre-pill. Register C status partial. Register partial; review before promotion.
KIMI-unified-derivation-grammar-C-024,topics/abc-unified-derivation-grammar.html,L_5 (Consciousness) L3 fold: self-referential relation,requires both A and B register content,introduces cross-register bridge translation / correspondence,preserves both theological and scientific floors,"if removed, cross-register coherence collapses",A↔B↔C translation,coherent_partial,needs_review,yes,D,C,create_bridge_atom,Claim-level v0.2 pass; pre-pill. Register C status partial. Register partial; review before promotion.
KIMI-unified-derivation-grammar-C-025,topics/abc-unified-derivation-grammar.html,"L_6 (Theology) Trinity, Incarnation, Cross, Eschaton",requires both A and B register content,introduces cross-register bridge translation / correspondence,preserves both theological and scientific floors,"if removed, cross-register coherence collapses",A↔B↔C translation,coherent_partial,needs_review,yes,D,C,create_bridge_atom,Claim-level v0.2 pass; pre-pill. Register C status partial. Register partial; review before promotion.
KIMI-unified-derivation-grammar-C-026,topics/abc-unified-derivation-grammar.html,"S (Dynamics) CDR: Coherence, Degradation, Restoration",requires both A and B register content,introduces cross-register bridge translation / correspondence,preserves both theological and scientific floors,"if removed, cross-register coherence collapses",A↔B↔C translation,coherent_partial,needs_review,yes,BR,C,create_bridge_atom,"Claim-level v0.2 pass; pre-pill. Register C status partial. Register partial; review before promotion. Bridge correspondence, not proof."
KIMI-unified-derivation-grammar-C-027,topics/abc-unified-derivation-grammar.html,T (Translation) 10 Laws as projections of 4 Axioms,requires both A and B register content,introduces cross-register bridge translation / correspondence,preserves both theological and scientific floors,"if removed, cross-register coherence collapses",A↔B↔C translation,coherent_partial,needs_review,yes,PM,C,create_bridge_atom,Claim-level v0.2 pass; pre-pill. Register C status partial. Register partial; review before promotion. Philosophical/model claim.
KIMI-unified-derivation-grammar-C-028,topics/abc-unified-derivation-grammar.html,"DG is a schema, not a proof of God.",requires both A and B register content,introduces cross-register bridge translation / correspondence,preserves both theological and scientific floors,"if removed, cross-register coherence collapses",A↔B↔C translation,coherent_partial,needs_review,yes,PM,C,create_bridge_atom,Claim-level v0.2 pass; pre-pill. Register C status partial. Register partial; review before promotion. Philosophical/model claim.
KIMI-unified-derivation-grammar-C-029,topics/abc-unified-derivation-grammar.html,It claims that Theophysics is a valid instantiation under its ground axioms; it does not claim those axioms are the only possible ground.,requires both A and B register content,introduces cross-register bridge translation / correspondence,preserves both theological and scientific floors,"if removed, cross-register coherence collapses",A↔B↔C translation,coherent_partial,needs_review,yes,PM,C,create_bridge_atom,Claim-level v0.2 pass; pre-pill. Register C status partial. Register partial; review before promotion. Philosophical/model claim.
KIMI-unified-derivation-grammar-C-030,topics/abc-unified-derivation-grammar.html,"The triadic theorem (complete self-reference requires three irreducible roles) is still a conjecture, not a theorem.",requires both A and B register content,introduces cross-register bridge translation / correspondence,preserves both theological and scientific floors,"if removed, cross-register coherence collapses",A↔B↔C translation,coherent_partial,needs_review,yes,PM,C,create_bridge_atom,Claim-level v0.2 pass; pre-pill. Register C status partial. Register partial; review before promotion. Philosophical/model claim.
KIMI-unified-derivation-grammar-C-031,topics/abc-unified-derivation-grammar.html,The Lean kernel is not yet written.,requires both A and B register content,introduces cross-register bridge translation / correspondence,preserves both theological and scientific floors,"if removed, cross-register coherence collapses",A↔B↔C translation,coherent_partial,needs_review,yes,BR,C,create_bridge_atom,"Claim-level v0.2 pass; pre-pill. Register C status partial. Register partial; review before promotion. Bridge correspondence, not proof."
KIMI-why-physics-A-001,topics/abc-why-physics.html,God does not need physics.,none (theological ground / L0 instantiation),confesses a theological identification or doctrine,created-order distinction/relation preserved in background,"if removed, corresponding bridge readings lose theological anchor",domain-bound (A); C translates as bridge candidate,coherent,yes,yes,C,B,create_claim_atom,Claim-level v0.2 pass; pre-pill. Register A status present.
KIMI-why-physics-A-002,topics/abc-why-physics.html,"Creatures need a lawful, finite, temporal world in which love can become action, choice can carry cost, and grace can arrive as rescue.",none (theological ground / L0 instantiation),confesses a theological identification or doctrine,created-order distinction/relation preserved in background,"if removed, corresponding bridge readings lose theological anchor",domain-bound (A); C translates as bridge candidate,coherent,yes,yes,C,B,create_claim_atom,Claim-level v0.2 pass; pre-pill. Register A status present.
KIMI-why-physics-A-003,topics/abc-why-physics.html,The world is the stage where love is no longer private intention.,none (theological ground / L0 instantiation),confesses a theological identification or doctrine,created-order distinction/relation preserved in background,"if removed, corresponding bridge readings lose theological anchor",domain-bound (A); C translates as bridge candidate,coherent,yes,yes,C,B,create_claim_atom,Claim-level v0.2 pass; pre-pill. Register A status present.
KIMI-why-physics-A-004,topics/abc-why-physics.html,Human beings are placed in this world as learners and stewards.,none (theological ground / L0 instantiation),confesses a theological identification or doctrine,created-order distinction/relation preserved in background,"if removed, corresponding bridge readings lose theological anchor",domain-bound (A); C translates as bridge candidate,coherent,yes,yes,C,B,create_claim_atom,Claim-level v0.2 pass; pre-pill. Register A status present.
KIMI-why-physics-A-005,topics/abc-why-physics.html,"Made in God's image, they can read the order around them, name its patterns, and recognize — dimly or clearly — the hand of the Maker.",none (theological ground / L0 instantiation),confesses a theological identification or doctrine,created-order distinction/relation preserved in background,"if removed, corresponding bridge readings lose theological anchor",domain-bound (A); C translates as bridge candidate,coherent,yes,yes,C,B,create_claim_atom,Claim-level v0.2 pass; pre-pill. Register A status present.
KIMI-why-physics-A-006,topics/abc-why-physics.html,The physical universe is therefore not a trap or a machine; it is a gift that also teaches.,none (theological ground / L0 instantiation),confesses a theological identification or doctrine,created-order distinction/relation preserved in background,"if removed, corresponding bridge readings lose theological anchor",domain-bound (A); C translates as bridge candidate,coherent,yes,yes,C,B,create_claim_atom,Claim-level v0.2 pass; pre-pill. Register A status present.
KIMI-why-physics-A-007,topics/abc-why-physics.html,Every law is an invitation to know something of the One who spoke it.,none (theological ground / L0 instantiation),confesses a theological identification or doctrine,created-order distinction/relation preserved in background,"if removed, corresponding bridge readings lose theological anchor",domain-bound (A); C translates as bridge candidate,coherent,yes,yes,C,B,create_claim_atom,Claim-level v0.2 pass; pre-pill. Register A status present.
KIMI-why-physics-A-008,topics/abc-why-physics.html,"A meal, a wound, a hand extended, a body broken, and a tomb found empty all require embodied consequence.",none (theological ground / L0 instantiation),confesses a theological identification or doctrine,created-order distinction/relation preserved in background,"if removed, corresponding bridge readings lose theological anchor",domain-bound (A); C translates as bridge candidate,coherent,yes,yes,C,B,create_claim_atom,Claim-level v0.2 pass; pre-pill. Register A status present.
KIMI-why-physics-A-009,topics/abc-why-physics.html,"The Incarnation is the ultimate L1–L4 bridge: the Creator enters creation, the infinite becomes finite, the sustainer becomes the sustained.",none (theological ground / L0 instantiation),confesses a theological identification or doctrine,created-order distinction/relation preserved in background,"if removed, corresponding bridge readings lose theological anchor",domain-bound (A); C translates as bridge candidate,coherent,yes,yes,C,B,create_claim_atom,Claim-level v0.2 pass; pre-pill. Register A status present.
KIMI-why-physics-A-010,topics/abc-why-physics.html,The resurrection shows that the classroom is not the end; the classroom prepares for the new creation.,none (theological ground / L0 instantiation),confesses a theological identification or doctrine,created-order distinction/relation preserved in background,"if removed, corresponding bridge readings lose theological anchor",domain-bound (A); C translates as bridge candidate,coherent,yes,yes,C,B,create_claim_atom,Claim-level v0.2 pass; pre-pill. Register A status present.
KIMI-why-physics-B-001,topics/abc-why-physics.html,"Physics describes intelligibility, stable laws, distinguishable states, irreversible processes, time, embodiment, and open systems.",requires empirical method / opening axioms (L0-L2),"introduces a physics-register model, observation, or formal method",mathematical/logical lower-layer floor preserved,"if removed, dependent bridge claims collapse to analogy",domain-bound (B); C translates structure across,coherent_partial,needs_review,yes,E,C,create_gap_atom,Claim-level v0.2 pass; pre-pill. Register B status partial. Register partial; review before promotion.
KIMI-why-physics-B-002,topics/abc-why-physics.html,It does not assign divine purpose to those features.,requires empirical method / opening axioms (L0-L2),"introduces a physics-register model, observation, or formal method",mathematical/logical lower-layer floor preserved,"if removed, dependent bridge claims collapse to analogy",domain-bound (B); C translates structure across,coherent_partial,needs_review,yes,E,C,create_gap_atom,Claim-level v0.2 pass; pre-pill. Register B status partial. Register partial; review before promotion.
KIMI-why-physics-B-003,topics/abc-why-physics.html,"The question ""why is there a lawful world?"" is not answered by any equation inside physics.",requires empirical method / opening axioms (L0-L2),"introduces a physics-register model, observation, or formal method",mathematical/logical lower-layer floor preserved,"if removed, dependent bridge claims collapse to analogy",domain-bound (B); C translates structure across,coherent_partial,needs_review,yes,E,C,create_gap_atom,Claim-level v0.2 pass; pre-pill. Register B status partial. Register partial; review before promotion.
KIMI-why-physics-C-001,topics/abc-why-physics.html,The bridge says physics is the stage where love is no longer private intention.,requires both A and B register content,introduces cross-register bridge translation / correspondence,preserves both theological and scientific floors,"if removed, cross-register coherence collapses",A↔B↔C translation,coherent_partial,needs_review,yes,BR,C,create_bridge_atom,"Claim-level v0.2 pass; pre-pill. Register C status partial. Register partial; review before promotion. Bridge correspondence, not proof."
KIMI-why-physics-C-002,topics/abc-why-physics.html,"Embodiment, cost, time, and consequence make relation public and testable.",requires both A and B register content,introduces cross-register bridge translation / correspondence,preserves both theological and scientific floors,"if removed, cross-register coherence collapses",A↔B↔C translation,coherent_partial,needs_review,yes,BR,C,create_bridge_atom,"Claim-level v0.2 pass; pre-pill. Register C status partial. Register partial; review before promotion. Bridge correspondence, not proof."
KIMI-why-physics-C-003,topics/abc-why-physics.html,The same laws that permit freedom also enforce cost: a world where choices matter requires a world where choices have effects.,requires both A and B register content,introduces cross-register bridge translation / correspondence,preserves both theological and scientific floors,"if removed, cross-register coherence collapses",A↔B↔C translation,coherent_partial,needs_review,yes,BR,C,create_bridge_atom,"Claim-level v0.2 pass; pre-pill. Register C status partial. Register partial; review before promotion. Bridge correspondence, not proof."
KIMI-why-physics-C-004,topics/abc-why-physics.html,He built the classroom.,requires both A and B register content,introduces cross-register bridge translation / correspondence,preserves both theological and scientific floors,"if removed, cross-register coherence collapses",A↔B↔C translation,coherent_partial,needs_review,yes,BR,C,create_bridge_atom,"Claim-level v0.2 pass; pre-pill. Register C status partial. Register partial; review before promotion. Bridge correspondence, not proof."
KIMI-why-physics-C-005,topics/abc-why-physics.html,"One reading is that God designed the physical universe so that every time you drop something, feel the pull of the earth, watch ice melt, or stand at a fork in the road, you are living inside a curriculum.",requires both A and B register content,introduces cross-register bridge translation / correspondence,preserves both theological and scientific floors,"if removed, cross-register coherence collapses",A↔B↔C translation,coherent_partial,needs_review,yes,BR,C,create_bridge_atom,"Claim-level v0.2 pass; pre-pill. Register C status partial. Register partial; review before promotion. Bridge correspondence, not proof."
KIMI-why-physics-C-006,topics/abc-why-physics.html,Not metaphorically but structurally — the same equations at every scale.,requires both A and B register content,introduces cross-register bridge translation / correspondence,preserves both theological and scientific floors,"if removed, cross-register coherence collapses",A↔B↔C translation,coherent_partial,needs_review,yes,BR,C,create_bridge_atom,"Claim-level v0.2 pass; pre-pill. Register C status partial. Register partial; review before promotion. Bridge correspondence, not proof."
KIMI-why-physics-C-007,topics/abc-why-physics.html,"The claim is not that physics proves the lesson, but that the lesson is recognized because the body has been feeling it all along.",requires both A and B register content,introduces cross-register bridge translation / correspondence,preserves both theological and scientific floors,"if removed, cross-register coherence collapses",A↔B↔C translation,coherent_partial,needs_review,yes,BR,C,create_bridge_atom,"Claim-level v0.2 pass; pre-pill. Register C status partial. Register partial; review before promotion. Bridge correspondence, not proof."
KIMI-why-physics-C-008,topics/abc-why-physics.html,"Gravity → Grace. Gravity is always attractive, never shieldable, and falls with distance but never reaches zero. The bridge reads this as the shape of a love that keeps pulling the wanderer home.",requires both A and B register content,introduces cross-register bridge translation / correspondence,preserves both theological and scientific floors,"if removed, cross-register coherence collapses",A↔B↔C translation,coherent_partial,needs_review,yes,BR,C,create_bridge_atom,"Claim-level v0.2 pass; pre-pill. Register C status partial. Register partial; review before promotion. Bridge correspondence, not proof."
KIMI-why-physics-C-009,topics/abc-why-physics.html,"Quantum superposition → Faith as engagement. Before measurement, a system holds multiple possibilities; engagement collapses one definite outcome. The bridge reads this as the dignity of participation — reality is not fixed while the creature merely watches.",requires both A and B register content,introduces cross-register bridge translation / correspondence,preserves both theological and scientific floors,"if removed, cross-register coherence collapses",A↔B↔C translation,coherent_partial,needs_review,yes,BR,C,create_bridge_atom,"Claim-level v0.2 pass; pre-pill. Register C status partial. Register partial; review before promotion. Bridge correspondence, not proof."
KIMI-why-physics-C-010,topics/abc-why-physics.html,Entropy → Need for external input. Closed systems degrade toward disorder with no observed exception. The bridge reads this as the lesson that a life closed to grace cannot sustain itself.,requires both A and B register content,introduces cross-register bridge translation / correspondence,preserves both theological and scientific floors,"if removed, cross-register coherence collapses",A↔B↔C translation,coherent_partial,needs_review,yes,BR,C,create_bridge_atom,"Claim-level v0.2 pass; pre-pill. Register C status partial. Register partial; review before promotion. Bridge correspondence, not proof."
KIMI-why-physics-C-011,topics/abc-why-physics.html,"Honesty boundary: this is a theological/bridge interpretation of why a lawful created order is fitting, not a physics proof that God had to create physics.",requires both A and B register content,introduces cross-register bridge translation / correspondence,preserves both theological and scientific floors,"if removed, cross-register coherence collapses",A↔B↔C translation,coherent_partial,needs_review,yes,BR,C,create_bridge_atom,"Claim-level v0.2 pass; pre-pill. Register C status partial. Register partial; review before promotion. Bridge correspondence, not proof."
KIMI-why-physics-C-012,topics/abc-why-physics.html,"The ""why"" belongs to A and C; B describes the ""what."" These readings are C-grade correspondences; they do not make the physics equations themselves theological arguments.",requires both A and B register content,introduces cross-register bridge translation / correspondence,preserves both theological and scientific floors,"if removed, cross-register coherence collapses",A↔B↔C translation,coherent_partial,needs_review,yes,BR,C,create_bridge_atom,"Claim-level v0.2 pass; pre-pill. Register C status partial. Register partial; review before promotion. Bridge correspondence, not proof."
