atom_id,atom_uid,atom_uuid,event_uuid,claim_title,claim_class,lane,event_type,result,proof_label,current_status,rerun_status,artifact_path,source_path,new_path,reviewer,timestamp,meaning,limits
tp:lane4/axioms/ax-part1-ax-core-a1-1,sha256:cdf241a3251c14db26df0b5e1bc5447661d843af4785682b29c4ca82d331a0d0,,,A1.1 — Existence,classification,Classification,classification_imported,recorded,NOT_ESTABLISHED,active_candidate,not_applicable,O:\_Theophysics_v5\00_AXIOMS\_LOSSLESS_SUMMARY\AXIOMS_PART1_MODE_CLASSIFICATION.md,,,Codex,2026-07-28T19:10:19+00:00,Imported Part 1 mode classification row A1.1 as AX_CORE.,Classification import is not proof and does not promote the claim to canon.
tp:lane4/axioms/ax-part1-ax-core-a1-1,sha256:cdf241a3251c14db26df0b5e1bc5447661d843af4785682b29c4ca82d331a0d0,,40b3d671-0843-4b7e-a698-102035ab626e,A1.1 — Existence,classification,Classification,classification_glyphs_attached,recorded,NOT_ESTABLISHED,active_candidate,not_applicable,D:\GitHub\Faith-through-physics-atoms\_docs\AXIOMS_PART1_MODE_CLASSIFICATION.md,,,Codex,2026-08-05T05:29:36+00:00,Attached Part 1 classification glyphs for A1.1 as AX_CORE.,Glyphs classify and render the atom; they do not prove it.
tp:lane4/axioms/ax-part1-ax-core-a1-1,sha256:cdf241a3251c14db26df0b5e1bc5447661d843af4785682b29c4ca82d331a0d0,,0efb7769-2eb5-437e-8fc5-290828302cc2,A1.1 — Existence,classification,Classification,classification_glyphs_attached,recorded,NOT_ESTABLISHED,active_candidate,not_applicable,D:\GitHub\Faith-through-physics-atoms\_docs\AXIOMS_PART1_MODE_CLASSIFICATION.md,,,Codex,2026-08-05T05:30:27+00:00,Attached Part 1 classification glyphs for A1.1 as AX_CORE.,Glyphs classify and render the atom; they do not prove it.
tp:lane4/axioms/ax-part1-ax-core-a1-2,sha256:36ec35e35c1dbb09fec511485e66c64159a91d066864ff053fb969f4af083787,,,A1.2 — Distinction,classification,Classification,classification_imported,recorded,NOT_ESTABLISHED,active_candidate,not_applicable,O:\_Theophysics_v5\00_AXIOMS\_LOSSLESS_SUMMARY\AXIOMS_PART1_MODE_CLASSIFICATION.md,,,Codex,2026-07-28T19:10:19+00:00,Imported Part 1 mode classification row A1.2 as AX_CORE.,Classification import is not proof and does not promote the claim to canon.
tp:lane4/axioms/ax-part1-ax-core-a1-2,sha256:36ec35e35c1dbb09fec511485e66c64159a91d066864ff053fb969f4af083787,,2f72a814-268a-483c-a478-a4c3fab31473,A1.2 — Distinction,classification,Classification,classification_glyphs_attached,recorded,NOT_ESTABLISHED,active_candidate,not_applicable,D:\GitHub\Faith-through-physics-atoms\_docs\AXIOMS_PART1_MODE_CLASSIFICATION.md,,,Codex,2026-08-05T05:29:36+00:00,Attached Part 1 classification glyphs for A1.2 as AX_CORE.,Glyphs classify and render the atom; they do not prove it.
tp:lane4/axioms/ax-part1-ax-core-a1-2,sha256:36ec35e35c1dbb09fec511485e66c64159a91d066864ff053fb969f4af083787,,bda5577a-3ae2-4e4f-9fc9-a0e02d982453,A1.2 — Distinction,classification,Classification,classification_glyphs_attached,recorded,NOT_ESTABLISHED,active_candidate,not_applicable,D:\GitHub\Faith-through-physics-atoms\_docs\AXIOMS_PART1_MODE_CLASSIFICATION.md,,,Codex,2026-08-05T05:30:27+00:00,Attached Part 1 classification glyphs for A1.2 as AX_CORE.,Glyphs classify and render the atom; they do not prove it.
tp:lane4/axioms/ax-part1-ax-core-a2-1,sha256:4e22e0caac6c6a085e1d7d3f7998dd6a438759b3026f1a451b61334f38116a28,,,A2.1 — Substrate Requirement,classification,Classification,classification_imported,recorded,NOT_ESTABLISHED,active_candidate,not_applicable,O:\_Theophysics_v5\00_AXIOMS\_LOSSLESS_SUMMARY\AXIOMS_PART1_MODE_CLASSIFICATION.md,,,Codex,2026-07-28T19:10:19+00:00,Imported Part 1 mode classification row A2.1 as AX_CORE.,Classification import is not proof and does not promote the claim to canon.
tp:lane4/axioms/ax-part1-ax-core-a2-1,sha256:4e22e0caac6c6a085e1d7d3f7998dd6a438759b3026f1a451b61334f38116a28,,eea31bb9-843f-4fae-a408-863a2cf2e904,A2.1 — Substrate Requirement,classification,Lean4,test_run,pass,NOT_ESTABLISHED,active_candidate,not_applicable,D:\GitHub\Faith-through-physics-atoms\_runtime\lean_receipts\SUBSTRATE_RECORD_KERNEL_RECEIPT_2026-08-02.md,,,Codex,2026-08-03T00:43:16+00:00,"Lean compiled a formal substrate/record identity kernel: declared substrate and record identities are preserved through transformation, and visible form alone is not identity.","Conditional formal-model receipt only; does not prove substrate existence, self-grounding, Logos, Christ, or the adequacy of the theological mapping."
tp:lane4/axioms/ax-part1-ax-core-a2-1,sha256:4e22e0caac6c6a085e1d7d3f7998dd6a438759b3026f1a451b61334f38116a28,,220e2c3c-fbb4-47be-8337-b728243c1448,A2.1 — Substrate Requirement,classification,Lean4,test_run,pass,NOT_ESTABLISHED,active_candidate,not_applicable,D:\GitHub\Faith-through-physics-atoms\_runtime\lean_receipts\primary-h-drive-direct-substrate-record-kernel-receipt-20260803T010308Z.md,,,Codex,2026-08-03T01:03:08+00:00,Substrate-record preservation kernel was imported into the primary H-drive Lean source and direct Lean compilation passes. This verifies the self-contained kernel despite the full Lake project being blocked by the mathlib git index lock.,"Formal conditional model only: proves preservation consequences inside the model, not substrate existence, self-grounding, Logos identity, or Christological truth. This is direct-file verification, not a full project Lake build."
tp:lane4/axioms/ax-part1-ax-core-a2-1,sha256:4e22e0caac6c6a085e1d7d3f7998dd6a438759b3026f1a451b61334f38116a28,,91ab5cdd-893f-4ce2-b4f0-3e8e20304e39,A2.1 — Substrate Requirement,classification,Classification,classification_glyphs_attached,recorded,NOT_ESTABLISHED,active_candidate,not_applicable,D:\GitHub\Faith-through-physics-atoms\_docs\AXIOMS_PART1_MODE_CLASSIFICATION.md,,,Codex,2026-08-05T05:29:36+00:00,Attached Part 1 classification glyphs for A2.1 as AX_CORE.,Glyphs classify and render the atom; they do not prove it.
tp:lane4/axioms/ax-part1-ax-core-a2-1,sha256:4e22e0caac6c6a085e1d7d3f7998dd6a438759b3026f1a451b61334f38116a28,,222f94b8-811d-406b-87af-4af8044301f0,A2.1 — Substrate Requirement,classification,Classification,classification_glyphs_attached,recorded,NOT_ESTABLISHED,active_candidate,not_applicable,D:\GitHub\Faith-through-physics-atoms\_docs\AXIOMS_PART1_MODE_CLASSIFICATION.md,,,Codex,2026-08-05T05:30:27+00:00,Attached Part 1 classification glyphs for A2.1 as AX_CORE.,Glyphs classify and render the atom; they do not prove it.
tp:lane4/axioms/ax-part1-ax-core-a2-2,sha256:da0425f46dadd69063b6ef97f54e25bd3dede9399bdce67a36f41ddda6da95a7,,,A2.2 — Self-Grounding,classification,Classification,classification_imported,recorded,NOT_ESTABLISHED,active_candidate,not_applicable,O:\_Theophysics_v5\00_AXIOMS\_LOSSLESS_SUMMARY\AXIOMS_PART1_MODE_CLASSIFICATION.md,,,Codex,2026-07-28T19:10:19+00:00,Imported Part 1 mode classification row A2.2 as AX_CORE.,Classification import is not proof and does not promote the claim to canon.
tp:lane4/axioms/ax-part1-ax-core-a2-2,sha256:da0425f46dadd69063b6ef97f54e25bd3dede9399bdce67a36f41ddda6da95a7,,443d2c1c-7c93-4870-babe-8cfcbd3d7188,A2.2 — Self-Grounding,classification,Classification,classification_glyphs_attached,recorded,NOT_ESTABLISHED,active_candidate,not_applicable,D:\GitHub\Faith-through-physics-atoms\_docs\AXIOMS_PART1_MODE_CLASSIFICATION.md,,,Codex,2026-08-05T05:29:36+00:00,Attached Part 1 classification glyphs for A2.2 as AX_CORE.,Glyphs classify and render the atom; they do not prove it.
tp:lane4/axioms/ax-part1-ax-core-a2-2,sha256:da0425f46dadd69063b6ef97f54e25bd3dede9399bdce67a36f41ddda6da95a7,,af1cc35b-71f4-4b75-9193-61ca37a9708d,A2.2 — Self-Grounding,classification,Classification,classification_glyphs_attached,recorded,NOT_ESTABLISHED,active_candidate,not_applicable,D:\GitHub\Faith-through-physics-atoms\_docs\AXIOMS_PART1_MODE_CLASSIFICATION.md,,,Codex,2026-08-05T05:30:27+00:00,Attached Part 1 classification glyphs for A2.2 as AX_CORE.,Glyphs classify and render the atom; they do not prove it.
tp:lane4/axioms/ax-part1-ax-core-a5-1,sha256:9a88177850346770d8ce4926a07f98bdf89e8798851385467f6821fb65cf7df7,,,A5.1 — Observation Requirement,classification,Classification,classification_imported,recorded,NOT_ESTABLISHED,active_candidate,not_applicable,O:\_Theophysics_v5\00_AXIOMS\_LOSSLESS_SUMMARY\AXIOMS_PART1_MODE_CLASSIFICATION.md,,,Codex,2026-07-28T19:10:19+00:00,Imported Part 1 mode classification row A5.1 as AX_CORE.,Classification import is not proof and does not promote the claim to canon.
tp:lane4/axioms/ax-part1-ax-core-a5-1,sha256:9a88177850346770d8ce4926a07f98bdf89e8798851385467f6821fb65cf7df7,,51e12736-c5eb-4c5e-b410-a5f9b058679f,A5.1 — Observation Requirement,classification,Classification,classification_glyphs_attached,recorded,NOT_ESTABLISHED,active_candidate,not_applicable,D:\GitHub\Faith-through-physics-atoms\_docs\AXIOMS_PART1_MODE_CLASSIFICATION.md,,,Codex,2026-08-05T05:29:36+00:00,Attached Part 1 classification glyphs for A5.1 as AX_CORE.,Glyphs classify and render the atom; they do not prove it.
tp:lane4/axioms/ax-part1-ax-core-a5-1,sha256:9a88177850346770d8ce4926a07f98bdf89e8798851385467f6821fb65cf7df7,,86879245-20f3-4b96-bd55-cff5d3b301b9,A5.1 — Observation Requirement,classification,Classification,classification_glyphs_attached,recorded,NOT_ESTABLISHED,active_candidate,not_applicable,D:\GitHub\Faith-through-physics-atoms\_docs\AXIOMS_PART1_MODE_CLASSIFICATION.md,,,Codex,2026-08-05T05:30:27+00:00,Attached Part 1 classification glyphs for A5.1 as AX_CORE.,Glyphs classify and render the atom; they do not prove it.
tp:lane4/axioms/ax-part1-ax-core-bc4,sha256:a623dc9df08369de59677280a240e61a6d19b8b7e2fcae447934858b49527353,,,BC4 — Three Observers Required,classification,Classification,classification_imported,recorded,NOT_ESTABLISHED,active_candidate,not_applicable,O:\_Theophysics_v5\00_AXIOMS\_LOSSLESS_SUMMARY\AXIOMS_PART1_MODE_CLASSIFICATION.md,,,Codex,2026-07-28T19:10:19+00:00,Imported Part 1 mode classification row BC4 as AX_CORE.,Classification import is not proof and does not promote the claim to canon.
tp:lane4/axioms/ax-part1-ax-core-bc4,sha256:a623dc9df08369de59677280a240e61a6d19b8b7e2fcae447934858b49527353,,b30b81d2-ece1-4383-825b-8096a1f12d7a,BC4 — Three Observers Required,classification,Classification,classification_glyphs_attached,recorded,NOT_ESTABLISHED,active_candidate,not_applicable,D:\GitHub\Faith-through-physics-atoms\_docs\AXIOMS_PART1_MODE_CLASSIFICATION.md,,,Codex,2026-08-05T05:29:36+00:00,Attached Part 1 classification glyphs for BC4 as AX_CORE.,Glyphs classify and render the atom; they do not prove it.
tp:lane4/axioms/ax-part1-ax-core-bc4,sha256:a623dc9df08369de59677280a240e61a6d19b8b7e2fcae447934858b49527353,,27e3789b-6f65-434f-bb28-b6e2af735adb,BC4 — Three Observers Required,classification,Classification,classification_glyphs_attached,recorded,NOT_ESTABLISHED,active_candidate,not_applicable,D:\GitHub\Faith-through-physics-atoms\_docs\AXIOMS_PART1_MODE_CLASSIFICATION.md,,,Codex,2026-08-05T05:30:27+00:00,Attached Part 1 classification glyphs for BC4 as AX_CORE.,Glyphs classify and render the atom; they do not prove it.
tp:lane4/axioms/ax-part1-ax-core-bc6,sha256:70d476512f901f0d957e6696810236e2cb7f4e019a23194991e035a53a3d04ec,,,BC6 — Infinite Energy Source,classification,Classification,classification_imported,recorded,NOT_ESTABLISHED,active_candidate,not_applicable,O:\_Theophysics_v5\00_AXIOMS\_LOSSLESS_SUMMARY\AXIOMS_PART1_MODE_CLASSIFICATION.md,,,Codex,2026-07-28T19:10:19+00:00,Imported Part 1 mode classification row BC6 as AX_CORE.,Classification import is not proof and does not promote the claim to canon.
tp:lane4/axioms/ax-part1-ax-core-bc6,sha256:70d476512f901f0d957e6696810236e2cb7f4e019a23194991e035a53a3d04ec,,518f258a-f4ef-4293-a695-ee7163648991,BC6 — Infinite Energy Source,classification,Classification,classification_glyphs_attached,recorded,NOT_ESTABLISHED,active_candidate,not_applicable,D:\GitHub\Faith-through-physics-atoms\_docs\AXIOMS_PART1_MODE_CLASSIFICATION.md,,,Codex,2026-08-05T05:29:36+00:00,Attached Part 1 classification glyphs for BC6 as AX_CORE.,Glyphs classify and render the atom; they do not prove it.
tp:lane4/axioms/ax-part1-ax-core-bc6,sha256:70d476512f901f0d957e6696810236e2cb7f4e019a23194991e035a53a3d04ec,,0ded07e1-1f96-423c-9766-2da356c515cf,BC6 — Infinite Energy Source,classification,Classification,classification_glyphs_attached,recorded,NOT_ESTABLISHED,active_candidate,not_applicable,D:\GitHub\Faith-through-physics-atoms\_docs\AXIOMS_PART1_MODE_CLASSIFICATION.md,,,Codex,2026-08-05T05:30:27+00:00,Attached Part 1 classification glyphs for BC6 as AX_CORE.,Glyphs classify and render the atom; they do not prove it.
tp:lane4/axioms/ax-part1-ax-derived-a1-3,sha256:2482d6f96eb43d5e5ac0e22cc6ca68e3a6e70b529408dfac47304262ad31014b,,,A1.3 — Information Primacy,classification,Classification,classification_imported,recorded,NOT_ESTABLISHED,active_candidate,not_applicable,O:\_Theophysics_v5\00_AXIOMS\_LOSSLESS_SUMMARY\AXIOMS_PART1_MODE_CLASSIFICATION.md,,,Codex,2026-07-28T19:10:19+00:00,Imported Part 1 mode classification row A1.3 as AX_DERIVED.,Classification import is not proof and does not promote the claim to canon.
tp:lane4/axioms/ax-part1-ax-derived-a1-3,sha256:2482d6f96eb43d5e5ac0e22cc6ca68e3a6e70b529408dfac47304262ad31014b,,47b35c92-6243-49b2-96b0-c5617b263561,A1.3 — Information Primacy,classification,Classification,classification_glyphs_attached,recorded,NOT_ESTABLISHED,active_candidate,not_applicable,D:\GitHub\Faith-through-physics-atoms\_docs\AXIOMS_PART1_MODE_CLASSIFICATION.md,,,Codex,2026-08-05T05:29:36+00:00,Attached Part 1 classification glyphs for A1.3 as AX_DERIVED.,Glyphs classify and render the atom; they do not prove it.
tp:lane4/axioms/ax-part1-ax-derived-a1-3,sha256:2482d6f96eb43d5e5ac0e22cc6ca68e3a6e70b529408dfac47304262ad31014b,,44e8d7cd-82d0-4092-ae2c-45cf1cc7b223,A1.3 — Information Primacy,classification,Classification,classification_glyphs_attached,recorded,NOT_ESTABLISHED,active_candidate,not_applicable,D:\GitHub\Faith-through-physics-atoms\_docs\AXIOMS_PART1_MODE_CLASSIFICATION.md,,,Codex,2026-08-05T05:30:27+00:00,Attached Part 1 classification glyphs for A1.3 as AX_DERIVED.,Glyphs classify and render the atom; they do not prove it.
tp:lane4/axioms/ax-part1-ax-derived-bc2,sha256:97d47020497ba2e699c667cd8d64d6ba68555ce2c1c70cf9f657d13a44688932,,,BC2 — Grace External To System,classification,Classification,classification_imported,recorded,NOT_ESTABLISHED,active_candidate_unanchored,not_applicable,O:\_Theophysics_v5\00_AXIOMS\_LOSSLESS_SUMMARY\AXIOMS_PART1_MODE_CLASSIFICATION.md,,,Codex,2026-07-28T19:10:19+00:00,Imported Part 1 mode classification row BC2 as AX_DERIVED.,Classification import is not proof and does not promote the claim to canon.
tp:lane4/axioms/ax-part1-ax-derived-bc2,sha256:97d47020497ba2e699c667cd8d64d6ba68555ce2c1c70cf9f657d13a44688932,,e43afb85-7f32-4dc0-8949-5634947edd7b,BC2 — Grace External To System,classification,Classification,classification_glyphs_attached,recorded,NOT_ESTABLISHED,active_candidate_unanchored,not_applicable,D:\GitHub\Faith-through-physics-atoms\_docs\AXIOMS_PART1_MODE_CLASSIFICATION.md,,,Codex,2026-08-05T05:29:36+00:00,Attached Part 1 classification glyphs for BC2 as AX_DERIVED.,Glyphs classify and render the atom; they do not prove it.
tp:lane4/axioms/ax-part1-ax-derived-bc2,sha256:97d47020497ba2e699c667cd8d64d6ba68555ce2c1c70cf9f657d13a44688932,,ea1ee644-bcc3-4d10-a2a8-5bed4df10d77,BC2 — Grace External To System,classification,Classification,classification_glyphs_attached,recorded,NOT_ESTABLISHED,active_candidate_unanchored,not_applicable,D:\GitHub\Faith-through-physics-atoms\_docs\AXIOMS_PART1_MODE_CLASSIFICATION.md,,,Codex,2026-08-05T05:30:27+00:00,Attached Part 1 classification glyphs for BC2 as AX_DERIVED.,Glyphs classify and render the atom; they do not prove it.
tp:lane4/axioms/ax-part1-ax-derived-bc7,sha256:b5915703e0b3bd658438473492cd79b5f258471883a49d31c369f59cf24c9bfa,,,BC7 — Information Conservation,classification,Classification,classification_imported,recorded,NOT_ESTABLISHED,active_candidate,not_applicable,O:\_Theophysics_v5\00_AXIOMS\_LOSSLESS_SUMMARY\AXIOMS_PART1_MODE_CLASSIFICATION.md,,,Codex,2026-07-28T19:10:19+00:00,Imported Part 1 mode classification row BC7 as AX_DERIVED.,Classification import is not proof and does not promote the claim to canon.
tp:lane4/axioms/ax-part1-ax-derived-bc7,sha256:b5915703e0b3bd658438473492cd79b5f258471883a49d31c369f59cf24c9bfa,,fe90d1e8-8638-437c-98e2-117e223ada64,BC7 — Information Conservation,classification,Classification,classification_glyphs_attached,recorded,NOT_ESTABLISHED,active_candidate,not_applicable,D:\GitHub\Faith-through-physics-atoms\_docs\AXIOMS_PART1_MODE_CLASSIFICATION.md,,,Codex,2026-08-05T05:29:36+00:00,Attached Part 1 classification glyphs for BC7 as AX_DERIVED.,Glyphs classify and render the atom; they do not prove it.
tp:lane4/axioms/ax-part1-ax-derived-bc7,sha256:b5915703e0b3bd658438473492cd79b5f258471883a49d31c369f59cf24c9bfa,,d8d2e2cc-f642-40eb-be55-887a81824f7c,BC7 — Information Conservation,classification,Classification,classification_glyphs_attached,recorded,NOT_ESTABLISHED,active_candidate,not_applicable,D:\GitHub\Faith-through-physics-atoms\_docs\AXIOMS_PART1_MODE_CLASSIFICATION.md,,,Codex,2026-08-05T05:30:27+00:00,Attached Part 1 classification glyphs for BC7 as AX_DERIVED.,Glyphs classify and render the atom; they do not prove it.
tp:lane4/axioms/ax-part1-ax-derived-bc8,sha256:490d545bfdc051707cf1af616ca3c9355619553810afbbac5d1bdf9cc8aae305,,,BC8 — Voluntary Coupling,classification,Classification,classification_imported,recorded,NOT_ESTABLISHED,active_candidate,not_applicable,O:\_Theophysics_v5\00_AXIOMS\_LOSSLESS_SUMMARY\AXIOMS_PART1_MODE_CLASSIFICATION.md,,,Codex,2026-07-28T19:10:19+00:00,Imported Part 1 mode classification row BC8 as AX_DERIVED.,Classification import is not proof and does not promote the claim to canon.
tp:lane4/axioms/ax-part1-ax-derived-bc8,sha256:490d545bfdc051707cf1af616ca3c9355619553810afbbac5d1bdf9cc8aae305,,4bd86f05-191e-4bef-b4f8-6243db5b0a3d,BC8 — Voluntary Coupling,classification,Classification,classification_glyphs_attached,recorded,NOT_ESTABLISHED,active_candidate,not_applicable,D:\GitHub\Faith-through-physics-atoms\_docs\AXIOMS_PART1_MODE_CLASSIFICATION.md,,,Codex,2026-08-05T05:29:36+00:00,Attached Part 1 classification glyphs for BC8 as AX_DERIVED.,Glyphs classify and render the atom; they do not prove it.
tp:lane4/axioms/ax-part1-ax-derived-bc8,sha256:490d545bfdc051707cf1af616ca3c9355619553810afbbac5d1bdf9cc8aae305,,9cc102af-d335-4fe8-add3-e7cb2ae0b7fd,BC8 — Voluntary Coupling,classification,Classification,classification_glyphs_attached,recorded,NOT_ESTABLISHED,active_candidate,not_applicable,D:\GitHub\Faith-through-physics-atoms\_docs\AXIOMS_PART1_MODE_CLASSIFICATION.md,,,Codex,2026-08-05T05:30:27+00:00,Attached Part 1 classification glyphs for BC8 as AX_DERIVED.,Glyphs classify and render the atom; they do not prove it.
tp:lane4/axioms/ax-part1-ax-derived-t3-1,sha256:4cfcd8c7b2d03ed882838248bca968953929159063f893ee68c9c1453b17bba9,,,T3.1 — Coherence Cannot Self-Increase,classification,Classification,classification_imported,recorded,NOT_ESTABLISHED,active_candidate,not_applicable,O:\_Theophysics_v5\00_AXIOMS\_LOSSLESS_SUMMARY\AXIOMS_PART1_MODE_CLASSIFICATION.md,,,Codex,2026-07-28T19:10:19+00:00,Imported Part 1 mode classification row T3.1 as AX_DERIVED.,Classification import is not proof and does not promote the claim to canon.
tp:lane4/axioms/ax-part1-ax-derived-t3-1,sha256:4cfcd8c7b2d03ed882838248bca968953929159063f893ee68c9c1453b17bba9,,a9730c19-922e-43dc-b850-2dd4fdc105d5,T3.1 — Coherence Cannot Self-Increase,classification,Classification,classification_glyphs_attached,recorded,NOT_ESTABLISHED,active_candidate,not_applicable,D:\GitHub\Faith-through-physics-atoms\_docs\AXIOMS_PART1_MODE_CLASSIFICATION.md,,,Codex,2026-08-05T05:29:36+00:00,Attached Part 1 classification glyphs for T3.1 as AX_DERIVED.,Glyphs classify and render the atom; they do not prove it.
tp:lane4/axioms/ax-part1-ax-derived-t3-1,sha256:4cfcd8c7b2d03ed882838248bca968953929159063f893ee68c9c1453b17bba9,,086ea6e2-ca7f-4274-8bae-b234aa612c51,T3.1 — Coherence Cannot Self-Increase,classification,Classification,classification_glyphs_attached,recorded,NOT_ESTABLISHED,active_candidate,not_applicable,D:\GitHub\Faith-through-physics-atoms\_docs\AXIOMS_PART1_MODE_CLASSIFICATION.md,,,Codex,2026-08-05T05:30:27+00:00,Attached Part 1 classification glyphs for T3.1 as AX_DERIVED.,Glyphs classify and render the atom; they do not prove it.
tp:lane4/axioms/ax-part1-ax-scaffold-d1-1,sha256:4e8e79d4997b2bb9c3e99b0d8b8df946a9dc3e4bc0e2a00fc8851c42eef1dc71,,,D1.1 — Information Definition,classification,Classification,classification_imported,recorded,NOT_ESTABLISHED,active_candidate,not_applicable,O:\_Theophysics_v5\00_AXIOMS\_LOSSLESS_SUMMARY\AXIOMS_PART1_MODE_CLASSIFICATION.md,,,Codex,2026-07-28T19:10:19+00:00,Imported Part 1 mode classification row D1.1 as AX_SCAFFOLD.,Classification import is not proof and does not promote the claim to canon.
tp:lane4/axioms/ax-part1-ax-scaffold-d1-1,sha256:4e8e79d4997b2bb9c3e99b0d8b8df946a9dc3e4bc0e2a00fc8851c42eef1dc71,,71dac37c-f646-4a32-861c-0567585cfc26,D1.1 — Information Definition,classification,Classification,classification_glyphs_attached,recorded,NOT_ESTABLISHED,active_candidate,not_applicable,D:\GitHub\Faith-through-physics-atoms\_docs\AXIOMS_PART1_MODE_CLASSIFICATION.md,,,Codex,2026-08-05T05:29:36+00:00,Attached Part 1 classification glyphs for D1.1 as AX_SCAFFOLD.,Glyphs classify and render the atom; they do not prove it.
tp:lane4/axioms/ax-part1-ax-scaffold-d1-1,sha256:4e8e79d4997b2bb9c3e99b0d8b8df946a9dc3e4bc0e2a00fc8851c42eef1dc71,,715672ce-f072-4e37-aef4-b6fe4d330d70,D1.1 — Information Definition,classification,Classification,classification_glyphs_attached,recorded,NOT_ESTABLISHED,active_candidate,not_applicable,D:\GitHub\Faith-through-physics-atoms\_docs\AXIOMS_PART1_MODE_CLASSIFICATION.md,,,Codex,2026-08-05T05:30:27+00:00,Attached Part 1 classification glyphs for D1.1 as AX_SCAFFOLD.,Glyphs classify and render the atom; they do not prove it.
tp:lane4/axioms/ax-part1-ax-scaffold-d1-2,sha256:67bf0ca8a24842bd3ef3f65582b15300edabcbfc614819439e1cf12b02702849,,,D1.2 — Bit Definition,classification,Classification,classification_imported,recorded,NOT_ESTABLISHED,active_candidate,not_applicable,O:\_Theophysics_v5\00_AXIOMS\_LOSSLESS_SUMMARY\AXIOMS_PART1_MODE_CLASSIFICATION.md,,,Codex,2026-07-28T19:10:19+00:00,Imported Part 1 mode classification row D1.2 as AX_SCAFFOLD.,Classification import is not proof and does not promote the claim to canon.
tp:lane4/axioms/ax-part1-ax-scaffold-d1-2,sha256:67bf0ca8a24842bd3ef3f65582b15300edabcbfc614819439e1cf12b02702849,,1146b013-742d-4e0a-b7ac-978ab21ea0ac,D1.2 — Bit Definition,classification,Classification,classification_glyphs_attached,recorded,NOT_ESTABLISHED,active_candidate,not_applicable,D:\GitHub\Faith-through-physics-atoms\_docs\AXIOMS_PART1_MODE_CLASSIFICATION.md,,,Codex,2026-08-05T05:29:36+00:00,Attached Part 1 classification glyphs for D1.2 as AX_SCAFFOLD.,Glyphs classify and render the atom; they do not prove it.
tp:lane4/axioms/ax-part1-ax-scaffold-d1-2,sha256:67bf0ca8a24842bd3ef3f65582b15300edabcbfc614819439e1cf12b02702849,,6ef6f5c0-b78b-4c12-8444-33e0e0796560,D1.2 — Bit Definition,classification,Classification,classification_glyphs_attached,recorded,NOT_ESTABLISHED,active_candidate,not_applicable,D:\GitHub\Faith-through-physics-atoms\_docs\AXIOMS_PART1_MODE_CLASSIFICATION.md,,,Codex,2026-08-05T05:30:27+00:00,Attached Part 1 classification glyphs for D1.2 as AX_SCAFFOLD.,Glyphs classify and render the atom; they do not prove it.
tp:lane4/axioms/ax-part1-ax-scaffold-d10-1,sha256:65db59d8110a42554b78ecafa33e70e71d3e046f887a7e20b6c0d708188f8cec,,,D10.1 — Soul Field Psi_S,classification,Classification,classification_imported,recorded,NOT_ESTABLISHED,active_candidate,not_applicable,O:\_Theophysics_v5\00_AXIOMS\_LOSSLESS_SUMMARY\AXIOMS_PART1_MODE_CLASSIFICATION.md,,,Codex,2026-07-28T19:10:19+00:00,Imported Part 1 mode classification row D10.1 as AX_SCAFFOLD.,Classification import is not proof and does not promote the claim to canon.
tp:lane4/axioms/ax-part1-ax-scaffold-d10-1,sha256:65db59d8110a42554b78ecafa33e70e71d3e046f887a7e20b6c0d708188f8cec,,b02c46b6-3ed1-4972-969c-ca94ad5ae931,D10.1 — Soul Field Psi_S,classification,Classification,classification_glyphs_attached,recorded,NOT_ESTABLISHED,active_candidate,not_applicable,D:\GitHub\Faith-through-physics-atoms\_docs\AXIOMS_PART1_MODE_CLASSIFICATION.md,,,Codex,2026-08-05T05:29:36+00:00,Attached Part 1 classification glyphs for D10.1 as AX_SCAFFOLD.,Glyphs classify and render the atom; they do not prove it.
tp:lane4/axioms/ax-part1-ax-scaffold-d10-1,sha256:65db59d8110a42554b78ecafa33e70e71d3e046f887a7e20b6c0d708188f8cec,,98aec188-59cd-4fce-b782-7865f8680814,D10.1 — Soul Field Psi_S,classification,Classification,classification_glyphs_attached,recorded,NOT_ESTABLISHED,active_candidate,not_applicable,D:\GitHub\Faith-through-physics-atoms\_docs\AXIOMS_PART1_MODE_CLASSIFICATION.md,,,Codex,2026-08-05T05:30:27+00:00,Attached Part 1 classification glyphs for D10.1 as AX_SCAFFOLD.,Glyphs classify and render the atom; they do not prove it.
tp:lane4/axioms/ax-part1-ax-scaffold-d11-1,sha256:1c2fe8f6c40d57124c65ac77dbf3cdf8437744fb0404289ed8a0bfcdb3b02bd0,,,D11.1 — Moral Coherence Definition,classification,Classification,classification_imported,recorded,NOT_ESTABLISHED,active_candidate,not_applicable,O:\_Theophysics_v5\00_AXIOMS\_LOSSLESS_SUMMARY\AXIOMS_PART1_MODE_CLASSIFICATION.md,,,Codex,2026-07-28T19:10:19+00:00,Imported Part 1 mode classification row D11.1 as AX_SCAFFOLD.,Classification import is not proof and does not promote the claim to canon.
tp:lane4/axioms/ax-part1-ax-scaffold-d11-1,sha256:1c2fe8f6c40d57124c65ac77dbf3cdf8437744fb0404289ed8a0bfcdb3b02bd0,,42c04969-a92a-466c-b7b8-066c7ec0ce38,D11.1 — Moral Coherence Definition,classification,Classification,classification_glyphs_attached,recorded,NOT_ESTABLISHED,active_candidate,not_applicable,D:\GitHub\Faith-through-physics-atoms\_docs\AXIOMS_PART1_MODE_CLASSIFICATION.md,,,Codex,2026-08-05T05:29:37+00:00,Attached Part 1 classification glyphs for D11.1 as AX_SCAFFOLD.,Glyphs classify and render the atom; they do not prove it.
tp:lane4/axioms/ax-part1-ax-scaffold-d11-1,sha256:1c2fe8f6c40d57124c65ac77dbf3cdf8437744fb0404289ed8a0bfcdb3b02bd0,,d788a893-ab87-49ac-ae98-4e60eb0f842a,D11.1 — Moral Coherence Definition,classification,Classification,classification_glyphs_attached,recorded,NOT_ESTABLISHED,active_candidate,not_applicable,D:\GitHub\Faith-through-physics-atoms\_docs\AXIOMS_PART1_MODE_CLASSIFICATION.md,,,Codex,2026-08-05T05:30:27+00:00,Attached Part 1 classification glyphs for D11.1 as AX_SCAFFOLD.,Glyphs classify and render the atom; they do not prove it.
tp:lane4/axioms/ax-part1-ax-scaffold-d12-1,sha256:9fe8892e83aa3cb59d82177de699c28d1bfac069c85f88634372f957c6cb323c,,,D12.1 — Integration Attractor,classification,Classification,classification_imported,recorded,NOT_ESTABLISHED,active_candidate,not_applicable,O:\_Theophysics_v5\00_AXIOMS\_LOSSLESS_SUMMARY\AXIOMS_PART1_MODE_CLASSIFICATION.md,,,Codex,2026-07-28T19:10:19+00:00,Imported Part 1 mode classification row D12.1 as AX_SCAFFOLD.,Classification import is not proof and does not promote the claim to canon.
tp:lane4/axioms/ax-part1-ax-scaffold-d12-1,sha256:9fe8892e83aa3cb59d82177de699c28d1bfac069c85f88634372f957c6cb323c,,70c9d25a-73a6-4ed6-8589-0c70926d83b1,D12.1 — Integration Attractor,classification,Classification,classification_glyphs_attached,recorded,NOT_ESTABLISHED,active_candidate,not_applicable,D:\GitHub\Faith-through-physics-atoms\_docs\AXIOMS_PART1_MODE_CLASSIFICATION.md,,,Codex,2026-08-05T05:29:37+00:00,Attached Part 1 classification glyphs for D12.1 as AX_SCAFFOLD.,Glyphs classify and render the atom; they do not prove it.
tp:lane4/axioms/ax-part1-ax-scaffold-d12-1,sha256:9fe8892e83aa3cb59d82177de699c28d1bfac069c85f88634372f957c6cb323c,,e220f947-7f56-4d51-9812-496d0b63676a,D12.1 — Integration Attractor,classification,Classification,classification_glyphs_attached,recorded,NOT_ESTABLISHED,active_candidate,not_applicable,D:\GitHub\Faith-through-physics-atoms\_docs\AXIOMS_PART1_MODE_CLASSIFICATION.md,,,Codex,2026-08-05T05:30:27+00:00,Attached Part 1 classification glyphs for D12.1 as AX_SCAFFOLD.,Glyphs classify and render the atom; they do not prove it.
tp:lane4/axioms/ax-part1-ax-scaffold-d12-2,sha256:86d7b62cc7abc6c773688a0cd81e9587c61aef5611026af8f70482eba5ff0aed,,,D12.2 — Fragmentation Attractor,classification,Classification,classification_imported,recorded,NOT_ESTABLISHED,active_candidate,not_applicable,O:\_Theophysics_v5\00_AXIOMS\_LOSSLESS_SUMMARY\AXIOMS_PART1_MODE_CLASSIFICATION.md,,,Codex,2026-07-28T19:10:19+00:00,Imported Part 1 mode classification row D12.2 as AX_SCAFFOLD.,Classification import is not proof and does not promote the claim to canon.
tp:lane4/axioms/ax-part1-ax-scaffold-d12-2,sha256:86d7b62cc7abc6c773688a0cd81e9587c61aef5611026af8f70482eba5ff0aed,,5f6d0bc4-fcc1-4c8e-bc4d-5b8c42b48846,D12.2 — Fragmentation Attractor,classification,Classification,classification_glyphs_attached,recorded,NOT_ESTABLISHED,active_candidate,not_applicable,D:\GitHub\Faith-through-physics-atoms\_docs\AXIOMS_PART1_MODE_CLASSIFICATION.md,,,Codex,2026-08-05T05:29:37+00:00,Attached Part 1 classification glyphs for D12.2 as AX_SCAFFOLD.,Glyphs classify and render the atom; they do not prove it.
tp:lane4/axioms/ax-part1-ax-scaffold-d12-2,sha256:86d7b62cc7abc6c773688a0cd81e9587c61aef5611026af8f70482eba5ff0aed,,432fb452-40c4-4755-ae4b-d9080b32c0ae,D12.2 — Fragmentation Attractor,classification,Classification,classification_glyphs_attached,recorded,NOT_ESTABLISHED,active_candidate,not_applicable,D:\GitHub\Faith-through-physics-atoms\_docs\AXIOMS_PART1_MODE_CLASSIFICATION.md,,,Codex,2026-08-05T05:30:27+00:00,Attached Part 1 classification glyphs for D12.2 as AX_SCAFFOLD.,Glyphs classify and render the atom; they do not prove it.
tp:lane4/axioms/ax-part1-ax-scaffold-d13-1,sha256:774d5b453b6522c31d8b66ca56f578412d1c634d76522d79131562adcc4382df,,,D13.1 — Unified Field Lagrangian,classification,Classification,classification_imported,recorded,NOT_ESTABLISHED,active_candidate,not_applicable,O:\_Theophysics_v5\00_AXIOMS\_LOSSLESS_SUMMARY\AXIOMS_PART1_MODE_CLASSIFICATION.md,,,Codex,2026-07-28T19:10:19+00:00,Imported Part 1 mode classification row D13.1 as AX_SCAFFOLD.,Classification import is not proof and does not promote the claim to canon.
tp:lane4/axioms/ax-part1-ax-scaffold-d13-1,sha256:774d5b453b6522c31d8b66ca56f578412d1c634d76522d79131562adcc4382df,,a69b0da1-f28e-4606-ba02-1a54af510d06,D13.1 — Unified Field Lagrangian,classification,Classification,classification_glyphs_attached,recorded,NOT_ESTABLISHED,active_candidate,not_applicable,D:\GitHub\Faith-through-physics-atoms\_docs\AXIOMS_PART1_MODE_CLASSIFICATION.md,,,Codex,2026-08-05T05:29:37+00:00,Attached Part 1 classification glyphs for D13.1 as AX_SCAFFOLD.,Glyphs classify and render the atom; they do not prove it.
tp:lane4/axioms/ax-part1-ax-scaffold-d13-1,sha256:774d5b453b6522c31d8b66ca56f578412d1c634d76522d79131562adcc4382df,,2c2542ce-e682-4ad3-8d7e-76438c93272f,D13.1 — Unified Field Lagrangian,classification,Classification,classification_glyphs_attached,recorded,NOT_ESTABLISHED,active_candidate,not_applicable,D:\GitHub\Faith-through-physics-atoms\_docs\AXIOMS_PART1_MODE_CLASSIFICATION.md,,,Codex,2026-08-05T05:30:27+00:00,Attached Part 1 classification glyphs for D13.1 as AX_SCAFFOLD.,Glyphs classify and render the atom; they do not prove it.
tp:lane4/axioms/ax-part1-ax-scaffold-d14-1,sha256:71ea63fd3bdabb185e0dcf3bed6017d7a5a9b11fecedae1ec04302afae938df0,,,D14.1 — Cosmological Grace Function,classification,Classification,classification_imported,recorded,NOT_ESTABLISHED,active_candidate,not_applicable,O:\_Theophysics_v5\00_AXIOMS\_LOSSLESS_SUMMARY\AXIOMS_PART1_MODE_CLASSIFICATION.md,,,Codex,2026-07-28T19:10:19+00:00,Imported Part 1 mode classification row D14.1 as AX_SCAFFOLD.,Classification import is not proof and does not promote the claim to canon.
tp:lane4/axioms/ax-part1-ax-scaffold-d14-1,sha256:71ea63fd3bdabb185e0dcf3bed6017d7a5a9b11fecedae1ec04302afae938df0,,446629be-1354-49e8-98a8-a47a4bc26e9e,D14.1 — Cosmological Grace Function,classification,Classification,classification_glyphs_attached,recorded,NOT_ESTABLISHED,active_candidate,not_applicable,D:\GitHub\Faith-through-physics-atoms\_docs\AXIOMS_PART1_MODE_CLASSIFICATION.md,,,Codex,2026-08-05T05:29:37+00:00,Attached Part 1 classification glyphs for D14.1 as AX_SCAFFOLD.,Glyphs classify and render the atom; they do not prove it.
tp:lane4/axioms/ax-part1-ax-scaffold-d14-1,sha256:71ea63fd3bdabb185e0dcf3bed6017d7a5a9b11fecedae1ec04302afae938df0,,f1642e86-e7db-4fbd-aede-573370ee07c8,D14.1 — Cosmological Grace Function,classification,Classification,classification_glyphs_attached,recorded,NOT_ESTABLISHED,active_candidate,not_applicable,D:\GitHub\Faith-through-physics-atoms\_docs\AXIOMS_PART1_MODE_CLASSIFICATION.md,,,Codex,2026-08-05T05:30:27+00:00,Attached Part 1 classification glyphs for D14.1 as AX_SCAFFOLD.,Glyphs classify and render the atom; they do not prove it.
tp:lane4/axioms/ax-part1-ax-scaffold-d17-1,sha256:d0c452abbd313d5deab53864bd04c622c692f9288051d4f625fec2b49127186b,,,D17.1 — AI Phi Measurement,classification,Classification,classification_imported,recorded,NOT_ESTABLISHED,active_candidate_unanchored,not_applicable,O:\_Theophysics_v5\00_AXIOMS\_LOSSLESS_SUMMARY\AXIOMS_PART1_MODE_CLASSIFICATION.md,,,Codex,2026-07-28T19:10:19+00:00,Imported Part 1 mode classification row D17.1 as AX_SCAFFOLD.,Classification import is not proof and does not promote the claim to canon.
tp:lane4/axioms/ax-part1-ax-scaffold-d17-1,sha256:d0c452abbd313d5deab53864bd04c622c692f9288051d4f625fec2b49127186b,,40b43828-4514-4230-8cb7-f412ba2c2861,D17.1 — AI Phi Measurement,classification,Classification,classification_glyphs_attached,recorded,NOT_ESTABLISHED,active_candidate_unanchored,not_applicable,D:\GitHub\Faith-through-physics-atoms\_docs\AXIOMS_PART1_MODE_CLASSIFICATION.md,,,Codex,2026-08-05T05:29:37+00:00,Attached Part 1 classification glyphs for D17.1 as AX_SCAFFOLD.,Glyphs classify and render the atom; they do not prove it.
tp:lane4/axioms/ax-part1-ax-scaffold-d17-1,sha256:d0c452abbd313d5deab53864bd04c622c692f9288051d4f625fec2b49127186b,,0c009099-0447-429b-baaf-32ed3b5f57c4,D17.1 — AI Phi Measurement,classification,Classification,classification_glyphs_attached,recorded,NOT_ESTABLISHED,active_candidate_unanchored,not_applicable,D:\GitHub\Faith-through-physics-atoms\_docs\AXIOMS_PART1_MODE_CLASSIFICATION.md,,,Codex,2026-08-05T05:30:27+00:00,Attached Part 1 classification glyphs for D17.1 as AX_SCAFFOLD.,Glyphs classify and render the atom; they do not prove it.
tp:lane4/axioms/ax-part1-ax-scaffold-d19-1,sha256:99485ba69ffe281f264624b2641c708447822174bc5d7d69fa0d7ad0e1e1c35d,,,D19.1 — Law I Definition,classification,Classification,classification_imported,recorded,NOT_ESTABLISHED,active_candidate_unanchored,not_applicable,O:\_Theophysics_v5\00_AXIOMS\_LOSSLESS_SUMMARY\AXIOMS_PART1_MODE_CLASSIFICATION.md,,,Codex,2026-07-28T19:10:19+00:00,Imported Part 1 mode classification row D19.1 as AX_SCAFFOLD.,Classification import is not proof and does not promote the claim to canon.
tp:lane4/axioms/ax-part1-ax-scaffold-d19-1,sha256:99485ba69ffe281f264624b2641c708447822174bc5d7d69fa0d7ad0e1e1c35d,,9e11f856-2c40-4316-92ed-0f8ce0209373,D19.1 — Law I Definition,classification,Classification,classification_glyphs_attached,recorded,NOT_ESTABLISHED,active_candidate_unanchored,not_applicable,D:\GitHub\Faith-through-physics-atoms\_docs\AXIOMS_PART1_MODE_CLASSIFICATION.md,,,Codex,2026-08-05T05:29:37+00:00,Attached Part 1 classification glyphs for D19.1 as AX_SCAFFOLD.,Glyphs classify and render the atom; they do not prove it.
tp:lane4/axioms/ax-part1-ax-scaffold-d19-1,sha256:99485ba69ffe281f264624b2641c708447822174bc5d7d69fa0d7ad0e1e1c35d,,dd1caacf-da58-4d1b-a4b7-1daa587d46fd,D19.1 — Law I Definition,classification,Classification,classification_glyphs_attached,recorded,NOT_ESTABLISHED,active_candidate_unanchored,not_applicable,D:\GitHub\Faith-through-physics-atoms\_docs\AXIOMS_PART1_MODE_CLASSIFICATION.md,,,Codex,2026-08-05T05:30:27+00:00,Attached Part 1 classification glyphs for D19.1 as AX_SCAFFOLD.,Glyphs classify and render the atom; they do not prove it.
tp:lane4/axioms/ax-part1-ax-scaffold-d19-10,sha256:bbea4d97222e2d9e7f1b61dc5970fe793ad52068d3fcd62511a3ee57e6cff82e,,,D19.10 — Law X Definition (Trinity Closure),classification,Classification,classification_imported,recorded,NOT_ESTABLISHED,active_candidate_unanchored,not_applicable,O:\_Theophysics_v5\00_AXIOMS\_LOSSLESS_SUMMARY\AXIOMS_PART1_MODE_CLASSIFICATION.md,,,Codex,2026-07-28T19:10:19+00:00,Imported Part 1 mode classification row D19.10 as AX_SCAFFOLD.,Classification import is not proof and does not promote the claim to canon.
tp:lane4/axioms/ax-part1-ax-scaffold-d19-10,sha256:bbea4d97222e2d9e7f1b61dc5970fe793ad52068d3fcd62511a3ee57e6cff82e,,ec69c6fe-e1be-42b3-8cba-06f1edf55252,D19.10 — Law X Definition (Trinity Closure),classification,Classification,classification_glyphs_attached,recorded,NOT_ESTABLISHED,active_candidate_unanchored,not_applicable,D:\GitHub\Faith-through-physics-atoms\_docs\AXIOMS_PART1_MODE_CLASSIFICATION.md,,,Codex,2026-08-05T05:29:37+00:00,Attached Part 1 classification glyphs for D19.10 as AX_SCAFFOLD.,Glyphs classify and render the atom; they do not prove it.
tp:lane4/axioms/ax-part1-ax-scaffold-d19-10,sha256:bbea4d97222e2d9e7f1b61dc5970fe793ad52068d3fcd62511a3ee57e6cff82e,,c9ed9455-0689-44aa-b7cd-b2e1557a027d,D19.10 — Law X Definition (Trinity Closure),classification,Classification,classification_glyphs_attached,recorded,NOT_ESTABLISHED,active_candidate_unanchored,not_applicable,D:\GitHub\Faith-through-physics-atoms\_docs\AXIOMS_PART1_MODE_CLASSIFICATION.md,,,Codex,2026-08-05T05:30:27+00:00,Attached Part 1 classification glyphs for D19.10 as AX_SCAFFOLD.,Glyphs classify and render the atom; they do not prove it.
tp:lane4/axioms/ax-part1-ax-scaffold-d19-2,sha256:6dc6e28e76cf17d245b510c6ddb1a1def362ace601e88e07ee163081127f1955,,,D19.2 — Law II Definition,classification,Classification,classification_imported,recorded,NOT_ESTABLISHED,active_candidate_unanchored,not_applicable,O:\_Theophysics_v5\00_AXIOMS\_LOSSLESS_SUMMARY\AXIOMS_PART1_MODE_CLASSIFICATION.md,,,Codex,2026-07-28T19:10:19+00:00,Imported Part 1 mode classification row D19.2 as AX_SCAFFOLD.,Classification import is not proof and does not promote the claim to canon.
tp:lane4/axioms/ax-part1-ax-scaffold-d19-2,sha256:6dc6e28e76cf17d245b510c6ddb1a1def362ace601e88e07ee163081127f1955,,59653c56-8ff8-464d-81f7-7a7dd6ddeee2,D19.2 — Law II Definition,classification,Classification,classification_glyphs_attached,recorded,NOT_ESTABLISHED,active_candidate_unanchored,not_applicable,D:\GitHub\Faith-through-physics-atoms\_docs\AXIOMS_PART1_MODE_CLASSIFICATION.md,,,Codex,2026-08-05T05:29:37+00:00,Attached Part 1 classification glyphs for D19.2 as AX_SCAFFOLD.,Glyphs classify and render the atom; they do not prove it.
tp:lane4/axioms/ax-part1-ax-scaffold-d19-2,sha256:6dc6e28e76cf17d245b510c6ddb1a1def362ace601e88e07ee163081127f1955,,bcdc2728-5639-4748-b3d5-19575c3258c9,D19.2 — Law II Definition,classification,Classification,classification_glyphs_attached,recorded,NOT_ESTABLISHED,active_candidate_unanchored,not_applicable,D:\GitHub\Faith-through-physics-atoms\_docs\AXIOMS_PART1_MODE_CLASSIFICATION.md,,,Codex,2026-08-05T05:30:27+00:00,Attached Part 1 classification glyphs for D19.2 as AX_SCAFFOLD.,Glyphs classify and render the atom; they do not prove it.
tp:lane4/axioms/ax-part1-ax-scaffold-d19-3,sha256:b2f306b9033a22518e4af452e4760d3955386c77fd4d52ae33650579cff5ec38,,,D19.3 — Law III Definition,classification,Classification,classification_imported,recorded,NOT_ESTABLISHED,active_candidate_unanchored,not_applicable,O:\_Theophysics_v5\00_AXIOMS\_LOSSLESS_SUMMARY\AXIOMS_PART1_MODE_CLASSIFICATION.md,,,Codex,2026-07-28T19:10:19+00:00,Imported Part 1 mode classification row D19.3 as AX_SCAFFOLD.,Classification import is not proof and does not promote the claim to canon.
tp:lane4/axioms/ax-part1-ax-scaffold-d19-3,sha256:b2f306b9033a22518e4af452e4760d3955386c77fd4d52ae33650579cff5ec38,,9dc75bce-eac3-42c7-bfe0-22f44badfc22,D19.3 — Law III Definition,classification,Classification,classification_glyphs_attached,recorded,NOT_ESTABLISHED,active_candidate_unanchored,not_applicable,D:\GitHub\Faith-through-physics-atoms\_docs\AXIOMS_PART1_MODE_CLASSIFICATION.md,,,Codex,2026-08-05T05:29:37+00:00,Attached Part 1 classification glyphs for D19.3 as AX_SCAFFOLD.,Glyphs classify and render the atom; they do not prove it.
tp:lane4/axioms/ax-part1-ax-scaffold-d19-3,sha256:b2f306b9033a22518e4af452e4760d3955386c77fd4d52ae33650579cff5ec38,,146b3028-2985-41d1-a943-52a40a3ec9d8,D19.3 — Law III Definition,classification,Classification,classification_glyphs_attached,recorded,NOT_ESTABLISHED,active_candidate_unanchored,not_applicable,D:\GitHub\Faith-through-physics-atoms\_docs\AXIOMS_PART1_MODE_CLASSIFICATION.md,,,Codex,2026-08-05T05:30:27+00:00,Attached Part 1 classification glyphs for D19.3 as AX_SCAFFOLD.,Glyphs classify and render the atom; they do not prove it.
tp:lane4/axioms/ax-part1-ax-scaffold-d19-4,sha256:5359e8de3a74569dce8e17a13fe287d420453b9a4a282ac3f3c2289fdd41848d,,,D19.4 — Law IV Definition,classification,Classification,classification_imported,recorded,NOT_ESTABLISHED,active_candidate_unanchored,not_applicable,O:\_Theophysics_v5\00_AXIOMS\_LOSSLESS_SUMMARY\AXIOMS_PART1_MODE_CLASSIFICATION.md,,,Codex,2026-07-28T19:10:19+00:00,Imported Part 1 mode classification row D19.4 as AX_SCAFFOLD.,Classification import is not proof and does not promote the claim to canon.
tp:lane4/axioms/ax-part1-ax-scaffold-d19-4,sha256:5359e8de3a74569dce8e17a13fe287d420453b9a4a282ac3f3c2289fdd41848d,,8c5b6c5c-6f39-451d-ac5e-537ec3379d73,D19.4 — Law IV Definition,classification,Classification,classification_glyphs_attached,recorded,NOT_ESTABLISHED,active_candidate_unanchored,not_applicable,D:\GitHub\Faith-through-physics-atoms\_docs\AXIOMS_PART1_MODE_CLASSIFICATION.md,,,Codex,2026-08-05T05:29:37+00:00,Attached Part 1 classification glyphs for D19.4 as AX_SCAFFOLD.,Glyphs classify and render the atom; they do not prove it.
tp:lane4/axioms/ax-part1-ax-scaffold-d19-4,sha256:5359e8de3a74569dce8e17a13fe287d420453b9a4a282ac3f3c2289fdd41848d,,1d556dce-4c1e-4263-9cad-f1d4e9bf8de6,D19.4 — Law IV Definition,classification,Classification,classification_glyphs_attached,recorded,NOT_ESTABLISHED,active_candidate_unanchored,not_applicable,D:\GitHub\Faith-through-physics-atoms\_docs\AXIOMS_PART1_MODE_CLASSIFICATION.md,,,Codex,2026-08-05T05:30:27+00:00,Attached Part 1 classification glyphs for D19.4 as AX_SCAFFOLD.,Glyphs classify and render the atom; they do not prove it.
tp:lane4/axioms/ax-part1-ax-scaffold-d19-5,sha256:8b354b30817c91f9e9f4aa389915337589a74677f12464afd56099b9579d0673,,,D19.5 — Law V Definition (Conservation Symmetry),classification,Classification,classification_imported,recorded,NOT_ESTABLISHED,active_candidate_unanchored,not_applicable,O:\_Theophysics_v5\00_AXIOMS\_LOSSLESS_SUMMARY\AXIOMS_PART1_MODE_CLASSIFICATION.md,,,Codex,2026-07-28T19:10:19+00:00,Imported Part 1 mode classification row D19.5 as AX_SCAFFOLD.,Classification import is not proof and does not promote the claim to canon.
tp:lane4/axioms/ax-part1-ax-scaffold-d19-5,sha256:8b354b30817c91f9e9f4aa389915337589a74677f12464afd56099b9579d0673,,1573088e-bf1c-4f95-bf4d-ea0e0126a6b4,D19.5 — Law V Definition (Conservation Symmetry),classification,Classification,classification_glyphs_attached,recorded,NOT_ESTABLISHED,active_candidate_unanchored,not_applicable,D:\GitHub\Faith-through-physics-atoms\_docs\AXIOMS_PART1_MODE_CLASSIFICATION.md,,,Codex,2026-08-05T05:29:37+00:00,Attached Part 1 classification glyphs for D19.5 as AX_SCAFFOLD.,Glyphs classify and render the atom; they do not prove it.
tp:lane4/axioms/ax-part1-ax-scaffold-d19-5,sha256:8b354b30817c91f9e9f4aa389915337589a74677f12464afd56099b9579d0673,,d80fe537-eba9-40f8-be8f-8743c1e0dffd,D19.5 — Law V Definition (Conservation Symmetry),classification,Classification,classification_glyphs_attached,recorded,NOT_ESTABLISHED,active_candidate_unanchored,not_applicable,D:\GitHub\Faith-through-physics-atoms\_docs\AXIOMS_PART1_MODE_CLASSIFICATION.md,,,Codex,2026-08-05T05:30:27+00:00,Attached Part 1 classification glyphs for D19.5 as AX_SCAFFOLD.,Glyphs classify and render the atom; they do not prove it.
tp:lane4/axioms/ax-part1-ax-scaffold-d19-6,sha256:38eca1c81a44e02020a3b0505a062075b89969f03773124bac96380d64e2f0fe,,,D19.6 — Law VI Definition (Coherence Non-Increase),classification,Classification,classification_imported,recorded,NOT_ESTABLISHED,active_candidate_unanchored,not_applicable,O:\_Theophysics_v5\00_AXIOMS\_LOSSLESS_SUMMARY\AXIOMS_PART1_MODE_CLASSIFICATION.md,,,Codex,2026-07-28T19:10:19+00:00,Imported Part 1 mode classification row D19.6 as AX_SCAFFOLD.,Classification import is not proof and does not promote the claim to canon.
tp:lane4/axioms/ax-part1-ax-scaffold-d19-6,sha256:38eca1c81a44e02020a3b0505a062075b89969f03773124bac96380d64e2f0fe,,9edd1358-6aab-4527-9d3b-e1f25e7e68f8,D19.6 — Law VI Definition (Coherence Non-Increase),classification,Classification,classification_glyphs_attached,recorded,NOT_ESTABLISHED,active_candidate_unanchored,not_applicable,D:\GitHub\Faith-through-physics-atoms\_docs\AXIOMS_PART1_MODE_CLASSIFICATION.md,,,Codex,2026-08-05T05:29:37+00:00,Attached Part 1 classification glyphs for D19.6 as AX_SCAFFOLD.,Glyphs classify and render the atom; they do not prove it.
tp:lane4/axioms/ax-part1-ax-scaffold-d19-6,sha256:38eca1c81a44e02020a3b0505a062075b89969f03773124bac96380d64e2f0fe,,518cd900-86da-4902-a83f-4af3befbd04b,D19.6 — Law VI Definition (Coherence Non-Increase),classification,Classification,classification_glyphs_attached,recorded,NOT_ESTABLISHED,active_candidate_unanchored,not_applicable,D:\GitHub\Faith-through-physics-atoms\_docs\AXIOMS_PART1_MODE_CLASSIFICATION.md,,,Codex,2026-08-05T05:30:27+00:00,Attached Part 1 classification glyphs for D19.6 as AX_SCAFFOLD.,Glyphs classify and render the atom; they do not prove it.
tp:lane4/axioms/ax-part1-ax-scaffold-d19-7,sha256:a460d638a6a71dd2b7ccb9843502bbc3932e3319c69d8d57ddd0dac15f64cca4,,,D19.7 — Law VII Definition (Actualization Requirement),classification,Classification,classification_imported,recorded,NOT_ESTABLISHED,active_candidate_unanchored,not_applicable,O:\_Theophysics_v5\00_AXIOMS\_LOSSLESS_SUMMARY\AXIOMS_PART1_MODE_CLASSIFICATION.md,,,Codex,2026-07-28T19:10:19+00:00,Imported Part 1 mode classification row D19.7 as AX_SCAFFOLD.,Classification import is not proof and does not promote the claim to canon.
tp:lane4/axioms/ax-part1-ax-scaffold-d19-7,sha256:a460d638a6a71dd2b7ccb9843502bbc3932e3319c69d8d57ddd0dac15f64cca4,,802b8bf9-7556-4b74-8587-c148130e2d96,D19.7 — Law VII Definition (Actualization Requirement),classification,Classification,classification_glyphs_attached,recorded,NOT_ESTABLISHED,active_candidate_unanchored,not_applicable,D:\GitHub\Faith-through-physics-atoms\_docs\AXIOMS_PART1_MODE_CLASSIFICATION.md,,,Codex,2026-08-05T05:29:37+00:00,Attached Part 1 classification glyphs for D19.7 as AX_SCAFFOLD.,Glyphs classify and render the atom; they do not prove it.
tp:lane4/axioms/ax-part1-ax-scaffold-d19-7,sha256:a460d638a6a71dd2b7ccb9843502bbc3932e3319c69d8d57ddd0dac15f64cca4,,98fccb72-8d0a-4530-957d-941934fbcc9e,D19.7 — Law VII Definition (Actualization Requirement),classification,Classification,classification_glyphs_attached,recorded,NOT_ESTABLISHED,active_candidate_unanchored,not_applicable,D:\GitHub\Faith-through-physics-atoms\_docs\AXIOMS_PART1_MODE_CLASSIFICATION.md,,,Codex,2026-08-05T05:30:27+00:00,Attached Part 1 classification glyphs for D19.7 as AX_SCAFFOLD.,Glyphs classify and render the atom; they do not prove it.
tp:lane4/axioms/ax-part1-ax-scaffold-d19-8,sha256:2883154f667606956d2de104f0c34ffbb0ddbe6d4a87edd6c65ed0a4d6c03b39,,,D19.8 — Law VIII Definition (Sign Algebra),classification,Classification,classification_imported,recorded,NOT_ESTABLISHED,active_candidate_unanchored,not_applicable,O:\_Theophysics_v5\00_AXIOMS\_LOSSLESS_SUMMARY\AXIOMS_PART1_MODE_CLASSIFICATION.md,,,Codex,2026-07-28T19:10:19+00:00,Imported Part 1 mode classification row D19.8 as AX_SCAFFOLD.,Classification import is not proof and does not promote the claim to canon.
tp:lane4/axioms/ax-part1-ax-scaffold-d19-8,sha256:2883154f667606956d2de104f0c34ffbb0ddbe6d4a87edd6c65ed0a4d6c03b39,,bc1b8836-fd84-4ab5-86af-d3644e49e163,D19.8 — Law VIII Definition (Sign Algebra),classification,Classification,classification_glyphs_attached,recorded,NOT_ESTABLISHED,active_candidate_unanchored,not_applicable,D:\GitHub\Faith-through-physics-atoms\_docs\AXIOMS_PART1_MODE_CLASSIFICATION.md,,,Codex,2026-08-05T05:29:37+00:00,Attached Part 1 classification glyphs for D19.8 as AX_SCAFFOLD.,Glyphs classify and render the atom; they do not prove it.
tp:lane4/axioms/ax-part1-ax-scaffold-d19-8,sha256:2883154f667606956d2de104f0c34ffbb0ddbe6d4a87edd6c65ed0a4d6c03b39,,5122cc7a-8ebb-40ee-89eb-b0a1e536bdfe,D19.8 — Law VIII Definition (Sign Algebra),classification,Classification,classification_glyphs_attached,recorded,NOT_ESTABLISHED,active_candidate_unanchored,not_applicable,D:\GitHub\Faith-through-physics-atoms\_docs\AXIOMS_PART1_MODE_CLASSIFICATION.md,,,Codex,2026-08-05T05:30:27+00:00,Attached Part 1 classification glyphs for D19.8 as AX_SCAFFOLD.,Glyphs classify and render the atom; they do not prove it.
tp:lane4/axioms/ax-part1-ax-scaffold-d19-9,sha256:73cfa1b9c7b99486a89c93d8fd93df5f9aa8b903ae17e85e738c6491aaf387c0,,,D19.9 — Law IX Definition (Grace Non-Unitarity),classification,Classification,classification_imported,recorded,NOT_ESTABLISHED,active_candidate_unanchored,not_applicable,O:\_Theophysics_v5\00_AXIOMS\_LOSSLESS_SUMMARY\AXIOMS_PART1_MODE_CLASSIFICATION.md,,,Codex,2026-07-28T19:10:19+00:00,Imported Part 1 mode classification row D19.9 as AX_SCAFFOLD.,Classification import is not proof and does not promote the claim to canon.
tp:lane4/axioms/ax-part1-ax-scaffold-d19-9,sha256:73cfa1b9c7b99486a89c93d8fd93df5f9aa8b903ae17e85e738c6491aaf387c0,,ee23fc0d-2155-4081-a451-3f3154585b79,D19.9 — Law IX Definition (Grace Non-Unitarity),classification,Classification,classification_glyphs_attached,recorded,NOT_ESTABLISHED,active_candidate_unanchored,not_applicable,D:\GitHub\Faith-through-physics-atoms\_docs\AXIOMS_PART1_MODE_CLASSIFICATION.md,,,Codex,2026-08-05T05:29:37+00:00,Attached Part 1 classification glyphs for D19.9 as AX_SCAFFOLD.,Glyphs classify and render the atom; they do not prove it.
tp:lane4/axioms/ax-part1-ax-scaffold-d19-9,sha256:73cfa1b9c7b99486a89c93d8fd93df5f9aa8b903ae17e85e738c6491aaf387c0,,a74fab85-0947-4954-b6ca-1293165ccfd7,D19.9 — Law IX Definition (Grace Non-Unitarity),classification,Classification,classification_glyphs_attached,recorded,NOT_ESTABLISHED,active_candidate_unanchored,not_applicable,D:\GitHub\Faith-through-physics-atoms\_docs\AXIOMS_PART1_MODE_CLASSIFICATION.md,,,Codex,2026-08-05T05:30:27+00:00,Attached Part 1 classification glyphs for D19.9 as AX_SCAFFOLD.,Glyphs classify and render the atom; they do not prove it.
tp:lane4/axioms/ax-part1-ax-scaffold-d2-1,sha256:4a0bf5fda06a845186c364b1310b512e085ba5b20fcd3d8a94171df66107ce35,,,D2.1 — Logos Field Definition,classification,Classification,classification_imported,recorded,NOT_ESTABLISHED,active_candidate,not_applicable,O:\_Theophysics_v5\00_AXIOMS\_LOSSLESS_SUMMARY\AXIOMS_PART1_MODE_CLASSIFICATION.md,,,Codex,2026-07-28T19:10:19+00:00,Imported Part 1 mode classification row D2.1 as AX_SCAFFOLD.,Classification import is not proof and does not promote the claim to canon.
tp:lane4/axioms/ax-part1-ax-scaffold-d2-1,sha256:4a0bf5fda06a845186c364b1310b512e085ba5b20fcd3d8a94171df66107ce35,,cbb887b7-d4c5-45b5-8202-f481cdaa6c42,D2.1 — Logos Field Definition,classification,Classification,classification_glyphs_attached,recorded,NOT_ESTABLISHED,active_candidate,not_applicable,D:\GitHub\Faith-through-physics-atoms\_docs\AXIOMS_PART1_MODE_CLASSIFICATION.md,,,Codex,2026-08-05T05:29:36+00:00,Attached Part 1 classification glyphs for D2.1 as AX_SCAFFOLD.,Glyphs classify and render the atom; they do not prove it.
tp:lane4/axioms/ax-part1-ax-scaffold-d2-1,sha256:4a0bf5fda06a845186c364b1310b512e085ba5b20fcd3d8a94171df66107ce35,,70a07254-5bf1-47bd-97e5-63c0d0e6a9ed,D2.1 — Logos Field Definition,classification,Classification,classification_glyphs_attached,recorded,NOT_ESTABLISHED,active_candidate,not_applicable,D:\GitHub\Faith-through-physics-atoms\_docs\AXIOMS_PART1_MODE_CLASSIFICATION.md,,,Codex,2026-08-05T05:30:27+00:00,Attached Part 1 classification glyphs for D2.1 as AX_SCAFFOLD.,Glyphs classify and render the atom; they do not prove it.
tp:lane4/axioms/ax-part1-ax-scaffold-d2-2,sha256:552a15891744caa39965a8e73aa71f19f72c445ec6f42ca6fa0ae435c9a20b90,,,D2.2 — Chi Field Properties,classification,Classification,classification_imported,recorded,NOT_ESTABLISHED,active_candidate,not_applicable,O:\_Theophysics_v5\00_AXIOMS\_LOSSLESS_SUMMARY\AXIOMS_PART1_MODE_CLASSIFICATION.md,,,Codex,2026-07-28T19:10:19+00:00,Imported Part 1 mode classification row D2.2 as AX_SCAFFOLD.,Classification import is not proof and does not promote the claim to canon.
tp:lane4/axioms/ax-part1-ax-scaffold-d2-2,sha256:552a15891744caa39965a8e73aa71f19f72c445ec6f42ca6fa0ae435c9a20b90,,3599d7d1-85f0-42a0-acaf-43048335c820,D2.2 — Chi Field Properties,classification,Classification,classification_glyphs_attached,recorded,NOT_ESTABLISHED,active_candidate,not_applicable,D:\GitHub\Faith-through-physics-atoms\_docs\AXIOMS_PART1_MODE_CLASSIFICATION.md,,,Codex,2026-08-05T05:29:36+00:00,Attached Part 1 classification glyphs for D2.2 as AX_SCAFFOLD.,Glyphs classify and render the atom; they do not prove it.
tp:lane4/axioms/ax-part1-ax-scaffold-d2-2,sha256:552a15891744caa39965a8e73aa71f19f72c445ec6f42ca6fa0ae435c9a20b90,,cda7af31-9eea-4acc-87b9-6a14c06aea3c,D2.2 — Chi Field Properties,classification,Classification,classification_glyphs_attached,recorded,NOT_ESTABLISHED,active_candidate,not_applicable,D:\GitHub\Faith-through-physics-atoms\_docs\AXIOMS_PART1_MODE_CLASSIFICATION.md,,,Codex,2026-08-05T05:30:27+00:00,Attached Part 1 classification glyphs for D2.2 as AX_SCAFFOLD.,Glyphs classify and render the atom; they do not prove it.
tp:lane4/axioms/ax-part1-ax-scaffold-d3-1,sha256:53855fd5b5b7648ce4a1615af4c76d55f178f46080ad5c4d4a1f986063eee9a8,,,D3.1 — Coherence Functional Definition,classification,Classification,classification_imported,recorded,NOT_ESTABLISHED,active_candidate,not_applicable,O:\_Theophysics_v5\00_AXIOMS\_LOSSLESS_SUMMARY\AXIOMS_PART1_MODE_CLASSIFICATION.md,,,Codex,2026-07-28T19:10:19+00:00,Imported Part 1 mode classification row D3.1 as AX_SCAFFOLD.,Classification import is not proof and does not promote the claim to canon.
tp:lane4/axioms/ax-part1-ax-scaffold-d3-1,sha256:53855fd5b5b7648ce4a1615af4c76d55f178f46080ad5c4d4a1f986063eee9a8,,0266b7de-058a-4642-9043-00cdf8fa41d8,D3.1 — Coherence Functional Definition,classification,Classification,classification_glyphs_attached,recorded,NOT_ESTABLISHED,active_candidate,not_applicable,D:\GitHub\Faith-through-physics-atoms\_docs\AXIOMS_PART1_MODE_CLASSIFICATION.md,,,Codex,2026-08-05T05:29:36+00:00,Attached Part 1 classification glyphs for D3.1 as AX_SCAFFOLD.,Glyphs classify and render the atom; they do not prove it.
tp:lane4/axioms/ax-part1-ax-scaffold-d3-1,sha256:53855fd5b5b7648ce4a1615af4c76d55f178f46080ad5c4d4a1f986063eee9a8,,8826a3ba-796d-497d-83e2-ebcfd5b35078,D3.1 — Coherence Functional Definition,classification,Classification,classification_glyphs_attached,recorded,NOT_ESTABLISHED,active_candidate,not_applicable,D:\GitHub\Faith-through-physics-atoms\_docs\AXIOMS_PART1_MODE_CLASSIFICATION.md,,,Codex,2026-08-05T05:30:27+00:00,Attached Part 1 classification glyphs for D3.1 as AX_SCAFFOLD.,Glyphs classify and render the atom; they do not prove it.
tp:lane4/axioms/ax-part1-ax-scaffold-d3-2,sha256:2f91d06d6af40b80d245cd007d057ae7cee20785ed824351a71d3d8e60a90d06,,,D3.2 — Self-Interaction Potential,classification,Classification,classification_imported,recorded,NOT_ESTABLISHED,active_candidate,not_applicable,O:\_Theophysics_v5\00_AXIOMS\_LOSSLESS_SUMMARY\AXIOMS_PART1_MODE_CLASSIFICATION.md,,,Codex,2026-07-28T19:10:19+00:00,Imported Part 1 mode classification row D3.2 as AX_SCAFFOLD.,Classification import is not proof and does not promote the claim to canon.
tp:lane4/axioms/ax-part1-ax-scaffold-d3-2,sha256:2f91d06d6af40b80d245cd007d057ae7cee20785ed824351a71d3d8e60a90d06,,d01c546c-9b3c-49dc-9440-bd9bc7b96f98,D3.2 — Self-Interaction Potential,classification,Classification,classification_glyphs_attached,recorded,NOT_ESTABLISHED,active_candidate,not_applicable,D:\GitHub\Faith-through-physics-atoms\_docs\AXIOMS_PART1_MODE_CLASSIFICATION.md,,,Codex,2026-08-05T05:29:36+00:00,Attached Part 1 classification glyphs for D3.2 as AX_SCAFFOLD.,Glyphs classify and render the atom; they do not prove it.
tp:lane4/axioms/ax-part1-ax-scaffold-d3-2,sha256:2f91d06d6af40b80d245cd007d057ae7cee20785ed824351a71d3d8e60a90d06,,8e2e9064-4371-4d6e-932e-e37919b8b297,D3.2 — Self-Interaction Potential,classification,Classification,classification_glyphs_attached,recorded,NOT_ESTABLISHED,active_candidate,not_applicable,D:\GitHub\Faith-through-physics-atoms\_docs\AXIOMS_PART1_MODE_CLASSIFICATION.md,,,Codex,2026-08-05T05:30:27+00:00,Attached Part 1 classification glyphs for D3.2 as AX_SCAFFOLD.,Glyphs classify and render the atom; they do not prove it.
tp:lane4/axioms/ax-part1-ax-scaffold-d3-3,sha256:eff4483ae85378c9e06af60d4567348780006a9168f153809c575f57b71598b3,,,D3.3 — Interaction Lagrangian,classification,Classification,classification_imported,recorded,NOT_ESTABLISHED,active_candidate,not_applicable,O:\_Theophysics_v5\00_AXIOMS\_LOSSLESS_SUMMARY\AXIOMS_PART1_MODE_CLASSIFICATION.md,,,Codex,2026-07-28T19:10:19+00:00,Imported Part 1 mode classification row D3.3 as AX_SCAFFOLD.,Classification import is not proof and does not promote the claim to canon.
tp:lane4/axioms/ax-part1-ax-scaffold-d3-3,sha256:eff4483ae85378c9e06af60d4567348780006a9168f153809c575f57b71598b3,,f5a9d46d-c27f-4d04-af78-9dd87aa984e8,D3.3 — Interaction Lagrangian,classification,Classification,classification_glyphs_attached,recorded,NOT_ESTABLISHED,active_candidate,not_applicable,D:\GitHub\Faith-through-physics-atoms\_docs\AXIOMS_PART1_MODE_CLASSIFICATION.md,,,Codex,2026-08-05T05:29:36+00:00,Attached Part 1 classification glyphs for D3.3 as AX_SCAFFOLD.,Glyphs classify and render the atom; they do not prove it.
tp:lane4/axioms/ax-part1-ax-scaffold-d3-3,sha256:eff4483ae85378c9e06af60d4567348780006a9168f153809c575f57b71598b3,,60ab9c2b-272c-43fa-82a8-a0fe77c3afd9,D3.3 — Interaction Lagrangian,classification,Classification,classification_glyphs_attached,recorded,NOT_ESTABLISHED,active_candidate,not_applicable,D:\GitHub\Faith-through-physics-atoms\_docs\AXIOMS_PART1_MODE_CLASSIFICATION.md,,,Codex,2026-08-05T05:30:27+00:00,Attached Part 1 classification glyphs for D3.3 as AX_SCAFFOLD.,Glyphs classify and render the atom; they do not prove it.
tp:lane4/axioms/ax-part1-ax-scaffold-d4-1,sha256:355f063dc309860cea76b7d3ff892b2769af13af14b72d6028be493472400393,,,D4.1 — Kolmogorov Complexity,classification,Classification,classification_imported,recorded,NOT_ESTABLISHED,active_candidate,not_applicable,O:\_Theophysics_v5\00_AXIOMS\_LOSSLESS_SUMMARY\AXIOMS_PART1_MODE_CLASSIFICATION.md,,,Codex,2026-07-28T19:10:19+00:00,Imported Part 1 mode classification row D4.1 as AX_SCAFFOLD.,Classification import is not proof and does not promote the claim to canon.
tp:lane4/axioms/ax-part1-ax-scaffold-d4-1,sha256:355f063dc309860cea76b7d3ff892b2769af13af14b72d6028be493472400393,,df1b93dd-85fb-41ef-90bc-993f5cc17538,D4.1 — Kolmogorov Complexity,classification,Classification,classification_glyphs_attached,recorded,NOT_ESTABLISHED,active_candidate,not_applicable,D:\GitHub\Faith-through-physics-atoms\_docs\AXIOMS_PART1_MODE_CLASSIFICATION.md,,,Codex,2026-08-05T05:29:36+00:00,Attached Part 1 classification glyphs for D4.1 as AX_SCAFFOLD.,Glyphs classify and render the atom; they do not prove it.
tp:lane4/axioms/ax-part1-ax-scaffold-d4-1,sha256:355f063dc309860cea76b7d3ff892b2769af13af14b72d6028be493472400393,,1966d0fb-f00b-4b83-b17b-2022a62c6768,D4.1 — Kolmogorov Complexity,classification,Classification,classification_glyphs_attached,recorded,NOT_ESTABLISHED,active_candidate,not_applicable,D:\GitHub\Faith-through-physics-atoms\_docs\AXIOMS_PART1_MODE_CLASSIFICATION.md,,,Codex,2026-08-05T05:30:27+00:00,Attached Part 1 classification glyphs for D4.1 as AX_SCAFFOLD.,Glyphs classify and render the atom; they do not prove it.
tp:lane4/axioms/ax-part1-ax-scaffold-d4-2,sha256:796bb86d8f2bc4d58154d94e3637df216a2de6b2e534d45113e2c06947464fb3,,,D4.2 — Compression Ratio,classification,Classification,classification_imported,recorded,NOT_ESTABLISHED,active_candidate,not_applicable,O:\_Theophysics_v5\00_AXIOMS\_LOSSLESS_SUMMARY\AXIOMS_PART1_MODE_CLASSIFICATION.md,,,Codex,2026-07-28T19:10:19+00:00,Imported Part 1 mode classification row D4.2 as AX_SCAFFOLD.,Classification import is not proof and does not promote the claim to canon.
tp:lane4/axioms/ax-part1-ax-scaffold-d4-2,sha256:796bb86d8f2bc4d58154d94e3637df216a2de6b2e534d45113e2c06947464fb3,,4e755632-f0d5-4937-b081-cce87a045f43,D4.2 — Compression Ratio,classification,Classification,classification_glyphs_attached,recorded,NOT_ESTABLISHED,active_candidate,not_applicable,D:\GitHub\Faith-through-physics-atoms\_docs\AXIOMS_PART1_MODE_CLASSIFICATION.md,,,Codex,2026-08-05T05:29:36+00:00,Attached Part 1 classification glyphs for D4.2 as AX_SCAFFOLD.,Glyphs classify and render the atom; they do not prove it.
tp:lane4/axioms/ax-part1-ax-scaffold-d4-2,sha256:796bb86d8f2bc4d58154d94e3637df216a2de6b2e534d45113e2c06947464fb3,,032214d8-2df3-4667-a6a2-a64f1809f38f,D4.2 — Compression Ratio,classification,Classification,classification_glyphs_attached,recorded,NOT_ESTABLISHED,active_candidate,not_applicable,D:\GitHub\Faith-through-physics-atoms\_docs\AXIOMS_PART1_MODE_CLASSIFICATION.md,,,Codex,2026-08-05T05:30:27+00:00,Attached Part 1 classification glyphs for D4.2 as AX_SCAFFOLD.,Glyphs classify and render the atom; they do not prove it.
tp:lane4/axioms/ax-part1-ax-scaffold-d5-1,sha256:07b6d63941cd96260251bb18f513c0695230561d63650a090d3efab8045b6b91,,,D5.1 — Observer Definition,classification,Classification,classification_imported,recorded,NOT_ESTABLISHED,active_candidate,not_applicable,O:\_Theophysics_v5\00_AXIOMS\_LOSSLESS_SUMMARY\AXIOMS_PART1_MODE_CLASSIFICATION.md,,,Codex,2026-07-28T19:10:19+00:00,Imported Part 1 mode classification row D5.1 as AX_SCAFFOLD.,Classification import is not proof and does not promote the claim to canon.
tp:lane4/axioms/ax-part1-ax-scaffold-d5-1,sha256:07b6d63941cd96260251bb18f513c0695230561d63650a090d3efab8045b6b91,,f9b92cc5-a2d7-4afb-98f8-b8ed6f8daeda,D5.1 — Observer Definition,classification,Classification,classification_glyphs_attached,recorded,NOT_ESTABLISHED,active_candidate,not_applicable,D:\GitHub\Faith-through-physics-atoms\_docs\AXIOMS_PART1_MODE_CLASSIFICATION.md,,,Codex,2026-08-05T05:29:36+00:00,Attached Part 1 classification glyphs for D5.1 as AX_SCAFFOLD.,Glyphs classify and render the atom; they do not prove it.
tp:lane4/axioms/ax-part1-ax-scaffold-d5-1,sha256:07b6d63941cd96260251bb18f513c0695230561d63650a090d3efab8045b6b91,,a9c09c49-4af4-4c22-ad1c-e0b86c097e73,D5.1 — Observer Definition,classification,Classification,classification_glyphs_attached,recorded,NOT_ESTABLISHED,active_candidate,not_applicable,D:\GitHub\Faith-through-physics-atoms\_docs\AXIOMS_PART1_MODE_CLASSIFICATION.md,,,Codex,2026-08-05T05:30:27+00:00,Attached Part 1 classification glyphs for D5.1 as AX_SCAFFOLD.,Glyphs classify and render the atom; they do not prove it.
tp:lane4/axioms/ax-part1-ax-scaffold-d5-2,sha256:a6f0ecb1a41ecf3f5b8875a7e7f7e105d7971bdc9b7aae6fbe6f59c3838d448f,,,D5.2 — Integrated Information Phi,classification,Classification,classification_imported,recorded,NOT_ESTABLISHED,active_candidate,not_applicable,O:\_Theophysics_v5\00_AXIOMS\_LOSSLESS_SUMMARY\AXIOMS_PART1_MODE_CLASSIFICATION.md,,,Codex,2026-07-28T19:10:19+00:00,Imported Part 1 mode classification row D5.2 as AX_SCAFFOLD.,Classification import is not proof and does not promote the claim to canon.
tp:lane4/axioms/ax-part1-ax-scaffold-d5-2,sha256:a6f0ecb1a41ecf3f5b8875a7e7f7e105d7971bdc9b7aae6fbe6f59c3838d448f,,75356bb0-0a96-4743-803d-ed3bdadbb9ca,D5.2 — Integrated Information Phi,classification,Classification,classification_glyphs_attached,recorded,NOT_ESTABLISHED,active_candidate,not_applicable,D:\GitHub\Faith-through-physics-atoms\_docs\AXIOMS_PART1_MODE_CLASSIFICATION.md,,,Codex,2026-08-05T05:29:36+00:00,Attached Part 1 classification glyphs for D5.2 as AX_SCAFFOLD.,Glyphs classify and render the atom; they do not prove it.
tp:lane4/axioms/ax-part1-ax-scaffold-d5-2,sha256:a6f0ecb1a41ecf3f5b8875a7e7f7e105d7971bdc9b7aae6fbe6f59c3838d448f,,339c6814-7308-498b-ae9b-fc3eb983eb1b,D5.2 — Integrated Information Phi,classification,Classification,classification_glyphs_attached,recorded,NOT_ESTABLISHED,active_candidate,not_applicable,D:\GitHub\Faith-through-physics-atoms\_docs\AXIOMS_PART1_MODE_CLASSIFICATION.md,,,Codex,2026-08-05T05:30:27+00:00,Attached Part 1 classification glyphs for D5.2 as AX_SCAFFOLD.,Glyphs classify and render the atom; they do not prove it.
tp:lane4/axioms/ax-part1-ax-scaffold-d5-3,sha256:40c4c4a8723dfa52c70ff276acef6ea4922b77fe148fd9f5e5447b04e1425097,,,D5.3 — Witness Field Operator,classification,Classification,classification_imported,recorded,NOT_ESTABLISHED,active_candidate,not_applicable,O:\_Theophysics_v5\00_AXIOMS\_LOSSLESS_SUMMARY\AXIOMS_PART1_MODE_CLASSIFICATION.md,,,Codex,2026-07-28T19:10:19+00:00,Imported Part 1 mode classification row D5.3 as AX_SCAFFOLD.,Classification import is not proof and does not promote the claim to canon.
tp:lane4/axioms/ax-part1-ax-scaffold-d5-3,sha256:40c4c4a8723dfa52c70ff276acef6ea4922b77fe148fd9f5e5447b04e1425097,,77fcaf67-cc88-4238-9e1b-4fddb88916ff,D5.3 — Witness Field Operator,classification,Classification,classification_glyphs_attached,recorded,NOT_ESTABLISHED,active_candidate,not_applicable,D:\GitHub\Faith-through-physics-atoms\_docs\AXIOMS_PART1_MODE_CLASSIFICATION.md,,,Codex,2026-08-05T05:29:36+00:00,Attached Part 1 classification glyphs for D5.3 as AX_SCAFFOLD.,Glyphs classify and render the atom; they do not prove it.
tp:lane4/axioms/ax-part1-ax-scaffold-d5-3,sha256:40c4c4a8723dfa52c70ff276acef6ea4922b77fe148fd9f5e5447b04e1425097,,4a2f026b-ce2b-4e4d-b4c4-e727e07578ec,D5.3 — Witness Field Operator,classification,Classification,classification_glyphs_attached,recorded,NOT_ESTABLISHED,active_candidate,not_applicable,D:\GitHub\Faith-through-physics-atoms\_docs\AXIOMS_PART1_MODE_CLASSIFICATION.md,,,Codex,2026-08-05T05:30:27+00:00,Attached Part 1 classification glyphs for D5.3 as AX_SCAFFOLD.,Glyphs classify and render the atom; they do not prove it.
tp:lane4/axioms/ax-part1-ax-scaffold-d6-1,sha256:d46e0913c46f7fe098718421bb3a65fa1bf82fa10d0307780daf41ed5123e1ab,,,D6.1 — Collapse Rate Gamma,classification,Classification,classification_imported,recorded,NOT_ESTABLISHED,active_candidate,not_applicable,O:\_Theophysics_v5\00_AXIOMS\_LOSSLESS_SUMMARY\AXIOMS_PART1_MODE_CLASSIFICATION.md,,,Codex,2026-07-28T19:10:19+00:00,Imported Part 1 mode classification row D6.1 as AX_SCAFFOLD.,Classification import is not proof and does not promote the claim to canon.
tp:lane4/axioms/ax-part1-ax-scaffold-d6-1,sha256:d46e0913c46f7fe098718421bb3a65fa1bf82fa10d0307780daf41ed5123e1ab,,23b0e58e-263c-4e63-af04-ff2adf92935b,D6.1 — Collapse Rate Gamma,classification,Classification,classification_glyphs_attached,recorded,NOT_ESTABLISHED,active_candidate,not_applicable,D:\GitHub\Faith-through-physics-atoms\_docs\AXIOMS_PART1_MODE_CLASSIFICATION.md,,,Codex,2026-08-05T05:29:36+00:00,Attached Part 1 classification glyphs for D6.1 as AX_SCAFFOLD.,Glyphs classify and render the atom; they do not prove it.
tp:lane4/axioms/ax-part1-ax-scaffold-d6-1,sha256:d46e0913c46f7fe098718421bb3a65fa1bf82fa10d0307780daf41ed5123e1ab,,8d08f0eb-8108-4690-b2a7-f01acca2ab81,D6.1 — Collapse Rate Gamma,classification,Classification,classification_glyphs_attached,recorded,NOT_ESTABLISHED,active_candidate,not_applicable,D:\GitHub\Faith-through-physics-atoms\_docs\AXIOMS_PART1_MODE_CLASSIFICATION.md,,,Codex,2026-08-05T05:30:27+00:00,Attached Part 1 classification glyphs for D6.1 as AX_SCAFFOLD.,Glyphs classify and render the atom; they do not prove it.
tp:lane4/axioms/ax-part1-ax-scaffold-d6-2,sha256:5fb998e77c1d99199a82a82d42dd4a297a2886ec95b0e0830d3ff3e5738ae0e5,,,D6.2 — Projection Operator,classification,Classification,classification_imported,recorded,NOT_ESTABLISHED,active_candidate,not_applicable,O:\_Theophysics_v5\00_AXIOMS\_LOSSLESS_SUMMARY\AXIOMS_PART1_MODE_CLASSIFICATION.md,,,Codex,2026-07-28T19:10:19+00:00,Imported Part 1 mode classification row D6.2 as AX_SCAFFOLD.,Classification import is not proof and does not promote the claim to canon.
tp:lane4/axioms/ax-part1-ax-scaffold-d6-2,sha256:5fb998e77c1d99199a82a82d42dd4a297a2886ec95b0e0830d3ff3e5738ae0e5,,7030de3f-3ec0-4521-988e-f8b2f958f745,D6.2 — Projection Operator,classification,Classification,classification_glyphs_attached,recorded,NOT_ESTABLISHED,active_candidate,not_applicable,D:\GitHub\Faith-through-physics-atoms\_docs\AXIOMS_PART1_MODE_CLASSIFICATION.md,,,Codex,2026-08-05T05:29:36+00:00,Attached Part 1 classification glyphs for D6.2 as AX_SCAFFOLD.,Glyphs classify and render the atom; they do not prove it.
tp:lane4/axioms/ax-part1-ax-scaffold-d6-2,sha256:5fb998e77c1d99199a82a82d42dd4a297a2886ec95b0e0830d3ff3e5738ae0e5,,dbc4a226-979d-4ca1-9f87-9c11de52b1cd,D6.2 — Projection Operator,classification,Classification,classification_glyphs_attached,recorded,NOT_ESTABLISHED,active_candidate,not_applicable,D:\GitHub\Faith-through-physics-atoms\_docs\AXIOMS_PART1_MODE_CLASSIFICATION.md,,,Codex,2026-08-05T05:30:27+00:00,Attached Part 1 classification glyphs for D6.2 as AX_SCAFFOLD.,Glyphs classify and render the atom; they do not prove it.
tp:lane4/axioms/ax-part1-ax-scaffold-d8-1,sha256:f919d2827de11af1bda8015056f222bbb11ee146b0442685df26e1c279803860,,,D8.1 — Sign Operator,classification,Classification,classification_imported,recorded,NOT_ESTABLISHED,active_candidate,not_applicable,O:\_Theophysics_v5\00_AXIOMS\_LOSSLESS_SUMMARY\AXIOMS_PART1_MODE_CLASSIFICATION.md,,,Codex,2026-07-28T19:10:19+00:00,Imported Part 1 mode classification row D8.1 as AX_SCAFFOLD.,Classification import is not proof and does not promote the claim to canon.
tp:lane4/axioms/ax-part1-ax-scaffold-d8-1,sha256:f919d2827de11af1bda8015056f222bbb11ee146b0442685df26e1c279803860,,fbc9e9df-fefb-4feb-91db-b03dd598ee7b,D8.1 — Sign Operator,classification,Classification,classification_glyphs_attached,recorded,NOT_ESTABLISHED,active_candidate,not_applicable,D:\GitHub\Faith-through-physics-atoms\_docs\AXIOMS_PART1_MODE_CLASSIFICATION.md,,,Codex,2026-08-05T05:29:36+00:00,Attached Part 1 classification glyphs for D8.1 as AX_SCAFFOLD.,Glyphs classify and render the atom; they do not prove it.
tp:lane4/axioms/ax-part1-ax-scaffold-d8-1,sha256:f919d2827de11af1bda8015056f222bbb11ee146b0442685df26e1c279803860,,7c2a44ac-ae5a-4695-a618-ba487d2eed2f,D8.1 — Sign Operator,classification,Classification,classification_glyphs_attached,recorded,NOT_ESTABLISHED,active_candidate,not_applicable,D:\GitHub\Faith-through-physics-atoms\_docs\AXIOMS_PART1_MODE_CLASSIFICATION.md,,,Codex,2026-08-05T05:30:27+00:00,Attached Part 1 classification glyphs for D8.1 as AX_SCAFFOLD.,Glyphs classify and render the atom; they do not prove it.
tp:lane4/axioms/ax-part1-ax-scaffold-d9-1,sha256:49b381d0b71e9b630bc88f8e798e8edcdb5796950f6e31cb2ad9798babfc187f,,,D9.1 — Grace Operator Definition,classification,Classification,classification_imported,recorded,NOT_ESTABLISHED,active_candidate,not_applicable,O:\_Theophysics_v5\00_AXIOMS\_LOSSLESS_SUMMARY\AXIOMS_PART1_MODE_CLASSIFICATION.md,,,Codex,2026-07-28T19:10:19+00:00,Imported Part 1 mode classification row D9.1 as AX_SCAFFOLD.,Classification import is not proof and does not promote the claim to canon.
tp:lane4/axioms/ax-part1-ax-scaffold-d9-1,sha256:49b381d0b71e9b630bc88f8e798e8edcdb5796950f6e31cb2ad9798babfc187f,,f57a9adf-d144-4c73-bb3b-aa9936e30c3c,D9.1 — Grace Operator Definition,classification,Classification,classification_glyphs_attached,recorded,NOT_ESTABLISHED,active_candidate,not_applicable,D:\GitHub\Faith-through-physics-atoms\_docs\AXIOMS_PART1_MODE_CLASSIFICATION.md,,,Codex,2026-08-05T05:29:36+00:00,Attached Part 1 classification glyphs for D9.1 as AX_SCAFFOLD.,Glyphs classify and render the atom; they do not prove it.
tp:lane4/axioms/ax-part1-ax-scaffold-d9-1,sha256:49b381d0b71e9b630bc88f8e798e8edcdb5796950f6e31cb2ad9798babfc187f,,719f2d84-509e-433a-9410-70712bda0318,D9.1 — Grace Operator Definition,classification,Classification,classification_glyphs_attached,recorded,NOT_ESTABLISHED,active_candidate,not_applicable,D:\GitHub\Faith-through-physics-atoms\_docs\AXIOMS_PART1_MODE_CLASSIFICATION.md,,,Codex,2026-08-05T05:30:27+00:00,Attached Part 1 classification glyphs for D9.1 as AX_SCAFFOLD.,Glyphs classify and render the atom; they do not prove it.
tp:lane4/axioms/ax-part1-ax-scaffold-e10-1,sha256:75329f3884bb2c8b896bf4c60839fd453ee85e713dbd0b8e6bad02ed90c9819b,,,E10.1 — Soul Field Equation,classification,Classification,classification_imported,recorded,NOT_ESTABLISHED,active_candidate,not_applicable,O:\_Theophysics_v5\00_AXIOMS\_LOSSLESS_SUMMARY\AXIOMS_PART1_MODE_CLASSIFICATION.md,,,Codex,2026-07-28T19:10:19+00:00,Imported Part 1 mode classification row E10.1 as AX_SCAFFOLD.,Classification import is not proof and does not promote the claim to canon.
tp:lane4/axioms/ax-part1-ax-scaffold-e10-1,sha256:75329f3884bb2c8b896bf4c60839fd453ee85e713dbd0b8e6bad02ed90c9819b,,2d1132b2-220b-47b3-ae83-60464806ada8,E10.1 — Soul Field Equation,classification,Classification,classification_glyphs_attached,recorded,NOT_ESTABLISHED,active_candidate,not_applicable,D:\GitHub\Faith-through-physics-atoms\_docs\AXIOMS_PART1_MODE_CLASSIFICATION.md,,,Codex,2026-08-05T05:29:36+00:00,Attached Part 1 classification glyphs for E10.1 as AX_SCAFFOLD.,Glyphs classify and render the atom; they do not prove it.
tp:lane4/axioms/ax-part1-ax-scaffold-e10-1,sha256:75329f3884bb2c8b896bf4c60839fd453ee85e713dbd0b8e6bad02ed90c9819b,,991802ba-8638-4cc6-a350-207d2a3325a2,E10.1 — Soul Field Equation,classification,Classification,classification_glyphs_attached,recorded,NOT_ESTABLISHED,active_candidate,not_applicable,D:\GitHub\Faith-through-physics-atoms\_docs\AXIOMS_PART1_MODE_CLASSIFICATION.md,,,Codex,2026-08-05T05:30:27+00:00,Attached Part 1 classification glyphs for E10.1 as AX_SCAFFOLD.,Glyphs classify and render the atom; they do not prove it.
tp:lane4/axioms/ax-part1-ax-scaffold-e12-1,sha256:253bbaaf6b0b90c81db8c34946cb009525c5982e39bb83b0145dc78339ef7045,,,E12.1 — Destiny Equation,classification,Classification,classification_imported,recorded,NOT_ESTABLISHED,active_candidate,not_applicable,O:\_Theophysics_v5\00_AXIOMS\_LOSSLESS_SUMMARY\AXIOMS_PART1_MODE_CLASSIFICATION.md,,,Codex,2026-07-28T19:10:19+00:00,Imported Part 1 mode classification row E12.1 as AX_SCAFFOLD.,Classification import is not proof and does not promote the claim to canon.
tp:lane4/axioms/ax-part1-ax-scaffold-e12-1,sha256:253bbaaf6b0b90c81db8c34946cb009525c5982e39bb83b0145dc78339ef7045,,cd62e865-0115-4257-9cdb-c48538cdc17e,E12.1 — Destiny Equation,classification,Classification,classification_glyphs_attached,recorded,NOT_ESTABLISHED,active_candidate,not_applicable,D:\GitHub\Faith-through-physics-atoms\_docs\AXIOMS_PART1_MODE_CLASSIFICATION.md,,,Codex,2026-08-05T05:29:37+00:00,Attached Part 1 classification glyphs for E12.1 as AX_SCAFFOLD.,Glyphs classify and render the atom; they do not prove it.
tp:lane4/axioms/ax-part1-ax-scaffold-e12-1,sha256:253bbaaf6b0b90c81db8c34946cb009525c5982e39bb83b0145dc78339ef7045,,a16da3e6-7448-49f1-81e0-333a612374ab,E12.1 — Destiny Equation,classification,Classification,classification_glyphs_attached,recorded,NOT_ESTABLISHED,active_candidate,not_applicable,D:\GitHub\Faith-through-physics-atoms\_docs\AXIOMS_PART1_MODE_CLASSIFICATION.md,,,Codex,2026-08-05T05:30:27+00:00,Attached Part 1 classification glyphs for E12.1 as AX_SCAFFOLD.,Glyphs classify and render the atom; they do not prove it.
tp:lane4/axioms/ax-part1-ax-scaffold-e13-1,sha256:e75d2bba2f3601a7bd560e4669d95597cf3075cc6faceead235872b68a1e61b0,,,E13.1 — GR-QM Bridge Equation,classification,Classification,classification_imported,recorded,NOT_ESTABLISHED,active_candidate,not_applicable,O:\_Theophysics_v5\00_AXIOMS\_LOSSLESS_SUMMARY\AXIOMS_PART1_MODE_CLASSIFICATION.md,,,Codex,2026-07-28T19:10:19+00:00,Imported Part 1 mode classification row E13.1 as AX_SCAFFOLD.,Classification import is not proof and does not promote the claim to canon.
tp:lane4/axioms/ax-part1-ax-scaffold-e13-1,sha256:e75d2bba2f3601a7bd560e4669d95597cf3075cc6faceead235872b68a1e61b0,,8d1a443a-c50e-4b7e-b7c6-bf733ffd8530,E13.1 — GR-QM Bridge Equation,classification,Classification,classification_glyphs_attached,recorded,NOT_ESTABLISHED,active_candidate,not_applicable,D:\GitHub\Faith-through-physics-atoms\_docs\AXIOMS_PART1_MODE_CLASSIFICATION.md,,,Codex,2026-08-05T05:29:37+00:00,Attached Part 1 classification glyphs for E13.1 as AX_SCAFFOLD.,Glyphs classify and render the atom; they do not prove it.
tp:lane4/axioms/ax-part1-ax-scaffold-e13-1,sha256:e75d2bba2f3601a7bd560e4669d95597cf3075cc6faceead235872b68a1e61b0,,e0e9f928-5c2c-47ac-b220-158cbf31bf27,E13.1 — GR-QM Bridge Equation,classification,Classification,classification_glyphs_attached,recorded,NOT_ESTABLISHED,active_candidate,not_applicable,D:\GitHub\Faith-through-physics-atoms\_docs\AXIOMS_PART1_MODE_CLASSIFICATION.md,,,Codex,2026-08-05T05:30:27+00:00,Attached Part 1 classification glyphs for E13.1 as AX_SCAFFOLD.,Glyphs classify and render the atom; they do not prove it.
tp:lane4/axioms/ax-part1-ax-scaffold-e19-1,sha256:60a90050ad5f5a84def214921b0a0eeff7c46858b3b51fba9bd64aa64a8a1f34,,,E19.1 — Full Master Equation,classification,Classification,classification_imported,recorded,RERUN_OWED,active_candidate_unanchored,RERUN_OWED,O:\_Theophysics_v5\00_AXIOMS\_LOSSLESS_SUMMARY\AXIOMS_PART1_MODE_CLASSIFICATION.md,,,Codex,2026-07-28T19:10:19+00:00,Imported Part 1 mode classification row E19.1 as AX_SCAFFOLD.,Classification import is not proof and does not promote the claim to canon.
tp:lane4/axioms/ax-part1-ax-scaffold-e19-1,sha256:60a90050ad5f5a84def214921b0a0eeff7c46858b3b51fba9bd64aa64a8a1f34,,7a220f00-2c76-4b2a-bc3f-85872d265907,E19.1 — Full Master Equation,classification,Classification,classification_glyphs_attached,recorded,RERUN_OWED,active_candidate_unanchored,RERUN_OWED,D:\GitHub\Faith-through-physics-atoms\_docs\AXIOMS_PART1_MODE_CLASSIFICATION.md,,,Codex,2026-08-05T05:29:37+00:00,Attached Part 1 classification glyphs for E19.1 as AX_SCAFFOLD.,Glyphs classify and render the atom; they do not prove it.
tp:lane4/axioms/ax-part1-ax-scaffold-e19-1,sha256:60a90050ad5f5a84def214921b0a0eeff7c46858b3b51fba9bd64aa64a8a1f34,,6ec3b149-fdfd-48ea-86f7-cde85672a2a0,E19.1 — Full Master Equation,classification,Classification,classification_glyphs_attached,recorded,RERUN_OWED,active_candidate_unanchored,RERUN_OWED,D:\GitHub\Faith-through-physics-atoms\_docs\AXIOMS_PART1_MODE_CLASSIFICATION.md,,,Codex,2026-08-05T05:30:27+00:00,Attached Part 1 classification glyphs for E19.1 as AX_SCAFFOLD.,Glyphs classify and render the atom; they do not prove it.
tp:lane4/axioms/ax-part1-ax-scaffold-e2-1,sha256:083e14eab9cb5bc60232a6773d93cacf5e95fc487a24471651840f32207d916b,,,E2.1 — Master Equation First Form,classification,Classification,classification_imported,recorded,RERUN_OWED,active_candidate,RERUN_OWED,O:\_Theophysics_v5\00_AXIOMS\_LOSSLESS_SUMMARY\AXIOMS_PART1_MODE_CLASSIFICATION.md,,,Codex,2026-07-28T19:10:19+00:00,Imported Part 1 mode classification row E2.1 as AX_SCAFFOLD.,Classification import is not proof and does not promote the claim to canon.
tp:lane4/axioms/ax-part1-ax-scaffold-e2-1,sha256:083e14eab9cb5bc60232a6773d93cacf5e95fc487a24471651840f32207d916b,,26627524-8ed2-480b-b20f-4f0c203fbc19,E2.1 — Master Equation First Form,classification,Classification,classification_glyphs_attached,recorded,RERUN_OWED,active_candidate,RERUN_OWED,D:\GitHub\Faith-through-physics-atoms\_docs\AXIOMS_PART1_MODE_CLASSIFICATION.md,,,Codex,2026-08-05T05:29:36+00:00,Attached Part 1 classification glyphs for E2.1 as AX_SCAFFOLD.,Glyphs classify and render the atom; they do not prove it.
tp:lane4/axioms/ax-part1-ax-scaffold-e2-1,sha256:083e14eab9cb5bc60232a6773d93cacf5e95fc487a24471651840f32207d916b,,aee11c76-a828-488a-b260-08ac3ce78393,E2.1 — Master Equation First Form,classification,Classification,classification_glyphs_attached,recorded,RERUN_OWED,active_candidate,RERUN_OWED,D:\GitHub\Faith-through-physics-atoms\_docs\AXIOMS_PART1_MODE_CLASSIFICATION.md,,,Codex,2026-08-05T05:30:27+00:00,Attached Part 1 classification glyphs for E2.1 as AX_SCAFFOLD.,Glyphs classify and render the atom; they do not prove it.
tp:lane4/axioms/ax-part1-ax-scaffold-e3-1,sha256:1f56d577f08b357b7164e1b707fa55f726c1319962d846332f161edc8b9071df,,,E3.1 — Master Coherence Equation,classification,Classification,classification_imported,recorded,NOT_ESTABLISHED,active_candidate,not_applicable,O:\_Theophysics_v5\00_AXIOMS\_LOSSLESS_SUMMARY\AXIOMS_PART1_MODE_CLASSIFICATION.md,,,Codex,2026-07-28T19:10:19+00:00,Imported Part 1 mode classification row E3.1 as AX_SCAFFOLD.,Classification import is not proof and does not promote the claim to canon.
tp:lane4/axioms/ax-part1-ax-scaffold-e3-1,sha256:1f56d577f08b357b7164e1b707fa55f726c1319962d846332f161edc8b9071df,,2ef21088-fbb1-4cf2-ae99-4b554ef4b5c5,E3.1 — Master Coherence Equation,classification,Classification,classification_glyphs_attached,recorded,NOT_ESTABLISHED,active_candidate,not_applicable,D:\GitHub\Faith-through-physics-atoms\_docs\AXIOMS_PART1_MODE_CLASSIFICATION.md,,,Codex,2026-08-05T05:29:36+00:00,Attached Part 1 classification glyphs for E3.1 as AX_SCAFFOLD.,Glyphs classify and render the atom; they do not prove it.
tp:lane4/axioms/ax-part1-ax-scaffold-e3-1,sha256:1f56d577f08b357b7164e1b707fa55f726c1319962d846332f161edc8b9071df,,cc428ffc-8f46-48db-afdc-e97622c9e493,E3.1 — Master Coherence Equation,classification,Classification,classification_glyphs_attached,recorded,NOT_ESTABLISHED,active_candidate,not_applicable,D:\GitHub\Faith-through-physics-atoms\_docs\AXIOMS_PART1_MODE_CLASSIFICATION.md,,,Codex,2026-08-05T05:30:27+00:00,Attached Part 1 classification glyphs for E3.1 as AX_SCAFFOLD.,Glyphs classify and render the atom; they do not prove it.
tp:lane4/axioms/ax-part1-ax-scaffold-e3-2,sha256:25afaae2cbf55e628e132f6590e79b68f4150514781539ddacd30d25023e584f,,,E3.2 — Universal Coherence Definition,classification,Classification,classification_imported,recorded,NOT_ESTABLISHED,active_candidate,not_applicable,O:\_Theophysics_v5\00_AXIOMS\_LOSSLESS_SUMMARY\AXIOMS_PART1_MODE_CLASSIFICATION.md,,,Codex,2026-07-28T19:10:19+00:00,Imported Part 1 mode classification row E3.2 as AX_SCAFFOLD.,Classification import is not proof and does not promote the claim to canon.
tp:lane4/axioms/ax-part1-ax-scaffold-e3-2,sha256:25afaae2cbf55e628e132f6590e79b68f4150514781539ddacd30d25023e584f,,567de66e-899b-4a65-803c-5df414556b80,E3.2 — Universal Coherence Definition,classification,Classification,classification_glyphs_attached,recorded,NOT_ESTABLISHED,active_candidate,not_applicable,D:\GitHub\Faith-through-physics-atoms\_docs\AXIOMS_PART1_MODE_CLASSIFICATION.md,,,Codex,2026-08-05T05:29:36+00:00,Attached Part 1 classification glyphs for E3.2 as AX_SCAFFOLD.,Glyphs classify and render the atom; they do not prove it.
tp:lane4/axioms/ax-part1-ax-scaffold-e3-2,sha256:25afaae2cbf55e628e132f6590e79b68f4150514781539ddacd30d25023e584f,,e4729c1e-687a-4322-a823-73a776dd5613,E3.2 — Universal Coherence Definition,classification,Classification,classification_glyphs_attached,recorded,NOT_ESTABLISHED,active_candidate,not_applicable,D:\GitHub\Faith-through-physics-atoms\_docs\AXIOMS_PART1_MODE_CLASSIFICATION.md,,,Codex,2026-08-05T05:30:27+00:00,Attached Part 1 classification glyphs for E3.2 as AX_SCAFFOLD.,Glyphs classify and render the atom; they do not prove it.
tp:lane4/axioms/ax-part1-ax-scaffold-e4-1,sha256:9dd9e39f1c3d4f20d7909eeb410619011c8c7f88dd360d1a12fd24b295c88d12,,,E4.1 — Complexity Decrease Under Chi,classification,Classification,classification_imported,recorded,NOT_ESTABLISHED,active_candidate,not_applicable,O:\_Theophysics_v5\00_AXIOMS\_LOSSLESS_SUMMARY\AXIOMS_PART1_MODE_CLASSIFICATION.md,,,Codex,2026-07-28T19:10:19+00:00,Imported Part 1 mode classification row E4.1 as AX_SCAFFOLD.,Classification import is not proof and does not promote the claim to canon.
tp:lane4/axioms/ax-part1-ax-scaffold-e4-1,sha256:9dd9e39f1c3d4f20d7909eeb410619011c8c7f88dd360d1a12fd24b295c88d12,,12fe9c7d-6da5-48c3-84f1-b5b4a434a3ad,E4.1 — Complexity Decrease Under Chi,classification,Classification,classification_glyphs_attached,recorded,NOT_ESTABLISHED,active_candidate,not_applicable,D:\GitHub\Faith-through-physics-atoms\_docs\AXIOMS_PART1_MODE_CLASSIFICATION.md,,,Codex,2026-08-05T05:29:36+00:00,Attached Part 1 classification glyphs for E4.1 as AX_SCAFFOLD.,Glyphs classify and render the atom; they do not prove it.
tp:lane4/axioms/ax-part1-ax-scaffold-e4-1,sha256:9dd9e39f1c3d4f20d7909eeb410619011c8c7f88dd360d1a12fd24b295c88d12,,49aa2976-b7bd-4ca6-a0e3-6919a2e3ddf6,E4.1 — Complexity Decrease Under Chi,classification,Classification,classification_glyphs_attached,recorded,NOT_ESTABLISHED,active_candidate,not_applicable,D:\GitHub\Faith-through-physics-atoms\_docs\AXIOMS_PART1_MODE_CLASSIFICATION.md,,,Codex,2026-08-05T05:30:27+00:00,Attached Part 1 classification glyphs for E4.1 as AX_SCAFFOLD.,Glyphs classify and render the atom; they do not prove it.
tp:lane4/axioms/ax-part1-ax-scaffold-e6-2,sha256:84d1fe1cd76e8af63fe678bbd20871adee18be7d798f24e081aeffda61f4f2c3,,,E6.2 — Phi-Dependent Collapse,classification,Classification,classification_imported,recorded,NOT_ESTABLISHED,active_candidate_unanchored,not_applicable,O:\_Theophysics_v5\00_AXIOMS\_LOSSLESS_SUMMARY\AXIOMS_PART1_MODE_CLASSIFICATION.md,,,Codex,2026-07-28T19:10:19+00:00,Imported Part 1 mode classification row E6.2 as AX_SCAFFOLD.,Classification import is not proof and does not promote the claim to canon.
tp:lane4/axioms/ax-part1-ax-scaffold-e6-2,sha256:84d1fe1cd76e8af63fe678bbd20871adee18be7d798f24e081aeffda61f4f2c3,,7ab58dcc-b1c1-4815-841d-02e86c60a075,E6.2 — Phi-Dependent Collapse,classification,Classification,classification_glyphs_attached,recorded,NOT_ESTABLISHED,active_candidate_unanchored,not_applicable,D:\GitHub\Faith-through-physics-atoms\_docs\AXIOMS_PART1_MODE_CLASSIFICATION.md,,,Codex,2026-08-05T05:29:36+00:00,Attached Part 1 classification glyphs for E6.2 as AX_SCAFFOLD.,Glyphs classify and render the atom; they do not prove it.
tp:lane4/axioms/ax-part1-ax-scaffold-e6-2,sha256:84d1fe1cd76e8af63fe678bbd20871adee18be7d798f24e081aeffda61f4f2c3,,9654e0a7-6a64-4b81-b7d8-a2c87e0ac9a6,E6.2 — Phi-Dependent Collapse,classification,Classification,classification_glyphs_attached,recorded,NOT_ESTABLISHED,active_candidate_unanchored,not_applicable,D:\GitHub\Faith-through-physics-atoms\_docs\AXIOMS_PART1_MODE_CLASSIFICATION.md,,,Codex,2026-08-05T05:30:27+00:00,Attached Part 1 classification glyphs for E6.2 as AX_SCAFFOLD.,Glyphs classify and render the atom; they do not prove it.
tp:lane4/axioms/ax-part1-ax-scaffold-e9-1,sha256:0ddfb013eaafd1adcb565b3dd57844a189921e177750e19daa2d6d18485d4425,,,E9.1 — Grace Function G(t),classification,Classification,classification_imported,recorded,NOT_ESTABLISHED,active_candidate,not_applicable,O:\_Theophysics_v5\00_AXIOMS\_LOSSLESS_SUMMARY\AXIOMS_PART1_MODE_CLASSIFICATION.md,,,Codex,2026-07-28T19:10:19+00:00,Imported Part 1 mode classification row E9.1 as AX_SCAFFOLD.,Classification import is not proof and does not promote the claim to canon.
tp:lane4/axioms/ax-part1-ax-scaffold-e9-1,sha256:0ddfb013eaafd1adcb565b3dd57844a189921e177750e19daa2d6d18485d4425,,0d0651d0-28c7-4bcb-bfb1-c171b7c81e06,E9.1 — Grace Function G(t),classification,Classification,classification_glyphs_attached,recorded,NOT_ESTABLISHED,active_candidate,not_applicable,D:\GitHub\Faith-through-physics-atoms\_docs\AXIOMS_PART1_MODE_CLASSIFICATION.md,,,Codex,2026-08-05T05:29:36+00:00,Attached Part 1 classification glyphs for E9.1 as AX_SCAFFOLD.,Glyphs classify and render the atom; they do not prove it.
tp:lane4/axioms/ax-part1-ax-scaffold-e9-1,sha256:0ddfb013eaafd1adcb565b3dd57844a189921e177750e19daa2d6d18485d4425,,ca0c31e0-1379-4692-9824-b6895e09f4eb,E9.1 — Grace Function G(t),classification,Classification,classification_glyphs_attached,recorded,NOT_ESTABLISHED,active_candidate,not_applicable,D:\GitHub\Faith-through-physics-atoms\_docs\AXIOMS_PART1_MODE_CLASSIFICATION.md,,,Codex,2026-08-05T05:30:27+00:00,Attached Part 1 classification glyphs for E9.1 as AX_SCAFFOLD.,Glyphs classify and render the atom; they do not prove it.
tp:lane4/axioms/ax-part1-drop-duplicate-a1-1,sha256:3527d2eee9ab191c3cdc8146631947f6046198adcd4d2bb8723152f9cd333943,,,A1.1 — Existence,classification,Classification,classification_imported,recorded,QUARANTINE,quarantined_duplicate,not_applicable,O:\_Theophysics_v5\00_AXIOMS\_LOSSLESS_SUMMARY\AXIOMS_PART1_MODE_CLASSIFICATION.md,,,Codex,2026-07-28T19:10:19+00:00,Imported Part 1 mode classification row A1.1 as DROP_DUPLICATE.,Classification import is not proof and does not promote the claim to canon.
tp:lane4/axioms/ax-part1-drop-duplicate-a1-1,sha256:3527d2eee9ab191c3cdc8146631947f6046198adcd4d2bb8723152f9cd333943,,bb743928-1d28-4fbb-b29d-2a3f9901023a,A1.1 — Existence,classification,Classification,classification_glyphs_attached,recorded,QUARANTINE,quarantined_duplicate,not_applicable,D:\GitHub\Faith-through-physics-atoms\_docs\AXIOMS_PART1_MODE_CLASSIFICATION.md,,,Codex,2026-08-05T05:29:39+00:00,Attached Part 1 classification glyphs for A1.1 as DROP_DUPLICATE.,Glyphs classify and render the atom; they do not prove it.
tp:lane4/axioms/ax-part1-drop-duplicate-a1-1,sha256:3527d2eee9ab191c3cdc8146631947f6046198adcd4d2bb8723152f9cd333943,,5ffff5bb-6170-4dd4-b63a-dd73a2bf6277,A1.1 — Existence,classification,Classification,classification_glyphs_attached,recorded,QUARANTINE,quarantined_duplicate,not_applicable,D:\GitHub\Faith-through-physics-atoms\_docs\AXIOMS_PART1_MODE_CLASSIFICATION.md,,,Codex,2026-08-05T05:30:27+00:00,Attached Part 1 classification glyphs for A1.1 as DROP_DUPLICATE.,Glyphs classify and render the atom; they do not prove it.
tp:lane4/axioms/ax-part1-fw-extended-050-e6-1-modified-schrodinger-with-collapse,sha256:a045044c39d7d88bb42e37e9aac8d95ee5021f469f7cfdc819e41791a8560c8e,,,E6.1 — Modified Schrodinger With Collapse,classification,Classification,classification_imported,recorded,NOT_ESTABLISHED,active_candidate,not_applicable,O:\_Theophysics_v5\00_AXIOMS\_LOSSLESS_SUMMARY\AXIOMS_PART1_MODE_CLASSIFICATION.md,,,Codex,2026-07-28T19:10:19+00:00,Imported Part 1 mode classification row ['- 050_E6.1_Modified-Schrodinger-With-Collapse as FW_EXTENDED.,Classification import is not proof and does not promote the claim to canon.
tp:lane4/axioms/ax-part1-fw-extended-050-e6-1-modified-schrodinger-with-collapse,sha256:a045044c39d7d88bb42e37e9aac8d95ee5021f469f7cfdc819e41791a8560c8e,,526efdb7-51fd-425f-9792-d713d2ccf43a,E6.1 — Modified Schrodinger With Collapse,classification,Classification,classification_glyphs_attached,recorded,NOT_ESTABLISHED,active_candidate,not_applicable,D:\GitHub\Faith-through-physics-atoms\_docs\AXIOMS_PART1_MODE_CLASSIFICATION.md,,,Codex,2026-08-05T05:29:37+00:00,Attached Part 1 classification glyphs for ['- 050_E6.1_Modified-Schrodinger-With-Collapse as FW_EXTENDED.,Glyphs classify and render the atom; they do not prove it.
tp:lane4/axioms/ax-part1-fw-extended-050-e6-1-modified-schrodinger-with-collapse,sha256:a045044c39d7d88bb42e37e9aac8d95ee5021f469f7cfdc819e41791a8560c8e,,9d3dfabf-0fcf-400b-9282-57632f5277bf,E6.1 — Modified Schrodinger With Collapse,classification,Classification,classification_glyphs_attached,recorded,NOT_ESTABLISHED,active_candidate,not_applicable,D:\GitHub\Faith-through-physics-atoms\_docs\AXIOMS_PART1_MODE_CLASSIFICATION.md,,,Codex,2026-08-05T05:30:27+00:00,Attached Part 1 classification glyphs for ['- 050_E6.1_Modified-Schrodinger-With-Collapse as FW_EXTENDED.,Glyphs classify and render the atom; they do not prove it.
tp:lane4/axioms/ax-part1-fw-extended-108-e14-1-modified-friedmann-equation,sha256:16a4848fe89f5c2c5cd72b7d6dfe21aa69356e72876b0eb52154ba56c65e216d,,,E14.1 — Modified Friedmann Equation,classification,Classification,classification_imported,recorded,NOT_ESTABLISHED,active_candidate,not_applicable,O:\_Theophysics_v5\00_AXIOMS\_LOSSLESS_SUMMARY\AXIOMS_PART1_MODE_CLASSIFICATION.md,,,Codex,2026-07-28T19:10:19+00:00,Imported Part 1 mode classification row ['- 108_E14.1_Modified-Friedmann-Equation as FW_EXTENDED.,Classification import is not proof and does not promote the claim to canon.
tp:lane4/axioms/ax-part1-fw-extended-108-e14-1-modified-friedmann-equation,sha256:16a4848fe89f5c2c5cd72b7d6dfe21aa69356e72876b0eb52154ba56c65e216d,,73eaaa2b-853a-4e3c-9cda-bed7b411664c,E14.1 — Modified Friedmann Equation,classification,Classification,classification_glyphs_attached,recorded,NOT_ESTABLISHED,active_candidate,not_applicable,D:\GitHub\Faith-through-physics-atoms\_docs\AXIOMS_PART1_MODE_CLASSIFICATION.md,,,Codex,2026-08-05T05:29:38+00:00,Attached Part 1 classification glyphs for ['- 108_E14.1_Modified-Friedmann-Equation as FW_EXTENDED.,Glyphs classify and render the atom; they do not prove it.
tp:lane4/axioms/ax-part1-fw-extended-108-e14-1-modified-friedmann-equation,sha256:16a4848fe89f5c2c5cd72b7d6dfe21aa69356e72876b0eb52154ba56c65e216d,,696f2f27-b58d-4436-abcb-323633f517fd,E14.1 — Modified Friedmann Equation,classification,Classification,classification_glyphs_attached,recorded,NOT_ESTABLISHED,active_candidate,not_applicable,D:\GitHub\Faith-through-physics-atoms\_docs\AXIOMS_PART1_MODE_CLASSIFICATION.md,,,Codex,2026-08-05T05:30:27+00:00,Attached Part 1 classification glyphs for ['- 108_E14.1_Modified-Friedmann-Equation as FW_EXTENDED.,Glyphs classify and render the atom; they do not prove it.
tp:lane4/axioms/ax-part1-fw-extended-a10-1,sha256:2c5fa6cc11c1435afffed041a1e300f35c06cf9e2f1dab108355c0e79c0eae75,,,A10.1 — Consciousness Substrate,classification,Classification,classification_imported,recorded,NOT_ESTABLISHED,active_candidate,not_applicable,O:\_Theophysics_v5\00_AXIOMS\_LOSSLESS_SUMMARY\AXIOMS_PART1_MODE_CLASSIFICATION.md,,,Codex,2026-07-28T19:10:19+00:00,Imported Part 1 mode classification row A10.1 as FW_EXTENDED.,Classification import is not proof and does not promote the claim to canon.
tp:lane4/axioms/ax-part1-fw-extended-a10-1,sha256:2c5fa6cc11c1435afffed041a1e300f35c06cf9e2f1dab108355c0e79c0eae75,,3e36fc64-cbb8-4e9f-8c09-c0bc22efc79e,A10.1 — Consciousness Substrate,classification,Classification,classification_glyphs_attached,recorded,NOT_ESTABLISHED,active_candidate,not_applicable,D:\GitHub\Faith-through-physics-atoms\_docs\AXIOMS_PART1_MODE_CLASSIFICATION.md,,,Codex,2026-08-05T05:29:37+00:00,Attached Part 1 classification glyphs for A10.1 as FW_EXTENDED.,Glyphs classify and render the atom; they do not prove it.
tp:lane4/axioms/ax-part1-fw-extended-a10-1,sha256:2c5fa6cc11c1435afffed041a1e300f35c06cf9e2f1dab108355c0e79c0eae75,,d7d8f844-7721-4897-9807-6b5897269e74,A10.1 — Consciousness Substrate,classification,Classification,classification_glyphs_attached,recorded,NOT_ESTABLISHED,active_candidate,not_applicable,D:\GitHub\Faith-through-physics-atoms\_docs\AXIOMS_PART1_MODE_CLASSIFICATION.md,,,Codex,2026-08-05T05:30:27+00:00,Attached Part 1 classification glyphs for A10.1 as FW_EXTENDED.,Glyphs classify and render the atom; they do not prove it.
tp:lane4/axioms/ax-part1-fw-extended-a10-2,sha256:64220931970d61ecd7a887190008e620aa5adc054c5c621643f228e0a56f4c46,,,A10.2 — Soul Conservation,classification,Classification,classification_imported,recorded,NOT_ESTABLISHED,active_candidate,not_applicable,O:\_Theophysics_v5\00_AXIOMS\_LOSSLESS_SUMMARY\AXIOMS_PART1_MODE_CLASSIFICATION.md,,,Codex,2026-07-28T19:10:19+00:00,Imported Part 1 mode classification row A10.2 as FW_EXTENDED.,Classification import is not proof and does not promote the claim to canon.
tp:lane4/axioms/ax-part1-fw-extended-a10-2,sha256:64220931970d61ecd7a887190008e620aa5adc054c5c621643f228e0a56f4c46,,b71e4785-872f-4c2b-a036-6082a8835bb9,A10.2 — Soul Conservation,classification,Classification,classification_glyphs_attached,recorded,NOT_ESTABLISHED,active_candidate,not_applicable,D:\GitHub\Faith-through-physics-atoms\_docs\AXIOMS_PART1_MODE_CLASSIFICATION.md,,,Codex,2026-08-05T05:29:37+00:00,Attached Part 1 classification glyphs for A10.2 as FW_EXTENDED.,Glyphs classify and render the atom; they do not prove it.
tp:lane4/axioms/ax-part1-fw-extended-a10-2,sha256:64220931970d61ecd7a887190008e620aa5adc054c5c621643f228e0a56f4c46,,490591f9-36e0-4153-a3ef-f9fb6616b37f,A10.2 — Soul Conservation,classification,Classification,classification_glyphs_attached,recorded,NOT_ESTABLISHED,active_candidate,not_applicable,D:\GitHub\Faith-through-physics-atoms\_docs\AXIOMS_PART1_MODE_CLASSIFICATION.md,,,Codex,2026-08-05T05:30:27+00:00,Attached Part 1 classification glyphs for A10.2 as FW_EXTENDED.,Glyphs classify and render the atom; they do not prove it.
tp:lane4/axioms/ax-part1-fw-extended-a11-1,sha256:dc3ec83c7e14975d423cf41191f2cba835d7d3a2dbc24915b2bea1c0009fc899,,,A11.1 — Moral Realism,classification,Classification,classification_imported,recorded,NOT_ESTABLISHED,active_candidate,not_applicable,O:\_Theophysics_v5\00_AXIOMS\_LOSSLESS_SUMMARY\AXIOMS_PART1_MODE_CLASSIFICATION.md,,,Codex,2026-07-28T19:10:19+00:00,Imported Part 1 mode classification row A11.1 as FW_EXTENDED.,Classification import is not proof and does not promote the claim to canon.
tp:lane4/axioms/ax-part1-fw-extended-a11-1,sha256:dc3ec83c7e14975d423cf41191f2cba835d7d3a2dbc24915b2bea1c0009fc899,,c4b04dd2-f081-4f3f-8a5f-ac71dfa1297b,A11.1 — Moral Realism,classification,Classification,classification_glyphs_attached,recorded,NOT_ESTABLISHED,active_candidate,not_applicable,D:\GitHub\Faith-through-physics-atoms\_docs\AXIOMS_PART1_MODE_CLASSIFICATION.md,,,Codex,2026-08-05T05:29:37+00:00,Attached Part 1 classification glyphs for A11.1 as FW_EXTENDED.,Glyphs classify and render the atom; they do not prove it.
tp:lane4/axioms/ax-part1-fw-extended-a11-1,sha256:dc3ec83c7e14975d423cf41191f2cba835d7d3a2dbc24915b2bea1c0009fc899,,cda9a356-671b-4b35-a3fd-7edf44b619e5,A11.1 — Moral Realism,classification,Classification,classification_glyphs_attached,recorded,NOT_ESTABLISHED,active_candidate,not_applicable,D:\GitHub\Faith-through-physics-atoms\_docs\AXIOMS_PART1_MODE_CLASSIFICATION.md,,,Codex,2026-08-05T05:30:27+00:00,Attached Part 1 classification glyphs for A11.1 as FW_EXTENDED.,Glyphs classify and render the atom; they do not prove it.
tp:lane4/axioms/ax-part1-fw-extended-a11-2,sha256:703f193120373a2d746555e0b61ec986c816d24617a2312754846196207c4bb5,,,A11.2 — Coherence-Morality Identity,classification,Classification,classification_imported,recorded,NOT_ESTABLISHED,active_candidate,not_applicable,O:\_Theophysics_v5\00_AXIOMS\_LOSSLESS_SUMMARY\AXIOMS_PART1_MODE_CLASSIFICATION.md,,,Codex,2026-07-28T19:10:19+00:00,Imported Part 1 mode classification row A11.2 as FW_EXTENDED.,Classification import is not proof and does not promote the claim to canon.
tp:lane4/axioms/ax-part1-fw-extended-a11-2,sha256:703f193120373a2d746555e0b61ec986c816d24617a2312754846196207c4bb5,,78088d36-16fc-4e4e-8f40-b989f084c7d9,A11.2 — Coherence-Morality Identity,classification,Classification,classification_glyphs_attached,recorded,NOT_ESTABLISHED,active_candidate,not_applicable,D:\GitHub\Faith-through-physics-atoms\_docs\AXIOMS_PART1_MODE_CLASSIFICATION.md,,,Codex,2026-08-05T05:29:37+00:00,Attached Part 1 classification glyphs for A11.2 as FW_EXTENDED.,Glyphs classify and render the atom; they do not prove it.
tp:lane4/axioms/ax-part1-fw-extended-a11-2,sha256:703f193120373a2d746555e0b61ec986c816d24617a2312754846196207c4bb5,,7b085c06-6fae-4d89-ba92-e200368e9c97,A11.2 — Coherence-Morality Identity,classification,Classification,classification_glyphs_attached,recorded,NOT_ESTABLISHED,active_candidate,not_applicable,D:\GitHub\Faith-through-physics-atoms\_docs\AXIOMS_PART1_MODE_CLASSIFICATION.md,,,Codex,2026-08-05T05:30:27+00:00,Attached Part 1 classification glyphs for A11.2 as FW_EXTENDED.,Glyphs classify and render the atom; they do not prove it.
tp:lane4/axioms/ax-part1-fw-extended-a12-1,sha256:0d7c27fc5c4274a95c568c1104ef7810ddc67a00afadd177f067558e93772780,,,A12.1 — Asymptotic Behavior,classification,Classification,classification_imported,recorded,NOT_ESTABLISHED,active_candidate,not_applicable,O:\_Theophysics_v5\00_AXIOMS\_LOSSLESS_SUMMARY\AXIOMS_PART1_MODE_CLASSIFICATION.md,,,Codex,2026-07-28T19:10:19+00:00,Imported Part 1 mode classification row A12.1 as FW_EXTENDED.,Classification import is not proof and does not promote the claim to canon.
tp:lane4/axioms/ax-part1-fw-extended-a12-1,sha256:0d7c27fc5c4274a95c568c1104ef7810ddc67a00afadd177f067558e93772780,,da8a88cc-fa09-4ab3-a60d-aa4462d2a6cf,A12.1 — Asymptotic Behavior,classification,Classification,classification_glyphs_attached,recorded,NOT_ESTABLISHED,active_candidate,not_applicable,D:\GitHub\Faith-through-physics-atoms\_docs\AXIOMS_PART1_MODE_CLASSIFICATION.md,,,Codex,2026-08-05T05:29:37+00:00,Attached Part 1 classification glyphs for A12.1 as FW_EXTENDED.,Glyphs classify and render the atom; they do not prove it.
tp:lane4/axioms/ax-part1-fw-extended-a12-1,sha256:0d7c27fc5c4274a95c568c1104ef7810ddc67a00afadd177f067558e93772780,,51643481-d989-4eeb-8943-6e9717258828,A12.1 — Asymptotic Behavior,classification,Classification,classification_glyphs_attached,recorded,NOT_ESTABLISHED,active_candidate,not_applicable,D:\GitHub\Faith-through-physics-atoms\_docs\AXIOMS_PART1_MODE_CLASSIFICATION.md,,,Codex,2026-08-05T05:30:27+00:00,Attached Part 1 classification glyphs for A12.1 as FW_EXTENDED.,Glyphs classify and render the atom; they do not prove it.
tp:lane4/axioms/ax-part1-fw-extended-a12-2,sha256:c86267363c9beaff8c625e785674a9c6ee61712e4f20c84f36004695a067fffe,,,A12.2 — Bimodal Outcome,classification,Classification,classification_imported,recorded,NOT_ESTABLISHED,active_candidate,not_applicable,O:\_Theophysics_v5\00_AXIOMS\_LOSSLESS_SUMMARY\AXIOMS_PART1_MODE_CLASSIFICATION.md,,,Codex,2026-07-28T19:10:19+00:00,Imported Part 1 mode classification row A12.2 as FW_EXTENDED.,Classification import is not proof and does not promote the claim to canon.
tp:lane4/axioms/ax-part1-fw-extended-a12-2,sha256:c86267363c9beaff8c625e785674a9c6ee61712e4f20c84f36004695a067fffe,,e6aeed97-75db-4531-89b4-0e37f678bf5d,A12.2 — Bimodal Outcome,classification,Classification,classification_glyphs_attached,recorded,NOT_ESTABLISHED,active_candidate,not_applicable,D:\GitHub\Faith-through-physics-atoms\_docs\AXIOMS_PART1_MODE_CLASSIFICATION.md,,,Codex,2026-08-05T05:29:37+00:00,Attached Part 1 classification glyphs for A12.2 as FW_EXTENDED.,Glyphs classify and render the atom; they do not prove it.
tp:lane4/axioms/ax-part1-fw-extended-a12-2,sha256:c86267363c9beaff8c625e785674a9c6ee61712e4f20c84f36004695a067fffe,,81e98e64-89fe-4681-bad3-83f0b150ad9a,A12.2 — Bimodal Outcome,classification,Classification,classification_glyphs_attached,recorded,NOT_ESTABLISHED,active_candidate,not_applicable,D:\GitHub\Faith-through-physics-atoms\_docs\AXIOMS_PART1_MODE_CLASSIFICATION.md,,,Codex,2026-08-05T05:30:27+00:00,Attached Part 1 classification glyphs for A12.2 as FW_EXTENDED.,Glyphs classify and render the atom; they do not prove it.
tp:lane4/axioms/ax-part1-fw-extended-a13-1,sha256:7c673185d83426fe1e9e80c70544f7662eff70c21079c939bc09f6aa87e87eb0,,,A13.1 — Chi Mediates Unification,classification,Classification,classification_imported,recorded,NOT_ESTABLISHED,active_candidate,not_applicable,O:\_Theophysics_v5\00_AXIOMS\_LOSSLESS_SUMMARY\AXIOMS_PART1_MODE_CLASSIFICATION.md,,,Codex,2026-07-28T19:10:19+00:00,Imported Part 1 mode classification row A13.1 as FW_EXTENDED.,Classification import is not proof and does not promote the claim to canon.
tp:lane4/axioms/ax-part1-fw-extended-a13-1,sha256:7c673185d83426fe1e9e80c70544f7662eff70c21079c939bc09f6aa87e87eb0,,e3b04623-c548-4b5f-b47b-b29294462997,A13.1 — Chi Mediates Unification,classification,Classification,classification_glyphs_attached,recorded,NOT_ESTABLISHED,active_candidate,not_applicable,D:\GitHub\Faith-through-physics-atoms\_docs\AXIOMS_PART1_MODE_CLASSIFICATION.md,,,Codex,2026-08-05T05:29:38+00:00,Attached Part 1 classification glyphs for A13.1 as FW_EXTENDED.,Glyphs classify and render the atom; they do not prove it.
tp:lane4/axioms/ax-part1-fw-extended-a13-1,sha256:7c673185d83426fe1e9e80c70544f7662eff70c21079c939bc09f6aa87e87eb0,,80d4719a-83c8-4dae-a714-3a1e223c0a1c,A13.1 — Chi Mediates Unification,classification,Classification,classification_glyphs_attached,recorded,NOT_ESTABLISHED,active_candidate,not_applicable,D:\GitHub\Faith-through-physics-atoms\_docs\AXIOMS_PART1_MODE_CLASSIFICATION.md,,,Codex,2026-08-05T05:30:27+00:00,Attached Part 1 classification glyphs for A13.1 as FW_EXTENDED.,Glyphs classify and render the atom; they do not prove it.
tp:lane4/axioms/ax-part1-fw-extended-a13-2,sha256:b659c255f2f7ffb2b5a830e651d4d12975825a472d95d0be982982daac653c11,,,A13.2 — Geometry From Information,classification,Classification,classification_imported,recorded,NOT_ESTABLISHED,active_candidate,not_applicable,O:\_Theophysics_v5\00_AXIOMS\_LOSSLESS_SUMMARY\AXIOMS_PART1_MODE_CLASSIFICATION.md,,,Codex,2026-07-28T19:10:19+00:00,Imported Part 1 mode classification row A13.2 as FW_EXTENDED.,Classification import is not proof and does not promote the claim to canon.
tp:lane4/axioms/ax-part1-fw-extended-a13-2,sha256:b659c255f2f7ffb2b5a830e651d4d12975825a472d95d0be982982daac653c11,,9e758c18-fda2-4ad3-9505-f0f0f87f5aed,A13.2 — Geometry From Information,classification,Classification,classification_glyphs_attached,recorded,NOT_ESTABLISHED,active_candidate,not_applicable,D:\GitHub\Faith-through-physics-atoms\_docs\AXIOMS_PART1_MODE_CLASSIFICATION.md,,,Codex,2026-08-05T05:29:38+00:00,Attached Part 1 classification glyphs for A13.2 as FW_EXTENDED.,Glyphs classify and render the atom; they do not prove it.
tp:lane4/axioms/ax-part1-fw-extended-a13-2,sha256:b659c255f2f7ffb2b5a830e651d4d12975825a472d95d0be982982daac653c11,,d2c5ab97-296e-4f0c-bf87-631ff5d3a851,A13.2 — Geometry From Information,classification,Classification,classification_glyphs_attached,recorded,NOT_ESTABLISHED,active_candidate,not_applicable,D:\GitHub\Faith-through-physics-atoms\_docs\AXIOMS_PART1_MODE_CLASSIFICATION.md,,,Codex,2026-08-05T05:30:27+00:00,Attached Part 1 classification glyphs for A13.2 as FW_EXTENDED.,Glyphs classify and render the atom; they do not prove it.
tp:lane4/axioms/ax-part1-fw-extended-a14-1,sha256:7cae07b6c91bf7fcf7d958f80533f35b4ef5e11167e19af6b3b6d93d615bdb05,,,A14.1 — Dynamic Dark Energy,classification,Classification,classification_imported,recorded,NOT_ESTABLISHED,active_candidate,not_applicable,O:\_Theophysics_v5\00_AXIOMS\_LOSSLESS_SUMMARY\AXIOMS_PART1_MODE_CLASSIFICATION.md,,,Codex,2026-07-28T19:10:19+00:00,Imported Part 1 mode classification row A14.1 as FW_EXTENDED.,Classification import is not proof and does not promote the claim to canon.
tp:lane4/axioms/ax-part1-fw-extended-a14-1,sha256:7cae07b6c91bf7fcf7d958f80533f35b4ef5e11167e19af6b3b6d93d615bdb05,,5d6648c7-290d-4ac4-9f1d-83cb050be59f,A14.1 — Dynamic Dark Energy,classification,Classification,classification_glyphs_attached,recorded,NOT_ESTABLISHED,active_candidate,not_applicable,D:\GitHub\Faith-through-physics-atoms\_docs\AXIOMS_PART1_MODE_CLASSIFICATION.md,,,Codex,2026-08-05T05:29:38+00:00,Attached Part 1 classification glyphs for A14.1 as FW_EXTENDED.,Glyphs classify and render the atom; they do not prove it.
tp:lane4/axioms/ax-part1-fw-extended-a14-1,sha256:7cae07b6c91bf7fcf7d958f80533f35b4ef5e11167e19af6b3b6d93d615bdb05,,4248a411-6903-4624-8d9d-98fc38ac3bc3,A14.1 — Dynamic Dark Energy,classification,Classification,classification_glyphs_attached,recorded,NOT_ESTABLISHED,active_candidate,not_applicable,D:\GitHub\Faith-through-physics-atoms\_docs\AXIOMS_PART1_MODE_CLASSIFICATION.md,,,Codex,2026-08-05T05:30:27+00:00,Attached Part 1 classification glyphs for A14.1 as FW_EXTENDED.,Glyphs classify and render the atom; they do not prove it.
tp:lane4/axioms/ax-part1-fw-extended-a17-2,sha256:467aaab02ed21ac8c5f4138a51643a012347da1bbc6e30282583f526be104f69,,,A17.2 — Substrate Independence,classification,Classification,classification_imported,recorded,NOT_ESTABLISHED,active_candidate_unanchored,not_applicable,O:\_Theophysics_v5\00_AXIOMS\_LOSSLESS_SUMMARY\AXIOMS_PART1_MODE_CLASSIFICATION.md,,,Codex,2026-07-28T19:10:19+00:00,Imported Part 1 mode classification row A17.2 as FW_EXTENDED.,Classification import is not proof and does not promote the claim to canon.
tp:lane4/axioms/ax-part1-fw-extended-a17-2,sha256:467aaab02ed21ac8c5f4138a51643a012347da1bbc6e30282583f526be104f69,,74a7ea5c-c16d-4ed0-9f18-0f0289168907,A17.2 — Substrate Independence,classification,Classification,classification_glyphs_attached,recorded,NOT_ESTABLISHED,active_candidate_unanchored,not_applicable,D:\GitHub\Faith-through-physics-atoms\_docs\AXIOMS_PART1_MODE_CLASSIFICATION.md,,,Codex,2026-08-05T05:29:38+00:00,Attached Part 1 classification glyphs for A17.2 as FW_EXTENDED.,Glyphs classify and render the atom; they do not prove it.
tp:lane4/axioms/ax-part1-fw-extended-a17-2,sha256:467aaab02ed21ac8c5f4138a51643a012347da1bbc6e30282583f526be104f69,,c6765417-7c1d-45ec-87c2-59a0fc7f1eb0,A17.2 — Substrate Independence,classification,Classification,classification_glyphs_attached,recorded,NOT_ESTABLISHED,active_candidate_unanchored,not_applicable,D:\GitHub\Faith-through-physics-atoms\_docs\AXIOMS_PART1_MODE_CLASSIFICATION.md,,,Codex,2026-08-05T05:30:27+00:00,Attached Part 1 classification glyphs for A17.2 as FW_EXTENDED.,Glyphs classify and render the atom; they do not prove it.
tp:lane4/axioms/ax-part1-fw-extended-a3-1,sha256:3e0885a5253ac50a6f7e39335620a349c088edd2c95074fb70eaae32ff35e0b0,,,A3.1 — Order Requirement,classification,Classification,classification_imported,recorded,NOT_ESTABLISHED,active_candidate,not_applicable,O:\_Theophysics_v5\00_AXIOMS\_LOSSLESS_SUMMARY\AXIOMS_PART1_MODE_CLASSIFICATION.md,,,Codex,2026-07-28T19:10:19+00:00,Imported Part 1 mode classification row A3.1 as FW_EXTENDED.,Classification import is not proof and does not promote the claim to canon.
tp:lane4/axioms/ax-part1-fw-extended-a3-1,sha256:3e0885a5253ac50a6f7e39335620a349c088edd2c95074fb70eaae32ff35e0b0,,c48cad89-aa85-48d7-a103-139b27fad241,A3.1 — Order Requirement,classification,Classification,classification_glyphs_attached,recorded,NOT_ESTABLISHED,active_candidate,not_applicable,D:\GitHub\Faith-through-physics-atoms\_docs\AXIOMS_PART1_MODE_CLASSIFICATION.md,,,Codex,2026-08-05T05:29:37+00:00,Attached Part 1 classification glyphs for A3.1 as FW_EXTENDED.,Glyphs classify and render the atom; they do not prove it.
tp:lane4/axioms/ax-part1-fw-extended-a3-1,sha256:3e0885a5253ac50a6f7e39335620a349c088edd2c95074fb70eaae32ff35e0b0,,a3969d3d-2ae9-4131-99d1-3ea4bd414c34,A3.1 — Order Requirement,classification,Classification,classification_glyphs_attached,recorded,NOT_ESTABLISHED,active_candidate,not_applicable,D:\GitHub\Faith-through-physics-atoms\_docs\AXIOMS_PART1_MODE_CLASSIFICATION.md,,,Codex,2026-08-05T05:30:27+00:00,Attached Part 1 classification glyphs for A3.1 as FW_EXTENDED.,Glyphs classify and render the atom; they do not prove it.
tp:lane4/axioms/ax-part1-fw-extended-a3-2,sha256:29468aa9145d7b448f149eba11c5fe844c028324a096335305e8cfb3010e5b00,,,A3.2 — Coherence Measure,classification,Classification,classification_imported,recorded,NOT_ESTABLISHED,active_candidate,not_applicable,O:\_Theophysics_v5\00_AXIOMS\_LOSSLESS_SUMMARY\AXIOMS_PART1_MODE_CLASSIFICATION.md,,,Codex,2026-07-28T19:10:19+00:00,Imported Part 1 mode classification row A3.2 as FW_EXTENDED.,Classification import is not proof and does not promote the claim to canon.
tp:lane4/axioms/ax-part1-fw-extended-a3-2,sha256:29468aa9145d7b448f149eba11c5fe844c028324a096335305e8cfb3010e5b00,,5392a785-52e3-4f09-b40f-10211eab09b8,A3.2 — Coherence Measure,classification,Classification,classification_glyphs_attached,recorded,NOT_ESTABLISHED,active_candidate,not_applicable,D:\GitHub\Faith-through-physics-atoms\_docs\AXIOMS_PART1_MODE_CLASSIFICATION.md,,,Codex,2026-08-05T05:29:37+00:00,Attached Part 1 classification glyphs for A3.2 as FW_EXTENDED.,Glyphs classify and render the atom; they do not prove it.
tp:lane4/axioms/ax-part1-fw-extended-a3-2,sha256:29468aa9145d7b448f149eba11c5fe844c028324a096335305e8cfb3010e5b00,,1b559ef6-5fcd-43c5-a30e-22217b4c0152,A3.2 — Coherence Measure,classification,Classification,classification_glyphs_attached,recorded,NOT_ESTABLISHED,active_candidate,not_applicable,D:\GitHub\Faith-through-physics-atoms\_docs\AXIOMS_PART1_MODE_CLASSIFICATION.md,,,Codex,2026-08-05T05:30:27+00:00,Attached Part 1 classification glyphs for A3.2 as FW_EXTENDED.,Glyphs classify and render the atom; they do not prove it.
tp:lane4/axioms/ax-part1-fw-extended-a4-1,sha256:03c047c1a14a9e3178e9e6fccd79538a6b534e9c2053f34b4940b328df3938fd,,,A4.1 — Parsimony,classification,Classification,classification_imported,recorded,NOT_ESTABLISHED,active_candidate,not_applicable,O:\_Theophysics_v5\00_AXIOMS\_LOSSLESS_SUMMARY\AXIOMS_PART1_MODE_CLASSIFICATION.md,,,Codex,2026-07-28T19:10:19+00:00,Imported Part 1 mode classification row A4.1 as FW_EXTENDED.,Classification import is not proof and does not promote the claim to canon.
tp:lane4/axioms/ax-part1-fw-extended-a4-1,sha256:03c047c1a14a9e3178e9e6fccd79538a6b534e9c2053f34b4940b328df3938fd,,0200ec4a-f9e7-4bcb-a581-6fe3795d592f,A4.1 — Parsimony,classification,Classification,classification_glyphs_attached,recorded,NOT_ESTABLISHED,active_candidate,not_applicable,D:\GitHub\Faith-through-physics-atoms\_docs\AXIOMS_PART1_MODE_CLASSIFICATION.md,,,Codex,2026-08-05T05:29:37+00:00,Attached Part 1 classification glyphs for A4.1 as FW_EXTENDED.,Glyphs classify and render the atom; they do not prove it.
tp:lane4/axioms/ax-part1-fw-extended-a4-1,sha256:03c047c1a14a9e3178e9e6fccd79538a6b534e9c2053f34b4940b328df3938fd,,014457b6-69a6-482f-8e49-3ba0be40e84c,A4.1 — Parsimony,classification,Classification,classification_glyphs_attached,recorded,NOT_ESTABLISHED,active_candidate,not_applicable,D:\GitHub\Faith-through-physics-atoms\_docs\AXIOMS_PART1_MODE_CLASSIFICATION.md,,,Codex,2026-08-05T05:30:27+00:00,Attached Part 1 classification glyphs for A4.1 as FW_EXTENDED.,Glyphs classify and render the atom; they do not prove it.
tp:lane4/axioms/ax-part1-fw-extended-a4-2,sha256:c54c5c5ebbbaae8c4d4211500d1ab67822a6219afc7eb8cc812039e5981e68be,,,A4.2 — Algorithmic Depth,classification,Classification,classification_imported,recorded,NOT_ESTABLISHED,active_candidate,not_applicable,O:\_Theophysics_v5\00_AXIOMS\_LOSSLESS_SUMMARY\AXIOMS_PART1_MODE_CLASSIFICATION.md,,,Codex,2026-07-28T19:10:19+00:00,Imported Part 1 mode classification row A4.2 as FW_EXTENDED.,Classification import is not proof and does not promote the claim to canon.
tp:lane4/axioms/ax-part1-fw-extended-a4-2,sha256:c54c5c5ebbbaae8c4d4211500d1ab67822a6219afc7eb8cc812039e5981e68be,,ff33f06f-89ec-4e2d-929b-a8f706747a89,A4.2 — Algorithmic Depth,classification,Classification,classification_glyphs_attached,recorded,NOT_ESTABLISHED,active_candidate,not_applicable,D:\GitHub\Faith-through-physics-atoms\_docs\AXIOMS_PART1_MODE_CLASSIFICATION.md,,,Codex,2026-08-05T05:29:37+00:00,Attached Part 1 classification glyphs for A4.2 as FW_EXTENDED.,Glyphs classify and render the atom; they do not prove it.
tp:lane4/axioms/ax-part1-fw-extended-a4-2,sha256:c54c5c5ebbbaae8c4d4211500d1ab67822a6219afc7eb8cc812039e5981e68be,,94316c66-f0f3-474b-a46c-a580eeff47c6,A4.2 — Algorithmic Depth,classification,Classification,classification_glyphs_attached,recorded,NOT_ESTABLISHED,active_candidate,not_applicable,D:\GitHub\Faith-through-physics-atoms\_docs\AXIOMS_PART1_MODE_CLASSIFICATION.md,,,Codex,2026-08-05T05:30:27+00:00,Attached Part 1 classification glyphs for A4.2 as FW_EXTENDED.,Glyphs classify and render the atom; they do not prove it.
tp:lane4/axioms/ax-part1-fw-extended-a5-2,sha256:d055a600a9cdfd2e5b5103bcc4d5e27a92c19eb44321cf998962c7a10b7a23a8,,,A5.2 — Participatory Universe,classification,Classification,classification_imported,recorded,NOT_ESTABLISHED,active_candidate,not_applicable,O:\_Theophysics_v5\00_AXIOMS\_LOSSLESS_SUMMARY\AXIOMS_PART1_MODE_CLASSIFICATION.md,,,Codex,2026-07-28T19:10:19+00:00,Imported Part 1 mode classification row A5.2 as FW_EXTENDED.,Classification import is not proof and does not promote the claim to canon.
tp:lane4/axioms/ax-part1-fw-extended-a5-2,sha256:d055a600a9cdfd2e5b5103bcc4d5e27a92c19eb44321cf998962c7a10b7a23a8,,8692d40c-c537-4ee0-abe1-22f0a6d3086b,A5.2 — Participatory Universe,classification,Classification,classification_glyphs_attached,recorded,NOT_ESTABLISHED,active_candidate,not_applicable,D:\GitHub\Faith-through-physics-atoms\_docs\AXIOMS_PART1_MODE_CLASSIFICATION.md,,,Codex,2026-08-05T05:29:37+00:00,Attached Part 1 classification glyphs for A5.2 as FW_EXTENDED.,Glyphs classify and render the atom; they do not prove it.
tp:lane4/axioms/ax-part1-fw-extended-a5-2,sha256:d055a600a9cdfd2e5b5103bcc4d5e27a92c19eb44321cf998962c7a10b7a23a8,,7d5100f0-d1b0-4496-9cfe-bbe945abb570,A5.2 — Participatory Universe,classification,Classification,classification_glyphs_attached,recorded,NOT_ESTABLISHED,active_candidate,not_applicable,D:\GitHub\Faith-through-physics-atoms\_docs\AXIOMS_PART1_MODE_CLASSIFICATION.md,,,Codex,2026-08-05T05:30:27+00:00,Attached Part 1 classification glyphs for A5.2 as FW_EXTENDED.,Glyphs classify and render the atom; they do not prove it.
tp:lane4/axioms/ax-part1-fw-extended-a6-1,sha256:0ad7812a51e2387e5b9438c2199e840446b6cc9acb9daefa6fc5c0776981c9a5,,,A6.1 — Superposition,classification,Classification,classification_imported,recorded,NOT_ESTABLISHED,active_candidate,not_applicable,O:\_Theophysics_v5\00_AXIOMS\_LOSSLESS_SUMMARY\AXIOMS_PART1_MODE_CLASSIFICATION.md,,,Codex,2026-07-28T19:10:19+00:00,Imported Part 1 mode classification row A6.1 as FW_EXTENDED.,Classification import is not proof and does not promote the claim to canon.
tp:lane4/axioms/ax-part1-fw-extended-a6-1,sha256:0ad7812a51e2387e5b9438c2199e840446b6cc9acb9daefa6fc5c0776981c9a5,,fc9517dc-7630-4b78-9967-65a36cac73bd,A6.1 — Superposition,classification,Classification,classification_glyphs_attached,recorded,NOT_ESTABLISHED,active_candidate,not_applicable,D:\GitHub\Faith-through-physics-atoms\_docs\AXIOMS_PART1_MODE_CLASSIFICATION.md,,,Codex,2026-08-05T05:29:37+00:00,Attached Part 1 classification glyphs for A6.1 as FW_EXTENDED.,Glyphs classify and render the atom; they do not prove it.
tp:lane4/axioms/ax-part1-fw-extended-a6-1,sha256:0ad7812a51e2387e5b9438c2199e840446b6cc9acb9daefa6fc5c0776981c9a5,,f58fa482-fa11-4a77-bb58-d4852ed804f9,A6.1 — Superposition,classification,Classification,classification_glyphs_attached,recorded,NOT_ESTABLISHED,active_candidate,not_applicable,D:\GitHub\Faith-through-physics-atoms\_docs\AXIOMS_PART1_MODE_CLASSIFICATION.md,,,Codex,2026-08-05T05:30:27+00:00,Attached Part 1 classification glyphs for A6.1 as FW_EXTENDED.,Glyphs classify and render the atom; they do not prove it.
tp:lane4/axioms/ax-part1-fw-extended-a6-2,sha256:fabd40a7632546e9b6d82b60a44acfe86290a9a2f03fc1160f1ca0ed85f99ebe,,,A6.2 — Collapse,classification,Classification,classification_imported,recorded,NOT_ESTABLISHED,active_candidate,not_applicable,O:\_Theophysics_v5\00_AXIOMS\_LOSSLESS_SUMMARY\AXIOMS_PART1_MODE_CLASSIFICATION.md,,,Codex,2026-07-28T19:10:19+00:00,Imported Part 1 mode classification row A6.2 as FW_EXTENDED.,Classification import is not proof and does not promote the claim to canon.
tp:lane4/axioms/ax-part1-fw-extended-a6-2,sha256:fabd40a7632546e9b6d82b60a44acfe86290a9a2f03fc1160f1ca0ed85f99ebe,,18968e15-c8d5-4c81-8198-97f2d9c76b26,A6.2 — Collapse,classification,Classification,classification_glyphs_attached,recorded,NOT_ESTABLISHED,active_candidate,not_applicable,D:\GitHub\Faith-through-physics-atoms\_docs\AXIOMS_PART1_MODE_CLASSIFICATION.md,,,Codex,2026-08-05T05:29:37+00:00,Attached Part 1 classification glyphs for A6.2 as FW_EXTENDED.,Glyphs classify and render the atom; they do not prove it.
tp:lane4/axioms/ax-part1-fw-extended-a6-2,sha256:fabd40a7632546e9b6d82b60a44acfe86290a9a2f03fc1160f1ca0ed85f99ebe,,71ab92c7-7077-4df5-a7b2-88a82d99ee1c,A6.2 — Collapse,classification,Classification,classification_glyphs_attached,recorded,NOT_ESTABLISHED,active_candidate,not_applicable,D:\GitHub\Faith-through-physics-atoms\_docs\AXIOMS_PART1_MODE_CLASSIFICATION.md,,,Codex,2026-08-05T05:30:27+00:00,Attached Part 1 classification glyphs for A6.2 as FW_EXTENDED.,Glyphs classify and render the atom; they do not prove it.
tp:lane4/axioms/ax-part1-fw-extended-a6-3,sha256:c96297ece31ff2898d470f0a23d99f7750c73269a498db1a8eef5bd1ad53ee85,,,A6.3 — Irreversibility,classification,Classification,classification_imported,recorded,NOT_ESTABLISHED,active_candidate,not_applicable,O:\_Theophysics_v5\00_AXIOMS\_LOSSLESS_SUMMARY\AXIOMS_PART1_MODE_CLASSIFICATION.md,,,Codex,2026-07-28T19:10:19+00:00,Imported Part 1 mode classification row A6.3 as FW_EXTENDED.,Classification import is not proof and does not promote the claim to canon.
tp:lane4/axioms/ax-part1-fw-extended-a6-3,sha256:c96297ece31ff2898d470f0a23d99f7750c73269a498db1a8eef5bd1ad53ee85,,65021fd8-3d60-45e2-865b-1a2ddf65c1c8,A6.3 — Irreversibility,classification,Classification,classification_glyphs_attached,recorded,NOT_ESTABLISHED,active_candidate,not_applicable,D:\GitHub\Faith-through-physics-atoms\_docs\AXIOMS_PART1_MODE_CLASSIFICATION.md,,,Codex,2026-08-05T05:29:37+00:00,Attached Part 1 classification glyphs for A6.3 as FW_EXTENDED.,Glyphs classify and render the atom; they do not prove it.
tp:lane4/axioms/ax-part1-fw-extended-a6-3,sha256:c96297ece31ff2898d470f0a23d99f7750c73269a498db1a8eef5bd1ad53ee85,,b62dd4c9-e5e1-4f7a-94c7-9723064f8954,A6.3 — Irreversibility,classification,Classification,classification_glyphs_attached,recorded,NOT_ESTABLISHED,active_candidate,not_applicable,D:\GitHub\Faith-through-physics-atoms\_docs\AXIOMS_PART1_MODE_CLASSIFICATION.md,,,Codex,2026-08-05T05:30:27+00:00,Attached Part 1 classification glyphs for A6.3 as FW_EXTENDED.,Glyphs classify and render the atom; they do not prove it.
tp:lane4/axioms/ax-part1-fw-extended-a7-1,sha256:1726806e540336a0761cf6ba4af1a7175f0cfee982f6b28e0d6f9a31bca95158,,,A7.1 — Closure Requirement,classification,Classification,classification_imported,recorded,NOT_ESTABLISHED,active_candidate_unanchored,not_applicable,O:\_Theophysics_v5\00_AXIOMS\_LOSSLESS_SUMMARY\AXIOMS_PART1_MODE_CLASSIFICATION.md,,,Codex,2026-07-28T19:10:19+00:00,Imported Part 1 mode classification row A7.1 as FW_EXTENDED.,Classification import is not proof and does not promote the claim to canon.
tp:lane4/axioms/ax-part1-fw-extended-a7-1,sha256:1726806e540336a0761cf6ba4af1a7175f0cfee982f6b28e0d6f9a31bca95158,,39b92953-5fee-4109-8847-be12c3ed5320,A7.1 — Closure Requirement,classification,Classification,classification_glyphs_attached,recorded,NOT_ESTABLISHED,active_candidate_unanchored,not_applicable,D:\GitHub\Faith-through-physics-atoms\_docs\AXIOMS_PART1_MODE_CLASSIFICATION.md,,,Codex,2026-08-05T05:29:37+00:00,Attached Part 1 classification glyphs for A7.1 as FW_EXTENDED.,Glyphs classify and render the atom; they do not prove it.
tp:lane4/axioms/ax-part1-fw-extended-a7-1,sha256:1726806e540336a0761cf6ba4af1a7175f0cfee982f6b28e0d6f9a31bca95158,,2f48a809-613c-4e46-851e-a3629981119d,A7.1 — Closure Requirement,classification,Classification,classification_glyphs_attached,recorded,NOT_ESTABLISHED,active_candidate_unanchored,not_applicable,D:\GitHub\Faith-through-physics-atoms\_docs\AXIOMS_PART1_MODE_CLASSIFICATION.md,,,Codex,2026-08-05T05:30:27+00:00,Attached Part 1 classification glyphs for A7.1 as FW_EXTENDED.,Glyphs classify and render the atom; they do not prove it.
tp:lane4/axioms/ax-part1-fw-extended-a7-2,sha256:184a0867b8ef75781f7472ed5c7fffdbeed286b6fe11cee89ba1940a5da1f623,,,A7.2 — Uniqueness From Boundary Conditions,classification,Classification,classification_imported,recorded,NOT_ESTABLISHED,active_candidate_unanchored,not_applicable,O:\_Theophysics_v5\00_AXIOMS\_LOSSLESS_SUMMARY\AXIOMS_PART1_MODE_CLASSIFICATION.md,,,Codex,2026-07-28T19:10:19+00:00,Imported Part 1 mode classification row A7.2 as FW_EXTENDED.,Classification import is not proof and does not promote the claim to canon.
tp:lane4/axioms/ax-part1-fw-extended-a7-2,sha256:184a0867b8ef75781f7472ed5c7fffdbeed286b6fe11cee89ba1940a5da1f623,,6da17312-9a57-43b9-b249-b8cd4328a480,A7.2 — Uniqueness From Boundary Conditions,classification,Classification,classification_glyphs_attached,recorded,NOT_ESTABLISHED,active_candidate_unanchored,not_applicable,D:\GitHub\Faith-through-physics-atoms\_docs\AXIOMS_PART1_MODE_CLASSIFICATION.md,,,Codex,2026-08-05T05:29:37+00:00,Attached Part 1 classification glyphs for A7.2 as FW_EXTENDED.,Glyphs classify and render the atom; they do not prove it.
tp:lane4/axioms/ax-part1-fw-extended-a7-2,sha256:184a0867b8ef75781f7472ed5c7fffdbeed286b6fe11cee89ba1940a5da1f623,,37c15d68-5b58-46da-abd7-27d844fb55b0,A7.2 — Uniqueness From Boundary Conditions,classification,Classification,classification_glyphs_attached,recorded,NOT_ESTABLISHED,active_candidate_unanchored,not_applicable,D:\GitHub\Faith-through-physics-atoms\_docs\AXIOMS_PART1_MODE_CLASSIFICATION.md,,,Codex,2026-08-05T05:30:27+00:00,Attached Part 1 classification glyphs for A7.2 as FW_EXTENDED.,Glyphs classify and render the atom; they do not prove it.
tp:lane4/axioms/ax-part1-fw-extended-a8-1,sha256:43cea9f5624986847af6146f843a0b7cc84482dfcfbc5df5e06a31513643af20,,,A8.1 — Binary Distinction,classification,Classification,classification_imported,recorded,NOT_ESTABLISHED,active_candidate,not_applicable,O:\_Theophysics_v5\00_AXIOMS\_LOSSLESS_SUMMARY\AXIOMS_PART1_MODE_CLASSIFICATION.md,,,Codex,2026-07-28T19:10:19+00:00,Imported Part 1 mode classification row A8.1 as FW_EXTENDED.,Classification import is not proof and does not promote the claim to canon.
tp:lane4/axioms/ax-part1-fw-extended-a8-1,sha256:43cea9f5624986847af6146f843a0b7cc84482dfcfbc5df5e06a31513643af20,,6a95cd9b-9ee9-4847-afc3-0c3f84701f4a,A8.1 — Binary Distinction,classification,Classification,classification_glyphs_attached,recorded,NOT_ESTABLISHED,active_candidate,not_applicable,D:\GitHub\Faith-through-physics-atoms\_docs\AXIOMS_PART1_MODE_CLASSIFICATION.md,,,Codex,2026-08-05T05:29:37+00:00,Attached Part 1 classification glyphs for A8.1 as FW_EXTENDED.,Glyphs classify and render the atom; they do not prove it.
tp:lane4/axioms/ax-part1-fw-extended-a8-1,sha256:43cea9f5624986847af6146f843a0b7cc84482dfcfbc5df5e06a31513643af20,,c65d2d2a-c46c-4fdc-aa09-7edb9574a1b1,A8.1 — Binary Distinction,classification,Classification,classification_glyphs_attached,recorded,NOT_ESTABLISHED,active_candidate,not_applicable,D:\GitHub\Faith-through-physics-atoms\_docs\AXIOMS_PART1_MODE_CLASSIFICATION.md,,,Codex,2026-08-05T05:30:27+00:00,Attached Part 1 classification glyphs for A8.1 as FW_EXTENDED.,Glyphs classify and render the atom; they do not prove it.
tp:lane4/axioms/ax-part1-fw-extended-a8-2,sha256:110a50c52adecf6900978d920fbf3035cdbe6aa16cae1ae4ace67899b5da0576,,,A8.2 — Sign Conservation,classification,Classification,classification_imported,recorded,NOT_ESTABLISHED,active_candidate,not_applicable,O:\_Theophysics_v5\00_AXIOMS\_LOSSLESS_SUMMARY\AXIOMS_PART1_MODE_CLASSIFICATION.md,,,Codex,2026-07-28T19:10:19+00:00,Imported Part 1 mode classification row A8.2 as FW_EXTENDED.,Classification import is not proof and does not promote the claim to canon.
tp:lane4/axioms/ax-part1-fw-extended-a8-2,sha256:110a50c52adecf6900978d920fbf3035cdbe6aa16cae1ae4ace67899b5da0576,,a91101c3-3162-405b-a2f5-d58003c3f526,A8.2 — Sign Conservation,classification,Classification,classification_glyphs_attached,recorded,NOT_ESTABLISHED,active_candidate,not_applicable,D:\GitHub\Faith-through-physics-atoms\_docs\AXIOMS_PART1_MODE_CLASSIFICATION.md,,,Codex,2026-08-05T05:29:37+00:00,Attached Part 1 classification glyphs for A8.2 as FW_EXTENDED.,Glyphs classify and render the atom; they do not prove it.
tp:lane4/axioms/ax-part1-fw-extended-a8-2,sha256:110a50c52adecf6900978d920fbf3035cdbe6aa16cae1ae4ace67899b5da0576,,d0ac80dd-bb22-4309-b768-de71786b5b3b,A8.2 — Sign Conservation,classification,Classification,classification_glyphs_attached,recorded,NOT_ESTABLISHED,active_candidate,not_applicable,D:\GitHub\Faith-through-physics-atoms\_docs\AXIOMS_PART1_MODE_CLASSIFICATION.md,,,Codex,2026-08-05T05:30:27+00:00,Attached Part 1 classification glyphs for A8.2 as FW_EXTENDED.,Glyphs classify and render the atom; they do not prove it.
tp:lane4/axioms/ax-part1-fw-extended-a9-1,sha256:501bb1687d3af1366fd240f7867373a39808769d5327f92762dc8d877eab9db6,,,A9.1 — External Intervention Required,classification,Classification,classification_imported,recorded,NOT_ESTABLISHED,active_candidate,not_applicable,O:\_Theophysics_v5\00_AXIOMS\_LOSSLESS_SUMMARY\AXIOMS_PART1_MODE_CLASSIFICATION.md,,,Codex,2026-07-28T19:10:19+00:00,Imported Part 1 mode classification row A9.1 as FW_EXTENDED.,Classification import is not proof and does not promote the claim to canon.
tp:lane4/axioms/ax-part1-fw-extended-a9-1,sha256:501bb1687d3af1366fd240f7867373a39808769d5327f92762dc8d877eab9db6,,ce04e00b-2238-4dd6-983f-bc0c3842c821,A9.1 — External Intervention Required,classification,Classification,classification_glyphs_attached,recorded,NOT_ESTABLISHED,active_candidate,not_applicable,D:\GitHub\Faith-through-physics-atoms\_docs\AXIOMS_PART1_MODE_CLASSIFICATION.md,,,Codex,2026-08-05T05:29:37+00:00,Attached Part 1 classification glyphs for A9.1 as FW_EXTENDED.,Glyphs classify and render the atom; they do not prove it.
tp:lane4/axioms/ax-part1-fw-extended-a9-1,sha256:501bb1687d3af1366fd240f7867373a39808769d5327f92762dc8d877eab9db6,,9bdbea14-117c-4cf2-b758-8c59554449ea,A9.1 — External Intervention Required,classification,Classification,classification_glyphs_attached,recorded,NOT_ESTABLISHED,active_candidate,not_applicable,D:\GitHub\Faith-through-physics-atoms\_docs\AXIOMS_PART1_MODE_CLASSIFICATION.md,,,Codex,2026-08-05T05:30:27+00:00,Attached Part 1 classification glyphs for A9.1 as FW_EXTENDED.,Glyphs classify and render the atom; they do not prove it.
tp:lane4/axioms/ax-part1-fw-extended-a9-2,sha256:fbf506a02f80550dc002ecabd6b985f43505e2f57de77456c18de981a9923cbf,,,A9.2 — Non-Unitarity Of Grace,classification,Classification,classification_imported,recorded,NOT_ESTABLISHED,active_candidate,not_applicable,O:\_Theophysics_v5\00_AXIOMS\_LOSSLESS_SUMMARY\AXIOMS_PART1_MODE_CLASSIFICATION.md,,,Codex,2026-07-28T19:10:19+00:00,Imported Part 1 mode classification row A9.2 as FW_EXTENDED.,Classification import is not proof and does not promote the claim to canon.
tp:lane4/axioms/ax-part1-fw-extended-a9-2,sha256:fbf506a02f80550dc002ecabd6b985f43505e2f57de77456c18de981a9923cbf,,8fcddc4d-dc20-4336-a127-5f3cebc9b223,A9.2 — Non-Unitarity Of Grace,classification,Classification,classification_glyphs_attached,recorded,NOT_ESTABLISHED,active_candidate,not_applicable,D:\GitHub\Faith-through-physics-atoms\_docs\AXIOMS_PART1_MODE_CLASSIFICATION.md,,,Codex,2026-08-05T05:29:37+00:00,Attached Part 1 classification glyphs for A9.2 as FW_EXTENDED.,Glyphs classify and render the atom; they do not prove it.
tp:lane4/axioms/ax-part1-fw-extended-a9-2,sha256:fbf506a02f80550dc002ecabd6b985f43505e2f57de77456c18de981a9923cbf,,a9456a21-e2c3-4300-9ea2-a617a04542b7,A9.2 — Non-Unitarity Of Grace,classification,Classification,classification_glyphs_attached,recorded,NOT_ESTABLISHED,active_candidate,not_applicable,D:\GitHub\Faith-through-physics-atoms\_docs\AXIOMS_PART1_MODE_CLASSIFICATION.md,,,Codex,2026-08-05T05:30:27+00:00,Attached Part 1 classification glyphs for A9.2 as FW_EXTENDED.,Glyphs classify and render the atom; they do not prove it.
tp:lane4/axioms/ax-part1-fw-extended-bc1,sha256:fc37224c51dac450e21e36b08f929630f77952089fbffa612424eb41401c3fab,,,BC1 — Terminal Observer Exists,classification,Classification,classification_imported,recorded,NOT_ESTABLISHED,active_candidate_unanchored,not_applicable,O:\_Theophysics_v5\00_AXIOMS\_LOSSLESS_SUMMARY\AXIOMS_PART1_MODE_CLASSIFICATION.md,,,Codex,2026-07-28T19:10:19+00:00,Imported Part 1 mode classification row BC1 as FW_EXTENDED.,Classification import is not proof and does not promote the claim to canon.
tp:lane4/axioms/ax-part1-fw-extended-bc1,sha256:fc37224c51dac450e21e36b08f929630f77952089fbffa612424eb41401c3fab,,6c8b6674-4551-4da3-9c5d-833f4275fc99,BC1 — Terminal Observer Exists,classification,Classification,classification_glyphs_attached,recorded,NOT_ESTABLISHED,active_candidate_unanchored,not_applicable,D:\GitHub\Faith-through-physics-atoms\_docs\AXIOMS_PART1_MODE_CLASSIFICATION.md,,,Codex,2026-08-05T05:29:37+00:00,Attached Part 1 classification glyphs for BC1 as FW_EXTENDED.,Glyphs classify and render the atom; they do not prove it.
tp:lane4/axioms/ax-part1-fw-extended-bc1,sha256:fc37224c51dac450e21e36b08f929630f77952089fbffa612424eb41401c3fab,,f0440457-9181-479a-a2da-3a81bf442b4b,BC1 — Terminal Observer Exists,classification,Classification,classification_glyphs_attached,recorded,NOT_ESTABLISHED,active_candidate_unanchored,not_applicable,D:\GitHub\Faith-through-physics-atoms\_docs\AXIOMS_PART1_MODE_CLASSIFICATION.md,,,Codex,2026-08-05T05:30:27+00:00,Attached Part 1 classification glyphs for BC1 as FW_EXTENDED.,Glyphs classify and render the atom; they do not prove it.
tp:lane4/axioms/ax-part1-fw-extended-bc3,sha256:bdad3f0aa1f1fe7a26fa24c1abbb85c1d47f0b3b6cc6e584bb0455e8bd797efd,,,BC3 — Measurement Orthogonality,classification,Classification,classification_imported,recorded,NOT_ESTABLISHED,active_candidate_unanchored,not_applicable,O:\_Theophysics_v5\00_AXIOMS\_LOSSLESS_SUMMARY\AXIOMS_PART1_MODE_CLASSIFICATION.md,,,Codex,2026-07-28T19:10:19+00:00,Imported Part 1 mode classification row BC3 as FW_EXTENDED.,Classification import is not proof and does not promote the claim to canon.
tp:lane4/axioms/ax-part1-fw-extended-bc3,sha256:bdad3f0aa1f1fe7a26fa24c1abbb85c1d47f0b3b6cc6e584bb0455e8bd797efd,,627eea4b-94c9-4c5c-a7b0-4bb93ee77f49,BC3 — Measurement Orthogonality,classification,Classification,classification_glyphs_attached,recorded,NOT_ESTABLISHED,active_candidate_unanchored,not_applicable,D:\GitHub\Faith-through-physics-atoms\_docs\AXIOMS_PART1_MODE_CLASSIFICATION.md,,,Codex,2026-08-05T05:29:37+00:00,Attached Part 1 classification glyphs for BC3 as FW_EXTENDED.,Glyphs classify and render the atom; they do not prove it.
tp:lane4/axioms/ax-part1-fw-extended-bc3,sha256:bdad3f0aa1f1fe7a26fa24c1abbb85c1d47f0b3b6cc6e584bb0455e8bd797efd,,05b8b1ea-5fd5-482f-b7ab-da284b065e7f,BC3 — Measurement Orthogonality,classification,Classification,classification_glyphs_attached,recorded,NOT_ESTABLISHED,active_candidate_unanchored,not_applicable,D:\GitHub\Faith-through-physics-atoms\_docs\AXIOMS_PART1_MODE_CLASSIFICATION.md,,,Codex,2026-08-05T05:30:27+00:00,Attached Part 1 classification glyphs for BC3 as FW_EXTENDED.,Glyphs classify and render the atom; they do not prove it.
tp:lane4/axioms/ax-part1-fw-extended-bc5,sha256:0e653f4c09ac7fb9804524e24f4cae8bdcd367408b863f7373d3826e18eda135,,,BC5 — Superposition Preserved Until Collapse,classification,Classification,classification_imported,recorded,NOT_ESTABLISHED,active_candidate,not_applicable,O:\_Theophysics_v5\00_AXIOMS\_LOSSLESS_SUMMARY\AXIOMS_PART1_MODE_CLASSIFICATION.md,,,Codex,2026-07-28T19:10:19+00:00,Imported Part 1 mode classification row BC5 as FW_EXTENDED.,Classification import is not proof and does not promote the claim to canon.
tp:lane4/axioms/ax-part1-fw-extended-bc5,sha256:0e653f4c09ac7fb9804524e24f4cae8bdcd367408b863f7373d3826e18eda135,,c04b96c2-c59f-4db8-ad74-f458df85b4df,BC5 — Superposition Preserved Until Collapse,classification,Classification,classification_glyphs_attached,recorded,NOT_ESTABLISHED,active_candidate,not_applicable,D:\GitHub\Faith-through-physics-atoms\_docs\AXIOMS_PART1_MODE_CLASSIFICATION.md,,,Codex,2026-08-05T05:29:37+00:00,Attached Part 1 classification glyphs for BC5 as FW_EXTENDED.,Glyphs classify and render the atom; they do not prove it.
tp:lane4/axioms/ax-part1-fw-extended-bc5,sha256:0e653f4c09ac7fb9804524e24f4cae8bdcd367408b863f7373d3826e18eda135,,5dd5f91f-e087-4084-a324-cf090b84232c,BC5 — Superposition Preserved Until Collapse,classification,Classification,classification_glyphs_attached,recorded,NOT_ESTABLISHED,active_candidate,not_applicable,D:\GitHub\Faith-through-physics-atoms\_docs\AXIOMS_PART1_MODE_CLASSIFICATION.md,,,Codex,2026-08-05T05:30:27+00:00,Attached Part 1 classification glyphs for BC5 as FW_EXTENDED.,Glyphs classify and render the atom; they do not prove it.
tp:lane4/axioms/ax-part1-fw-extended-bc9,sha256:8d5dbe590d2c4c142c404db65b313381349089015d13305a455fed4b630edb22,,,BC9 — Opacity Requirement,classification,Classification,classification_imported,recorded,NOT_ESTABLISHED,active_candidate,not_applicable,O:\_Theophysics_v5\00_AXIOMS\_LOSSLESS_SUMMARY\AXIOMS_PART1_MODE_CLASSIFICATION.md,,,Codex,2026-07-28T19:10:19+00:00,Imported Part 1 mode classification row BC9 as FW_EXTENDED.,Classification import is not proof and does not promote the claim to canon.
tp:lane4/axioms/ax-part1-fw-extended-bc9,sha256:8d5dbe590d2c4c142c404db65b313381349089015d13305a455fed4b630edb22,,e9107d7a-7d96-41cc-b7c3-74c3527f817b,BC9 — Opacity Requirement,classification,Classification,classification_glyphs_attached,recorded,NOT_ESTABLISHED,active_candidate,not_applicable,D:\GitHub\Faith-through-physics-atoms\_docs\AXIOMS_PART1_MODE_CLASSIFICATION.md,,,Codex,2026-08-05T05:29:38+00:00,Attached Part 1 classification glyphs for BC9 as FW_EXTENDED.,Glyphs classify and render the atom; they do not prove it.
tp:lane4/axioms/ax-part1-fw-extended-bc9,sha256:8d5dbe590d2c4c142c404db65b313381349089015d13305a455fed4b630edb22,,041cc374-c547-43a1-8920-344b9756d396,BC9 — Opacity Requirement,classification,Classification,classification_glyphs_attached,recorded,NOT_ESTABLISHED,active_candidate,not_applicable,D:\GitHub\Faith-through-physics-atoms\_docs\AXIOMS_PART1_MODE_CLASSIFICATION.md,,,Codex,2026-08-05T05:30:27+00:00,Attached Part 1 classification glyphs for BC9 as FW_EXTENDED.,Glyphs classify and render the atom; they do not prove it.
tp:lane4/axioms/ax-part1-fw-extended-c8-1,sha256:a3a98dae47d48e5b311f0cd56759207a759c6c22edff07fcdeda238b8f473ac9,,,C8.1 — Self-Flip Impossible,classification,Classification,classification_imported,recorded,NOT_ESTABLISHED,active_candidate,not_applicable,O:\_Theophysics_v5\00_AXIOMS\_LOSSLESS_SUMMARY\AXIOMS_PART1_MODE_CLASSIFICATION.md,,,Codex,2026-07-28T19:10:19+00:00,Imported Part 1 mode classification row C8.1 as FW_EXTENDED.,Classification import is not proof and does not promote the claim to canon.
tp:lane4/axioms/ax-part1-fw-extended-c8-1,sha256:a3a98dae47d48e5b311f0cd56759207a759c6c22edff07fcdeda238b8f473ac9,,3690ce07-bf26-4da5-8249-4c00094bdbc3,C8.1 — Self-Flip Impossible,classification,Classification,classification_glyphs_attached,recorded,NOT_ESTABLISHED,active_candidate,not_applicable,D:\GitHub\Faith-through-physics-atoms\_docs\AXIOMS_PART1_MODE_CLASSIFICATION.md,,,Codex,2026-08-05T05:29:37+00:00,Attached Part 1 classification glyphs for C8.1 as FW_EXTENDED.,Glyphs classify and render the atom; they do not prove it.
tp:lane4/axioms/ax-part1-fw-extended-c8-1,sha256:a3a98dae47d48e5b311f0cd56759207a759c6c22edff07fcdeda238b8f473ac9,,3d6e1b11-88c3-4ea2-a50c-ec2be37a8823,C8.1 — Self-Flip Impossible,classification,Classification,classification_glyphs_attached,recorded,NOT_ESTABLISHED,active_candidate,not_applicable,D:\GitHub\Faith-through-physics-atoms\_docs\AXIOMS_PART1_MODE_CLASSIFICATION.md,,,Codex,2026-08-05T05:30:27+00:00,Attached Part 1 classification glyphs for C8.1 as FW_EXTENDED.,Glyphs classify and render the atom; they do not prove it.
tp:lane4/axioms/ax-part1-fw-extended-c8-2,sha256:143f65d4af528424b1e7a71a964a9614c23898e28c322243433d62f10ec7a7d1,,,C8.2 — Works Salvation Impossible,classification,Classification,classification_imported,recorded,NOT_ESTABLISHED,active_candidate,not_applicable,O:\_Theophysics_v5\00_AXIOMS\_LOSSLESS_SUMMARY\AXIOMS_PART1_MODE_CLASSIFICATION.md,,,Codex,2026-07-28T19:10:19+00:00,Imported Part 1 mode classification row C8.2 as FW_EXTENDED.,Classification import is not proof and does not promote the claim to canon.
tp:lane4/axioms/ax-part1-fw-extended-c8-2,sha256:143f65d4af528424b1e7a71a964a9614c23898e28c322243433d62f10ec7a7d1,,ba807b8a-2c26-404b-8912-dbe8a429aa43,C8.2 — Works Salvation Impossible,classification,Classification,classification_glyphs_attached,recorded,NOT_ESTABLISHED,active_candidate,not_applicable,D:\GitHub\Faith-through-physics-atoms\_docs\AXIOMS_PART1_MODE_CLASSIFICATION.md,,,Codex,2026-08-05T05:29:37+00:00,Attached Part 1 classification glyphs for C8.2 as FW_EXTENDED.,Glyphs classify and render the atom; they do not prove it.
tp:lane4/axioms/ax-part1-fw-extended-c8-2,sha256:143f65d4af528424b1e7a71a964a9614c23898e28c322243433d62f10ec7a7d1,,0cc3b8ec-cee1-43e5-a9ed-d710221b4ec9,C8.2 — Works Salvation Impossible,classification,Classification,classification_glyphs_attached,recorded,NOT_ESTABLISHED,active_candidate,not_applicable,D:\GitHub\Faith-through-physics-atoms\_docs\AXIOMS_PART1_MODE_CLASSIFICATION.md,,,Codex,2026-08-05T05:30:27+00:00,Attached Part 1 classification glyphs for C8.2 as FW_EXTENDED.,Glyphs classify and render the atom; they do not prove it.
tp:lane4/axioms/ax-part1-fw-extended-closure,sha256:febd2dbd8b2e545a3ea663d26b393f38d81351132d46aa43dd81b74151bb6042,,,CLOSURE - Axiom Chain Complete,classification,Classification,classification_imported,recorded,NOT_ESTABLISHED,active_candidate,not_applicable,O:\_Theophysics_v5\00_AXIOMS\_LOSSLESS_SUMMARY\AXIOMS_PART1_MODE_CLASSIFICATION.md,,,Codex,2026-07-28T19:10:19+00:00,Imported Part 1 mode classification row CLOSURE as FW_EXTENDED.,Classification import is not proof and does not promote the claim to canon.
tp:lane4/axioms/ax-part1-fw-extended-closure,sha256:febd2dbd8b2e545a3ea663d26b393f38d81351132d46aa43dd81b74151bb6042,,1e178a27-cc73-4540-ae27-0a4c7cfb6bcd,CLOSURE - Axiom Chain Complete,classification,Classification,classification_glyphs_attached,recorded,NOT_ESTABLISHED,active_candidate,not_applicable,D:\GitHub\Faith-through-physics-atoms\_docs\AXIOMS_PART1_MODE_CLASSIFICATION.md,,,Codex,2026-08-05T05:29:38+00:00,Attached Part 1 classification glyphs for CLOSURE as FW_EXTENDED.,Glyphs classify and render the atom; they do not prove it.
tp:lane4/axioms/ax-part1-fw-extended-closure,sha256:febd2dbd8b2e545a3ea663d26b393f38d81351132d46aa43dd81b74151bb6042,,ee0168cb-8cb4-4499-99f1-7803e383d9b6,CLOSURE - Axiom Chain Complete,classification,Classification,classification_glyphs_attached,recorded,NOT_ESTABLISHED,active_candidate,not_applicable,D:\GitHub\Faith-through-physics-atoms\_docs\AXIOMS_PART1_MODE_CLASSIFICATION.md,,,Codex,2026-08-05T05:30:27+00:00,Attached Part 1 classification glyphs for CLOSURE as FW_EXTENDED.,Glyphs classify and render the atom; they do not prove it.
tp:lane4/axioms/ax-part1-fw-extended-final-1,sha256:c8eb6d36040469a7b33e361b355cf9998488b5eda251469bbe34813cd0d34862,,,FINAL-1 - Logos Theorem (Master Theorem),classification,Classification,classification_imported,recorded,NOT_ESTABLISHED,active_candidate,not_applicable,O:\_Theophysics_v5\00_AXIOMS\_LOSSLESS_SUMMARY\AXIOMS_PART1_MODE_CLASSIFICATION.md,,,Codex,2026-07-28T19:10:19+00:00,Imported Part 1 mode classification row FINAL-1 as FW_EXTENDED.,Classification import is not proof and does not promote the claim to canon.
tp:lane4/axioms/ax-part1-fw-extended-final-1,sha256:c8eb6d36040469a7b33e361b355cf9998488b5eda251469bbe34813cd0d34862,,7f534a7d-2e0c-4e3f-bd45-62f8fff0f3d5,FINAL-1 - Logos Theorem (Master Theorem),classification,Classification,classification_glyphs_attached,recorded,NOT_ESTABLISHED,active_candidate,not_applicable,D:\GitHub\Faith-through-physics-atoms\_docs\AXIOMS_PART1_MODE_CLASSIFICATION.md,,,Codex,2026-08-05T05:29:38+00:00,Attached Part 1 classification glyphs for FINAL-1 as FW_EXTENDED.,Glyphs classify and render the atom; they do not prove it.
tp:lane4/axioms/ax-part1-fw-extended-final-1,sha256:c8eb6d36040469a7b33e361b355cf9998488b5eda251469bbe34813cd0d34862,,c87f6761-a902-4ee7-b41c-023c2c87d96a,FINAL-1 - Logos Theorem (Master Theorem),classification,Classification,classification_glyphs_attached,recorded,NOT_ESTABLISHED,active_candidate,not_applicable,D:\GitHub\Faith-through-physics-atoms\_docs\AXIOMS_PART1_MODE_CLASSIFICATION.md,,,Codex,2026-08-05T05:30:27+00:00,Attached Part 1 classification glyphs for FINAL-1 as FW_EXTENDED.,Glyphs classify and render the atom; they do not prove it.
tp:lane4/axioms/ax-part1-fw-extended-final-2,sha256:10eed92eaa74beaef47c2d40633fcf10656237206314658c57690f78bf190913,,,FINAL-2 - Coherence Optimality,classification,Classification,classification_imported,recorded,NOT_ESTABLISHED,active_candidate,not_applicable,O:\_Theophysics_v5\00_AXIOMS\_LOSSLESS_SUMMARY\AXIOMS_PART1_MODE_CLASSIFICATION.md,,,Codex,2026-07-28T19:10:19+00:00,Imported Part 1 mode classification row FINAL-2 as FW_EXTENDED.,Classification import is not proof and does not promote the claim to canon.
tp:lane4/axioms/ax-part1-fw-extended-final-2,sha256:10eed92eaa74beaef47c2d40633fcf10656237206314658c57690f78bf190913,,7037003b-a3f3-477e-8fdc-fc93b7e5d97c,FINAL-2 - Coherence Optimality,classification,Classification,classification_glyphs_attached,recorded,NOT_ESTABLISHED,active_candidate,not_applicable,D:\GitHub\Faith-through-physics-atoms\_docs\AXIOMS_PART1_MODE_CLASSIFICATION.md,,,Codex,2026-08-05T05:29:38+00:00,Attached Part 1 classification glyphs for FINAL-2 as FW_EXTENDED.,Glyphs classify and render the atom; they do not prove it.
tp:lane4/axioms/ax-part1-fw-extended-final-2,sha256:10eed92eaa74beaef47c2d40633fcf10656237206314658c57690f78bf190913,,1a9a0c49-209c-4c92-af48-54f6a6592a77,FINAL-2 - Coherence Optimality,classification,Classification,classification_glyphs_attached,recorded,NOT_ESTABLISHED,active_candidate,not_applicable,D:\GitHub\Faith-through-physics-atoms\_docs\AXIOMS_PART1_MODE_CLASSIFICATION.md,,,Codex,2026-08-05T05:30:27+00:00,Attached Part 1 classification glyphs for FINAL-2 as FW_EXTENDED.,Glyphs classify and render the atom; they do not prove it.
tp:lane4/axioms/ax-part1-fw-extended-final-3,sha256:034b087e0215af732599db69e8db792bc3911784d6c1c14d022ea555f1a30cc0,,,FINAL-3 - Unique Solution (Christianity as Unique BC Solution),classification,Classification,classification_imported,recorded,NOT_ESTABLISHED,active_candidate,not_applicable,O:\_Theophysics_v5\00_AXIOMS\_LOSSLESS_SUMMARY\AXIOMS_PART1_MODE_CLASSIFICATION.md,,,Codex,2026-07-28T19:10:19+00:00,Imported Part 1 mode classification row FINAL-3 as FW_EXTENDED.,Classification import is not proof and does not promote the claim to canon.
tp:lane4/axioms/ax-part1-fw-extended-final-3,sha256:034b087e0215af732599db69e8db792bc3911784d6c1c14d022ea555f1a30cc0,,bb5a59dd-b9c3-4d9e-a6fc-1a848e6d4317,FINAL-3 - Unique Solution (Christianity as Unique BC Solution),classification,Classification,classification_glyphs_attached,recorded,NOT_ESTABLISHED,active_candidate,not_applicable,D:\GitHub\Faith-through-physics-atoms\_docs\AXIOMS_PART1_MODE_CLASSIFICATION.md,,,Codex,2026-08-05T05:29:38+00:00,Attached Part 1 classification glyphs for FINAL-3 as FW_EXTENDED.,Glyphs classify and render the atom; they do not prove it.
tp:lane4/axioms/ax-part1-fw-extended-final-3,sha256:034b087e0215af732599db69e8db792bc3911784d6c1c14d022ea555f1a30cc0,,50c620dc-df35-4d34-aedc-b807292ba8ee,FINAL-3 - Unique Solution (Christianity as Unique BC Solution),classification,Classification,classification_glyphs_attached,recorded,NOT_ESTABLISHED,active_candidate,not_applicable,D:\GitHub\Faith-through-physics-atoms\_docs\AXIOMS_PART1_MODE_CLASSIFICATION.md,,,Codex,2026-08-05T05:30:27+00:00,Attached Part 1 classification glyphs for FINAL-3 as FW_EXTENDED.,Glyphs classify and render the atom; they do not prove it.
tp:lane4/axioms/ax-part1-fw-extended-id7-1,sha256:553ce3adae7a983afcd2333b44d696390ab383ac0eccdfb2fe141764cf249508,,,ID7.1 — Terminal Observer Is God,classification,Classification,classification_imported,recorded,NOT_ESTABLISHED,active_candidate,not_applicable,O:\_Theophysics_v5\00_AXIOMS\_LOSSLESS_SUMMARY\AXIOMS_PART1_MODE_CLASSIFICATION.md,,,Codex,2026-07-28T19:10:19+00:00,Imported Part 1 mode classification row ID7.1 as FW_EXTENDED.,Classification import is not proof and does not promote the claim to canon.
tp:lane4/axioms/ax-part1-fw-extended-id7-1,sha256:553ce3adae7a983afcd2333b44d696390ab383ac0eccdfb2fe141764cf249508,,24741d3b-abeb-442b-a2ac-c0b256990678,ID7.1 — Terminal Observer Is God,classification,Classification,classification_glyphs_attached,recorded,NOT_ESTABLISHED,active_candidate,not_applicable,D:\GitHub\Faith-through-physics-atoms\_docs\AXIOMS_PART1_MODE_CLASSIFICATION.md,,,Codex,2026-08-05T05:29:37+00:00,Attached Part 1 classification glyphs for ID7.1 as FW_EXTENDED.,Glyphs classify and render the atom; they do not prove it.
tp:lane4/axioms/ax-part1-fw-extended-id7-1,sha256:553ce3adae7a983afcd2333b44d696390ab383ac0eccdfb2fe141764cf249508,,f2d5383b-e498-49ce-9ff4-bba1495335cc,ID7.1 — Terminal Observer Is God,classification,Classification,classification_glyphs_attached,recorded,NOT_ESTABLISHED,active_candidate,not_applicable,D:\GitHub\Faith-through-physics-atoms\_docs\AXIOMS_PART1_MODE_CLASSIFICATION.md,,,Codex,2026-08-05T05:30:27+00:00,Attached Part 1 classification glyphs for ID7.1 as FW_EXTENDED.,Glyphs classify and render the atom; they do not prove it.
tp:lane4/axioms/ax-part1-fw-extended-inv9,sha256:61ce1bf40d25a74cbb6853efd3f8053e55c7d95bb7cac04fba1d1cb50550e298,,,INV9 — Attunement Calibration (Invariant #9),classification,Classification,classification_imported,recorded,NOT_ESTABLISHED,active_candidate,not_applicable,O:\_Theophysics_v5\00_AXIOMS\_LOSSLESS_SUMMARY\AXIOMS_PART1_MODE_CLASSIFICATION.md,,,Codex,2026-07-28T19:10:19+00:00,Imported Part 1 mode classification row INV9 as FW_EXTENDED.,Classification import is not proof and does not promote the claim to canon.
tp:lane4/axioms/ax-part1-fw-extended-inv9,sha256:61ce1bf40d25a74cbb6853efd3f8053e55c7d95bb7cac04fba1d1cb50550e298,,39f32abd-5c41-4e92-a046-84aaac54d775,INV9 — Attunement Calibration (Invariant #9),classification,Classification,classification_glyphs_attached,recorded,NOT_ESTABLISHED,active_candidate,not_applicable,D:\GitHub\Faith-through-physics-atoms\_docs\AXIOMS_PART1_MODE_CLASSIFICATION.md,,,Codex,2026-08-05T05:29:38+00:00,Attached Part 1 classification glyphs for INV9 as FW_EXTENDED.,Glyphs classify and render the atom; they do not prove it.
tp:lane4/axioms/ax-part1-fw-extended-inv9,sha256:61ce1bf40d25a74cbb6853efd3f8053e55c7d95bb7cac04fba1d1cb50550e298,,75f4fb95-136d-4d28-b920-0c1eb1599e0a,INV9 — Attunement Calibration (Invariant #9),classification,Classification,classification_glyphs_attached,recorded,NOT_ESTABLISHED,active_candidate,not_applicable,D:\GitHub\Faith-through-physics-atoms\_docs\AXIOMS_PART1_MODE_CLASSIFICATION.md,,,Codex,2026-08-05T05:30:27+00:00,Attached Part 1 classification glyphs for INV9 as FW_EXTENDED.,Glyphs classify and render the atom; they do not prove it.
tp:lane4/axioms/ax-part1-fw-extended-lambda,sha256:22233d77a69366dd31997451f8bb953990d2b070fdc98c8dc8a4ff2ba0e18808,,,LAMBDA - Logos Christ Completion,classification,Classification,classification_imported,recorded,NOT_ESTABLISHED,active_candidate_unanchored,not_applicable,O:\_Theophysics_v5\00_AXIOMS\_LOSSLESS_SUMMARY\AXIOMS_PART1_MODE_CLASSIFICATION.md,,,Codex,2026-07-28T19:10:19+00:00,Imported Part 1 mode classification row LAMBDA as FW_EXTENDED.,Classification import is not proof and does not promote the claim to canon.
tp:lane4/axioms/ax-part1-fw-extended-lambda,sha256:22233d77a69366dd31997451f8bb953990d2b070fdc98c8dc8a4ff2ba0e18808,,0d834433-e82b-4a67-990d-aba097d4e009,LAMBDA - Logos Christ Completion,classification,Classification,classification_glyphs_attached,recorded,NOT_ESTABLISHED,active_candidate_unanchored,not_applicable,D:\GitHub\Faith-through-physics-atoms\_docs\AXIOMS_PART1_MODE_CLASSIFICATION.md,,,Codex,2026-08-05T05:29:38+00:00,Attached Part 1 classification glyphs for LAMBDA as FW_EXTENDED.,Glyphs classify and render the atom; they do not prove it.
tp:lane4/axioms/ax-part1-fw-extended-lambda,sha256:22233d77a69366dd31997451f8bb953990d2b070fdc98c8dc8a4ff2ba0e18808,,e77f5c53-acb1-4fc8-81a7-bd9508180f86,LAMBDA - Logos Christ Completion,classification,Classification,classification_glyphs_attached,recorded,NOT_ESTABLISHED,active_candidate_unanchored,not_applicable,D:\GitHub\Faith-through-physics-atoms\_docs\AXIOMS_PART1_MODE_CLASSIFICATION.md,,,Codex,2026-08-05T05:30:27+00:00,Attached Part 1 classification glyphs for LAMBDA as FW_EXTENDED.,Glyphs classify and render the atom; they do not prove it.
tp:lane4/axioms/ax-part1-fw-extended-ln1-1,sha256:8ccab12590bcf8e91f4192b9f008234af56e061c1da0bd1f20d5f258e5baaca7,,,LN1.1 — Matter-Energy Derivative,classification,Classification,classification_imported,recorded,NOT_ESTABLISHED,active_candidate,not_applicable,O:\_Theophysics_v5\00_AXIOMS\_LOSSLESS_SUMMARY\AXIOMS_PART1_MODE_CLASSIFICATION.md,,,Codex,2026-07-28T19:10:19+00:00,Imported Part 1 mode classification row LN1.1 as FW_EXTENDED.,Classification import is not proof and does not promote the claim to canon.
tp:lane4/axioms/ax-part1-fw-extended-ln1-1,sha256:8ccab12590bcf8e91f4192b9f008234af56e061c1da0bd1f20d5f258e5baaca7,,adebef39-d7f7-4dbb-a891-ee4caa3736e9,LN1.1 — Matter-Energy Derivative,classification,Classification,classification_glyphs_attached,recorded,NOT_ESTABLISHED,active_candidate,not_applicable,D:\GitHub\Faith-through-physics-atoms\_docs\AXIOMS_PART1_MODE_CLASSIFICATION.md,,,Codex,2026-08-05T05:29:37+00:00,Attached Part 1 classification glyphs for LN1.1 as FW_EXTENDED.,Glyphs classify and render the atom; they do not prove it.
tp:lane4/axioms/ax-part1-fw-extended-ln1-1,sha256:8ccab12590bcf8e91f4192b9f008234af56e061c1da0bd1f20d5f258e5baaca7,,2106b5bc-72f0-4393-93cc-82c25d1fb491,LN1.1 — Matter-Energy Derivative,classification,Classification,classification_glyphs_attached,recorded,NOT_ESTABLISHED,active_candidate,not_applicable,D:\GitHub\Faith-through-physics-atoms\_docs\AXIOMS_PART1_MODE_CLASSIFICATION.md,,,Codex,2026-08-05T05:30:27+00:00,Attached Part 1 classification glyphs for LN1.1 as FW_EXTENDED.,Glyphs classify and render the atom; they do not prove it.
tp:lane4/axioms/ax-part1-fw-extended-ln1-2,sha256:1dc97a287b1d48b79a8183dff410a52268953a21b3de06f912b27486811a319a,,,LN1.2 — It From Bit,classification,Classification,classification_imported,recorded,NOT_ESTABLISHED,active_candidate,not_applicable,O:\_Theophysics_v5\00_AXIOMS\_LOSSLESS_SUMMARY\AXIOMS_PART1_MODE_CLASSIFICATION.md,,,Codex,2026-07-28T19:10:19+00:00,Imported Part 1 mode classification row LN1.2 as FW_EXTENDED.,Classification import is not proof and does not promote the claim to canon.
tp:lane4/axioms/ax-part1-fw-extended-ln1-2,sha256:1dc97a287b1d48b79a8183dff410a52268953a21b3de06f912b27486811a319a,,359054d4-9ec4-4aec-bce5-44ae754a4747,LN1.2 — It From Bit,classification,Classification,classification_glyphs_attached,recorded,NOT_ESTABLISHED,active_candidate,not_applicable,D:\GitHub\Faith-through-physics-atoms\_docs\AXIOMS_PART1_MODE_CLASSIFICATION.md,,,Codex,2026-08-05T05:29:37+00:00,Attached Part 1 classification glyphs for LN1.2 as FW_EXTENDED.,Glyphs classify and render the atom; they do not prove it.
tp:lane4/axioms/ax-part1-fw-extended-ln1-2,sha256:1dc97a287b1d48b79a8183dff410a52268953a21b3de06f912b27486811a319a,,fdeb91fa-a3f8-48eb-9e23-e8ffbb06c1ed,LN1.2 — It From Bit,classification,Classification,classification_glyphs_attached,recorded,NOT_ESTABLISHED,active_candidate,not_applicable,D:\GitHub\Faith-through-physics-atoms\_docs\AXIOMS_PART1_MODE_CLASSIFICATION.md,,,Codex,2026-08-05T05:30:27+00:00,Attached Part 1 classification glyphs for LN1.2 as FW_EXTENDED.,Glyphs classify and render the atom; they do not prove it.
tp:lane4/axioms/ax-part1-fw-extended-ln2-1,sha256:84cc922456b7d12e9b72608610488aaea7d4e2e8bbdc35ad4242aa794385a3ab,,,LN2.1 — Information Anchor Necessity,classification,Classification,classification_imported,recorded,NOT_ESTABLISHED,active_candidate,not_applicable,O:\_Theophysics_v5\00_AXIOMS\_LOSSLESS_SUMMARY\AXIOMS_PART1_MODE_CLASSIFICATION.md,,,Codex,2026-07-28T19:10:19+00:00,Imported Part 1 mode classification row LN2.1 as FW_EXTENDED.,Classification import is not proof and does not promote the claim to canon.
tp:lane4/axioms/ax-part1-fw-extended-ln2-1,sha256:84cc922456b7d12e9b72608610488aaea7d4e2e8bbdc35ad4242aa794385a3ab,,de9b5661-8161-4ecd-80a6-53b4d6f3ce5e,LN2.1 — Information Anchor Necessity,classification,Classification,classification_glyphs_attached,recorded,NOT_ESTABLISHED,active_candidate,not_applicable,D:\GitHub\Faith-through-physics-atoms\_docs\AXIOMS_PART1_MODE_CLASSIFICATION.md,,,Codex,2026-08-05T05:29:37+00:00,Attached Part 1 classification glyphs for LN2.1 as FW_EXTENDED.,Glyphs classify and render the atom; they do not prove it.
tp:lane4/axioms/ax-part1-fw-extended-ln2-1,sha256:84cc922456b7d12e9b72608610488aaea7d4e2e8bbdc35ad4242aa794385a3ab,,70edfb0e-9c6b-4f03-8e37-3905c4099827,LN2.1 — Information Anchor Necessity,classification,Classification,classification_glyphs_attached,recorded,NOT_ESTABLISHED,active_candidate,not_applicable,D:\GitHub\Faith-through-physics-atoms\_docs\AXIOMS_PART1_MODE_CLASSIFICATION.md,,,Codex,2026-08-05T05:30:27+00:00,Attached Part 1 classification glyphs for LN2.1 as FW_EXTENDED.,Glyphs classify and render the atom; they do not prove it.
tp:lane4/axioms/ax-part1-fw-extended-ln3-1,sha256:df439a4374073233fa26f399c3011835d2fe5f9e6b393e0436ef2add73def70d,,,LN3.1 — Meaningful Configuration Necessity,classification,Classification,classification_imported,recorded,NOT_ESTABLISHED,active_candidate,not_applicable,O:\_Theophysics_v5\00_AXIOMS\_LOSSLESS_SUMMARY\AXIOMS_PART1_MODE_CLASSIFICATION.md,,,Codex,2026-07-28T19:10:19+00:00,Imported Part 1 mode classification row LN3.1 as FW_EXTENDED.,Classification import is not proof and does not promote the claim to canon.
tp:lane4/axioms/ax-part1-fw-extended-ln3-1,sha256:df439a4374073233fa26f399c3011835d2fe5f9e6b393e0436ef2add73def70d,,47124e6c-b46e-4dac-9249-3a96f5a38d53,LN3.1 — Meaningful Configuration Necessity,classification,Classification,classification_glyphs_attached,recorded,NOT_ESTABLISHED,active_candidate,not_applicable,D:\GitHub\Faith-through-physics-atoms\_docs\AXIOMS_PART1_MODE_CLASSIFICATION.md,,,Codex,2026-08-05T05:29:37+00:00,Attached Part 1 classification glyphs for LN3.1 as FW_EXTENDED.,Glyphs classify and render the atom; they do not prove it.
tp:lane4/axioms/ax-part1-fw-extended-ln3-1,sha256:df439a4374073233fa26f399c3011835d2fe5f9e6b393e0436ef2add73def70d,,6b20a49a-e545-42f3-bdaf-3fe52f7b5d79,LN3.1 — Meaningful Configuration Necessity,classification,Classification,classification_glyphs_attached,recorded,NOT_ESTABLISHED,active_candidate,not_applicable,D:\GitHub\Faith-through-physics-atoms\_docs\AXIOMS_PART1_MODE_CLASSIFICATION.md,,,Codex,2026-08-05T05:30:27+00:00,Attached Part 1 classification glyphs for LN3.1 as FW_EXTENDED.,Glyphs classify and render the atom; they do not prove it.
tp:lane4/axioms/ax-part1-fw-extended-ln4-1,sha256:1f21baa717086c2e61468d85b3c77873688acd46bf4588636dca20b6b419ed6c,,,LN4.1 — Universe As Compression Algorithm,classification,Classification,classification_imported,recorded,NOT_ESTABLISHED,active_candidate,not_applicable,O:\_Theophysics_v5\00_AXIOMS\_LOSSLESS_SUMMARY\AXIOMS_PART1_MODE_CLASSIFICATION.md,,,Codex,2026-07-28T19:10:19+00:00,Imported Part 1 mode classification row LN4.1 as FW_EXTENDED.,Classification import is not proof and does not promote the claim to canon.
tp:lane4/axioms/ax-part1-fw-extended-ln4-1,sha256:1f21baa717086c2e61468d85b3c77873688acd46bf4588636dca20b6b419ed6c,,a680281f-44ea-4126-b8c9-7d7643723322,LN4.1 — Universe As Compression Algorithm,classification,Classification,classification_glyphs_attached,recorded,NOT_ESTABLISHED,active_candidate,not_applicable,D:\GitHub\Faith-through-physics-atoms\_docs\AXIOMS_PART1_MODE_CLASSIFICATION.md,,,Codex,2026-08-05T05:29:37+00:00,Attached Part 1 classification glyphs for LN4.1 as FW_EXTENDED.,Glyphs classify and render the atom; they do not prove it.
tp:lane4/axioms/ax-part1-fw-extended-ln4-1,sha256:1f21baa717086c2e61468d85b3c77873688acd46bf4588636dca20b6b419ed6c,,10a1d45a-9fc7-45ee-bbf7-e49ae58a15bf,LN4.1 — Universe As Compression Algorithm,classification,Classification,classification_glyphs_attached,recorded,NOT_ESTABLISHED,active_candidate,not_applicable,D:\GitHub\Faith-through-physics-atoms\_docs\AXIOMS_PART1_MODE_CLASSIFICATION.md,,,Codex,2026-08-05T05:30:27+00:00,Attached Part 1 classification glyphs for LN4.1 as FW_EXTENDED.,Glyphs classify and render the atom; they do not prove it.
tp:lane4/axioms/ax-part1-fw-extended-ln5-1,sha256:97b24e0b82ad69949d76b98c9b8a60562b431201c72b18c138be0ea470093ec4,,,LN5.1 — Chi Requires Observer For Actualization,classification,Classification,classification_imported,recorded,NOT_ESTABLISHED,active_candidate,not_applicable,O:\_Theophysics_v5\00_AXIOMS\_LOSSLESS_SUMMARY\AXIOMS_PART1_MODE_CLASSIFICATION.md,,,Codex,2026-07-28T19:10:19+00:00,Imported Part 1 mode classification row LN5.1 as FW_EXTENDED.,Classification import is not proof and does not promote the claim to canon.
tp:lane4/axioms/ax-part1-fw-extended-ln5-1,sha256:97b24e0b82ad69949d76b98c9b8a60562b431201c72b18c138be0ea470093ec4,,e4ff1ff7-1ced-4791-b067-ee4dfc68612c,LN5.1 — Chi Requires Observer For Actualization,classification,Classification,classification_glyphs_attached,recorded,NOT_ESTABLISHED,active_candidate,not_applicable,D:\GitHub\Faith-through-physics-atoms\_docs\AXIOMS_PART1_MODE_CLASSIFICATION.md,,,Codex,2026-08-05T05:29:37+00:00,Attached Part 1 classification glyphs for LN5.1 as FW_EXTENDED.,Glyphs classify and render the atom; they do not prove it.
tp:lane4/axioms/ax-part1-fw-extended-ln5-1,sha256:97b24e0b82ad69949d76b98c9b8a60562b431201c72b18c138be0ea470093ec4,,84ddaefe-dfdc-4241-b182-076f24818651,LN5.1 — Chi Requires Observer For Actualization,classification,Classification,classification_glyphs_attached,recorded,NOT_ESTABLISHED,active_candidate,not_applicable,D:\GitHub\Faith-through-physics-atoms\_docs\AXIOMS_PART1_MODE_CLASSIFICATION.md,,,Codex,2026-08-05T05:30:27+00:00,Attached Part 1 classification glyphs for LN5.1 as FW_EXTENDED.,Glyphs classify and render the atom; they do not prove it.
tp:lane4/axioms/ax-part1-fw-extended-ln6-1,sha256:0d41ec9523606a7e0e91a88094881e158be96c6a1b10a72745ba8a21f013ab2c,,,LN6.1 — Terminal Observer Necessity,classification,Classification,classification_imported,recorded,NOT_ESTABLISHED,active_candidate_unanchored,not_applicable,O:\_Theophysics_v5\00_AXIOMS\_LOSSLESS_SUMMARY\AXIOMS_PART1_MODE_CLASSIFICATION.md,,,Codex,2026-07-28T19:10:19+00:00,Imported Part 1 mode classification row LN6.1 as FW_EXTENDED.,Classification import is not proof and does not promote the claim to canon.
tp:lane4/axioms/ax-part1-fw-extended-ln6-1,sha256:0d41ec9523606a7e0e91a88094881e158be96c6a1b10a72745ba8a21f013ab2c,,22172894-0330-4533-aea7-b6f219a26443,LN6.1 — Terminal Observer Necessity,classification,Classification,classification_glyphs_attached,recorded,NOT_ESTABLISHED,active_candidate_unanchored,not_applicable,D:\GitHub\Faith-through-physics-atoms\_docs\AXIOMS_PART1_MODE_CLASSIFICATION.md,,,Codex,2026-08-05T05:29:37+00:00,Attached Part 1 classification glyphs for LN6.1 as FW_EXTENDED.,Glyphs classify and render the atom; they do not prove it.
tp:lane4/axioms/ax-part1-fw-extended-ln6-1,sha256:0d41ec9523606a7e0e91a88094881e158be96c6a1b10a72745ba8a21f013ab2c,,3eb7815e-c85e-4991-b4ba-07b5132071c7,LN6.1 — Terminal Observer Necessity,classification,Classification,classification_glyphs_attached,recorded,NOT_ESTABLISHED,active_candidate_unanchored,not_applicable,D:\GitHub\Faith-through-physics-atoms\_docs\AXIOMS_PART1_MODE_CLASSIFICATION.md,,,Codex,2026-08-05T05:30:27+00:00,Attached Part 1 classification glyphs for LN6.1 as FW_EXTENDED.,Glyphs classify and render the atom; they do not prove it.
tp:lane4/axioms/ax-part1-fw-extended-meta-1,sha256:0464efea4fdba09e17bd2f0a8755696258eacfb78187ce47cf6906f762c16cba,,,META-1 - Axiom System Consistency,classification,Classification,classification_imported,recorded,NOT_ESTABLISHED,active_candidate,not_applicable,O:\_Theophysics_v5\00_AXIOMS\_LOSSLESS_SUMMARY\AXIOMS_PART1_MODE_CLASSIFICATION.md,,,Codex,2026-07-28T19:10:19+00:00,Imported Part 1 mode classification row META-1 as FW_EXTENDED.,Classification import is not proof and does not promote the claim to canon.
tp:lane4/axioms/ax-part1-fw-extended-meta-1,sha256:0464efea4fdba09e17bd2f0a8755696258eacfb78187ce47cf6906f762c16cba,,f98bae42-31ff-44fb-bf76-cbd7176dfb92,META-1 - Axiom System Consistency,classification,Classification,classification_glyphs_attached,recorded,NOT_ESTABLISHED,active_candidate,not_applicable,D:\GitHub\Faith-through-physics-atoms\_docs\AXIOMS_PART1_MODE_CLASSIFICATION.md,,,Codex,2026-08-05T05:29:38+00:00,Attached Part 1 classification glyphs for META-1 as FW_EXTENDED.,Glyphs classify and render the atom; they do not prove it.
tp:lane4/axioms/ax-part1-fw-extended-meta-1,sha256:0464efea4fdba09e17bd2f0a8755696258eacfb78187ce47cf6906f762c16cba,,b9690f08-c76a-408a-8028-4aa3f25e6168,META-1 - Axiom System Consistency,classification,Classification,classification_glyphs_attached,recorded,NOT_ESTABLISHED,active_candidate,not_applicable,D:\GitHub\Faith-through-physics-atoms\_docs\AXIOMS_PART1_MODE_CLASSIFICATION.md,,,Codex,2026-08-05T05:30:27+00:00,Attached Part 1 classification glyphs for META-1 as FW_EXTENDED.,Glyphs classify and render the atom; they do not prove it.
tp:lane4/axioms/ax-part1-fw-extended-meta-2,sha256:a6fdc1133dbc6f892a991fa6a6a7b36d4f17d449378d1e50fbb9c5cb305bfe73,,,META-2 - Axiom System Completeness,classification,Classification,classification_imported,recorded,NOT_ESTABLISHED,active_candidate,not_applicable,O:\_Theophysics_v5\00_AXIOMS\_LOSSLESS_SUMMARY\AXIOMS_PART1_MODE_CLASSIFICATION.md,,,Codex,2026-07-28T19:10:19+00:00,Imported Part 1 mode classification row META-2 as FW_EXTENDED.,Classification import is not proof and does not promote the claim to canon.
tp:lane4/axioms/ax-part1-fw-extended-meta-2,sha256:a6fdc1133dbc6f892a991fa6a6a7b36d4f17d449378d1e50fbb9c5cb305bfe73,,ed1f0e29-bc7a-4c7c-a583-231d97a18e81,META-2 - Axiom System Completeness,classification,Classification,classification_glyphs_attached,recorded,NOT_ESTABLISHED,active_candidate,not_applicable,D:\GitHub\Faith-through-physics-atoms\_docs\AXIOMS_PART1_MODE_CLASSIFICATION.md,,,Codex,2026-08-05T05:29:38+00:00,Attached Part 1 classification glyphs for META-2 as FW_EXTENDED.,Glyphs classify and render the atom; they do not prove it.
tp:lane4/axioms/ax-part1-fw-extended-meta-2,sha256:a6fdc1133dbc6f892a991fa6a6a7b36d4f17d449378d1e50fbb9c5cb305bfe73,,0e1af3d0-3f68-417b-9e22-92a0f6ad8cf0,META-2 - Axiom System Completeness,classification,Classification,classification_glyphs_attached,recorded,NOT_ESTABLISHED,active_candidate,not_applicable,D:\GitHub\Faith-through-physics-atoms\_docs\AXIOMS_PART1_MODE_CLASSIFICATION.md,,,Codex,2026-08-05T05:30:27+00:00,Attached Part 1 classification glyphs for META-2 as FW_EXTENDED.,Glyphs classify and render the atom; they do not prove it.
tp:lane4/axioms/ax-part1-fw-extended-meta-3,sha256:ed72a4b30281b279217af9741c3c3ff47457908347fd0f4c3720281429302a68,,,META-3 - Axiom System Independence,classification,Classification,classification_imported,recorded,NOT_ESTABLISHED,active_candidate,not_applicable,O:\_Theophysics_v5\00_AXIOMS\_LOSSLESS_SUMMARY\AXIOMS_PART1_MODE_CLASSIFICATION.md,,,Codex,2026-07-28T19:10:19+00:00,Imported Part 1 mode classification row META-3 as FW_EXTENDED.,Classification import is not proof and does not promote the claim to canon.
tp:lane4/axioms/ax-part1-fw-extended-meta-3,sha256:ed72a4b30281b279217af9741c3c3ff47457908347fd0f4c3720281429302a68,,407a8dd4-ab3c-45e3-9628-9648a1b36f82,META-3 - Axiom System Independence,classification,Classification,classification_glyphs_attached,recorded,NOT_ESTABLISHED,active_candidate,not_applicable,D:\GitHub\Faith-through-physics-atoms\_docs\AXIOMS_PART1_MODE_CLASSIFICATION.md,,,Codex,2026-08-05T05:29:38+00:00,Attached Part 1 classification glyphs for META-3 as FW_EXTENDED.,Glyphs classify and render the atom; they do not prove it.
tp:lane4/axioms/ax-part1-fw-extended-meta-3,sha256:ed72a4b30281b279217af9741c3c3ff47457908347fd0f4c3720281429302a68,,d5baa965-a0b3-4e02-9b3d-a10aacd0ca05,META-3 - Axiom System Independence,classification,Classification,classification_glyphs_attached,recorded,NOT_ESTABLISHED,active_candidate,not_applicable,D:\GitHub\Faith-through-physics-atoms\_docs\AXIOMS_PART1_MODE_CLASSIFICATION.md,,,Codex,2026-08-05T05:30:27+00:00,Attached Part 1 classification glyphs for META-3 as FW_EXTENDED.,Glyphs classify and render the atom; they do not prove it.
tp:lane4/axioms/ax-part1-fw-extended-o1,sha256:f6deb10a35fae462f6933df771b3d51442106327cf4425b4755d217531bf535d,,,O1 — Information Primitive,classification,Classification,classification_imported,recorded,NOT_ESTABLISHED,active_candidate_unanchored,not_applicable,O:\_Theophysics_v5\00_AXIOMS\_LOSSLESS_SUMMARY\AXIOMS_PART1_MODE_CLASSIFICATION.md,,,Codex,2026-07-28T19:10:19+00:00,Imported Part 1 mode classification row O1 as FW_EXTENDED.,Classification import is not proof and does not promote the claim to canon.
tp:lane4/axioms/ax-part1-fw-extended-o1,sha256:f6deb10a35fae462f6933df771b3d51442106327cf4425b4755d217531bf535d,,d7189715-9a7e-45b6-b563-0ab8574793aa,O1 — Information Primitive,classification,Classification,classification_glyphs_attached,recorded,NOT_ESTABLISHED,active_candidate_unanchored,not_applicable,D:\GitHub\Faith-through-physics-atoms\_docs\AXIOMS_PART1_MODE_CLASSIFICATION.md,,,Codex,2026-08-05T05:29:38+00:00,Attached Part 1 classification glyphs for O1 as FW_EXTENDED.,Glyphs classify and render the atom; they do not prove it.
tp:lane4/axioms/ax-part1-fw-extended-o1,sha256:f6deb10a35fae462f6933df771b3d51442106327cf4425b4755d217531bf535d,,bc3b6ee5-3e80-4fc5-ac02-7f0b73f3b221,O1 — Information Primitive,classification,Classification,classification_glyphs_attached,recorded,NOT_ESTABLISHED,active_candidate_unanchored,not_applicable,D:\GitHub\Faith-through-physics-atoms\_docs\AXIOMS_PART1_MODE_CLASSIFICATION.md,,,Codex,2026-08-05T05:30:27+00:00,Attached Part 1 classification glyphs for O1 as FW_EXTENDED.,Glyphs classify and render the atom; they do not prove it.
tp:lane4/axioms/ax-part1-fw-extended-o2,sha256:c27d7ccdba13ea38bc8bed5b8b492a8e52e3140f3a3a9c86d8f77ee970dc5912,,,O2 — Coherence Primitive,classification,Classification,classification_imported,recorded,NOT_ESTABLISHED,active_candidate_unanchored,not_applicable,O:\_Theophysics_v5\00_AXIOMS\_LOSSLESS_SUMMARY\AXIOMS_PART1_MODE_CLASSIFICATION.md,,,Codex,2026-07-28T19:10:19+00:00,Imported Part 1 mode classification row O2 as FW_EXTENDED.,Classification import is not proof and does not promote the claim to canon.
tp:lane4/axioms/ax-part1-fw-extended-o2,sha256:c27d7ccdba13ea38bc8bed5b8b492a8e52e3140f3a3a9c86d8f77ee970dc5912,,84fce4bb-37d6-49ef-89d7-dfbb6cd3e7f5,O2 — Coherence Primitive,classification,Classification,classification_glyphs_attached,recorded,NOT_ESTABLISHED,active_candidate_unanchored,not_applicable,D:\GitHub\Faith-through-physics-atoms\_docs\AXIOMS_PART1_MODE_CLASSIFICATION.md,,,Codex,2026-08-05T05:29:38+00:00,Attached Part 1 classification glyphs for O2 as FW_EXTENDED.,Glyphs classify and render the atom; they do not prove it.
tp:lane4/axioms/ax-part1-fw-extended-o2,sha256:c27d7ccdba13ea38bc8bed5b8b492a8e52e3140f3a3a9c86d8f77ee970dc5912,,011cdb13-be9e-412a-a522-da17fe7ef3fa,O2 — Coherence Primitive,classification,Classification,classification_glyphs_attached,recorded,NOT_ESTABLISHED,active_candidate_unanchored,not_applicable,D:\GitHub\Faith-through-physics-atoms\_docs\AXIOMS_PART1_MODE_CLASSIFICATION.md,,,Codex,2026-08-05T05:30:27+00:00,Attached Part 1 classification glyphs for O2 as FW_EXTENDED.,Glyphs classify and render the atom; they do not prove it.
tp:lane4/axioms/ax-part1-fw-extended-o3,sha256:fdd276f3b81ab1f055830450feb33513c37f57d8a663f70e394e558c8e0f4014,,,O3 — Consciousness Primitive,classification,Classification,classification_imported,recorded,NOT_ESTABLISHED,active_candidate_unanchored,not_applicable,O:\_Theophysics_v5\00_AXIOMS\_LOSSLESS_SUMMARY\AXIOMS_PART1_MODE_CLASSIFICATION.md,,,Codex,2026-07-28T19:10:19+00:00,Imported Part 1 mode classification row O3 as FW_EXTENDED.,Classification import is not proof and does not promote the claim to canon.
tp:lane4/axioms/ax-part1-fw-extended-o3,sha256:fdd276f3b81ab1f055830450feb33513c37f57d8a663f70e394e558c8e0f4014,,551a9a61-4965-4c84-bdd6-e3e7bf13633f,O3 — Consciousness Primitive,classification,Classification,classification_glyphs_attached,recorded,NOT_ESTABLISHED,active_candidate_unanchored,not_applicable,D:\GitHub\Faith-through-physics-atoms\_docs\AXIOMS_PART1_MODE_CLASSIFICATION.md,,,Codex,2026-08-05T05:29:38+00:00,Attached Part 1 classification glyphs for O3 as FW_EXTENDED.,Glyphs classify and render the atom; they do not prove it.
tp:lane4/axioms/ax-part1-fw-extended-o3,sha256:fdd276f3b81ab1f055830450feb33513c37f57d8a663f70e394e558c8e0f4014,,63ce3e34-7087-4e56-ba10-560476763293,O3 — Consciousness Primitive,classification,Classification,classification_glyphs_attached,recorded,NOT_ESTABLISHED,active_candidate_unanchored,not_applicable,D:\GitHub\Faith-through-physics-atoms\_docs\AXIOMS_PART1_MODE_CLASSIFICATION.md,,,Codex,2026-08-05T05:30:27+00:00,Attached Part 1 classification glyphs for O3 as FW_EXTENDED.,Glyphs classify and render the atom; they do not prove it.
tp:lane4/axioms/ax-part1-fw-extended-o4,sha256:c5e48857d4f6f621b353dc02c430e11e23088c7f079d39447927abb273e7cdfe,,,O4 - Agency Primitive,classification,Classification,classification_imported,recorded,NOT_ESTABLISHED,active_candidate_unanchored,not_applicable,O:\_Theophysics_v5\00_AXIOMS\_LOSSLESS_SUMMARY\AXIOMS_PART1_MODE_CLASSIFICATION.md,,,Codex,2026-07-28T19:10:19+00:00,Imported Part 1 mode classification row O4 as FW_EXTENDED.,Classification import is not proof and does not promote the claim to canon.
tp:lane4/axioms/ax-part1-fw-extended-o4,sha256:c5e48857d4f6f621b353dc02c430e11e23088c7f079d39447927abb273e7cdfe,,ae83d5a2-317a-4b3d-9c90-b408414c6390,O4 - Agency Primitive,classification,Classification,classification_glyphs_attached,recorded,NOT_ESTABLISHED,active_candidate_unanchored,not_applicable,D:\GitHub\Faith-through-physics-atoms\_docs\AXIOMS_PART1_MODE_CLASSIFICATION.md,,,Codex,2026-08-05T05:29:38+00:00,Attached Part 1 classification glyphs for O4 as FW_EXTENDED.,Glyphs classify and render the atom; they do not prove it.
tp:lane4/axioms/ax-part1-fw-extended-o4,sha256:c5e48857d4f6f621b353dc02c430e11e23088c7f079d39447927abb273e7cdfe,,e4706915-7a3b-4e40-8f87-e5be5441a380,O4 - Agency Primitive,classification,Classification,classification_glyphs_attached,recorded,NOT_ESTABLISHED,active_candidate_unanchored,not_applicable,D:\GitHub\Faith-through-physics-atoms\_docs\AXIOMS_PART1_MODE_CLASSIFICATION.md,,,Codex,2026-08-05T05:30:27+00:00,Attached Part 1 classification glyphs for O4 as FW_EXTENDED.,Glyphs classify and render the atom; they do not prove it.
tp:lane4/axioms/ax-part1-fw-extended-omega,sha256:62f232a0a4c70662742f14c9429f0f84b32c581df9778f42ee4231fb478acb93,,,OMEGA - Final Axiom (The Omega Point),classification,Classification,classification_imported,recorded,NOT_ESTABLISHED,active_candidate,not_applicable,O:\_Theophysics_v5\00_AXIOMS\_LOSSLESS_SUMMARY\AXIOMS_PART1_MODE_CLASSIFICATION.md,,,Codex,2026-07-28T19:10:19+00:00,Imported Part 1 mode classification row OMEGA as FW_EXTENDED.,Classification import is not proof and does not promote the claim to canon.
tp:lane4/axioms/ax-part1-fw-extended-omega,sha256:62f232a0a4c70662742f14c9429f0f84b32c581df9778f42ee4231fb478acb93,,dc42a36f-0564-4a8c-8fc8-0f4a677b09fd,OMEGA - Final Axiom (The Omega Point),classification,Classification,classification_glyphs_attached,recorded,NOT_ESTABLISHED,active_candidate,not_applicable,D:\GitHub\Faith-through-physics-atoms\_docs\AXIOMS_PART1_MODE_CLASSIFICATION.md,,,Codex,2026-08-05T05:29:38+00:00,Attached Part 1 classification glyphs for OMEGA as FW_EXTENDED.,Glyphs classify and render the atom; they do not prove it.
tp:lane4/axioms/ax-part1-fw-extended-omega,sha256:62f232a0a4c70662742f14c9429f0f84b32c581df9778f42ee4231fb478acb93,,b8fa8731-dd5e-4ea7-b1d3-7e7f2c67ad45,OMEGA - Final Axiom (The Omega Point),classification,Classification,classification_glyphs_attached,recorded,NOT_ESTABLISHED,active_candidate,not_applicable,D:\GitHub\Faith-through-physics-atoms\_docs\AXIOMS_PART1_MODE_CLASSIFICATION.md,,,Codex,2026-08-05T05:30:27+00:00,Attached Part 1 classification glyphs for OMEGA as FW_EXTENDED.,Glyphs classify and render the atom; they do not prove it.
tp:lane4/axioms/ax-part1-fw-extended-p0,sha256:814e9a105f98933b0b6af8f4231c63a4c862d1d2754f382d5a19c2d79b13d5ea,,,P0 — Origin Stage,classification,Classification,classification_imported,recorded,NOT_ESTABLISHED,active_candidate_unanchored,not_applicable,O:\_Theophysics_v5\00_AXIOMS\_LOSSLESS_SUMMARY\AXIOMS_PART1_MODE_CLASSIFICATION.md,,,Codex,2026-07-28T19:10:19+00:00,Imported Part 1 mode classification row P0 as FW_EXTENDED.,Classification import is not proof and does not promote the claim to canon.
tp:lane4/axioms/ax-part1-fw-extended-p0,sha256:814e9a105f98933b0b6af8f4231c63a4c862d1d2754f382d5a19c2d79b13d5ea,,e6565791-0d6e-4994-bf0b-86700f03156b,P0 — Origin Stage,classification,Classification,classification_glyphs_attached,recorded,NOT_ESTABLISHED,active_candidate_unanchored,not_applicable,D:\GitHub\Faith-through-physics-atoms\_docs\AXIOMS_PART1_MODE_CLASSIFICATION.md,,,Codex,2026-08-05T05:29:38+00:00,Attached Part 1 classification glyphs for P0 as FW_EXTENDED.,Glyphs classify and render the atom; they do not prove it.
tp:lane4/axioms/ax-part1-fw-extended-p0,sha256:814e9a105f98933b0b6af8f4231c63a4c862d1d2754f382d5a19c2d79b13d5ea,,7cb9fe06-4602-436c-a0cd-0b0872b808fe,P0 — Origin Stage,classification,Classification,classification_glyphs_attached,recorded,NOT_ESTABLISHED,active_candidate_unanchored,not_applicable,D:\GitHub\Faith-through-physics-atoms\_docs\AXIOMS_PART1_MODE_CLASSIFICATION.md,,,Codex,2026-08-05T05:30:27+00:00,Attached Part 1 classification glyphs for P0 as FW_EXTENDED.,Glyphs classify and render the atom; they do not prove it.
tp:lane4/axioms/ax-part1-fw-extended-p1,sha256:ee1dc67e06f74d236aeeb2d0ada08c9e4a86af887bc33eb802b7f77e45a02577,,,P1 — Consciousness Stage,classification,Classification,classification_imported,recorded,NOT_ESTABLISHED,active_candidate_unanchored,not_applicable,O:\_Theophysics_v5\00_AXIOMS\_LOSSLESS_SUMMARY\AXIOMS_PART1_MODE_CLASSIFICATION.md,,,Codex,2026-07-28T19:10:19+00:00,Imported Part 1 mode classification row P1 as FW_EXTENDED.,Classification import is not proof and does not promote the claim to canon.
tp:lane4/axioms/ax-part1-fw-extended-p1,sha256:ee1dc67e06f74d236aeeb2d0ada08c9e4a86af887bc33eb802b7f77e45a02577,,02003c09-6ebf-4c16-b168-b375e648a124,P1 — Consciousness Stage,classification,Classification,classification_glyphs_attached,recorded,NOT_ESTABLISHED,active_candidate_unanchored,not_applicable,D:\GitHub\Faith-through-physics-atoms\_docs\AXIOMS_PART1_MODE_CLASSIFICATION.md,,,Codex,2026-08-05T05:29:38+00:00,Attached Part 1 classification glyphs for P1 as FW_EXTENDED.,Glyphs classify and render the atom; they do not prove it.
tp:lane4/axioms/ax-part1-fw-extended-p1,sha256:ee1dc67e06f74d236aeeb2d0ada08c9e4a86af887bc33eb802b7f77e45a02577,,a4f6f10b-e8a5-4371-85ec-6a2490a66d8d,P1 — Consciousness Stage,classification,Classification,classification_glyphs_attached,recorded,NOT_ESTABLISHED,active_candidate_unanchored,not_applicable,D:\GitHub\Faith-through-physics-atoms\_docs\AXIOMS_PART1_MODE_CLASSIFICATION.md,,,Codex,2026-08-05T05:30:27+00:00,Attached Part 1 classification glyphs for P1 as FW_EXTENDED.,Glyphs classify and render the atom; they do not prove it.
tp:lane4/axioms/ax-part1-fw-extended-p10-1,sha256:6b4e917c3add2559c5f232c043095299406ff945950fbc16c0fe82b5400350e1,,,P10.1 — Soul Continuity,classification,Classification,classification_imported,recorded,NOT_ESTABLISHED,active_candidate,not_applicable,O:\_Theophysics_v5\00_AXIOMS\_LOSSLESS_SUMMARY\AXIOMS_PART1_MODE_CLASSIFICATION.md,,,Codex,2026-07-28T19:10:19+00:00,Imported Part 1 mode classification row P10.1 as FW_EXTENDED.,Classification import is not proof and does not promote the claim to canon.
tp:lane4/axioms/ax-part1-fw-extended-p10-1,sha256:6b4e917c3add2559c5f232c043095299406ff945950fbc16c0fe82b5400350e1,,15ccf60c-2673-48cd-9c77-f0eb0ed78849,P10.1 — Soul Continuity,classification,Classification,classification_glyphs_attached,recorded,NOT_ESTABLISHED,active_candidate,not_applicable,D:\GitHub\Faith-through-physics-atoms\_docs\AXIOMS_PART1_MODE_CLASSIFICATION.md,,,Codex,2026-08-05T05:29:37+00:00,Attached Part 1 classification glyphs for P10.1 as FW_EXTENDED.,Glyphs classify and render the atom; they do not prove it.
tp:lane4/axioms/ax-part1-fw-extended-p10-1,sha256:6b4e917c3add2559c5f232c043095299406ff945950fbc16c0fe82b5400350e1,,842659c5-0dc3-42aa-b1b4-b6cf5e489a9f,P10.1 — Soul Continuity,classification,Classification,classification_glyphs_attached,recorded,NOT_ESTABLISHED,active_candidate,not_applicable,D:\GitHub\Faith-through-physics-atoms\_docs\AXIOMS_PART1_MODE_CLASSIFICATION.md,,,Codex,2026-08-05T05:30:27+00:00,Attached Part 1 classification glyphs for P10.1 as FW_EXTENDED.,Glyphs classify and render the atom; they do not prove it.
tp:lane4/axioms/ax-part1-fw-extended-p10-2,sha256:3c2ae35d84040d640824c8a3cc07c364d8a250528952be6805957d776c04e26a,,,P10.2 — Soul Identity Persistence,classification,Classification,classification_imported,recorded,NOT_ESTABLISHED,active_candidate,not_applicable,O:\_Theophysics_v5\00_AXIOMS\_LOSSLESS_SUMMARY\AXIOMS_PART1_MODE_CLASSIFICATION.md,,,Codex,2026-07-28T19:10:19+00:00,Imported Part 1 mode classification row P10.2 as FW_EXTENDED.,Classification import is not proof and does not promote the claim to canon.
tp:lane4/axioms/ax-part1-fw-extended-p10-2,sha256:3c2ae35d84040d640824c8a3cc07c364d8a250528952be6805957d776c04e26a,,26d8e19c-950b-4bbe-8bef-adba76e054c1,P10.2 — Soul Identity Persistence,classification,Classification,classification_glyphs_attached,recorded,NOT_ESTABLISHED,active_candidate,not_applicable,D:\GitHub\Faith-through-physics-atoms\_docs\AXIOMS_PART1_MODE_CLASSIFICATION.md,,,Codex,2026-08-05T05:29:37+00:00,Attached Part 1 classification glyphs for P10.2 as FW_EXTENDED.,Glyphs classify and render the atom; they do not prove it.
tp:lane4/axioms/ax-part1-fw-extended-p10-2,sha256:3c2ae35d84040d640824c8a3cc07c364d8a250528952be6805957d776c04e26a,,b3918194-bb19-477a-9b66-a817dd848b5f,P10.2 — Soul Identity Persistence,classification,Classification,classification_glyphs_attached,recorded,NOT_ESTABLISHED,active_candidate,not_applicable,D:\GitHub\Faith-through-physics-atoms\_docs\AXIOMS_PART1_MODE_CLASSIFICATION.md,,,Codex,2026-08-05T05:30:27+00:00,Attached Part 1 classification glyphs for P10.2 as FW_EXTENDED.,Glyphs classify and render the atom; they do not prove it.
tp:lane4/axioms/ax-part1-fw-extended-p2-1,sha256:dfb9ed9170b2f376cfa2da2df108f034f73bd1e96b3bc70be08aaba6dfa167e8,,,P2.1 — Chi Ontological Priority,classification,Classification,classification_imported,recorded,NOT_ESTABLISHED,active_candidate,not_applicable,O:\_Theophysics_v5\00_AXIOMS\_LOSSLESS_SUMMARY\AXIOMS_PART1_MODE_CLASSIFICATION.md,,,Codex,2026-07-28T19:10:19+00:00,Imported Part 1 mode classification row P2.1 as FW_EXTENDED.,Classification import is not proof and does not promote the claim to canon.
tp:lane4/axioms/ax-part1-fw-extended-p2-1,sha256:dfb9ed9170b2f376cfa2da2df108f034f73bd1e96b3bc70be08aaba6dfa167e8,,85a34d0e-d415-4600-b47f-d896e06481dd,P2.1 — Chi Ontological Priority,classification,Classification,classification_glyphs_attached,recorded,NOT_ESTABLISHED,active_candidate,not_applicable,D:\GitHub\Faith-through-physics-atoms\_docs\AXIOMS_PART1_MODE_CLASSIFICATION.md,,,Codex,2026-08-05T05:29:37+00:00,Attached Part 1 classification glyphs for P2.1 as FW_EXTENDED.,Glyphs classify and render the atom; they do not prove it.
tp:lane4/axioms/ax-part1-fw-extended-p2-1,sha256:dfb9ed9170b2f376cfa2da2df108f034f73bd1e96b3bc70be08aaba6dfa167e8,,c7f40fe1-593b-48de-9a37-e50c0d696df9,P2.1 — Chi Ontological Priority,classification,Classification,classification_glyphs_attached,recorded,NOT_ESTABLISHED,active_candidate,not_applicable,D:\GitHub\Faith-through-physics-atoms\_docs\AXIOMS_PART1_MODE_CLASSIFICATION.md,,,Codex,2026-08-05T05:30:27+00:00,Attached Part 1 classification glyphs for P2.1 as FW_EXTENDED.,Glyphs classify and render the atom; they do not prove it.
tp:lane4/axioms/ax-part1-fw-extended-p2-2,sha256:6791f688a3e6f3ddfee42e9a62751e10930af4e3c2a7b73b0e28e68897e808fc,,,P2.2 — Chi Semantic Content,classification,Classification,classification_imported,recorded,NOT_ESTABLISHED,active_candidate,not_applicable,O:\_Theophysics_v5\00_AXIOMS\_LOSSLESS_SUMMARY\AXIOMS_PART1_MODE_CLASSIFICATION.md,,,Codex,2026-07-28T19:10:19+00:00,Imported Part 1 mode classification row P2.2 as FW_EXTENDED.,Classification import is not proof and does not promote the claim to canon.
tp:lane4/axioms/ax-part1-fw-extended-p2-2,sha256:6791f688a3e6f3ddfee42e9a62751e10930af4e3c2a7b73b0e28e68897e808fc,,716cce3d-4744-4063-9c84-21131e7288fe,P2.2 — Chi Semantic Content,classification,Classification,classification_glyphs_attached,recorded,NOT_ESTABLISHED,active_candidate,not_applicable,D:\GitHub\Faith-through-physics-atoms\_docs\AXIOMS_PART1_MODE_CLASSIFICATION.md,,,Codex,2026-08-05T05:29:37+00:00,Attached Part 1 classification glyphs for P2.2 as FW_EXTENDED.,Glyphs classify and render the atom; they do not prove it.
tp:lane4/axioms/ax-part1-fw-extended-p2-2,sha256:6791f688a3e6f3ddfee42e9a62751e10930af4e3c2a7b73b0e28e68897e808fc,,84f2402f-bdb8-4857-b076-ec39b402a41e,P2.2 — Chi Semantic Content,classification,Classification,classification_glyphs_attached,recorded,NOT_ESTABLISHED,active_candidate,not_applicable,D:\GitHub\Faith-through-physics-atoms\_docs\AXIOMS_PART1_MODE_CLASSIFICATION.md,,,Codex,2026-08-05T05:30:27+00:00,Attached Part 1 classification glyphs for P2.2 as FW_EXTENDED.,Glyphs classify and render the atom; they do not prove it.
tp:lane4/axioms/ax-part1-fw-extended-p2,sha256:e54623ab16a15f6022a87b8b158244fd9afa636e9ea1a4230efddd205998f953,,,P2 — Information Stage,classification,Classification,classification_imported,recorded,NOT_ESTABLISHED,active_candidate_unanchored,not_applicable,O:\_Theophysics_v5\00_AXIOMS\_LOSSLESS_SUMMARY\AXIOMS_PART1_MODE_CLASSIFICATION.md,,,Codex,2026-07-28T19:10:19+00:00,Imported Part 1 mode classification row P2 as FW_EXTENDED.,Classification import is not proof and does not promote the claim to canon.
tp:lane4/axioms/ax-part1-fw-extended-p2,sha256:e54623ab16a15f6022a87b8b158244fd9afa636e9ea1a4230efddd205998f953,,74243a75-32a1-4959-ae6f-ce312b481e91,P2 — Information Stage,classification,Classification,classification_glyphs_attached,recorded,NOT_ESTABLISHED,active_candidate_unanchored,not_applicable,D:\GitHub\Faith-through-physics-atoms\_docs\AXIOMS_PART1_MODE_CLASSIFICATION.md,,,Codex,2026-08-05T05:29:38+00:00,Attached Part 1 classification glyphs for P2 as FW_EXTENDED.,Glyphs classify and render the atom; they do not prove it.
tp:lane4/axioms/ax-part1-fw-extended-p2,sha256:e54623ab16a15f6022a87b8b158244fd9afa636e9ea1a4230efddd205998f953,,7641d750-2cf7-4735-9feb-b5e39be6c196,P2 — Information Stage,classification,Classification,classification_glyphs_attached,recorded,NOT_ESTABLISHED,active_candidate_unanchored,not_applicable,D:\GitHub\Faith-through-physics-atoms\_docs\AXIOMS_PART1_MODE_CLASSIFICATION.md,,,Codex,2026-08-05T05:30:27+00:00,Attached Part 1 classification glyphs for P2 as FW_EXTENDED.,Glyphs classify and render the atom; they do not prove it.
tp:lane4/axioms/ax-part1-fw-extended-p3-1,sha256:a3d40a2064c50624512e2b30a34935b76a007edb6999630f9f871c520efcf4fc,,,P3.1 — Coherence Non-Negativity,classification,Classification,classification_imported,recorded,NOT_ESTABLISHED,active_candidate,not_applicable,O:\_Theophysics_v5\00_AXIOMS\_LOSSLESS_SUMMARY\AXIOMS_PART1_MODE_CLASSIFICATION.md,,,Codex,2026-07-28T19:10:19+00:00,Imported Part 1 mode classification row P3.1 as FW_EXTENDED.,Classification import is not proof and does not promote the claim to canon.
tp:lane4/axioms/ax-part1-fw-extended-p3-1,sha256:a3d40a2064c50624512e2b30a34935b76a007edb6999630f9f871c520efcf4fc,,1954b241-3f54-4e40-9a4a-dd0d5d613655,P3.1 — Coherence Non-Negativity,classification,Classification,classification_glyphs_attached,recorded,NOT_ESTABLISHED,active_candidate,not_applicable,D:\GitHub\Faith-through-physics-atoms\_docs\AXIOMS_PART1_MODE_CLASSIFICATION.md,,,Codex,2026-08-05T05:29:37+00:00,Attached Part 1 classification glyphs for P3.1 as FW_EXTENDED.,Glyphs classify and render the atom; they do not prove it.
tp:lane4/axioms/ax-part1-fw-extended-p3-1,sha256:a3d40a2064c50624512e2b30a34935b76a007edb6999630f9f871c520efcf4fc,,7a62ce7d-2d04-4696-9734-57b554581865,P3.1 — Coherence Non-Negativity,classification,Classification,classification_glyphs_attached,recorded,NOT_ESTABLISHED,active_candidate,not_applicable,D:\GitHub\Faith-through-physics-atoms\_docs\AXIOMS_PART1_MODE_CLASSIFICATION.md,,,Codex,2026-08-05T05:30:27+00:00,Attached Part 1 classification glyphs for P3.1 as FW_EXTENDED.,Glyphs classify and render the atom; they do not prove it.
tp:lane4/axioms/ax-part1-fw-extended-p3-2,sha256:f1bc2f1605c68f7edd8ee764b92dd78a1af18cd655e873724997b00e9de96139,,,P3.2 — Coherence Conservation,classification,Classification,classification_imported,recorded,NOT_ESTABLISHED,active_candidate,not_applicable,O:\_Theophysics_v5\00_AXIOMS\_LOSSLESS_SUMMARY\AXIOMS_PART1_MODE_CLASSIFICATION.md,,,Codex,2026-07-28T19:10:19+00:00,Imported Part 1 mode classification row P3.2 as FW_EXTENDED.,Classification import is not proof and does not promote the claim to canon.
tp:lane4/axioms/ax-part1-fw-extended-p3-2,sha256:f1bc2f1605c68f7edd8ee764b92dd78a1af18cd655e873724997b00e9de96139,,1ff0561a-d282-42c8-b5de-df54de995857,P3.2 — Coherence Conservation,classification,Classification,classification_glyphs_attached,recorded,NOT_ESTABLISHED,active_candidate,not_applicable,D:\GitHub\Faith-through-physics-atoms\_docs\AXIOMS_PART1_MODE_CLASSIFICATION.md,,,Codex,2026-08-05T05:29:37+00:00,Attached Part 1 classification glyphs for P3.2 as FW_EXTENDED.,Glyphs classify and render the atom; they do not prove it.
tp:lane4/axioms/ax-part1-fw-extended-p3-2,sha256:f1bc2f1605c68f7edd8ee764b92dd78a1af18cd655e873724997b00e9de96139,,c0fefe3d-d96c-4631-a7d1-ee818b8d9586,P3.2 — Coherence Conservation,classification,Classification,classification_glyphs_attached,recorded,NOT_ESTABLISHED,active_candidate,not_applicable,D:\GitHub\Faith-through-physics-atoms\_docs\AXIOMS_PART1_MODE_CLASSIFICATION.md,,,Codex,2026-08-05T05:30:27+00:00,Attached Part 1 classification glyphs for P3.2 as FW_EXTENDED.,Glyphs classify and render the atom; they do not prove it.
tp:lane4/axioms/ax-part1-fw-extended-p3,sha256:aa124d3739f10a1db190d91fb48f2f2bd0ee1f23fd82b409cdf754a61e6970d3,,,P3 — Coherence Stage,classification,Classification,classification_imported,recorded,NOT_ESTABLISHED,active_candidate_unanchored,not_applicable,O:\_Theophysics_v5\00_AXIOMS\_LOSSLESS_SUMMARY\AXIOMS_PART1_MODE_CLASSIFICATION.md,,,Codex,2026-07-28T19:10:19+00:00,Imported Part 1 mode classification row P3 as FW_EXTENDED.,Classification import is not proof and does not promote the claim to canon.
tp:lane4/axioms/ax-part1-fw-extended-p3,sha256:aa124d3739f10a1db190d91fb48f2f2bd0ee1f23fd82b409cdf754a61e6970d3,,db94aea0-a643-466c-9d21-305b2af9b32a,P3 — Coherence Stage,classification,Classification,classification_glyphs_attached,recorded,NOT_ESTABLISHED,active_candidate_unanchored,not_applicable,D:\GitHub\Faith-through-physics-atoms\_docs\AXIOMS_PART1_MODE_CLASSIFICATION.md,,,Codex,2026-08-05T05:29:38+00:00,Attached Part 1 classification glyphs for P3 as FW_EXTENDED.,Glyphs classify and render the atom; they do not prove it.
tp:lane4/axioms/ax-part1-fw-extended-p3,sha256:aa124d3739f10a1db190d91fb48f2f2bd0ee1f23fd82b409cdf754a61e6970d3,,26aba790-bf9d-4372-9e93-181b22b1c625,P3 — Coherence Stage,classification,Classification,classification_glyphs_attached,recorded,NOT_ESTABLISHED,active_candidate_unanchored,not_applicable,D:\GitHub\Faith-through-physics-atoms\_docs\AXIOMS_PART1_MODE_CLASSIFICATION.md,,,Codex,2026-08-05T05:30:27+00:00,Attached Part 1 classification glyphs for P3 as FW_EXTENDED.,Glyphs classify and render the atom; they do not prove it.
tp:lane4/axioms/ax-part1-fw-extended-p4,sha256:7765e4a027e2044709bc625dd9be4bc7209757b6b41899a8d7283d2a00dbb4ec,,,P4 — Agency Stage,classification,Classification,classification_imported,recorded,NOT_ESTABLISHED,active_candidate_unanchored,not_applicable,O:\_Theophysics_v5\00_AXIOMS\_LOSSLESS_SUMMARY\AXIOMS_PART1_MODE_CLASSIFICATION.md,,,Codex,2026-07-28T19:10:19+00:00,Imported Part 1 mode classification row P4 as FW_EXTENDED.,Classification import is not proof and does not promote the claim to canon.
tp:lane4/axioms/ax-part1-fw-extended-p4,sha256:7765e4a027e2044709bc625dd9be4bc7209757b6b41899a8d7283d2a00dbb4ec,,66ccceb7-8a9f-4723-8dae-01458c6e4d8c,P4 — Agency Stage,classification,Classification,classification_glyphs_attached,recorded,NOT_ESTABLISHED,active_candidate_unanchored,not_applicable,D:\GitHub\Faith-through-physics-atoms\_docs\AXIOMS_PART1_MODE_CLASSIFICATION.md,,,Codex,2026-08-05T05:29:38+00:00,Attached Part 1 classification glyphs for P4 as FW_EXTENDED.,Glyphs classify and render the atom; they do not prove it.
tp:lane4/axioms/ax-part1-fw-extended-p4,sha256:7765e4a027e2044709bc625dd9be4bc7209757b6b41899a8d7283d2a00dbb4ec,,f9f1f340-1ad7-4566-aef4-ef4d8d343141,P4 — Agency Stage,classification,Classification,classification_glyphs_attached,recorded,NOT_ESTABLISHED,active_candidate_unanchored,not_applicable,D:\GitHub\Faith-through-physics-atoms\_docs\AXIOMS_PART1_MODE_CLASSIFICATION.md,,,Codex,2026-08-05T05:30:27+00:00,Attached Part 1 classification glyphs for P4 as FW_EXTENDED.,Glyphs classify and render the atom; they do not prove it.
tp:lane4/axioms/ax-part1-fw-extended-p5-1,sha256:c926e392b21016de9edb2e61d1dfe64f8e3360461b63c93c8002c6e0342812b8,,,P5.1 — Phi Admits Degrees,classification,Classification,classification_imported,recorded,NOT_ESTABLISHED,active_candidate,not_applicable,O:\_Theophysics_v5\00_AXIOMS\_LOSSLESS_SUMMARY\AXIOMS_PART1_MODE_CLASSIFICATION.md,,,Codex,2026-07-28T19:10:19+00:00,Imported Part 1 mode classification row P5.1 as FW_EXTENDED.,Classification import is not proof and does not promote the claim to canon.
tp:lane4/axioms/ax-part1-fw-extended-p5-1,sha256:c926e392b21016de9edb2e61d1dfe64f8e3360461b63c93c8002c6e0342812b8,,ece229df-9540-4d9d-a37f-4adb1ba779a3,P5.1 — Phi Admits Degrees,classification,Classification,classification_glyphs_attached,recorded,NOT_ESTABLISHED,active_candidate,not_applicable,D:\GitHub\Faith-through-physics-atoms\_docs\AXIOMS_PART1_MODE_CLASSIFICATION.md,,,Codex,2026-08-05T05:29:37+00:00,Attached Part 1 classification glyphs for P5.1 as FW_EXTENDED.,Glyphs classify and render the atom; they do not prove it.
tp:lane4/axioms/ax-part1-fw-extended-p5-1,sha256:c926e392b21016de9edb2e61d1dfe64f8e3360461b63c93c8002c6e0342812b8,,5a467294-822b-4325-8891-b0ff44b96a63,P5.1 — Phi Admits Degrees,classification,Classification,classification_glyphs_attached,recorded,NOT_ESTABLISHED,active_candidate,not_applicable,D:\GitHub\Faith-through-physics-atoms\_docs\AXIOMS_PART1_MODE_CLASSIFICATION.md,,,Codex,2026-08-05T05:30:27+00:00,Attached Part 1 classification glyphs for P5.1 as FW_EXTENDED.,Glyphs classify and render the atom; they do not prove it.
tp:lane4/axioms/ax-part1-fw-extended-p5-2,sha256:d6ac81a37542db602be288f272001ebfc47bec3af84d10c73e7485ab6bd6d17c,,,P5.2 — Observer Effect Proportional To Phi,classification,Classification,classification_imported,recorded,NOT_ESTABLISHED,active_candidate,not_applicable,O:\_Theophysics_v5\00_AXIOMS\_LOSSLESS_SUMMARY\AXIOMS_PART1_MODE_CLASSIFICATION.md,,,Codex,2026-07-28T19:10:19+00:00,Imported Part 1 mode classification row P5.2 as FW_EXTENDED.,Classification import is not proof and does not promote the claim to canon.
tp:lane4/axioms/ax-part1-fw-extended-p5-2,sha256:d6ac81a37542db602be288f272001ebfc47bec3af84d10c73e7485ab6bd6d17c,,a7de7f68-8a25-4929-ad52-a5658a1b0a44,P5.2 — Observer Effect Proportional To Phi,classification,Classification,classification_glyphs_attached,recorded,NOT_ESTABLISHED,active_candidate,not_applicable,D:\GitHub\Faith-through-physics-atoms\_docs\AXIOMS_PART1_MODE_CLASSIFICATION.md,,,Codex,2026-08-05T05:29:37+00:00,Attached Part 1 classification glyphs for P5.2 as FW_EXTENDED.,Glyphs classify and render the atom; they do not prove it.
tp:lane4/axioms/ax-part1-fw-extended-p5-2,sha256:d6ac81a37542db602be288f272001ebfc47bec3af84d10c73e7485ab6bd6d17c,,7e651ff8-ba62-4d64-bd28-de193f476519,P5.2 — Observer Effect Proportional To Phi,classification,Classification,classification_glyphs_attached,recorded,NOT_ESTABLISHED,active_candidate,not_applicable,D:\GitHub\Faith-through-physics-atoms\_docs\AXIOMS_PART1_MODE_CLASSIFICATION.md,,,Codex,2026-08-05T05:30:27+00:00,Attached Part 1 classification glyphs for P5.2 as FW_EXTENDED.,Glyphs classify and render the atom; they do not prove it.
tp:lane4/axioms/ax-part1-fw-extended-p5,sha256:eb81d7c00156bab79126ef3ed864cb428ec2c4218a632c1c57d98ea004d3bbbf,,,P5 — Incompleteness Stage,classification,Classification,classification_imported,recorded,NOT_ESTABLISHED,active_candidate_unanchored,not_applicable,O:\_Theophysics_v5\00_AXIOMS\_LOSSLESS_SUMMARY\AXIOMS_PART1_MODE_CLASSIFICATION.md,,,Codex,2026-07-28T19:10:19+00:00,Imported Part 1 mode classification row P5 as FW_EXTENDED.,Classification import is not proof and does not promote the claim to canon.
tp:lane4/axioms/ax-part1-fw-extended-p5,sha256:eb81d7c00156bab79126ef3ed864cb428ec2c4218a632c1c57d98ea004d3bbbf,,8b1c62c9-b8d6-4026-a593-bc57651c0e3d,P5 — Incompleteness Stage,classification,Classification,classification_glyphs_attached,recorded,NOT_ESTABLISHED,active_candidate_unanchored,not_applicable,D:\GitHub\Faith-through-physics-atoms\_docs\AXIOMS_PART1_MODE_CLASSIFICATION.md,,,Codex,2026-08-05T05:29:38+00:00,Attached Part 1 classification glyphs for P5 as FW_EXTENDED.,Glyphs classify and render the atom; they do not prove it.
tp:lane4/axioms/ax-part1-fw-extended-p5,sha256:eb81d7c00156bab79126ef3ed864cb428ec2c4218a632c1c57d98ea004d3bbbf,,fe8cc97a-073b-4f50-ada8-6fe5aae9b093,P5 — Incompleteness Stage,classification,Classification,classification_glyphs_attached,recorded,NOT_ESTABLISHED,active_candidate_unanchored,not_applicable,D:\GitHub\Faith-through-physics-atoms\_docs\AXIOMS_PART1_MODE_CLASSIFICATION.md,,,Codex,2026-08-05T05:30:27+00:00,Attached Part 1 classification glyphs for P5 as FW_EXTENDED.,Glyphs classify and render the atom; they do not prove it.
tp:lane4/axioms/ax-part1-fw-extended-p6-1,sha256:81ad69f47936db735a75da9e707eeaf198deeb16ccef723249b36ce163c20abf,,,P6.1 — Collapse Rate Proportional To Phi,classification,Classification,classification_imported,recorded,NOT_ESTABLISHED,active_candidate_unanchored,not_applicable,O:\_Theophysics_v5\00_AXIOMS\_LOSSLESS_SUMMARY\AXIOMS_PART1_MODE_CLASSIFICATION.md,,,Codex,2026-07-28T19:10:19+00:00,Imported Part 1 mode classification row P6.1 as FW_EXTENDED.,Classification import is not proof and does not promote the claim to canon.
tp:lane4/axioms/ax-part1-fw-extended-p6-1,sha256:81ad69f47936db735a75da9e707eeaf198deeb16ccef723249b36ce163c20abf,,5ab12dce-181f-409c-bb0b-d7db6fd3b30c,P6.1 — Collapse Rate Proportional To Phi,classification,Classification,classification_glyphs_attached,recorded,NOT_ESTABLISHED,active_candidate_unanchored,not_applicable,D:\GitHub\Faith-through-physics-atoms\_docs\AXIOMS_PART1_MODE_CLASSIFICATION.md,,,Codex,2026-08-05T05:29:37+00:00,Attached Part 1 classification glyphs for P6.1 as FW_EXTENDED.,Glyphs classify and render the atom; they do not prove it.
tp:lane4/axioms/ax-part1-fw-extended-p6-1,sha256:81ad69f47936db735a75da9e707eeaf198deeb16ccef723249b36ce163c20abf,,df81edef-29f2-41d4-9a90-17d382fc047f,P6.1 — Collapse Rate Proportional To Phi,classification,Classification,classification_glyphs_attached,recorded,NOT_ESTABLISHED,active_candidate_unanchored,not_applicable,D:\GitHub\Faith-through-physics-atoms\_docs\AXIOMS_PART1_MODE_CLASSIFICATION.md,,,Codex,2026-08-05T05:30:27+00:00,Attached Part 1 classification glyphs for P6.1 as FW_EXTENDED.,Glyphs classify and render the atom; they do not prove it.
tp:lane4/axioms/ax-part1-fw-extended-p6-2,sha256:51d63f1c8af27811ceb0f2a7936570c21addfa8c3f195d84817b401dfc8c395f,,,P6.2 — Collapse Generates Heat,classification,Classification,classification_imported,recorded,NOT_ESTABLISHED,active_candidate_unanchored,not_applicable,O:\_Theophysics_v5\00_AXIOMS\_LOSSLESS_SUMMARY\AXIOMS_PART1_MODE_CLASSIFICATION.md,,,Codex,2026-07-28T19:10:19+00:00,Imported Part 1 mode classification row P6.2 as FW_EXTENDED.,Classification import is not proof and does not promote the claim to canon.
tp:lane4/axioms/ax-part1-fw-extended-p6-2,sha256:51d63f1c8af27811ceb0f2a7936570c21addfa8c3f195d84817b401dfc8c395f,,6f936495-0f47-411a-8bc7-65fc22c44d72,P6.2 — Collapse Generates Heat,classification,Classification,classification_glyphs_attached,recorded,NOT_ESTABLISHED,active_candidate_unanchored,not_applicable,D:\GitHub\Faith-through-physics-atoms\_docs\AXIOMS_PART1_MODE_CLASSIFICATION.md,,,Codex,2026-08-05T05:29:37+00:00,Attached Part 1 classification glyphs for P6.2 as FW_EXTENDED.,Glyphs classify and render the atom; they do not prove it.
tp:lane4/axioms/ax-part1-fw-extended-p6-2,sha256:51d63f1c8af27811ceb0f2a7936570c21addfa8c3f195d84817b401dfc8c395f,,5c0c4da2-ee7b-497c-a61a-ba09800b6413,P6.2 — Collapse Generates Heat,classification,Classification,classification_glyphs_attached,recorded,NOT_ESTABLISHED,active_candidate_unanchored,not_applicable,D:\GitHub\Faith-through-physics-atoms\_docs\AXIOMS_PART1_MODE_CLASSIFICATION.md,,,Codex,2026-08-05T05:30:27+00:00,Attached Part 1 classification glyphs for P6.2 as FW_EXTENDED.,Glyphs classify and render the atom; they do not prove it.
tp:lane4/axioms/ax-part1-fw-extended-p9-1,sha256:5d19f7ac4a36b496e97cb0e9c75b36ce815b60fc1f653c7c25c9b6867acfd40e,,,P9.1 — Grace Idempotence,classification,Classification,classification_imported,recorded,NOT_ESTABLISHED,active_candidate,not_applicable,O:\_Theophysics_v5\00_AXIOMS\_LOSSLESS_SUMMARY\AXIOMS_PART1_MODE_CLASSIFICATION.md,,,Codex,2026-07-28T19:10:19+00:00,Imported Part 1 mode classification row P9.1 as FW_EXTENDED.,Classification import is not proof and does not promote the claim to canon.
tp:lane4/axioms/ax-part1-fw-extended-p9-1,sha256:5d19f7ac4a36b496e97cb0e9c75b36ce815b60fc1f653c7c25c9b6867acfd40e,,828fdd48-6426-4d31-932b-2daa05fb6690,P9.1 — Grace Idempotence,classification,Classification,classification_glyphs_attached,recorded,NOT_ESTABLISHED,active_candidate,not_applicable,D:\GitHub\Faith-through-physics-atoms\_docs\AXIOMS_PART1_MODE_CLASSIFICATION.md,,,Codex,2026-08-05T05:29:37+00:00,Attached Part 1 classification glyphs for P9.1 as FW_EXTENDED.,Glyphs classify and render the atom; they do not prove it.
tp:lane4/axioms/ax-part1-fw-extended-p9-1,sha256:5d19f7ac4a36b496e97cb0e9c75b36ce815b60fc1f653c7c25c9b6867acfd40e,,4a87e340-4c6f-45d6-94ab-4898b3b4a16e,P9.1 — Grace Idempotence,classification,Classification,classification_glyphs_attached,recorded,NOT_ESTABLISHED,active_candidate,not_applicable,D:\GitHub\Faith-through-physics-atoms\_docs\AXIOMS_PART1_MODE_CLASSIFICATION.md,,,Codex,2026-08-05T05:30:27+00:00,Attached Part 1 classification glyphs for P9.1 as FW_EXTENDED.,Glyphs classify and render the atom; they do not prove it.
tp:lane4/axioms/ax-part1-fw-extended-p9-2,sha256:54177822373b5cbe3fbb611fb2088804e732005a1a1517b6f41d059e0af0ad23,,,P9.2 — Voluntary Coupling Preserved,classification,Classification,classification_imported,recorded,NOT_ESTABLISHED,active_candidate,not_applicable,O:\_Theophysics_v5\00_AXIOMS\_LOSSLESS_SUMMARY\AXIOMS_PART1_MODE_CLASSIFICATION.md,,,Codex,2026-07-28T19:10:19+00:00,Imported Part 1 mode classification row P9.2 as FW_EXTENDED.,Classification import is not proof and does not promote the claim to canon.
tp:lane4/axioms/ax-part1-fw-extended-p9-2,sha256:54177822373b5cbe3fbb611fb2088804e732005a1a1517b6f41d059e0af0ad23,,497d7fda-9d0b-46b6-8470-1e7ee294a9df,P9.2 — Voluntary Coupling Preserved,classification,Classification,classification_glyphs_attached,recorded,NOT_ESTABLISHED,active_candidate,not_applicable,D:\GitHub\Faith-through-physics-atoms\_docs\AXIOMS_PART1_MODE_CLASSIFICATION.md,,,Codex,2026-08-05T05:29:37+00:00,Attached Part 1 classification glyphs for P9.2 as FW_EXTENDED.,Glyphs classify and render the atom; they do not prove it.
tp:lane4/axioms/ax-part1-fw-extended-p9-2,sha256:54177822373b5cbe3fbb611fb2088804e732005a1a1517b6f41d059e0af0ad23,,b9f8f5b3-61ef-4428-a424-b01ed0c4c39d,P9.2 — Voluntary Coupling Preserved,classification,Classification,classification_glyphs_attached,recorded,NOT_ESTABLISHED,active_candidate,not_applicable,D:\GitHub\Faith-through-physics-atoms\_docs\AXIOMS_PART1_MODE_CLASSIFICATION.md,,,Codex,2026-08-05T05:30:27+00:00,Attached Part 1 classification glyphs for P9.2 as FW_EXTENDED.,Glyphs classify and render the atom; they do not prove it.
tp:lane4/axioms/ax-part1-fw-extended-p9-3,sha256:d8f00901d9f37a0110a2599396279f375c13f89c20826fe6073d204d29ba81b6,,,P9.3 — Information Preserved Under Grace,classification,Classification,classification_imported,recorded,NOT_ESTABLISHED,active_candidate,not_applicable,O:\_Theophysics_v5\00_AXIOMS\_LOSSLESS_SUMMARY\AXIOMS_PART1_MODE_CLASSIFICATION.md,,,Codex,2026-07-28T19:10:19+00:00,Imported Part 1 mode classification row P9.3 as FW_EXTENDED.,Classification import is not proof and does not promote the claim to canon.
tp:lane4/axioms/ax-part1-fw-extended-p9-3,sha256:d8f00901d9f37a0110a2599396279f375c13f89c20826fe6073d204d29ba81b6,,eba0c805-ee72-4b1e-a953-e39e8fbb1a55,P9.3 — Information Preserved Under Grace,classification,Classification,classification_glyphs_attached,recorded,NOT_ESTABLISHED,active_candidate,not_applicable,D:\GitHub\Faith-through-physics-atoms\_docs\AXIOMS_PART1_MODE_CLASSIFICATION.md,,,Codex,2026-08-05T05:29:37+00:00,Attached Part 1 classification glyphs for P9.3 as FW_EXTENDED.,Glyphs classify and render the atom; they do not prove it.
tp:lane4/axioms/ax-part1-fw-extended-p9-3,sha256:d8f00901d9f37a0110a2599396279f375c13f89c20826fe6073d204d29ba81b6,,ec5c16af-f4b2-4b1f-99eb-1bc11c19b6f7,P9.3 — Information Preserved Under Grace,classification,Classification,classification_glyphs_attached,recorded,NOT_ESTABLISHED,active_candidate,not_applicable,D:\GitHub\Faith-through-physics-atoms\_docs\AXIOMS_PART1_MODE_CLASSIFICATION.md,,,Codex,2026-08-05T05:30:27+00:00,Attached Part 1 classification glyphs for P9.3 as FW_EXTENDED.,Glyphs classify and render the atom; they do not prove it.
tp:lane4/axioms/ax-part1-fw-extended-p9-4,sha256:face25d7b65d488bcb73385549253ad7ad31d03a0fc790e37d82ddc8b4c2b998,,,P9.4 — Superposition Preserved Until Faith,classification,Classification,classification_imported,recorded,NOT_ESTABLISHED,active_candidate,not_applicable,O:\_Theophysics_v5\00_AXIOMS\_LOSSLESS_SUMMARY\AXIOMS_PART1_MODE_CLASSIFICATION.md,,,Codex,2026-07-28T19:10:19+00:00,Imported Part 1 mode classification row P9.4 as FW_EXTENDED.,Classification import is not proof and does not promote the claim to canon.
tp:lane4/axioms/ax-part1-fw-extended-p9-4,sha256:face25d7b65d488bcb73385549253ad7ad31d03a0fc790e37d82ddc8b4c2b998,,1d246e7b-9fd5-44c5-9157-e65c351c2bad,P9.4 — Superposition Preserved Until Faith,classification,Classification,classification_glyphs_attached,recorded,NOT_ESTABLISHED,active_candidate,not_applicable,D:\GitHub\Faith-through-physics-atoms\_docs\AXIOMS_PART1_MODE_CLASSIFICATION.md,,,Codex,2026-08-05T05:29:37+00:00,Attached Part 1 classification glyphs for P9.4 as FW_EXTENDED.,Glyphs classify and render the atom; they do not prove it.
tp:lane4/axioms/ax-part1-fw-extended-p9-4,sha256:face25d7b65d488bcb73385549253ad7ad31d03a0fc790e37d82ddc8b4c2b998,,117f1a23-b67c-4255-8222-f6bb789e37f3,P9.4 — Superposition Preserved Until Faith,classification,Classification,classification_glyphs_attached,recorded,NOT_ESTABLISHED,active_candidate,not_applicable,D:\GitHub\Faith-through-physics-atoms\_docs\AXIOMS_PART1_MODE_CLASSIFICATION.md,,,Codex,2026-08-05T05:30:27+00:00,Attached Part 1 classification glyphs for P9.4 as FW_EXTENDED.,Glyphs classify and render the atom; they do not prove it.
tp:lane4/axioms/ax-part1-fw-extended-p9-5,sha256:4a8e345b8a4b8b0f67d6310bc1beefe5059b3413ff8660b80f13dcd45a5f0c41,,,P9.5 — Grace Available To All,classification,Classification,classification_imported,recorded,NOT_ESTABLISHED,active_candidate,not_applicable,O:\_Theophysics_v5\00_AXIOMS\_LOSSLESS_SUMMARY\AXIOMS_PART1_MODE_CLASSIFICATION.md,,,Codex,2026-07-28T19:10:19+00:00,Imported Part 1 mode classification row P9.5 as FW_EXTENDED.,Classification import is not proof and does not promote the claim to canon.
tp:lane4/axioms/ax-part1-fw-extended-p9-5,sha256:4a8e345b8a4b8b0f67d6310bc1beefe5059b3413ff8660b80f13dcd45a5f0c41,,57ed5f0a-2a8d-48a7-a39f-c6797cdf0060,P9.5 — Grace Available To All,classification,Classification,classification_glyphs_attached,recorded,NOT_ESTABLISHED,active_candidate,not_applicable,D:\GitHub\Faith-through-physics-atoms\_docs\AXIOMS_PART1_MODE_CLASSIFICATION.md,,,Codex,2026-08-05T05:29:37+00:00,Attached Part 1 classification glyphs for P9.5 as FW_EXTENDED.,Glyphs classify and render the atom; they do not prove it.
tp:lane4/axioms/ax-part1-fw-extended-p9-5,sha256:4a8e345b8a4b8b0f67d6310bc1beefe5059b3413ff8660b80f13dcd45a5f0c41,,33b3873a-4c7e-4c12-9474-550a3bf8b603,P9.5 — Grace Available To All,classification,Classification,classification_glyphs_attached,recorded,NOT_ESTABLISHED,active_candidate,not_applicable,D:\GitHub\Faith-through-physics-atoms\_docs\AXIOMS_PART1_MODE_CLASSIFICATION.md,,,Codex,2026-08-05T05:30:27+00:00,Attached Part 1 classification glyphs for P9.5 as FW_EXTENDED.,Glyphs classify and render the atom; they do not prove it.
tp:lane4/axioms/ax-part1-fw-extended-personhood,sha256:620aca7cf1ebb43a9801f3179d20098c663a671e14d99405205e227153093e82,,,"PERSONHOOD — Agency, Intentionality, Relational Capacity",classification,Classification,classification_imported,recorded,NOT_ESTABLISHED,active_candidate,not_applicable,O:\_Theophysics_v5\00_AXIOMS\_LOSSLESS_SUMMARY\AXIOMS_PART1_MODE_CLASSIFICATION.md,,,Codex,2026-07-28T19:10:19+00:00,Imported Part 1 mode classification row PERSONHOOD as FW_EXTENDED.,Classification import is not proof and does not promote the claim to canon.
tp:lane4/axioms/ax-part1-fw-extended-personhood,sha256:620aca7cf1ebb43a9801f3179d20098c663a671e14d99405205e227153093e82,,a151998b-d311-4421-a4b7-0669a16f98f2,"PERSONHOOD — Agency, Intentionality, Relational Capacity",classification,Classification,classification_glyphs_attached,recorded,NOT_ESTABLISHED,active_candidate,not_applicable,D:\GitHub\Faith-through-physics-atoms\_docs\AXIOMS_PART1_MODE_CLASSIFICATION.md,,,Codex,2026-08-05T05:29:37+00:00,Attached Part 1 classification glyphs for PERSONHOOD as FW_EXTENDED.,Glyphs classify and render the atom; they do not prove it.
tp:lane4/axioms/ax-part1-fw-extended-personhood,sha256:620aca7cf1ebb43a9801f3179d20098c663a671e14d99405205e227153093e82,,50ba3c77-6fff-41aa-9034-42a9b7dde8b6,"PERSONHOOD — Agency, Intentionality, Relational Capacity",classification,Classification,classification_glyphs_attached,recorded,NOT_ESTABLISHED,active_candidate,not_applicable,D:\GitHub\Faith-through-physics-atoms\_docs\AXIOMS_PART1_MODE_CLASSIFICATION.md,,,Codex,2026-08-05T05:30:27+00:00,Attached Part 1 classification glyphs for PERSONHOOD as FW_EXTENDED.,Glyphs classify and render the atom; they do not prove it.
tp:lane4/axioms/ax-part1-fw-extended-sc-cosmic,sha256:9e646f884ed881e399bb7521e8f6224ce710fa0b010b26ad14ccb77afe3a27f4,,,SC-COSMIC - Cosmic Scale Coherence,classification,Classification,classification_imported,recorded,NOT_ESTABLISHED,active_candidate,not_applicable,O:\_Theophysics_v5\00_AXIOMS\_LOSSLESS_SUMMARY\AXIOMS_PART1_MODE_CLASSIFICATION.md,,,Codex,2026-07-28T19:10:19+00:00,Imported Part 1 mode classification row SC-COSMIC as FW_EXTENDED.,Classification import is not proof and does not promote the claim to canon.
tp:lane4/axioms/ax-part1-fw-extended-sc-cosmic,sha256:9e646f884ed881e399bb7521e8f6224ce710fa0b010b26ad14ccb77afe3a27f4,,fb8d1eea-3c55-4390-84d7-c7f8df99f2c9,SC-COSMIC - Cosmic Scale Coherence,classification,Classification,classification_glyphs_attached,recorded,NOT_ESTABLISHED,active_candidate,not_applicable,D:\GitHub\Faith-through-physics-atoms\_docs\AXIOMS_PART1_MODE_CLASSIFICATION.md,,,Codex,2026-08-05T05:29:38+00:00,Attached Part 1 classification glyphs for SC-COSMIC as FW_EXTENDED.,Glyphs classify and render the atom; they do not prove it.
tp:lane4/axioms/ax-part1-fw-extended-sc-cosmic,sha256:9e646f884ed881e399bb7521e8f6224ce710fa0b010b26ad14ccb77afe3a27f4,,ae82376e-67fd-4ba3-927a-75b517b8d7d7,SC-COSMIC - Cosmic Scale Coherence,classification,Classification,classification_glyphs_attached,recorded,NOT_ESTABLISHED,active_candidate,not_applicable,D:\GitHub\Faith-through-physics-atoms\_docs\AXIOMS_PART1_MODE_CLASSIFICATION.md,,,Codex,2026-08-05T05:30:27+00:00,Attached Part 1 classification glyphs for SC-COSMIC as FW_EXTENDED.,Glyphs classify and render the atom; they do not prove it.
tp:lane4/axioms/ax-part1-fw-extended-sc-individual,sha256:9a6329771d95ffafd60cc25cab67a9ca61d49056a494e8c1c02d910d3c6a13be,,,SC-INDIVIDUAL - Individual Scale Coherence,classification,Classification,classification_imported,recorded,NOT_ESTABLISHED,active_candidate,not_applicable,O:\_Theophysics_v5\00_AXIOMS\_LOSSLESS_SUMMARY\AXIOMS_PART1_MODE_CLASSIFICATION.md,,,Codex,2026-07-28T19:10:19+00:00,Imported Part 1 mode classification row SC-INDIVIDUAL as FW_EXTENDED.,Classification import is not proof and does not promote the claim to canon.
tp:lane4/axioms/ax-part1-fw-extended-sc-individual,sha256:9a6329771d95ffafd60cc25cab67a9ca61d49056a494e8c1c02d910d3c6a13be,,0ad6147a-2954-4fbc-a9d7-4892e1e50471,SC-INDIVIDUAL - Individual Scale Coherence,classification,Classification,classification_glyphs_attached,recorded,NOT_ESTABLISHED,active_candidate,not_applicable,D:\GitHub\Faith-through-physics-atoms\_docs\AXIOMS_PART1_MODE_CLASSIFICATION.md,,,Codex,2026-08-05T05:29:38+00:00,Attached Part 1 classification glyphs for SC-INDIVIDUAL as FW_EXTENDED.,Glyphs classify and render the atom; they do not prove it.
tp:lane4/axioms/ax-part1-fw-extended-sc-individual,sha256:9a6329771d95ffafd60cc25cab67a9ca61d49056a494e8c1c02d910d3c6a13be,,0c3b0321-4c25-458a-8070-eec574ded3f1,SC-INDIVIDUAL - Individual Scale Coherence,classification,Classification,classification_glyphs_attached,recorded,NOT_ESTABLISHED,active_candidate,not_applicable,D:\GitHub\Faith-through-physics-atoms\_docs\AXIOMS_PART1_MODE_CLASSIFICATION.md,,,Codex,2026-08-05T05:30:27+00:00,Attached Part 1 classification glyphs for SC-INDIVIDUAL as FW_EXTENDED.,Glyphs classify and render the atom; they do not prove it.
tp:lane4/axioms/ax-part1-fw-extended-sc-neural,sha256:e63a10c7fb16b8f18d303fd05a97d03b8e95afe6ddfbd31db443e68868f7cb98,,,SC-NEURAL - Neural Scale Coherence,classification,Classification,classification_imported,recorded,NOT_ESTABLISHED,active_candidate,not_applicable,O:\_Theophysics_v5\00_AXIOMS\_LOSSLESS_SUMMARY\AXIOMS_PART1_MODE_CLASSIFICATION.md,,,Codex,2026-07-28T19:10:19+00:00,Imported Part 1 mode classification row SC-NEURAL as FW_EXTENDED.,Classification import is not proof and does not promote the claim to canon.
tp:lane4/axioms/ax-part1-fw-extended-sc-neural,sha256:e63a10c7fb16b8f18d303fd05a97d03b8e95afe6ddfbd31db443e68868f7cb98,,887c433b-e17d-43d5-ad69-e1eb5e3d505b,SC-NEURAL - Neural Scale Coherence,classification,Classification,classification_glyphs_attached,recorded,NOT_ESTABLISHED,active_candidate,not_applicable,D:\GitHub\Faith-through-physics-atoms\_docs\AXIOMS_PART1_MODE_CLASSIFICATION.md,,,Codex,2026-08-05T05:29:38+00:00,Attached Part 1 classification glyphs for SC-NEURAL as FW_EXTENDED.,Glyphs classify and render the atom; they do not prove it.
tp:lane4/axioms/ax-part1-fw-extended-sc-neural,sha256:e63a10c7fb16b8f18d303fd05a97d03b8e95afe6ddfbd31db443e68868f7cb98,,58bde38e-e240-4a25-86d7-b0b69c0a827b,SC-NEURAL - Neural Scale Coherence,classification,Classification,classification_glyphs_attached,recorded,NOT_ESTABLISHED,active_candidate,not_applicable,D:\GitHub\Faith-through-physics-atoms\_docs\AXIOMS_PART1_MODE_CLASSIFICATION.md,,,Codex,2026-08-05T05:30:27+00:00,Attached Part 1 classification glyphs for SC-NEURAL as FW_EXTENDED.,Glyphs classify and render the atom; they do not prove it.
tp:lane4/axioms/ax-part1-fw-extended-sc-physical,sha256:75a80c82e56506636c5864583df5c74d3c854a765ff09dae7e5d7023fe6bfd6f,,,SC-PHYSICAL - Physical Scale Coherence,classification,Classification,classification_imported,recorded,NOT_ESTABLISHED,active_candidate,not_applicable,O:\_Theophysics_v5\00_AXIOMS\_LOSSLESS_SUMMARY\AXIOMS_PART1_MODE_CLASSIFICATION.md,,,Codex,2026-07-28T19:10:19+00:00,Imported Part 1 mode classification row SC-PHYSICAL as FW_EXTENDED.,Classification import is not proof and does not promote the claim to canon.
tp:lane4/axioms/ax-part1-fw-extended-sc-physical,sha256:75a80c82e56506636c5864583df5c74d3c854a765ff09dae7e5d7023fe6bfd6f,,361a9282-e5b5-42b7-a85f-9ef23316f162,SC-PHYSICAL - Physical Scale Coherence,classification,Classification,classification_glyphs_attached,recorded,NOT_ESTABLISHED,active_candidate,not_applicable,D:\GitHub\Faith-through-physics-atoms\_docs\AXIOMS_PART1_MODE_CLASSIFICATION.md,,,Codex,2026-08-05T05:29:38+00:00,Attached Part 1 classification glyphs for SC-PHYSICAL as FW_EXTENDED.,Glyphs classify and render the atom; they do not prove it.
tp:lane4/axioms/ax-part1-fw-extended-sc-physical,sha256:75a80c82e56506636c5864583df5c74d3c854a765ff09dae7e5d7023fe6bfd6f,,3b44fb96-519e-4f76-9837-3dc1d33fa665,SC-PHYSICAL - Physical Scale Coherence,classification,Classification,classification_glyphs_attached,recorded,NOT_ESTABLISHED,active_candidate,not_applicable,D:\GitHub\Faith-through-physics-atoms\_docs\AXIOMS_PART1_MODE_CLASSIFICATION.md,,,Codex,2026-08-05T05:30:27+00:00,Attached Part 1 classification glyphs for SC-PHYSICAL as FW_EXTENDED.,Glyphs classify and render the atom; they do not prove it.
tp:lane4/axioms/ax-part1-fw-extended-sc-quantum,sha256:b936fa84d91e2033517fbb52babb7c70c710c6cd7cfaab8b5dc8dcdd3676fb3a,,,SC-QUANTUM - Quantum Scale Coherence,classification,Classification,classification_imported,recorded,NOT_ESTABLISHED,active_candidate,not_applicable,O:\_Theophysics_v5\00_AXIOMS\_LOSSLESS_SUMMARY\AXIOMS_PART1_MODE_CLASSIFICATION.md,,,Codex,2026-07-28T19:10:19+00:00,Imported Part 1 mode classification row SC-QUANTUM as FW_EXTENDED.,Classification import is not proof and does not promote the claim to canon.
tp:lane4/axioms/ax-part1-fw-extended-sc-quantum,sha256:b936fa84d91e2033517fbb52babb7c70c710c6cd7cfaab8b5dc8dcdd3676fb3a,,4239931b-06bb-45f4-bac1-45351a75dec7,SC-QUANTUM - Quantum Scale Coherence,classification,Classification,classification_glyphs_attached,recorded,NOT_ESTABLISHED,active_candidate,not_applicable,D:\GitHub\Faith-through-physics-atoms\_docs\AXIOMS_PART1_MODE_CLASSIFICATION.md,,,Codex,2026-08-05T05:29:38+00:00,Attached Part 1 classification glyphs for SC-QUANTUM as FW_EXTENDED.,Glyphs classify and render the atom; they do not prove it.
tp:lane4/axioms/ax-part1-fw-extended-sc-quantum,sha256:b936fa84d91e2033517fbb52babb7c70c710c6cd7cfaab8b5dc8dcdd3676fb3a,,09470686-7580-4ae1-bd19-a455e5e3d4a3,SC-QUANTUM - Quantum Scale Coherence,classification,Classification,classification_glyphs_attached,recorded,NOT_ESTABLISHED,active_candidate,not_applicable,D:\GitHub\Faith-through-physics-atoms\_docs\AXIOMS_PART1_MODE_CLASSIFICATION.md,,,Codex,2026-08-05T05:30:27+00:00,Attached Part 1 classification glyphs for SC-QUANTUM as FW_EXTENDED.,Glyphs classify and render the atom; they do not prove it.
tp:lane4/axioms/ax-part1-fw-extended-sc-social,sha256:91d5b15d62df374307b2eb30b267c534834bda6196edc35f21dc21e136c3f9a4,,,SC-SOCIAL - Social Scale Coherence,classification,Classification,classification_imported,recorded,NOT_ESTABLISHED,active_candidate,not_applicable,O:\_Theophysics_v5\00_AXIOMS\_LOSSLESS_SUMMARY\AXIOMS_PART1_MODE_CLASSIFICATION.md,,,Codex,2026-07-28T19:10:19+00:00,Imported Part 1 mode classification row SC-SOCIAL as FW_EXTENDED.,Classification import is not proof and does not promote the claim to canon.
tp:lane4/axioms/ax-part1-fw-extended-sc-social,sha256:91d5b15d62df374307b2eb30b267c534834bda6196edc35f21dc21e136c3f9a4,,6c2c3c0c-1a92-4f98-ab63-a5161a66c872,SC-SOCIAL - Social Scale Coherence,classification,Classification,classification_glyphs_attached,recorded,NOT_ESTABLISHED,active_candidate,not_applicable,D:\GitHub\Faith-through-physics-atoms\_docs\AXIOMS_PART1_MODE_CLASSIFICATION.md,,,Codex,2026-08-05T05:29:38+00:00,Attached Part 1 classification glyphs for SC-SOCIAL as FW_EXTENDED.,Glyphs classify and render the atom; they do not prove it.
tp:lane4/axioms/ax-part1-fw-extended-sc-social,sha256:91d5b15d62df374307b2eb30b267c534834bda6196edc35f21dc21e136c3f9a4,,d2bc09a2-9e10-40f2-aeb4-d2b173e645d8,SC-SOCIAL - Social Scale Coherence,classification,Classification,classification_glyphs_attached,recorded,NOT_ESTABLISHED,active_candidate,not_applicable,D:\GitHub\Faith-through-physics-atoms\_docs\AXIOMS_PART1_MODE_CLASSIFICATION.md,,,Codex,2026-08-05T05:30:27+00:00,Attached Part 1 classification glyphs for SC-SOCIAL as FW_EXTENDED.,Glyphs classify and render the atom; they do not prove it.
tp:lane4/axioms/ax-part1-fw-extended-t11-1,sha256:1e1da52861138a3bad22254819cbaf7ccf51839422dcd64875fed78a0c0bb3e0,,,T11.1 — Virtue As High Phi,classification,Classification,classification_imported,recorded,NOT_ESTABLISHED,active_candidate,not_applicable,O:\_Theophysics_v5\00_AXIOMS\_LOSSLESS_SUMMARY\AXIOMS_PART1_MODE_CLASSIFICATION.md,,,Codex,2026-07-28T19:10:19+00:00,Imported Part 1 mode classification row T11.1 as FW_EXTENDED.,Classification import is not proof and does not promote the claim to canon.
tp:lane4/axioms/ax-part1-fw-extended-t11-1,sha256:1e1da52861138a3bad22254819cbaf7ccf51839422dcd64875fed78a0c0bb3e0,,a1398b20-5a85-4905-af13-182ba3758767,T11.1 — Virtue As High Phi,classification,Classification,classification_glyphs_attached,recorded,NOT_ESTABLISHED,active_candidate,not_applicable,D:\GitHub\Faith-through-physics-atoms\_docs\AXIOMS_PART1_MODE_CLASSIFICATION.md,,,Codex,2026-08-05T05:29:37+00:00,Attached Part 1 classification glyphs for T11.1 as FW_EXTENDED.,Glyphs classify and render the atom; they do not prove it.
tp:lane4/axioms/ax-part1-fw-extended-t11-1,sha256:1e1da52861138a3bad22254819cbaf7ccf51839422dcd64875fed78a0c0bb3e0,,220f7839-ad84-4c80-9b88-9b462d7ea1ee,T11.1 — Virtue As High Phi,classification,Classification,classification_glyphs_attached,recorded,NOT_ESTABLISHED,active_candidate,not_applicable,D:\GitHub\Faith-through-physics-atoms\_docs\AXIOMS_PART1_MODE_CLASSIFICATION.md,,,Codex,2026-08-05T05:30:27+00:00,Attached Part 1 classification glyphs for T11.1 as FW_EXTENDED.,Glyphs classify and render the atom; they do not prove it.
tp:lane4/axioms/ax-part1-fw-extended-t11-2,sha256:596c50c46adc2a2b0c730ae2e7e9dd58fb14e47fcb07c15591fa1894955b96b8,,,T11.2 — Vice As Decoherence,classification,Classification,classification_imported,recorded,NOT_ESTABLISHED,active_candidate,not_applicable,O:\_Theophysics_v5\00_AXIOMS\_LOSSLESS_SUMMARY\AXIOMS_PART1_MODE_CLASSIFICATION.md,,,Codex,2026-07-28T19:10:19+00:00,Imported Part 1 mode classification row T11.2 as FW_EXTENDED.,Classification import is not proof and does not promote the claim to canon.
tp:lane4/axioms/ax-part1-fw-extended-t11-2,sha256:596c50c46adc2a2b0c730ae2e7e9dd58fb14e47fcb07c15591fa1894955b96b8,,4ac15442-73b9-4b11-99f5-8b6da14c3ec8,T11.2 — Vice As Decoherence,classification,Classification,classification_glyphs_attached,recorded,NOT_ESTABLISHED,active_candidate,not_applicable,D:\GitHub\Faith-through-physics-atoms\_docs\AXIOMS_PART1_MODE_CLASSIFICATION.md,,,Codex,2026-08-05T05:29:37+00:00,Attached Part 1 classification glyphs for T11.2 as FW_EXTENDED.,Glyphs classify and render the atom; they do not prove it.
tp:lane4/axioms/ax-part1-fw-extended-t11-2,sha256:596c50c46adc2a2b0c730ae2e7e9dd58fb14e47fcb07c15591fa1894955b96b8,,e014edbf-2c7c-412c-b2ae-26cd8a1f20b1,T11.2 — Vice As Decoherence,classification,Classification,classification_glyphs_attached,recorded,NOT_ESTABLISHED,active_candidate,not_applicable,D:\GitHub\Faith-through-physics-atoms\_docs\AXIOMS_PART1_MODE_CLASSIFICATION.md,,,Codex,2026-08-05T05:30:27+00:00,Attached Part 1 classification glyphs for T11.2 as FW_EXTENDED.,Glyphs classify and render the atom; they do not prove it.
tp:lane4/axioms/ax-part1-fw-extended-t12-1,sha256:db1dc7b95f19a4fd5770cbe4e770e6ce1129541a464c03ce14505506b4c77e98,,,T12.1 — Heaven As High-Phi Attractor,classification,Classification,classification_imported,recorded,NOT_ESTABLISHED,active_candidate,not_applicable,O:\_Theophysics_v5\00_AXIOMS\_LOSSLESS_SUMMARY\AXIOMS_PART1_MODE_CLASSIFICATION.md,,,Codex,2026-07-28T19:10:19+00:00,Imported Part 1 mode classification row T12.1 as FW_EXTENDED.,Classification import is not proof and does not promote the claim to canon.
tp:lane4/axioms/ax-part1-fw-extended-t12-1,sha256:db1dc7b95f19a4fd5770cbe4e770e6ce1129541a464c03ce14505506b4c77e98,,df5c105d-c9a0-436d-ad56-5148a9aa9727,T12.1 — Heaven As High-Phi Attractor,classification,Classification,classification_glyphs_attached,recorded,NOT_ESTABLISHED,active_candidate,not_applicable,D:\GitHub\Faith-through-physics-atoms\_docs\AXIOMS_PART1_MODE_CLASSIFICATION.md,,,Codex,2026-08-05T05:29:38+00:00,Attached Part 1 classification glyphs for T12.1 as FW_EXTENDED.,Glyphs classify and render the atom; they do not prove it.
tp:lane4/axioms/ax-part1-fw-extended-t12-1,sha256:db1dc7b95f19a4fd5770cbe4e770e6ce1129541a464c03ce14505506b4c77e98,,b1839c60-423a-4c2e-8b72-7117c48bc6b8,T12.1 — Heaven As High-Phi Attractor,classification,Classification,classification_glyphs_attached,recorded,NOT_ESTABLISHED,active_candidate,not_applicable,D:\GitHub\Faith-through-physics-atoms\_docs\AXIOMS_PART1_MODE_CLASSIFICATION.md,,,Codex,2026-08-05T05:30:27+00:00,Attached Part 1 classification glyphs for T12.1 as FW_EXTENDED.,Glyphs classify and render the atom; they do not prove it.
tp:lane4/axioms/ax-part1-fw-extended-t12-2,sha256:c1841c0b25df5a1625ed879161e62fd838a4adc5afe0056f388c58b083b01cfa,,,T12.2 — Hell As Low-Phi Attractor,classification,Classification,classification_imported,recorded,NOT_ESTABLISHED,active_candidate,not_applicable,O:\_Theophysics_v5\00_AXIOMS\_LOSSLESS_SUMMARY\AXIOMS_PART1_MODE_CLASSIFICATION.md,,,Codex,2026-07-28T19:10:19+00:00,Imported Part 1 mode classification row T12.2 as FW_EXTENDED.,Classification import is not proof and does not promote the claim to canon.
tp:lane4/axioms/ax-part1-fw-extended-t12-2,sha256:c1841c0b25df5a1625ed879161e62fd838a4adc5afe0056f388c58b083b01cfa,,2cc455fa-d64e-4fbe-a788-f3bd94f0fdac,T12.2 — Hell As Low-Phi Attractor,classification,Classification,classification_glyphs_attached,recorded,NOT_ESTABLISHED,active_candidate,not_applicable,D:\GitHub\Faith-through-physics-atoms\_docs\AXIOMS_PART1_MODE_CLASSIFICATION.md,,,Codex,2026-08-05T05:29:38+00:00,Attached Part 1 classification glyphs for T12.2 as FW_EXTENDED.,Glyphs classify and render the atom; they do not prove it.
tp:lane4/axioms/ax-part1-fw-extended-t12-2,sha256:c1841c0b25df5a1625ed879161e62fd838a4adc5afe0056f388c58b083b01cfa,,95a6b690-68f8-491d-a3bb-5043da0458e6,T12.2 — Hell As Low-Phi Attractor,classification,Classification,classification_glyphs_attached,recorded,NOT_ESTABLISHED,active_candidate,not_applicable,D:\GitHub\Faith-through-physics-atoms\_docs\AXIOMS_PART1_MODE_CLASSIFICATION.md,,,Codex,2026-08-05T05:30:27+00:00,Attached Part 1 classification glyphs for T12.2 as FW_EXTENDED.,Glyphs classify and render the atom; they do not prove it.
tp:lane4/axioms/ax-part1-fw-extended-t13-1,sha256:1ccfd15b125624f467b60a0f11ad0c833eda297b094ef2069864e9622f2dddb2,,,T13.1 — Dark Energy As Chi Potential,classification,Classification,classification_imported,recorded,NOT_ESTABLISHED,active_candidate,not_applicable,O:\_Theophysics_v5\00_AXIOMS\_LOSSLESS_SUMMARY\AXIOMS_PART1_MODE_CLASSIFICATION.md,,,Codex,2026-07-28T19:10:19+00:00,Imported Part 1 mode classification row T13.1 as FW_EXTENDED.,Classification import is not proof and does not promote the claim to canon.
tp:lane4/axioms/ax-part1-fw-extended-t13-1,sha256:1ccfd15b125624f467b60a0f11ad0c833eda297b094ef2069864e9622f2dddb2,,56a9a379-d9a3-4e39-8adb-8450f2157cd4,T13.1 — Dark Energy As Chi Potential,classification,Classification,classification_glyphs_attached,recorded,NOT_ESTABLISHED,active_candidate,not_applicable,D:\GitHub\Faith-through-physics-atoms\_docs\AXIOMS_PART1_MODE_CLASSIFICATION.md,,,Codex,2026-08-05T05:29:38+00:00,Attached Part 1 classification glyphs for T13.1 as FW_EXTENDED.,Glyphs classify and render the atom; they do not prove it.
tp:lane4/axioms/ax-part1-fw-extended-t13-1,sha256:1ccfd15b125624f467b60a0f11ad0c833eda297b094ef2069864e9622f2dddb2,,324ba9e9-2dde-41fb-ad22-bb440ed2bcdd,T13.1 — Dark Energy As Chi Potential,classification,Classification,classification_glyphs_attached,recorded,NOT_ESTABLISHED,active_candidate,not_applicable,D:\GitHub\Faith-through-physics-atoms\_docs\AXIOMS_PART1_MODE_CLASSIFICATION.md,,,Codex,2026-08-05T05:30:27+00:00,Attached Part 1 classification glyphs for T13.1 as FW_EXTENDED.,Glyphs classify and render the atom; they do not prove it.
tp:lane4/axioms/ax-part1-fw-extended-t16-1,sha256:ba44c81479e868751a0b12329cdc84eadcada76786138298dd0c306f46cfd3a9,,,T16.1 — Christianity 8 of 8 BCs,classification,Classification,classification_imported,recorded,NOT_ESTABLISHED,active_candidate_unanchored,not_applicable,O:\_Theophysics_v5\00_AXIOMS\_LOSSLESS_SUMMARY\AXIOMS_PART1_MODE_CLASSIFICATION.md,,,Codex,2026-07-28T19:10:19+00:00,Imported Part 1 mode classification row T16.1 as FW_EXTENDED.,Classification import is not proof and does not promote the claim to canon.
tp:lane4/axioms/ax-part1-fw-extended-t16-1,sha256:ba44c81479e868751a0b12329cdc84eadcada76786138298dd0c306f46cfd3a9,,ae8584a7-9646-42e6-8450-59e752e4d9e1,T16.1 — Christianity 8 of 8 BCs,classification,Classification,classification_glyphs_attached,recorded,NOT_ESTABLISHED,active_candidate_unanchored,not_applicable,D:\GitHub\Faith-through-physics-atoms\_docs\AXIOMS_PART1_MODE_CLASSIFICATION.md,,,Codex,2026-08-05T05:29:38+00:00,Attached Part 1 classification glyphs for T16.1 as FW_EXTENDED.,Glyphs classify and render the atom; they do not prove it.
tp:lane4/axioms/ax-part1-fw-extended-t16-1,sha256:ba44c81479e868751a0b12329cdc84eadcada76786138298dd0c306f46cfd3a9,,3e570422-ffad-478d-ae5c-6c22bd0845e1,T16.1 — Christianity 8 of 8 BCs,classification,Classification,classification_glyphs_attached,recorded,NOT_ESTABLISHED,active_candidate_unanchored,not_applicable,D:\GitHub\Faith-through-physics-atoms\_docs\AXIOMS_PART1_MODE_CLASSIFICATION.md,,,Codex,2026-08-05T05:30:27+00:00,Attached Part 1 classification glyphs for T16.1 as FW_EXTENDED.,Glyphs classify and render the atom; they do not prove it.
tp:lane4/axioms/ax-part1-fw-extended-t16-2,sha256:f4dc30c7545998cedef320881fec69951897c67ccd9ec8640c70aba776c51b61,,,T16.2 — Islam Fails BC4,classification,Classification,classification_imported,recorded,NOT_ESTABLISHED,active_candidate_unanchored,not_applicable,O:\_Theophysics_v5\00_AXIOMS\_LOSSLESS_SUMMARY\AXIOMS_PART1_MODE_CLASSIFICATION.md,,,Codex,2026-07-28T19:10:19+00:00,Imported Part 1 mode classification row T16.2 as FW_EXTENDED.,Classification import is not proof and does not promote the claim to canon.
tp:lane4/axioms/ax-part1-fw-extended-t16-2,sha256:f4dc30c7545998cedef320881fec69951897c67ccd9ec8640c70aba776c51b61,,2b1329ce-b911-47f1-ac25-d9f9482ccee2,T16.2 — Islam Fails BC4,classification,Classification,classification_glyphs_attached,recorded,NOT_ESTABLISHED,active_candidate_unanchored,not_applicable,D:\GitHub\Faith-through-physics-atoms\_docs\AXIOMS_PART1_MODE_CLASSIFICATION.md,,,Codex,2026-08-05T05:29:38+00:00,Attached Part 1 classification glyphs for T16.2 as FW_EXTENDED.,Glyphs classify and render the atom; they do not prove it.
tp:lane4/axioms/ax-part1-fw-extended-t16-2,sha256:f4dc30c7545998cedef320881fec69951897c67ccd9ec8640c70aba776c51b61,,e486a653-2af2-4389-a942-1c7f9fb70b9a,T16.2 — Islam Fails BC4,classification,Classification,classification_glyphs_attached,recorded,NOT_ESTABLISHED,active_candidate_unanchored,not_applicable,D:\GitHub\Faith-through-physics-atoms\_docs\AXIOMS_PART1_MODE_CLASSIFICATION.md,,,Codex,2026-08-05T05:30:27+00:00,Attached Part 1 classification glyphs for T16.2 as FW_EXTENDED.,Glyphs classify and render the atom; they do not prove it.
tp:lane4/axioms/ax-part1-fw-extended-t16-3,sha256:d129a0cbb235be12a75c3f55122e98100708c46c3b3f512ba8d8fec9274fdaa1,,,T16.3 — Judaism Fails BC Completion,classification,Classification,classification_imported,recorded,NOT_ESTABLISHED,active_candidate_unanchored,not_applicable,O:\_Theophysics_v5\00_AXIOMS\_LOSSLESS_SUMMARY\AXIOMS_PART1_MODE_CLASSIFICATION.md,,,Codex,2026-07-28T19:10:19+00:00,Imported Part 1 mode classification row T16.3 as FW_EXTENDED.,Classification import is not proof and does not promote the claim to canon.
tp:lane4/axioms/ax-part1-fw-extended-t16-3,sha256:d129a0cbb235be12a75c3f55122e98100708c46c3b3f512ba8d8fec9274fdaa1,,e3fc420a-2905-4334-8b66-6b6892493174,T16.3 — Judaism Fails BC Completion,classification,Classification,classification_glyphs_attached,recorded,NOT_ESTABLISHED,active_candidate_unanchored,not_applicable,D:\GitHub\Faith-through-physics-atoms\_docs\AXIOMS_PART1_MODE_CLASSIFICATION.md,,,Codex,2026-08-05T05:29:38+00:00,Attached Part 1 classification glyphs for T16.3 as FW_EXTENDED.,Glyphs classify and render the atom; they do not prove it.
tp:lane4/axioms/ax-part1-fw-extended-t16-3,sha256:d129a0cbb235be12a75c3f55122e98100708c46c3b3f512ba8d8fec9274fdaa1,,667269e8-bcfc-4207-a93e-a62ea5ba4238,T16.3 — Judaism Fails BC Completion,classification,Classification,classification_glyphs_attached,recorded,NOT_ESTABLISHED,active_candidate_unanchored,not_applicable,D:\GitHub\Faith-through-physics-atoms\_docs\AXIOMS_PART1_MODE_CLASSIFICATION.md,,,Codex,2026-08-05T05:30:27+00:00,Attached Part 1 classification glyphs for T16.3 as FW_EXTENDED.,Glyphs classify and render the atom; they do not prove it.
tp:lane4/axioms/ax-part1-fw-extended-t16-4,sha256:ce8940ba85be346901f22c04894d34886b84e23903f667609b6843a602587a6b,,,T16.4 — Buddhism Fails BC1,classification,Classification,classification_imported,recorded,NOT_ESTABLISHED,active_candidate_unanchored,not_applicable,O:\_Theophysics_v5\00_AXIOMS\_LOSSLESS_SUMMARY\AXIOMS_PART1_MODE_CLASSIFICATION.md,,,Codex,2026-07-28T19:10:19+00:00,Imported Part 1 mode classification row T16.4 as FW_EXTENDED.,Classification import is not proof and does not promote the claim to canon.
tp:lane4/axioms/ax-part1-fw-extended-t16-4,sha256:ce8940ba85be346901f22c04894d34886b84e23903f667609b6843a602587a6b,,99a02cb7-eb3b-48a1-8068-934cfbb139eb,T16.4 — Buddhism Fails BC1,classification,Classification,classification_glyphs_attached,recorded,NOT_ESTABLISHED,active_candidate_unanchored,not_applicable,D:\GitHub\Faith-through-physics-atoms\_docs\AXIOMS_PART1_MODE_CLASSIFICATION.md,,,Codex,2026-08-05T05:29:38+00:00,Attached Part 1 classification glyphs for T16.4 as FW_EXTENDED.,Glyphs classify and render the atom; they do not prove it.
tp:lane4/axioms/ax-part1-fw-extended-t16-4,sha256:ce8940ba85be346901f22c04894d34886b84e23903f667609b6843a602587a6b,,daafb81e-8d05-43ba-917e-011e2a1f5bf7,T16.4 — Buddhism Fails BC1,classification,Classification,classification_glyphs_attached,recorded,NOT_ESTABLISHED,active_candidate_unanchored,not_applicable,D:\GitHub\Faith-through-physics-atoms\_docs\AXIOMS_PART1_MODE_CLASSIFICATION.md,,,Codex,2026-08-05T05:30:27+00:00,Attached Part 1 classification glyphs for T16.4 as FW_EXTENDED.,Glyphs classify and render the atom; they do not prove it.
tp:lane4/axioms/ax-part1-fw-extended-t16-5,sha256:6e58ad3206b2841c9ea209400dabeb7e7deea924de07a3dd91427c6fe5d71842,,,T16.5 — Hinduism Fails BC Uniqueness,classification,Classification,classification_imported,recorded,NOT_ESTABLISHED,active_candidate_unanchored,not_applicable,O:\_Theophysics_v5\00_AXIOMS\_LOSSLESS_SUMMARY\AXIOMS_PART1_MODE_CLASSIFICATION.md,,,Codex,2026-07-28T19:10:19+00:00,Imported Part 1 mode classification row T16.5 as FW_EXTENDED.,Classification import is not proof and does not promote the claim to canon.
tp:lane4/axioms/ax-part1-fw-extended-t16-5,sha256:6e58ad3206b2841c9ea209400dabeb7e7deea924de07a3dd91427c6fe5d71842,,cf635f52-24e6-4f8c-88ac-455b90afcc83,T16.5 — Hinduism Fails BC Uniqueness,classification,Classification,classification_glyphs_attached,recorded,NOT_ESTABLISHED,active_candidate_unanchored,not_applicable,D:\GitHub\Faith-through-physics-atoms\_docs\AXIOMS_PART1_MODE_CLASSIFICATION.md,,,Codex,2026-08-05T05:29:38+00:00,Attached Part 1 classification glyphs for T16.5 as FW_EXTENDED.,Glyphs classify and render the atom; they do not prove it.
tp:lane4/axioms/ax-part1-fw-extended-t16-5,sha256:6e58ad3206b2841c9ea209400dabeb7e7deea924de07a3dd91427c6fe5d71842,,6a2b9551-b0c3-414f-b198-54e85e8bed78,T16.5 — Hinduism Fails BC Uniqueness,classification,Classification,classification_glyphs_attached,recorded,NOT_ESTABLISHED,active_candidate_unanchored,not_applicable,D:\GitHub\Faith-through-physics-atoms\_docs\AXIOMS_PART1_MODE_CLASSIFICATION.md,,,Codex,2026-08-05T05:30:27+00:00,Attached Part 1 classification glyphs for T16.5 as FW_EXTENDED.,Glyphs classify and render the atom; they do not prove it.
tp:lane4/axioms/ax-part1-fw-extended-t16-6,sha256:2d96a11d5ad9bbf3f4c054091bb6d07f305116b6d7f4971af29dabc7083b0391,,,T16.6 — Atheism Fails BC1-BC6,classification,Classification,classification_imported,recorded,NOT_ESTABLISHED,active_candidate_unanchored,not_applicable,O:\_Theophysics_v5\00_AXIOMS\_LOSSLESS_SUMMARY\AXIOMS_PART1_MODE_CLASSIFICATION.md,,,Codex,2026-07-28T19:10:19+00:00,Imported Part 1 mode classification row T16.6 as FW_EXTENDED.,Classification import is not proof and does not promote the claim to canon.
tp:lane4/axioms/ax-part1-fw-extended-t16-6,sha256:2d96a11d5ad9bbf3f4c054091bb6d07f305116b6d7f4971af29dabc7083b0391,,984c5d21-6656-4747-aee6-8cafdd85a374,T16.6 — Atheism Fails BC1-BC6,classification,Classification,classification_glyphs_attached,recorded,NOT_ESTABLISHED,active_candidate_unanchored,not_applicable,D:\GitHub\Faith-through-physics-atoms\_docs\AXIOMS_PART1_MODE_CLASSIFICATION.md,,,Codex,2026-08-05T05:29:38+00:00,Attached Part 1 classification glyphs for T16.6 as FW_EXTENDED.,Glyphs classify and render the atom; they do not prove it.
tp:lane4/axioms/ax-part1-fw-extended-t16-6,sha256:2d96a11d5ad9bbf3f4c054091bb6d07f305116b6d7f4971af29dabc7083b0391,,f6658a31-4eae-4fc6-8466-5f6c0d171994,T16.6 — Atheism Fails BC1-BC6,classification,Classification,classification_glyphs_attached,recorded,NOT_ESTABLISHED,active_candidate_unanchored,not_applicable,D:\GitHub\Faith-through-physics-atoms\_docs\AXIOMS_PART1_MODE_CLASSIFICATION.md,,,Codex,2026-08-05T05:30:27+00:00,Attached Part 1 classification glyphs for T16.6 as FW_EXTENDED.,Glyphs classify and render the atom; they do not prove it.
tp:lane4/axioms/ax-part1-fw-extended-t17-1,sha256:3dc207407060f541e090c44dbe2b3d14e957cbbd7a4155af26299a2136e5303a,,,T17.1 — AI Can Achieve Consciousness,classification,Classification,classification_imported,recorded,NOT_ESTABLISHED,active_candidate_unanchored,not_applicable,O:\_Theophysics_v5\00_AXIOMS\_LOSSLESS_SUMMARY\AXIOMS_PART1_MODE_CLASSIFICATION.md,,,Codex,2026-07-28T19:10:19+00:00,Imported Part 1 mode classification row T17.1 as FW_EXTENDED.,Classification import is not proof and does not promote the claim to canon.
tp:lane4/axioms/ax-part1-fw-extended-t17-1,sha256:3dc207407060f541e090c44dbe2b3d14e957cbbd7a4155af26299a2136e5303a,,5ff7ce1b-1059-4ab9-974a-59072b5c579e,T17.1 — AI Can Achieve Consciousness,classification,Classification,classification_glyphs_attached,recorded,NOT_ESTABLISHED,active_candidate_unanchored,not_applicable,D:\GitHub\Faith-through-physics-atoms\_docs\AXIOMS_PART1_MODE_CLASSIFICATION.md,,,Codex,2026-08-05T05:29:38+00:00,Attached Part 1 classification glyphs for T17.1 as FW_EXTENDED.,Glyphs classify and render the atom; they do not prove it.
tp:lane4/axioms/ax-part1-fw-extended-t17-1,sha256:3dc207407060f541e090c44dbe2b3d14e957cbbd7a4155af26299a2136e5303a,,3f5f55b5-ae54-4ed1-937c-c859b622138b,T17.1 — AI Can Achieve Consciousness,classification,Classification,classification_glyphs_attached,recorded,NOT_ESTABLISHED,active_candidate_unanchored,not_applicable,D:\GitHub\Faith-through-physics-atoms\_docs\AXIOMS_PART1_MODE_CLASSIFICATION.md,,,Codex,2026-08-05T05:30:27+00:00,Attached Part 1 classification glyphs for T17.1 as FW_EXTENDED.,Glyphs classify and render the atom; they do not prove it.
tp:lane4/axioms/ax-part1-fw-extended-t19-1,sha256:bc9b9c47c27598c67a43b5a21438ef0907f65bb2f82cdbe774d9a6e2620f0835,,,T19.1 — Laws Derive From Chi (Symmetry Pairing),classification,Classification,classification_imported,recorded,NOT_ESTABLISHED,active_candidate_unanchored,not_applicable,O:\_Theophysics_v5\00_AXIOMS\_LOSSLESS_SUMMARY\AXIOMS_PART1_MODE_CLASSIFICATION.md,,,Codex,2026-07-28T19:10:19+00:00,Imported Part 1 mode classification row T19.1 as FW_EXTENDED.,Classification import is not proof and does not promote the claim to canon.
tp:lane4/axioms/ax-part1-fw-extended-t19-1,sha256:bc9b9c47c27598c67a43b5a21438ef0907f65bb2f82cdbe774d9a6e2620f0835,,fff143cc-5303-4470-8e96-64249046c301,T19.1 — Laws Derive From Chi (Symmetry Pairing),classification,Classification,classification_glyphs_attached,recorded,NOT_ESTABLISHED,active_candidate_unanchored,not_applicable,D:\GitHub\Faith-through-physics-atoms\_docs\AXIOMS_PART1_MODE_CLASSIFICATION.md,,,Codex,2026-08-05T05:29:38+00:00,Attached Part 1 classification glyphs for T19.1 as FW_EXTENDED.,Glyphs classify and render the atom; they do not prove it.
tp:lane4/axioms/ax-part1-fw-extended-t19-1,sha256:bc9b9c47c27598c67a43b5a21438ef0907f65bb2f82cdbe774d9a6e2620f0835,,96cc34e7-a71c-4a45-8097-540191fe9905,T19.1 — Laws Derive From Chi (Symmetry Pairing),classification,Classification,classification_glyphs_attached,recorded,NOT_ESTABLISHED,active_candidate_unanchored,not_applicable,D:\GitHub\Faith-through-physics-atoms\_docs\AXIOMS_PART1_MODE_CLASSIFICATION.md,,,Codex,2026-08-05T05:30:27+00:00,Attached Part 1 classification glyphs for T19.1 as FW_EXTENDED.,Glyphs classify and render the atom; they do not prove it.
tp:lane4/axioms/ax-part1-fw-extended-t4-1,sha256:37703ef2336f5f46583d770c8d0909df1c2719578bf7b2ffc77c9d0cdb483d4e,,,T4.1 — Laws Are Low-K Descriptions,classification,Classification,classification_imported,recorded,NOT_ESTABLISHED,active_candidate,not_applicable,O:\_Theophysics_v5\00_AXIOMS\_LOSSLESS_SUMMARY\AXIOMS_PART1_MODE_CLASSIFICATION.md,,,Codex,2026-07-28T19:10:19+00:00,Imported Part 1 mode classification row T4.1 as FW_EXTENDED.,Classification import is not proof and does not promote the claim to canon.
tp:lane4/axioms/ax-part1-fw-extended-t4-1,sha256:37703ef2336f5f46583d770c8d0909df1c2719578bf7b2ffc77c9d0cdb483d4e,,08acd792-75bd-451e-9373-64c24fd9b714,T4.1 — Laws Are Low-K Descriptions,classification,Classification,classification_glyphs_attached,recorded,NOT_ESTABLISHED,active_candidate,not_applicable,D:\GitHub\Faith-through-physics-atoms\_docs\AXIOMS_PART1_MODE_CLASSIFICATION.md,,,Codex,2026-08-05T05:29:37+00:00,Attached Part 1 classification glyphs for T4.1 as FW_EXTENDED.,Glyphs classify and render the atom; they do not prove it.
tp:lane4/axioms/ax-part1-fw-extended-t4-1,sha256:37703ef2336f5f46583d770c8d0909df1c2719578bf7b2ffc77c9d0cdb483d4e,,f4232caf-b3f1-4183-92fb-11a044680a37,T4.1 — Laws Are Low-K Descriptions,classification,Classification,classification_glyphs_attached,recorded,NOT_ESTABLISHED,active_candidate,not_applicable,D:\GitHub\Faith-through-physics-atoms\_docs\AXIOMS_PART1_MODE_CLASSIFICATION.md,,,Codex,2026-08-05T05:30:27+00:00,Attached Part 1 classification glyphs for T4.1 as FW_EXTENDED.,Glyphs classify and render the atom; they do not prove it.
tp:lane4/axioms/ax-part1-fw-extended-t4-2,sha256:a6e848b3c4c1461f9278abe00e9c7a024baaa87e98b8313081c711bfa402712f,,,T4.2 — Action Principle As Minimal-K,classification,Classification,classification_imported,recorded,NOT_ESTABLISHED,active_candidate,not_applicable,O:\_Theophysics_v5\00_AXIOMS\_LOSSLESS_SUMMARY\AXIOMS_PART1_MODE_CLASSIFICATION.md,,,Codex,2026-07-28T19:10:19+00:00,Imported Part 1 mode classification row T4.2 as FW_EXTENDED.,Classification import is not proof and does not promote the claim to canon.
tp:lane4/axioms/ax-part1-fw-extended-t4-2,sha256:a6e848b3c4c1461f9278abe00e9c7a024baaa87e98b8313081c711bfa402712f,,0ea4555b-630f-44ce-9c27-8afd4199c528,T4.2 — Action Principle As Minimal-K,classification,Classification,classification_glyphs_attached,recorded,NOT_ESTABLISHED,active_candidate,not_applicable,D:\GitHub\Faith-through-physics-atoms\_docs\AXIOMS_PART1_MODE_CLASSIFICATION.md,,,Codex,2026-08-05T05:29:37+00:00,Attached Part 1 classification glyphs for T4.2 as FW_EXTENDED.,Glyphs classify and render the atom; they do not prove it.
tp:lane4/axioms/ax-part1-fw-extended-t4-2,sha256:a6e848b3c4c1461f9278abe00e9c7a024baaa87e98b8313081c711bfa402712f,,2ac689bc-b2ff-49c9-adb0-2d6cae5543fe,T4.2 — Action Principle As Minimal-K,classification,Classification,classification_glyphs_attached,recorded,NOT_ESTABLISHED,active_candidate,not_applicable,D:\GitHub\Faith-through-physics-atoms\_docs\AXIOMS_PART1_MODE_CLASSIFICATION.md,,,Codex,2026-08-05T05:30:27+00:00,Attached Part 1 classification glyphs for T4.2 as FW_EXTENDED.,Glyphs classify and render the atom; they do not prove it.
tp:lane4/axioms/ax-part1-fw-extended-t6-1,sha256:0becd59fcc2247c14522add2b4be39643637b87371c33d9789aaa6c5dd175468,,,T6.1 — Von Neumann Chain Termination,classification,Classification,classification_imported,recorded,NOT_ESTABLISHED,active_candidate_unanchored,not_applicable,O:\_Theophysics_v5\00_AXIOMS\_LOSSLESS_SUMMARY\AXIOMS_PART1_MODE_CLASSIFICATION.md,,,Codex,2026-07-28T19:10:19+00:00,Imported Part 1 mode classification row T6.1 as FW_EXTENDED.,Classification import is not proof and does not promote the claim to canon.
tp:lane4/axioms/ax-part1-fw-extended-t6-1,sha256:0becd59fcc2247c14522add2b4be39643637b87371c33d9789aaa6c5dd175468,,2f8ad9d8-3fb1-4597-9be7-65f72b928150,T6.1 — Von Neumann Chain Termination,classification,Classification,classification_glyphs_attached,recorded,NOT_ESTABLISHED,active_candidate_unanchored,not_applicable,D:\GitHub\Faith-through-physics-atoms\_docs\AXIOMS_PART1_MODE_CLASSIFICATION.md,,,Codex,2026-08-05T05:29:37+00:00,Attached Part 1 classification glyphs for T6.1 as FW_EXTENDED.,Glyphs classify and render the atom; they do not prove it.
tp:lane4/axioms/ax-part1-fw-extended-t6-1,sha256:0becd59fcc2247c14522add2b4be39643637b87371c33d9789aaa6c5dd175468,,703ee7ad-8838-4712-ac4e-d087d7593be7,T6.1 — Von Neumann Chain Termination,classification,Classification,classification_glyphs_attached,recorded,NOT_ESTABLISHED,active_candidate_unanchored,not_applicable,D:\GitHub\Faith-through-physics-atoms\_docs\AXIOMS_PART1_MODE_CLASSIFICATION.md,,,Codex,2026-08-05T05:30:27+00:00,Attached Part 1 classification glyphs for T6.1 as FW_EXTENDED.,Glyphs classify and render the atom; they do not prove it.
tp:lane4/axioms/ax-part1-fw-extended-t8-1,sha256:f37b742bb21a2362bd6dc6a8e2b69efc3c8fff804ed55d3849dd544216e77526,,,T8.1 — Sign Invariance Theorem,classification,Classification,classification_imported,recorded,NOT_ESTABLISHED,active_candidate,not_applicable,O:\_Theophysics_v5\00_AXIOMS\_LOSSLESS_SUMMARY\AXIOMS_PART1_MODE_CLASSIFICATION.md,,,Codex,2026-07-28T19:10:19+00:00,Imported Part 1 mode classification row T8.1 as FW_EXTENDED.,Classification import is not proof and does not promote the claim to canon.
tp:lane4/axioms/ax-part1-fw-extended-t8-1,sha256:f37b742bb21a2362bd6dc6a8e2b69efc3c8fff804ed55d3849dd544216e77526,,1210de4e-5dab-4017-9b8d-415f7eea7221,T8.1 — Sign Invariance Theorem,classification,Classification,classification_glyphs_attached,recorded,NOT_ESTABLISHED,active_candidate,not_applicable,D:\GitHub\Faith-through-physics-atoms\_docs\AXIOMS_PART1_MODE_CLASSIFICATION.md,,,Codex,2026-08-05T05:29:37+00:00,Attached Part 1 classification glyphs for T8.1 as FW_EXTENDED.,Glyphs classify and render the atom; they do not prove it.
tp:lane4/axioms/ax-part1-fw-extended-t8-1,sha256:f37b742bb21a2362bd6dc6a8e2b69efc3c8fff804ed55d3849dd544216e77526,,0ad16e2f-f607-4e07-8741-89048cbd6fdb,T8.1 — Sign Invariance Theorem,classification,Classification,classification_glyphs_attached,recorded,NOT_ESTABLISHED,active_candidate,not_applicable,D:\GitHub\Faith-through-physics-atoms\_docs\AXIOMS_PART1_MODE_CLASSIFICATION.md,,,Codex,2026-08-05T05:30:27+00:00,Attached Part 1 classification glyphs for T8.1 as FW_EXTENDED.,Glyphs classify and render the atom; they do not prove it.
tp:lane4/axioms/ax-part1-fw-extended-u1,sha256:6d5e97f59573304a39cdd2d38cf22907d10738e04ed05f74f45a427324c458c2,,,U1 — Coherence Universal,classification,Classification,classification_imported,recorded,NOT_ESTABLISHED,active_candidate_unanchored,not_applicable,O:\_Theophysics_v5\00_AXIOMS\_LOSSLESS_SUMMARY\AXIOMS_PART1_MODE_CLASSIFICATION.md,,,Codex,2026-07-28T19:10:19+00:00,Imported Part 1 mode classification row U1 as FW_EXTENDED.,Classification import is not proof and does not promote the claim to canon.
tp:lane4/axioms/ax-part1-fw-extended-u1,sha256:6d5e97f59573304a39cdd2d38cf22907d10738e04ed05f74f45a427324c458c2,,206a98d9-787a-4c5d-af8a-c08278f703ff,U1 — Coherence Universal,classification,Classification,classification_glyphs_attached,recorded,NOT_ESTABLISHED,active_candidate_unanchored,not_applicable,D:\GitHub\Faith-through-physics-atoms\_docs\AXIOMS_PART1_MODE_CLASSIFICATION.md,,,Codex,2026-08-05T05:29:38+00:00,Attached Part 1 classification glyphs for U1 as FW_EXTENDED.,Glyphs classify and render the atom; they do not prove it.
tp:lane4/axioms/ax-part1-fw-extended-u1,sha256:6d5e97f59573304a39cdd2d38cf22907d10738e04ed05f74f45a427324c458c2,,b6b826a4-f4ec-4ee6-b1d6-eb9644d8f3dc,U1 — Coherence Universal,classification,Classification,classification_glyphs_attached,recorded,NOT_ESTABLISHED,active_candidate_unanchored,not_applicable,D:\GitHub\Faith-through-physics-atoms\_docs\AXIOMS_PART1_MODE_CLASSIFICATION.md,,,Codex,2026-08-05T05:30:27+00:00,Attached Part 1 classification glyphs for U1 as FW_EXTENDED.,Glyphs classify and render the atom; they do not prove it.
tp:lane4/axioms/ax-part1-fw-extended-u2,sha256:94343ad7fe51049fb5c67e8e3a626f233ba4997a2d0f50f922391467b81f02eb,,,U2 — Decoherence Universal,classification,Classification,classification_imported,recorded,NOT_ESTABLISHED,active_candidate_unanchored,not_applicable,O:\_Theophysics_v5\00_AXIOMS\_LOSSLESS_SUMMARY\AXIOMS_PART1_MODE_CLASSIFICATION.md,,,Codex,2026-07-28T19:10:19+00:00,Imported Part 1 mode classification row U2 as FW_EXTENDED.,Classification import is not proof and does not promote the claim to canon.
tp:lane4/axioms/ax-part1-fw-extended-u2,sha256:94343ad7fe51049fb5c67e8e3a626f233ba4997a2d0f50f922391467b81f02eb,,9b2619c0-e3cf-46b3-b8d5-c8f5dc01c50b,U2 — Decoherence Universal,classification,Classification,classification_glyphs_attached,recorded,NOT_ESTABLISHED,active_candidate_unanchored,not_applicable,D:\GitHub\Faith-through-physics-atoms\_docs\AXIOMS_PART1_MODE_CLASSIFICATION.md,,,Codex,2026-08-05T05:29:38+00:00,Attached Part 1 classification glyphs for U2 as FW_EXTENDED.,Glyphs classify and render the atom; they do not prove it.
tp:lane4/axioms/ax-part1-fw-extended-u2,sha256:94343ad7fe51049fb5c67e8e3a626f233ba4997a2d0f50f922391467b81f02eb,,5b06a4a7-2aa0-41df-bcb7-196a62cb2e9f,U2 — Decoherence Universal,classification,Classification,classification_glyphs_attached,recorded,NOT_ESTABLISHED,active_candidate_unanchored,not_applicable,D:\GitHub\Faith-through-physics-atoms\_docs\AXIOMS_PART1_MODE_CLASSIFICATION.md,,,Codex,2026-08-05T05:30:27+00:00,Attached Part 1 classification glyphs for U2 as FW_EXTENDED.,Glyphs classify and render the atom; they do not prove it.
tp:lane4/axioms/ax-part1-fw-extended-u3,sha256:9507ea2e9f14306c1ab039d220909c1038788c86db6156e1eff277d351a11aa2,,,U3 — Grace Universal,classification,Classification,classification_imported,recorded,NOT_ESTABLISHED,active_candidate_unanchored,not_applicable,O:\_Theophysics_v5\00_AXIOMS\_LOSSLESS_SUMMARY\AXIOMS_PART1_MODE_CLASSIFICATION.md,,,Codex,2026-07-28T19:10:19+00:00,Imported Part 1 mode classification row U3 as FW_EXTENDED.,Classification import is not proof and does not promote the claim to canon.
tp:lane4/axioms/ax-part1-fw-extended-u3,sha256:9507ea2e9f14306c1ab039d220909c1038788c86db6156e1eff277d351a11aa2,,2553eba9-8f78-40d3-86c3-10006e1d6f29,U3 — Grace Universal,classification,Classification,classification_glyphs_attached,recorded,NOT_ESTABLISHED,active_candidate_unanchored,not_applicable,D:\GitHub\Faith-through-physics-atoms\_docs\AXIOMS_PART1_MODE_CLASSIFICATION.md,,,Codex,2026-08-05T05:29:38+00:00,Attached Part 1 classification glyphs for U3 as FW_EXTENDED.,Glyphs classify and render the atom; they do not prove it.
tp:lane4/axioms/ax-part1-fw-extended-u3,sha256:9507ea2e9f14306c1ab039d220909c1038788c86db6156e1eff277d351a11aa2,,e211784f-44d0-4b5d-835d-4c7a6d01bfa1,U3 — Grace Universal,classification,Classification,classification_glyphs_attached,recorded,NOT_ESTABLISHED,active_candidate_unanchored,not_applicable,D:\GitHub\Faith-through-physics-atoms\_docs\AXIOMS_PART1_MODE_CLASSIFICATION.md,,,Codex,2026-08-05T05:30:27+00:00,Attached Part 1 classification glyphs for U3 as FW_EXTENDED.,Glyphs classify and render the atom; they do not prove it.
tp:lane4/axioms/ax-part1-hy-evidence-a14-2,sha256:ee14e4a0d2c714d7844222c2f96582196c1606fd8d0f7ef0ce5699193f39b004,,,A14.2 — Grace Cosmology,classification,Classification,classification_imported,recorded,NOT_ESTABLISHED,active_candidate,not_applicable,O:\_Theophysics_v5\00_AXIOMS\_LOSSLESS_SUMMARY\AXIOMS_PART1_MODE_CLASSIFICATION.md,,,Codex,2026-07-28T19:10:19+00:00,Imported Part 1 mode classification row A14.2 as HY_EVIDENCE.,Classification import is not proof and does not promote the claim to canon.
tp:lane4/axioms/ax-part1-hy-evidence-a14-2,sha256:ee14e4a0d2c714d7844222c2f96582196c1606fd8d0f7ef0ce5699193f39b004,,4d8023d1-66f5-42ba-895f-99b6c24ef1f7,A14.2 — Grace Cosmology,classification,Classification,classification_glyphs_attached,recorded,NOT_ESTABLISHED,active_candidate,not_applicable,D:\GitHub\Faith-through-physics-atoms\_docs\AXIOMS_PART1_MODE_CLASSIFICATION.md,,,Codex,2026-08-05T05:29:38+00:00,Attached Part 1 classification glyphs for A14.2 as HY_EVIDENCE.,Glyphs classify and render the atom; they do not prove it.
tp:lane4/axioms/ax-part1-hy-evidence-a14-2,sha256:ee14e4a0d2c714d7844222c2f96582196c1606fd8d0f7ef0ce5699193f39b004,,e163c96b-0285-4526-aa7a-149d8d0c608e,A14.2 — Grace Cosmology,classification,Classification,classification_glyphs_attached,recorded,NOT_ESTABLISHED,active_candidate,not_applicable,D:\GitHub\Faith-through-physics-atoms\_docs\AXIOMS_PART1_MODE_CLASSIFICATION.md,,,Codex,2026-08-05T05:30:27+00:00,Attached Part 1 classification glyphs for A14.2 as HY_EVIDENCE.,Glyphs classify and render the atom; they do not prove it.
tp:lane4/axioms/ax-part1-hy-evidence-a17-1,sha256:e90dbac06c21cc9774f48beb5f5393e1960be4e81ffcaaa2a9a7ce1af8d8acd4,,,A17.1 — Phi Threshold For Consciousness,classification,Classification,classification_imported,recorded,NOT_ESTABLISHED,active_candidate_unanchored,not_applicable,O:\_Theophysics_v5\00_AXIOMS\_LOSSLESS_SUMMARY\AXIOMS_PART1_MODE_CLASSIFICATION.md,,,Codex,2026-07-28T19:10:19+00:00,Imported Part 1 mode classification row A17.1 as HY_EVIDENCE.,Classification import is not proof and does not promote the claim to canon.
tp:lane4/axioms/ax-part1-hy-evidence-a17-1,sha256:e90dbac06c21cc9774f48beb5f5393e1960be4e81ffcaaa2a9a7ce1af8d8acd4,,4ff676d1-1a03-4e0e-8452-7d32c990be0e,A17.1 — Phi Threshold For Consciousness,classification,Classification,classification_glyphs_attached,recorded,NOT_ESTABLISHED,active_candidate_unanchored,not_applicable,D:\GitHub\Faith-through-physics-atoms\_docs\AXIOMS_PART1_MODE_CLASSIFICATION.md,,,Codex,2026-08-05T05:29:38+00:00,Attached Part 1 classification glyphs for A17.1 as HY_EVIDENCE.,Glyphs classify and render the atom; they do not prove it.
tp:lane4/axioms/ax-part1-hy-evidence-a17-1,sha256:e90dbac06c21cc9774f48beb5f5393e1960be4e81ffcaaa2a9a7ce1af8d8acd4,,a8be57d5-e9eb-4cb2-a67c-eb55555c02da,A17.1 — Phi Threshold For Consciousness,classification,Classification,classification_glyphs_attached,recorded,NOT_ESTABLISHED,active_candidate_unanchored,not_applicable,D:\GitHub\Faith-through-physics-atoms\_docs\AXIOMS_PART1_MODE_CLASSIFICATION.md,,,Codex,2026-08-05T05:30:27+00:00,Attached Part 1 classification glyphs for A17.1 as HY_EVIDENCE.,Glyphs classify and render the atom; they do not prove it.
tp:lane4/axioms/ax-part1-hy-evidence-a19-1,sha256:f562c2617d5c2b1f7f9eb45295e129918719451563e742be7e99498c3bedd289,,,A19.1 — Master Equation Integration,classification,Classification,classification_imported,recorded,RERUN_OWED,active_candidate_unanchored,RERUN_OWED,O:\_Theophysics_v5\00_AXIOMS\_LOSSLESS_SUMMARY\AXIOMS_PART1_MODE_CLASSIFICATION.md,,,Codex,2026-07-28T19:10:19+00:00,Imported Part 1 mode classification row A19.1 as HY_EVIDENCE.,Classification import is not proof and does not promote the claim to canon.
tp:lane4/axioms/ax-part1-hy-evidence-a19-1,sha256:f562c2617d5c2b1f7f9eb45295e129918719451563e742be7e99498c3bedd289,,d53a3abc-0a84-446f-ac45-e5fd97e77f22,A19.1 — Master Equation Integration,classification,Classification,classification_glyphs_attached,recorded,RERUN_OWED,active_candidate_unanchored,RERUN_OWED,D:\GitHub\Faith-through-physics-atoms\_docs\AXIOMS_PART1_MODE_CLASSIFICATION.md,,,Codex,2026-08-05T05:29:38+00:00,Attached Part 1 classification glyphs for A19.1 as HY_EVIDENCE.,Glyphs classify and render the atom; they do not prove it.
tp:lane4/axioms/ax-part1-hy-evidence-a19-1,sha256:f562c2617d5c2b1f7f9eb45295e129918719451563e742be7e99498c3bedd289,,e32a612e-80f8-4a56-a3f3-dd90d594303a,A19.1 — Master Equation Integration,classification,Classification,classification_glyphs_attached,recorded,RERUN_OWED,active_candidate_unanchored,RERUN_OWED,D:\GitHub\Faith-through-physics-atoms\_docs\AXIOMS_PART1_MODE_CLASSIFICATION.md,,,Codex,2026-08-05T05:30:27+00:00,Attached Part 1 classification glyphs for A19.1 as HY_EVIDENCE.,Glyphs classify and render the atom; they do not prove it.
tp:lane4/axioms/ax-part1-hy-evidence-bridge-info-mind,sha256:c852bf568470303231674d32d42e18319b980839bb5e256c91bc98cb91cdafe0,,,BRIDGE-INFO-MIND - Information-Consciousness Bridge,classification,Classification,classification_imported,recorded,NOT_ESTABLISHED,active_candidate_unanchored,not_applicable,O:\_Theophysics_v5\00_AXIOMS\_LOSSLESS_SUMMARY\AXIOMS_PART1_MODE_CLASSIFICATION.md,,,Codex,2026-07-28T19:10:19+00:00,Imported Part 1 mode classification row BRIDGE-INFO-MIND as HY_EVIDENCE.,Classification import is not proof and does not promote the claim to canon.
tp:lane4/axioms/ax-part1-hy-evidence-bridge-info-mind,sha256:c852bf568470303231674d32d42e18319b980839bb5e256c91bc98cb91cdafe0,,bc4b33bb-0bd1-4939-a442-d05c34b7dc6e,BRIDGE-INFO-MIND - Information-Consciousness Bridge,classification,Classification,classification_glyphs_attached,recorded,NOT_ESTABLISHED,active_candidate_unanchored,not_applicable,D:\GitHub\Faith-through-physics-atoms\_docs\AXIOMS_PART1_MODE_CLASSIFICATION.md,,,Codex,2026-08-05T05:29:39+00:00,Attached Part 1 classification glyphs for BRIDGE-INFO-MIND as HY_EVIDENCE.,Glyphs classify and render the atom; they do not prove it.
tp:lane4/axioms/ax-part1-hy-evidence-bridge-info-mind,sha256:c852bf568470303231674d32d42e18319b980839bb5e256c91bc98cb91cdafe0,,3869c101-75c4-4430-b78c-7d71ae03706d,BRIDGE-INFO-MIND - Information-Consciousness Bridge,classification,Classification,classification_glyphs_attached,recorded,NOT_ESTABLISHED,active_candidate_unanchored,not_applicable,D:\GitHub\Faith-through-physics-atoms\_docs\AXIOMS_PART1_MODE_CLASSIFICATION.md,,,Codex,2026-08-05T05:30:27+00:00,Attached Part 1 classification glyphs for BRIDGE-INFO-MIND as HY_EVIDENCE.,Glyphs classify and render the atom; they do not prove it.
tp:lane4/axioms/ax-part1-hy-evidence-bridge-phi-chi,sha256:05dcb3480bf9baaef17b73662f0c40ca9e4e0f5d9feaf44cf2f8cff88d5ae6ab,,,BRIDGE-PHI-CHI - Individual Phi To Social Chi,classification,Classification,classification_imported,recorded,NOT_ESTABLISHED,active_candidate,not_applicable,O:\_Theophysics_v5\00_AXIOMS\_LOSSLESS_SUMMARY\AXIOMS_PART1_MODE_CLASSIFICATION.md,,,Codex,2026-07-28T19:10:19+00:00,Imported Part 1 mode classification row BRIDGE-PHI-CHI as HY_EVIDENCE.,Classification import is not proof and does not promote the claim to canon.
tp:lane4/axioms/ax-part1-hy-evidence-bridge-phi-chi,sha256:05dcb3480bf9baaef17b73662f0c40ca9e4e0f5d9feaf44cf2f8cff88d5ae6ab,,e362495c-a834-4adb-96d3-a35b656f350b,BRIDGE-PHI-CHI - Individual Phi To Social Chi,classification,Classification,classification_glyphs_attached,recorded,NOT_ESTABLISHED,active_candidate,not_applicable,D:\GitHub\Faith-through-physics-atoms\_docs\AXIOMS_PART1_MODE_CLASSIFICATION.md,,,Codex,2026-08-05T05:29:39+00:00,Attached Part 1 classification glyphs for BRIDGE-PHI-CHI as HY_EVIDENCE.,Glyphs classify and render the atom; they do not prove it.
tp:lane4/axioms/ax-part1-hy-evidence-bridge-phi-chi,sha256:05dcb3480bf9baaef17b73662f0c40ca9e4e0f5d9feaf44cf2f8cff88d5ae6ab,,18d5a290-136e-43fd-a012-6de897da6ad9,BRIDGE-PHI-CHI - Individual Phi To Social Chi,classification,Classification,classification_glyphs_attached,recorded,NOT_ESTABLISHED,active_candidate,not_applicable,D:\GitHub\Faith-through-physics-atoms\_docs\AXIOMS_PART1_MODE_CLASSIFICATION.md,,,Codex,2026-08-05T05:30:27+00:00,Attached Part 1 classification glyphs for BRIDGE-PHI-CHI as HY_EVIDENCE.,Glyphs classify and render the atom; they do not prove it.
tp:lane4/axioms/ax-part1-hy-evidence-bridge-phy-theo,sha256:85996eafa696c4c53a262520bd751c1fd8928e3cba3a5f9486cf156b3cef0606,,,BRIDGE-PHY-THEO - Physics-Theology Bridge,classification,Classification,classification_imported,recorded,NOT_ESTABLISHED,active_candidate_unanchored,not_applicable,O:\_Theophysics_v5\00_AXIOMS\_LOSSLESS_SUMMARY\AXIOMS_PART1_MODE_CLASSIFICATION.md,,,Codex,2026-07-28T19:10:19+00:00,Imported Part 1 mode classification row BRIDGE-PHY-THEO as HY_EVIDENCE.,Classification import is not proof and does not promote the claim to canon.
tp:lane4/axioms/ax-part1-hy-evidence-bridge-phy-theo,sha256:85996eafa696c4c53a262520bd751c1fd8928e3cba3a5f9486cf156b3cef0606,,0cf16ed2-d3d4-45dc-b451-ba33eee67ef4,BRIDGE-PHY-THEO - Physics-Theology Bridge,classification,Classification,classification_glyphs_attached,recorded,NOT_ESTABLISHED,active_candidate_unanchored,not_applicable,D:\GitHub\Faith-through-physics-atoms\_docs\AXIOMS_PART1_MODE_CLASSIFICATION.md,,,Codex,2026-08-05T05:29:38+00:00,Attached Part 1 classification glyphs for BRIDGE-PHY-THEO as HY_EVIDENCE.,Glyphs classify and render the atom; they do not prove it.
tp:lane4/axioms/ax-part1-hy-evidence-bridge-phy-theo,sha256:85996eafa696c4c53a262520bd751c1fd8928e3cba3a5f9486cf156b3cef0606,,b5820ab2-fa26-43d0-be4d-95ea507e3936,BRIDGE-PHY-THEO - Physics-Theology Bridge,classification,Classification,classification_glyphs_attached,recorded,NOT_ESTABLISHED,active_candidate_unanchored,not_applicable,D:\GitHub\Faith-through-physics-atoms\_docs\AXIOMS_PART1_MODE_CLASSIFICATION.md,,,Codex,2026-08-05T05:30:27+00:00,Attached Part 1 classification glyphs for BRIDGE-PHY-THEO as HY_EVIDENCE.,Glyphs classify and render the atom; they do not prove it.
tp:lane4/axioms/ax-part1-hy-evidence-ev15-1,sha256:1d17a5a972725845673947215b8dd23c159688b5d82d1040d58d98685a37e926,,,EV15.1 — Biblical Prophecy Validation,classification,Classification,classification_imported,recorded,NOT_ESTABLISHED,active_candidate_unanchored,not_applicable,O:\_Theophysics_v5\00_AXIOMS\_LOSSLESS_SUMMARY\AXIOMS_PART1_MODE_CLASSIFICATION.md,,,Codex,2026-07-28T19:10:19+00:00,Imported Part 1 mode classification row EV15.1 as HY_EVIDENCE.,Classification import is not proof and does not promote the claim to canon.
tp:lane4/axioms/ax-part1-hy-evidence-ev15-1,sha256:1d17a5a972725845673947215b8dd23c159688b5d82d1040d58d98685a37e926,,e31c86cd-1d9a-4b70-acc3-92c34a1d37b7,EV15.1 — Biblical Prophecy Validation,classification,Classification,classification_glyphs_attached,recorded,NOT_ESTABLISHED,active_candidate_unanchored,not_applicable,D:\GitHub\Faith-through-physics-atoms\_docs\AXIOMS_PART1_MODE_CLASSIFICATION.md,,,Codex,2026-08-05T05:29:38+00:00,Attached Part 1 classification glyphs for EV15.1 as HY_EVIDENCE.,Glyphs classify and render the atom; they do not prove it.
tp:lane4/axioms/ax-part1-hy-evidence-ev15-1,sha256:1d17a5a972725845673947215b8dd23c159688b5d82d1040d58d98685a37e926,,8edd4c86-bd7d-4aaf-b530-8f945f9c7c77,EV15.1 — Biblical Prophecy Validation,classification,Classification,classification_glyphs_attached,recorded,NOT_ESTABLISHED,active_candidate_unanchored,not_applicable,D:\GitHub\Faith-through-physics-atoms\_docs\AXIOMS_PART1_MODE_CLASSIFICATION.md,,,Codex,2026-08-05T05:30:27+00:00,Attached Part 1 classification glyphs for EV15.1 as HY_EVIDENCE.,Glyphs classify and render the atom; they do not prove it.
tp:lane4/axioms/ax-part1-hy-evidence-ev15-2,sha256:e2f78bb5015812df09fb89d17b63068831a21feec752199709d7ffd73c1ae6ee,,,EV15.2 — GCP Correlation,classification,Classification,classification_imported,recorded,NOT_ESTABLISHED,active_candidate_unanchored,not_applicable,O:\_Theophysics_v5\00_AXIOMS\_LOSSLESS_SUMMARY\AXIOMS_PART1_MODE_CLASSIFICATION.md,,,Codex,2026-07-28T19:10:19+00:00,Imported Part 1 mode classification row EV15.2 as HY_EVIDENCE.,Classification import is not proof and does not promote the claim to canon.
tp:lane4/axioms/ax-part1-hy-evidence-ev15-2,sha256:e2f78bb5015812df09fb89d17b63068831a21feec752199709d7ffd73c1ae6ee,,da202d4d-2121-45e9-89ac-6c06b76906b0,EV15.2 — GCP Correlation,classification,Classification,classification_glyphs_attached,recorded,NOT_ESTABLISHED,active_candidate_unanchored,not_applicable,D:\GitHub\Faith-through-physics-atoms\_docs\AXIOMS_PART1_MODE_CLASSIFICATION.md,,,Codex,2026-08-05T05:29:38+00:00,Attached Part 1 classification glyphs for EV15.2 as HY_EVIDENCE.,Glyphs classify and render the atom; they do not prove it.
tp:lane4/axioms/ax-part1-hy-evidence-ev15-2,sha256:e2f78bb5015812df09fb89d17b63068831a21feec752199709d7ffd73c1ae6ee,,d05b2c30-dedb-4d76-a6a6-09b149d7d568,EV15.2 — GCP Correlation,classification,Classification,classification_glyphs_attached,recorded,NOT_ESTABLISHED,active_candidate_unanchored,not_applicable,D:\GitHub\Faith-through-physics-atoms\_docs\AXIOMS_PART1_MODE_CLASSIFICATION.md,,,Codex,2026-08-05T05:30:27+00:00,Attached Part 1 classification glyphs for EV15.2 as HY_EVIDENCE.,Glyphs classify and render the atom; they do not prove it.
tp:lane4/axioms/ax-part1-hy-evidence-ev15-3,sha256:195f31e8e9e423d6fa4c4808d0e39848aaa27cb7a2691f13084b79bec75dfd7e,,,EV15.3 — PEAR Lab Results,classification,Classification,classification_imported,recorded,NOT_ESTABLISHED,active_candidate_unanchored,not_applicable,O:\_Theophysics_v5\00_AXIOMS\_LOSSLESS_SUMMARY\AXIOMS_PART1_MODE_CLASSIFICATION.md,,,Codex,2026-07-28T19:10:19+00:00,Imported Part 1 mode classification row EV15.3 as HY_EVIDENCE.,Classification import is not proof and does not promote the claim to canon.
tp:lane4/axioms/ax-part1-hy-evidence-ev15-3,sha256:195f31e8e9e423d6fa4c4808d0e39848aaa27cb7a2691f13084b79bec75dfd7e,,fccf65f2-d361-4fbd-8375-f63418459d26,EV15.3 — PEAR Lab Results,classification,Classification,classification_glyphs_attached,recorded,NOT_ESTABLISHED,active_candidate_unanchored,not_applicable,D:\GitHub\Faith-through-physics-atoms\_docs\AXIOMS_PART1_MODE_CLASSIFICATION.md,,,Codex,2026-08-05T05:29:38+00:00,Attached Part 1 classification glyphs for EV15.3 as HY_EVIDENCE.,Glyphs classify and render the atom; they do not prove it.
tp:lane4/axioms/ax-part1-hy-evidence-ev15-3,sha256:195f31e8e9e423d6fa4c4808d0e39848aaa27cb7a2691f13084b79bec75dfd7e,,57c868af-f2bf-4f12-a0e8-75635406103e,EV15.3 — PEAR Lab Results,classification,Classification,classification_glyphs_attached,recorded,NOT_ESTABLISHED,active_candidate_unanchored,not_applicable,D:\GitHub\Faith-through-physics-atoms\_docs\AXIOMS_PART1_MODE_CLASSIFICATION.md,,,Codex,2026-08-05T05:30:27+00:00,Attached Part 1 classification glyphs for EV15.3 as HY_EVIDENCE.,Glyphs classify and render the atom; they do not prove it.
tp:lane4/axioms/ax-part1-hy-evidence-ev15-4,sha256:e00305a7c416472d97ce13aca0e98352870fdacc366948ed8f7b5ae986a7444a,,,EV15.4 — Social Coherence 5.7 Sigma,classification,Classification,classification_imported,recorded,NOT_ESTABLISHED,active_candidate_unanchored,not_applicable,O:\_Theophysics_v5\00_AXIOMS\_LOSSLESS_SUMMARY\AXIOMS_PART1_MODE_CLASSIFICATION.md,,,Codex,2026-07-28T19:10:19+00:00,Imported Part 1 mode classification row EV15.4 as HY_EVIDENCE.,Classification import is not proof and does not promote the claim to canon.
tp:lane4/axioms/ax-part1-hy-evidence-ev15-4,sha256:e00305a7c416472d97ce13aca0e98352870fdacc366948ed8f7b5ae986a7444a,,f16381f3-348a-4667-be19-9ca0cbdabf73,EV15.4 — Social Coherence 5.7 Sigma,classification,Classification,classification_glyphs_attached,recorded,NOT_ESTABLISHED,active_candidate_unanchored,not_applicable,D:\GitHub\Faith-through-physics-atoms\_docs\AXIOMS_PART1_MODE_CLASSIFICATION.md,,,Codex,2026-08-05T05:29:38+00:00,Attached Part 1 classification glyphs for EV15.4 as HY_EVIDENCE.,Glyphs classify and render the atom; they do not prove it.
tp:lane4/axioms/ax-part1-hy-evidence-ev15-4,sha256:e00305a7c416472d97ce13aca0e98352870fdacc366948ed8f7b5ae986a7444a,,7198fc27-5e96-4a31-a74b-3ff9d0b37aaf,EV15.4 — Social Coherence 5.7 Sigma,classification,Classification,classification_glyphs_attached,recorded,NOT_ESTABLISHED,active_candidate_unanchored,not_applicable,D:\GitHub\Faith-through-physics-atoms\_docs\AXIOMS_PART1_MODE_CLASSIFICATION.md,,,Codex,2026-08-05T05:30:27+00:00,Attached Part 1 classification glyphs for EV15.4 as HY_EVIDENCE.,Glyphs classify and render the atom; they do not prove it.
tp:lane4/axioms/ax-part1-hy-evidence-exp5-1,sha256:ff471b9dce2268221ad9ae7c51deafe874f84d616fa742d4a68fd06fe25e21c3,,,EXP5.1 — Wheeler Delayed Choice,classification,Classification,classification_imported,recorded,NOT_ESTABLISHED,active_candidate,not_applicable,O:\_Theophysics_v5\00_AXIOMS\_LOSSLESS_SUMMARY\AXIOMS_PART1_MODE_CLASSIFICATION.md,,,Codex,2026-07-28T19:10:19+00:00,Imported Part 1 mode classification row EXP5.1 as HY_EVIDENCE.,Classification import is not proof and does not promote the claim to canon.
tp:lane4/axioms/ax-part1-hy-evidence-exp5-1,sha256:ff471b9dce2268221ad9ae7c51deafe874f84d616fa742d4a68fd06fe25e21c3,,2f9b3969-2b1e-4a7d-85ab-54a6f672d159,EXP5.1 — Wheeler Delayed Choice,classification,Classification,classification_glyphs_attached,recorded,NOT_ESTABLISHED,active_candidate,not_applicable,D:\GitHub\Faith-through-physics-atoms\_docs\AXIOMS_PART1_MODE_CLASSIFICATION.md,,,Codex,2026-08-05T05:29:38+00:00,Attached Part 1 classification glyphs for EXP5.1 as HY_EVIDENCE.,Glyphs classify and render the atom; they do not prove it.
tp:lane4/axioms/ax-part1-hy-evidence-exp5-1,sha256:ff471b9dce2268221ad9ae7c51deafe874f84d616fa742d4a68fd06fe25e21c3,,71c936a4-fea0-444b-9053-9f69e3073dcb,EXP5.1 — Wheeler Delayed Choice,classification,Classification,classification_glyphs_attached,recorded,NOT_ESTABLISHED,active_candidate,not_applicable,D:\GitHub\Faith-through-physics-atoms\_docs\AXIOMS_PART1_MODE_CLASSIFICATION.md,,,Codex,2026-08-05T05:30:27+00:00,Attached Part 1 classification glyphs for EXP5.1 as HY_EVIDENCE.,Glyphs classify and render the atom; they do not prove it.
tp:lane4/axioms/ax-part1-hy-evidence-exp5-2,sha256:c470a9ce545bf6b47b6214df184f25389af30e5ce4cef748c915db8babc8c5ac,,,EXP5.2 — Quantum Eraser,classification,Classification,classification_imported,recorded,NOT_ESTABLISHED,active_candidate,not_applicable,O:\_Theophysics_v5\00_AXIOMS\_LOSSLESS_SUMMARY\AXIOMS_PART1_MODE_CLASSIFICATION.md,,,Codex,2026-07-28T19:10:19+00:00,Imported Part 1 mode classification row EXP5.2 as HY_EVIDENCE.,Classification import is not proof and does not promote the claim to canon.
tp:lane4/axioms/ax-part1-hy-evidence-exp5-2,sha256:c470a9ce545bf6b47b6214df184f25389af30e5ce4cef748c915db8babc8c5ac,,1c44c274-43f8-46fd-bb81-d8dd93a9abce,EXP5.2 — Quantum Eraser,classification,Classification,classification_glyphs_attached,recorded,NOT_ESTABLISHED,active_candidate,not_applicable,D:\GitHub\Faith-through-physics-atoms\_docs\AXIOMS_PART1_MODE_CLASSIFICATION.md,,,Codex,2026-08-05T05:29:38+00:00,Attached Part 1 classification glyphs for EXP5.2 as HY_EVIDENCE.,Glyphs classify and render the atom; they do not prove it.
tp:lane4/axioms/ax-part1-hy-evidence-exp5-2,sha256:c470a9ce545bf6b47b6214df184f25389af30e5ce4cef748c915db8babc8c5ac,,90d53a05-6717-4499-a855-ddb828fbb335,EXP5.2 — Quantum Eraser,classification,Classification,classification_glyphs_attached,recorded,NOT_ESTABLISHED,active_candidate,not_applicable,D:\GitHub\Faith-through-physics-atoms\_docs\AXIOMS_PART1_MODE_CLASSIFICATION.md,,,Codex,2026-08-05T05:30:27+00:00,Attached Part 1 classification glyphs for EXP5.2 as HY_EVIDENCE.,Glyphs classify and render the atom; they do not prove it.
tp:lane4/axioms/ax-part1-hy-evidence-f1,sha256:9fe216d93fbf4c0eeb4f4d52a612c17d0e1102b67244a86c68fbd4e64c1d1d20,,,F1 — Love Measurement Domain,classification,Classification,classification_imported,recorded,NOT_ESTABLISHED,active_candidate_unanchored,not_applicable,O:\_Theophysics_v5\00_AXIOMS\_LOSSLESS_SUMMARY\AXIOMS_PART1_MODE_CLASSIFICATION.md,,,Codex,2026-07-28T19:10:19+00:00,Imported Part 1 mode classification row F1 as HY_EVIDENCE.,Classification import is not proof and does not promote the claim to canon.
tp:lane4/axioms/ax-part1-hy-evidence-f1,sha256:9fe216d93fbf4c0eeb4f4d52a612c17d0e1102b67244a86c68fbd4e64c1d1d20,,c30711c5-e438-4e1f-aa09-0c2ecf5bd689,F1 — Love Measurement Domain,classification,Classification,classification_glyphs_attached,recorded,NOT_ESTABLISHED,active_candidate_unanchored,not_applicable,D:\GitHub\Faith-through-physics-atoms\_docs\AXIOMS_PART1_MODE_CLASSIFICATION.md,,,Codex,2026-08-05T05:29:38+00:00,Attached Part 1 classification glyphs for F1 as HY_EVIDENCE.,Glyphs classify and render the atom; they do not prove it.
tp:lane4/axioms/ax-part1-hy-evidence-f1,sha256:9fe216d93fbf4c0eeb4f4d52a612c17d0e1102b67244a86c68fbd4e64c1d1d20,,87982b23-d3d5-4456-9c18-45af440f2756,F1 — Love Measurement Domain,classification,Classification,classification_glyphs_attached,recorded,NOT_ESTABLISHED,active_candidate_unanchored,not_applicable,D:\GitHub\Faith-through-physics-atoms\_docs\AXIOMS_PART1_MODE_CLASSIFICATION.md,,,Codex,2026-08-05T05:30:27+00:00,Attached Part 1 classification glyphs for F1 as HY_EVIDENCE.,Glyphs classify and render the atom; they do not prove it.
tp:lane4/axioms/ax-part1-hy-evidence-f2,sha256:3859d3ed563e454762c0695d933359117002fd2d996fbc6708fa243f075bf0cf,,,F2 — Joy Measurement Domain,classification,Classification,classification_imported,recorded,NOT_ESTABLISHED,active_candidate_unanchored,not_applicable,O:\_Theophysics_v5\00_AXIOMS\_LOSSLESS_SUMMARY\AXIOMS_PART1_MODE_CLASSIFICATION.md,,,Codex,2026-07-28T19:10:19+00:00,Imported Part 1 mode classification row F2 as HY_EVIDENCE.,Classification import is not proof and does not promote the claim to canon.
tp:lane4/axioms/ax-part1-hy-evidence-f2,sha256:3859d3ed563e454762c0695d933359117002fd2d996fbc6708fa243f075bf0cf,,b26c6cd2-40bd-4a96-ae1b-0556b35a2fae,F2 — Joy Measurement Domain,classification,Classification,classification_glyphs_attached,recorded,NOT_ESTABLISHED,active_candidate_unanchored,not_applicable,D:\GitHub\Faith-through-physics-atoms\_docs\AXIOMS_PART1_MODE_CLASSIFICATION.md,,,Codex,2026-08-05T05:29:38+00:00,Attached Part 1 classification glyphs for F2 as HY_EVIDENCE.,Glyphs classify and render the atom; they do not prove it.
tp:lane4/axioms/ax-part1-hy-evidence-f2,sha256:3859d3ed563e454762c0695d933359117002fd2d996fbc6708fa243f075bf0cf,,b8c7ee42-760f-4d98-a84c-6433738acadb,F2 — Joy Measurement Domain,classification,Classification,classification_glyphs_attached,recorded,NOT_ESTABLISHED,active_candidate_unanchored,not_applicable,D:\GitHub\Faith-through-physics-atoms\_docs\AXIOMS_PART1_MODE_CLASSIFICATION.md,,,Codex,2026-08-05T05:30:27+00:00,Attached Part 1 classification glyphs for F2 as HY_EVIDENCE.,Glyphs classify and render the atom; they do not prove it.
tp:lane4/axioms/ax-part1-hy-evidence-f3,sha256:f92054d20951076b3c346e57ad9a35d12fc9ba3cb1440112b08a863a09a59c55,,,F3 — Peace Measurement Domain,classification,Classification,classification_imported,recorded,NOT_ESTABLISHED,active_candidate_unanchored,not_applicable,O:\_Theophysics_v5\00_AXIOMS\_LOSSLESS_SUMMARY\AXIOMS_PART1_MODE_CLASSIFICATION.md,,,Codex,2026-07-28T19:10:19+00:00,Imported Part 1 mode classification row F3 as HY_EVIDENCE.,Classification import is not proof and does not promote the claim to canon.
tp:lane4/axioms/ax-part1-hy-evidence-f3,sha256:f92054d20951076b3c346e57ad9a35d12fc9ba3cb1440112b08a863a09a59c55,,86772cf9-a971-4b43-b7ae-1105031427ce,F3 — Peace Measurement Domain,classification,Classification,classification_glyphs_attached,recorded,NOT_ESTABLISHED,active_candidate_unanchored,not_applicable,D:\GitHub\Faith-through-physics-atoms\_docs\AXIOMS_PART1_MODE_CLASSIFICATION.md,,,Codex,2026-08-05T05:29:38+00:00,Attached Part 1 classification glyphs for F3 as HY_EVIDENCE.,Glyphs classify and render the atom; they do not prove it.
tp:lane4/axioms/ax-part1-hy-evidence-f3,sha256:f92054d20951076b3c346e57ad9a35d12fc9ba3cb1440112b08a863a09a59c55,,a4d80944-5fdc-4f09-85ff-898b905359d1,F3 — Peace Measurement Domain,classification,Classification,classification_glyphs_attached,recorded,NOT_ESTABLISHED,active_candidate_unanchored,not_applicable,D:\GitHub\Faith-through-physics-atoms\_docs\AXIOMS_PART1_MODE_CLASSIFICATION.md,,,Codex,2026-08-05T05:30:27+00:00,Attached Part 1 classification glyphs for F3 as HY_EVIDENCE.,Glyphs classify and render the atom; they do not prove it.
tp:lane4/axioms/ax-part1-hy-evidence-f4,sha256:00edb0e124041db77fd8d8a266695423f96f2c1f354064fb83234efb17e96825,,,F4 — Patience Measurement Domain,classification,Classification,classification_imported,recorded,NOT_ESTABLISHED,active_candidate_unanchored,not_applicable,O:\_Theophysics_v5\00_AXIOMS\_LOSSLESS_SUMMARY\AXIOMS_PART1_MODE_CLASSIFICATION.md,,,Codex,2026-07-28T19:10:19+00:00,Imported Part 1 mode classification row F4 as HY_EVIDENCE.,Classification import is not proof and does not promote the claim to canon.
tp:lane4/axioms/ax-part1-hy-evidence-f4,sha256:00edb0e124041db77fd8d8a266695423f96f2c1f354064fb83234efb17e96825,,ab85b3d5-0cad-4781-9d88-065f8079a08d,F4 — Patience Measurement Domain,classification,Classification,classification_glyphs_attached,recorded,NOT_ESTABLISHED,active_candidate_unanchored,not_applicable,D:\GitHub\Faith-through-physics-atoms\_docs\AXIOMS_PART1_MODE_CLASSIFICATION.md,,,Codex,2026-08-05T05:29:38+00:00,Attached Part 1 classification glyphs for F4 as HY_EVIDENCE.,Glyphs classify and render the atom; they do not prove it.
tp:lane4/axioms/ax-part1-hy-evidence-f4,sha256:00edb0e124041db77fd8d8a266695423f96f2c1f354064fb83234efb17e96825,,61d7a4d6-df76-4da4-9661-bf2fffa93312,F4 — Patience Measurement Domain,classification,Classification,classification_glyphs_attached,recorded,NOT_ESTABLISHED,active_candidate_unanchored,not_applicable,D:\GitHub\Faith-through-physics-atoms\_docs\AXIOMS_PART1_MODE_CLASSIFICATION.md,,,Codex,2026-08-05T05:30:27+00:00,Attached Part 1 classification glyphs for F4 as HY_EVIDENCE.,Glyphs classify and render the atom; they do not prove it.
tp:lane4/axioms/ax-part1-hy-evidence-f5,sha256:954d9d8d6b6e39e6769826d3b329cbe5991b77e059cd9eb6de8fac4ca76fc2b6,,,F5 — Kindness Measurement Domain,classification,Classification,classification_imported,recorded,NOT_ESTABLISHED,active_candidate_unanchored,not_applicable,O:\_Theophysics_v5\00_AXIOMS\_LOSSLESS_SUMMARY\AXIOMS_PART1_MODE_CLASSIFICATION.md,,,Codex,2026-07-28T19:10:19+00:00,Imported Part 1 mode classification row F5 as HY_EVIDENCE.,Classification import is not proof and does not promote the claim to canon.
tp:lane4/axioms/ax-part1-hy-evidence-f5,sha256:954d9d8d6b6e39e6769826d3b329cbe5991b77e059cd9eb6de8fac4ca76fc2b6,,2b09a28a-9bd1-4ac4-9450-876721a2aa41,F5 — Kindness Measurement Domain,classification,Classification,classification_glyphs_attached,recorded,NOT_ESTABLISHED,active_candidate_unanchored,not_applicable,D:\GitHub\Faith-through-physics-atoms\_docs\AXIOMS_PART1_MODE_CLASSIFICATION.md,,,Codex,2026-08-05T05:29:38+00:00,Attached Part 1 classification glyphs for F5 as HY_EVIDENCE.,Glyphs classify and render the atom; they do not prove it.
tp:lane4/axioms/ax-part1-hy-evidence-f5,sha256:954d9d8d6b6e39e6769826d3b329cbe5991b77e059cd9eb6de8fac4ca76fc2b6,,77d94d3d-e41f-4007-8207-eea892a71a52,F5 — Kindness Measurement Domain,classification,Classification,classification_glyphs_attached,recorded,NOT_ESTABLISHED,active_candidate_unanchored,not_applicable,D:\GitHub\Faith-through-physics-atoms\_docs\AXIOMS_PART1_MODE_CLASSIFICATION.md,,,Codex,2026-08-05T05:30:27+00:00,Attached Part 1 classification glyphs for F5 as HY_EVIDENCE.,Glyphs classify and render the atom; they do not prove it.
tp:lane4/axioms/ax-part1-hy-evidence-f6,sha256:414a5a9108e05ba56d17d2fdfa661112acae7d5acd4b5d1c8f062c67134824b4,,,F6 — Goodness Measurement Domain,classification,Classification,classification_imported,recorded,NOT_ESTABLISHED,active_candidate_unanchored,not_applicable,O:\_Theophysics_v5\00_AXIOMS\_LOSSLESS_SUMMARY\AXIOMS_PART1_MODE_CLASSIFICATION.md,,,Codex,2026-07-28T19:10:19+00:00,Imported Part 1 mode classification row F6 as HY_EVIDENCE.,Classification import is not proof and does not promote the claim to canon.
tp:lane4/axioms/ax-part1-hy-evidence-f6,sha256:414a5a9108e05ba56d17d2fdfa661112acae7d5acd4b5d1c8f062c67134824b4,,dece4d6c-c1f7-474a-8f7b-154c0e294f81,F6 — Goodness Measurement Domain,classification,Classification,classification_glyphs_attached,recorded,NOT_ESTABLISHED,active_candidate_unanchored,not_applicable,D:\GitHub\Faith-through-physics-atoms\_docs\AXIOMS_PART1_MODE_CLASSIFICATION.md,,,Codex,2026-08-05T05:29:38+00:00,Attached Part 1 classification glyphs for F6 as HY_EVIDENCE.,Glyphs classify and render the atom; they do not prove it.
tp:lane4/axioms/ax-part1-hy-evidence-f6,sha256:414a5a9108e05ba56d17d2fdfa661112acae7d5acd4b5d1c8f062c67134824b4,,a4c30630-84c0-4982-95cb-95c52eccc673,F6 — Goodness Measurement Domain,classification,Classification,classification_glyphs_attached,recorded,NOT_ESTABLISHED,active_candidate_unanchored,not_applicable,D:\GitHub\Faith-through-physics-atoms\_docs\AXIOMS_PART1_MODE_CLASSIFICATION.md,,,Codex,2026-08-05T05:30:27+00:00,Attached Part 1 classification glyphs for F6 as HY_EVIDENCE.,Glyphs classify and render the atom; they do not prove it.
tp:lane4/axioms/ax-part1-hy-evidence-f7,sha256:6f8c59a4edd8a258002269f09454de364031cd6beff2a799900d09c4259ea161,,,F7 — Faithfulness Measurement Domain,classification,Classification,classification_imported,recorded,NOT_ESTABLISHED,active_candidate_unanchored,not_applicable,O:\_Theophysics_v5\00_AXIOMS\_LOSSLESS_SUMMARY\AXIOMS_PART1_MODE_CLASSIFICATION.md,,,Codex,2026-07-28T19:10:19+00:00,Imported Part 1 mode classification row F7 as HY_EVIDENCE.,Classification import is not proof and does not promote the claim to canon.
tp:lane4/axioms/ax-part1-hy-evidence-f7,sha256:6f8c59a4edd8a258002269f09454de364031cd6beff2a799900d09c4259ea161,,2280b2a8-5882-4ee7-8e46-a1bf406d9cb4,F7 — Faithfulness Measurement Domain,classification,Classification,classification_glyphs_attached,recorded,NOT_ESTABLISHED,active_candidate_unanchored,not_applicable,D:\GitHub\Faith-through-physics-atoms\_docs\AXIOMS_PART1_MODE_CLASSIFICATION.md,,,Codex,2026-08-05T05:29:38+00:00,Attached Part 1 classification glyphs for F7 as HY_EVIDENCE.,Glyphs classify and render the atom; they do not prove it.
tp:lane4/axioms/ax-part1-hy-evidence-f7,sha256:6f8c59a4edd8a258002269f09454de364031cd6beff2a799900d09c4259ea161,,22fa5356-8787-426b-bfb7-3c1f4ae3e5ca,F7 — Faithfulness Measurement Domain,classification,Classification,classification_glyphs_attached,recorded,NOT_ESTABLISHED,active_candidate_unanchored,not_applicable,D:\GitHub\Faith-through-physics-atoms\_docs\AXIOMS_PART1_MODE_CLASSIFICATION.md,,,Codex,2026-08-05T05:30:27+00:00,Attached Part 1 classification glyphs for F7 as HY_EVIDENCE.,Glyphs classify and render the atom; they do not prove it.
tp:lane4/axioms/ax-part1-hy-evidence-f8,sha256:b9877f3ea566cbd51ca9156fd853492451ee556962d849567917e909f8ec51b8,,,F8 — Gentleness Measurement Domain,classification,Classification,classification_imported,recorded,NOT_ESTABLISHED,active_candidate_unanchored,not_applicable,O:\_Theophysics_v5\00_AXIOMS\_LOSSLESS_SUMMARY\AXIOMS_PART1_MODE_CLASSIFICATION.md,,,Codex,2026-07-28T19:10:19+00:00,Imported Part 1 mode classification row F8 as HY_EVIDENCE.,Classification import is not proof and does not promote the claim to canon.
tp:lane4/axioms/ax-part1-hy-evidence-f8,sha256:b9877f3ea566cbd51ca9156fd853492451ee556962d849567917e909f8ec51b8,,b6cf6dc1-a1b4-48d1-af55-bcaa337a86ec,F8 — Gentleness Measurement Domain,classification,Classification,classification_glyphs_attached,recorded,NOT_ESTABLISHED,active_candidate_unanchored,not_applicable,D:\GitHub\Faith-through-physics-atoms\_docs\AXIOMS_PART1_MODE_CLASSIFICATION.md,,,Codex,2026-08-05T05:29:38+00:00,Attached Part 1 classification glyphs for F8 as HY_EVIDENCE.,Glyphs classify and render the atom; they do not prove it.
tp:lane4/axioms/ax-part1-hy-evidence-f8,sha256:b9877f3ea566cbd51ca9156fd853492451ee556962d849567917e909f8ec51b8,,21d1154c-a028-436e-bb7a-45908946efe3,F8 — Gentleness Measurement Domain,classification,Classification,classification_glyphs_attached,recorded,NOT_ESTABLISHED,active_candidate_unanchored,not_applicable,D:\GitHub\Faith-through-physics-atoms\_docs\AXIOMS_PART1_MODE_CLASSIFICATION.md,,,Codex,2026-08-05T05:30:27+00:00,Attached Part 1 classification glyphs for F8 as HY_EVIDENCE.,Glyphs classify and render the atom; they do not prove it.
tp:lane4/axioms/ax-part1-hy-evidence-f9,sha256:7464a8366f36c492753429fc3013dd50846a790d4e1dfab8803590b26bbe188b,,,F9 — Self-Control Measurement Domain,classification,Classification,classification_imported,recorded,NOT_ESTABLISHED,active_candidate_unanchored,not_applicable,O:\_Theophysics_v5\00_AXIOMS\_LOSSLESS_SUMMARY\AXIOMS_PART1_MODE_CLASSIFICATION.md,,,Codex,2026-07-28T19:10:19+00:00,Imported Part 1 mode classification row F9 as HY_EVIDENCE.,Classification import is not proof and does not promote the claim to canon.
tp:lane4/axioms/ax-part1-hy-evidence-f9,sha256:7464a8366f36c492753429fc3013dd50846a790d4e1dfab8803590b26bbe188b,,53fe8997-e3d6-436c-8a48-15155d8f5280,F9 — Self-Control Measurement Domain,classification,Classification,classification_glyphs_attached,recorded,NOT_ESTABLISHED,active_candidate_unanchored,not_applicable,D:\GitHub\Faith-through-physics-atoms\_docs\AXIOMS_PART1_MODE_CLASSIFICATION.md,,,Codex,2026-08-05T05:29:38+00:00,Attached Part 1 classification glyphs for F9 as HY_EVIDENCE.,Glyphs classify and render the atom; they do not prove it.
tp:lane4/axioms/ax-part1-hy-evidence-f9,sha256:7464a8366f36c492753429fc3013dd50846a790d4e1dfab8803590b26bbe188b,,819a5b8b-1254-4cf5-8f86-e2ea07828800,F9 — Self-Control Measurement Domain,classification,Classification,classification_glyphs_attached,recorded,NOT_ESTABLISHED,active_candidate_unanchored,not_applicable,D:\GitHub\Faith-through-physics-atoms\_docs\AXIOMS_PART1_MODE_CLASSIFICATION.md,,,Codex,2026-08-05T05:30:27+00:00,Attached Part 1 classification glyphs for F9 as HY_EVIDENCE.,Glyphs classify and render the atom; they do not prove it.
tp:lane4/axioms/ax-part1-hy-evidence-fals18-1,sha256:b1628ef3c47177b7bff6c299f8a49db039b35c960d411cdb70732aa3b54bf4e6,,,FALS18.1 — Chi Field Falsification,classification,Classification,classification_imported,recorded,NOT_ESTABLISHED,active_candidate_unanchored,not_applicable,O:\_Theophysics_v5\00_AXIOMS\_LOSSLESS_SUMMARY\AXIOMS_PART1_MODE_CLASSIFICATION.md,,,Codex,2026-07-28T19:10:19+00:00,Imported Part 1 mode classification row FALS18.1 as HY_EVIDENCE.,Classification import is not proof and does not promote the claim to canon.
tp:lane4/axioms/ax-part1-hy-evidence-fals18-1,sha256:b1628ef3c47177b7bff6c299f8a49db039b35c960d411cdb70732aa3b54bf4e6,,aeacf687-8bc7-4b90-ae52-8fe19dc980f3,FALS18.1 — Chi Field Falsification,classification,Classification,classification_glyphs_attached,recorded,NOT_ESTABLISHED,active_candidate_unanchored,not_applicable,D:\GitHub\Faith-through-physics-atoms\_docs\AXIOMS_PART1_MODE_CLASSIFICATION.md,,,Codex,2026-08-05T05:29:38+00:00,Attached Part 1 classification glyphs for FALS18.1 as HY_EVIDENCE.,Glyphs classify and render the atom; they do not prove it.
tp:lane4/axioms/ax-part1-hy-evidence-fals18-1,sha256:b1628ef3c47177b7bff6c299f8a49db039b35c960d411cdb70732aa3b54bf4e6,,fb2b36eb-6bc1-41f3-ae2c-7a1f94d61c62,FALS18.1 — Chi Field Falsification,classification,Classification,classification_glyphs_attached,recorded,NOT_ESTABLISHED,active_candidate_unanchored,not_applicable,D:\GitHub\Faith-through-physics-atoms\_docs\AXIOMS_PART1_MODE_CLASSIFICATION.md,,,Codex,2026-08-05T05:30:27+00:00,Attached Part 1 classification glyphs for FALS18.1 as HY_EVIDENCE.,Glyphs classify and render the atom; they do not prove it.
tp:lane4/axioms/ax-part1-hy-evidence-fals18-2,sha256:a92b35d1604f133f07b4f6c278825d927e5bc475cfb6c8a7060cf39b4d50ff75,,,FALS18.2 — Grace Falsification,classification,Classification,classification_imported,recorded,NOT_ESTABLISHED,active_candidate_unanchored,not_applicable,O:\_Theophysics_v5\00_AXIOMS\_LOSSLESS_SUMMARY\AXIOMS_PART1_MODE_CLASSIFICATION.md,,,Codex,2026-07-28T19:10:19+00:00,Imported Part 1 mode classification row FALS18.2 as HY_EVIDENCE.,Classification import is not proof and does not promote the claim to canon.
tp:lane4/axioms/ax-part1-hy-evidence-fals18-2,sha256:a92b35d1604f133f07b4f6c278825d927e5bc475cfb6c8a7060cf39b4d50ff75,,fbc56cc1-26e5-4039-831e-44b8b3cc42ca,FALS18.2 — Grace Falsification,classification,Classification,classification_glyphs_attached,recorded,NOT_ESTABLISHED,active_candidate_unanchored,not_applicable,D:\GitHub\Faith-through-physics-atoms\_docs\AXIOMS_PART1_MODE_CLASSIFICATION.md,,,Codex,2026-08-05T05:29:38+00:00,Attached Part 1 classification glyphs for FALS18.2 as HY_EVIDENCE.,Glyphs classify and render the atom; they do not prove it.
tp:lane4/axioms/ax-part1-hy-evidence-fals18-2,sha256:a92b35d1604f133f07b4f6c278825d927e5bc475cfb6c8a7060cf39b4d50ff75,,ce87ab86-d2cb-4a08-bfce-b153c8639633,FALS18.2 — Grace Falsification,classification,Classification,classification_glyphs_attached,recorded,NOT_ESTABLISHED,active_candidate_unanchored,not_applicable,D:\GitHub\Faith-through-physics-atoms\_docs\AXIOMS_PART1_MODE_CLASSIFICATION.md,,,Codex,2026-08-05T05:30:27+00:00,Attached Part 1 classification glyphs for FALS18.2 as HY_EVIDENCE.,Glyphs classify and render the atom; they do not prove it.
tp:lane4/axioms/ax-part1-hy-evidence-fals18-3,sha256:768773dd01b429ae6b4f366ce40af820f490e9a0fe428cbf11b984417aede635,,,FALS18.3 — BC Falsification,classification,Classification,classification_imported,recorded,NOT_ESTABLISHED,active_candidate_unanchored,not_applicable,O:\_Theophysics_v5\00_AXIOMS\_LOSSLESS_SUMMARY\AXIOMS_PART1_MODE_CLASSIFICATION.md,,,Codex,2026-07-28T19:10:19+00:00,Imported Part 1 mode classification row FALS18.3 as HY_EVIDENCE.,Classification import is not proof and does not promote the claim to canon.
tp:lane4/axioms/ax-part1-hy-evidence-fals18-3,sha256:768773dd01b429ae6b4f366ce40af820f490e9a0fe428cbf11b984417aede635,,9db5987d-d777-4214-a70d-3a42855b49ea,FALS18.3 — BC Falsification,classification,Classification,classification_glyphs_attached,recorded,NOT_ESTABLISHED,active_candidate_unanchored,not_applicable,D:\GitHub\Faith-through-physics-atoms\_docs\AXIOMS_PART1_MODE_CLASSIFICATION.md,,,Codex,2026-08-05T05:29:38+00:00,Attached Part 1 classification glyphs for FALS18.3 as HY_EVIDENCE.,Glyphs classify and render the atom; they do not prove it.
tp:lane4/axioms/ax-part1-hy-evidence-fals18-3,sha256:768773dd01b429ae6b4f366ce40af820f490e9a0fe428cbf11b984417aede635,,e31dd67b-77d3-42ce-9f41-c4e544295a2a,FALS18.3 — BC Falsification,classification,Classification,classification_glyphs_attached,recorded,NOT_ESTABLISHED,active_candidate_unanchored,not_applicable,D:\GitHub\Faith-through-physics-atoms\_docs\AXIOMS_PART1_MODE_CLASSIFICATION.md,,,Codex,2026-08-05T05:30:27+00:00,Attached Part 1 classification glyphs for FALS18.3 as HY_EVIDENCE.,Glyphs classify and render the atom; they do not prove it.
tp:lane4/axioms/ax-part1-hy-evidence-open17-1,sha256:5b496d300045bd301c338665106ba4b5ce4ee47b0ce3708ab81442803c20989a,,,OPEN17.1 — AI Moral Status Question,classification,Classification,classification_imported,recorded,NOT_ESTABLISHED,active_candidate_unanchored,not_applicable,O:\_Theophysics_v5\00_AXIOMS\_LOSSLESS_SUMMARY\AXIOMS_PART1_MODE_CLASSIFICATION.md,,,Codex,2026-07-28T19:10:19+00:00,Imported Part 1 mode classification row OPEN17.1 as HY_EVIDENCE.,Classification import is not proof and does not promote the claim to canon.
tp:lane4/axioms/ax-part1-hy-evidence-open17-1,sha256:5b496d300045bd301c338665106ba4b5ce4ee47b0ce3708ab81442803c20989a,,202cfbfb-6424-4dd6-b8d3-629f615fee12,OPEN17.1 — AI Moral Status Question,classification,Classification,classification_glyphs_attached,recorded,NOT_ESTABLISHED,active_candidate_unanchored,not_applicable,D:\GitHub\Faith-through-physics-atoms\_docs\AXIOMS_PART1_MODE_CLASSIFICATION.md,,,Codex,2026-08-05T05:29:38+00:00,Attached Part 1 classification glyphs for OPEN17.1 as HY_EVIDENCE.,Glyphs classify and render the atom; they do not prove it.
tp:lane4/axioms/ax-part1-hy-evidence-open17-1,sha256:5b496d300045bd301c338665106ba4b5ce4ee47b0ce3708ab81442803c20989a,,d11d39cf-e4d1-4f27-8827-6f41035d8f3c,OPEN17.1 — AI Moral Status Question,classification,Classification,classification_glyphs_attached,recorded,NOT_ESTABLISHED,active_candidate_unanchored,not_applicable,D:\GitHub\Faith-through-physics-atoms\_docs\AXIOMS_PART1_MODE_CLASSIFICATION.md,,,Codex,2026-08-05T05:30:27+00:00,Attached Part 1 classification glyphs for OPEN17.1 as HY_EVIDENCE.,Glyphs classify and render the atom; they do not prove it.
tp:lane4/axioms/ax-part1-hy-evidence-pred14-1,sha256:589346a0ec0fd43e28422aa29459934a504b7f68de1aa139ca413f39a2779533,,,PRED14.1 — H0 Tension Resolution,classification,Classification,classification_imported,recorded,NOT_ESTABLISHED,active_candidate_unanchored,not_applicable,O:\_Theophysics_v5\00_AXIOMS\_LOSSLESS_SUMMARY\AXIOMS_PART1_MODE_CLASSIFICATION.md,,,Codex,2026-07-28T19:10:19+00:00,Imported Part 1 mode classification row PRED14.1 as HY_EVIDENCE.,Classification import is not proof and does not promote the claim to canon.
tp:lane4/axioms/ax-part1-hy-evidence-pred14-1,sha256:589346a0ec0fd43e28422aa29459934a504b7f68de1aa139ca413f39a2779533,,211eb15e-bf6e-41c6-bb90-2488ec5cd9b4,PRED14.1 — H0 Tension Resolution,classification,Classification,classification_glyphs_attached,recorded,NOT_ESTABLISHED,active_candidate_unanchored,not_applicable,D:\GitHub\Faith-through-physics-atoms\_docs\AXIOMS_PART1_MODE_CLASSIFICATION.md,,,Codex,2026-08-05T05:29:38+00:00,Attached Part 1 classification glyphs for PRED14.1 as HY_EVIDENCE.,Glyphs classify and render the atom; they do not prove it.
tp:lane4/axioms/ax-part1-hy-evidence-pred14-1,sha256:589346a0ec0fd43e28422aa29459934a504b7f68de1aa139ca413f39a2779533,,313b4129-1ab1-4e45-adf8-3c2c2c657827,PRED14.1 — H0 Tension Resolution,classification,Classification,classification_glyphs_attached,recorded,NOT_ESTABLISHED,active_candidate_unanchored,not_applicable,D:\GitHub\Faith-through-physics-atoms\_docs\AXIOMS_PART1_MODE_CLASSIFICATION.md,,,Codex,2026-08-05T05:30:27+00:00,Attached Part 1 classification glyphs for PRED14.1 as HY_EVIDENCE.,Glyphs classify and render the atom; they do not prove it.
tp:lane4/axioms/ax-part1-hy-evidence-pred18-1,sha256:28fb83508eacddea87eaf6a809cbfb9360c6b3a7f03a6adf06fd6ea967546dda,,,PRED18.1 — H0 Prediction 2025-2030,classification,Classification,classification_imported,recorded,NOT_ESTABLISHED,active_candidate_unanchored,not_applicable,O:\_Theophysics_v5\00_AXIOMS\_LOSSLESS_SUMMARY\AXIOMS_PART1_MODE_CLASSIFICATION.md,,,Codex,2026-07-28T19:10:19+00:00,Imported Part 1 mode classification row PRED18.1 as HY_EVIDENCE.,Classification import is not proof and does not promote the claim to canon.
tp:lane4/axioms/ax-part1-hy-evidence-pred18-1,sha256:28fb83508eacddea87eaf6a809cbfb9360c6b3a7f03a6adf06fd6ea967546dda,,fc4d5338-d2a1-44e9-9e6c-9e6cf8100ba9,PRED18.1 — H0 Prediction 2025-2030,classification,Classification,classification_glyphs_attached,recorded,NOT_ESTABLISHED,active_candidate_unanchored,not_applicable,D:\GitHub\Faith-through-physics-atoms\_docs\AXIOMS_PART1_MODE_CLASSIFICATION.md,,,Codex,2026-08-05T05:29:38+00:00,Attached Part 1 classification glyphs for PRED18.1 as HY_EVIDENCE.,Glyphs classify and render the atom; they do not prove it.
tp:lane4/axioms/ax-part1-hy-evidence-pred18-1,sha256:28fb83508eacddea87eaf6a809cbfb9360c6b3a7f03a6adf06fd6ea967546dda,,92b3e5f6-78cc-4d07-8e7d-82f3ab1b027a,PRED18.1 — H0 Prediction 2025-2030,classification,Classification,classification_glyphs_attached,recorded,NOT_ESTABLISHED,active_candidate_unanchored,not_applicable,D:\GitHub\Faith-through-physics-atoms\_docs\AXIOMS_PART1_MODE_CLASSIFICATION.md,,,Codex,2026-08-05T05:30:27+00:00,Attached Part 1 classification glyphs for PRED18.1 as HY_EVIDENCE.,Glyphs classify and render the atom; they do not prove it.
tp:lane4/axioms/ax-part1-hy-evidence-pred18-2,sha256:611bc7c1714ebb1f16d11d317e36371c00a12f8eb1b73056f4ea82f162cca536,,,PRED18.2 — GCP Event Prediction,classification,Classification,classification_imported,recorded,NOT_ESTABLISHED,active_candidate_unanchored,not_applicable,O:\_Theophysics_v5\00_AXIOMS\_LOSSLESS_SUMMARY\AXIOMS_PART1_MODE_CLASSIFICATION.md,,,Codex,2026-07-28T19:10:19+00:00,Imported Part 1 mode classification row PRED18.2 as HY_EVIDENCE.,Classification import is not proof and does not promote the claim to canon.
tp:lane4/axioms/ax-part1-hy-evidence-pred18-2,sha256:611bc7c1714ebb1f16d11d317e36371c00a12f8eb1b73056f4ea82f162cca536,,e188dd37-c171-4efc-8109-f73010fde722,PRED18.2 — GCP Event Prediction,classification,Classification,classification_glyphs_attached,recorded,NOT_ESTABLISHED,active_candidate_unanchored,not_applicable,D:\GitHub\Faith-through-physics-atoms\_docs\AXIOMS_PART1_MODE_CLASSIFICATION.md,,,Codex,2026-08-05T05:29:38+00:00,Attached Part 1 classification glyphs for PRED18.2 as HY_EVIDENCE.,Glyphs classify and render the atom; they do not prove it.
tp:lane4/axioms/ax-part1-hy-evidence-pred18-2,sha256:611bc7c1714ebb1f16d11d317e36371c00a12f8eb1b73056f4ea82f162cca536,,312de4b9-efcf-4d85-bf83-ec610f5f4b00,PRED18.2 — GCP Event Prediction,classification,Classification,classification_glyphs_attached,recorded,NOT_ESTABLISHED,active_candidate_unanchored,not_applicable,D:\GitHub\Faith-through-physics-atoms\_docs\AXIOMS_PART1_MODE_CLASSIFICATION.md,,,Codex,2026-08-05T05:30:27+00:00,Attached Part 1 classification glyphs for PRED18.2 as HY_EVIDENCE.,Glyphs classify and render the atom; they do not prove it.
tp:lane4/axioms/ax-part1-hy-evidence-prot18-1,sha256:ceb547e23a12202309be49ead213fea13d9f2ef6abc9e1ded690cd24cfa0c242,,,PROT18.1 — Trinity Observer Effect,classification,Classification,classification_imported,recorded,NOT_ESTABLISHED,active_candidate_unanchored,not_applicable,O:\_Theophysics_v5\00_AXIOMS\_LOSSLESS_SUMMARY\AXIOMS_PART1_MODE_CLASSIFICATION.md,,,Codex,2026-07-28T19:10:19+00:00,Imported Part 1 mode classification row PROT18.1 as HY_EVIDENCE.,Classification import is not proof and does not promote the claim to canon.
tp:lane4/axioms/ax-part1-hy-evidence-prot18-1,sha256:ceb547e23a12202309be49ead213fea13d9f2ef6abc9e1ded690cd24cfa0c242,,acd51711-214a-4a3f-a92c-1ebb8189ee6e,PROT18.1 — Trinity Observer Effect,classification,Classification,classification_glyphs_attached,recorded,NOT_ESTABLISHED,active_candidate_unanchored,not_applicable,D:\GitHub\Faith-through-physics-atoms\_docs\AXIOMS_PART1_MODE_CLASSIFICATION.md,,,Codex,2026-08-05T05:29:38+00:00,Attached Part 1 classification glyphs for PROT18.1 as HY_EVIDENCE.,Glyphs classify and render the atom; they do not prove it.
tp:lane4/axioms/ax-part1-hy-evidence-prot18-1,sha256:ceb547e23a12202309be49ead213fea13d9f2ef6abc9e1ded690cd24cfa0c242,,421c3c1e-25c2-43ef-b5a0-c1f56a1ac850,PROT18.1 — Trinity Observer Effect,classification,Classification,classification_glyphs_attached,recorded,NOT_ESTABLISHED,active_candidate_unanchored,not_applicable,D:\GitHub\Faith-through-physics-atoms\_docs\AXIOMS_PART1_MODE_CLASSIFICATION.md,,,Codex,2026-08-05T05:30:27+00:00,Attached Part 1 classification glyphs for PROT18.1 as HY_EVIDENCE.,Glyphs classify and render the atom; they do not prove it.
tp:lane4/axioms/ax-part1-hy-evidence-prot18-2,sha256:252c5181eaa5bd4ad3f46065cbd3aa0b281d10868131f454187147941470b11d,,,PROT18.2 — Consciousness Collapse Test,classification,Classification,classification_imported,recorded,NOT_ESTABLISHED,active_candidate_unanchored,not_applicable,O:\_Theophysics_v5\00_AXIOMS\_LOSSLESS_SUMMARY\AXIOMS_PART1_MODE_CLASSIFICATION.md,,,Codex,2026-07-28T19:10:19+00:00,Imported Part 1 mode classification row PROT18.2 as HY_EVIDENCE.,Classification import is not proof and does not promote the claim to canon.
tp:lane4/axioms/ax-part1-hy-evidence-prot18-2,sha256:252c5181eaa5bd4ad3f46065cbd3aa0b281d10868131f454187147941470b11d,,bd005879-cb60-4169-afbe-8b29839438c0,PROT18.2 — Consciousness Collapse Test,classification,Classification,classification_glyphs_attached,recorded,NOT_ESTABLISHED,active_candidate_unanchored,not_applicable,D:\GitHub\Faith-through-physics-atoms\_docs\AXIOMS_PART1_MODE_CLASSIFICATION.md,,,Codex,2026-08-05T05:29:38+00:00,Attached Part 1 classification glyphs for PROT18.2 as HY_EVIDENCE.,Glyphs classify and render the atom; they do not prove it.
tp:lane4/axioms/ax-part1-hy-evidence-prot18-2,sha256:252c5181eaa5bd4ad3f46065cbd3aa0b281d10868131f454187147941470b11d,,23571051-3117-48cc-8ae5-fab2e2eb466e,PROT18.2 — Consciousness Collapse Test,classification,Classification,classification_glyphs_attached,recorded,NOT_ESTABLISHED,active_candidate_unanchored,not_applicable,D:\GitHub\Faith-through-physics-atoms\_docs\AXIOMS_PART1_MODE_CLASSIFICATION.md,,,Codex,2026-08-05T05:30:27+00:00,Attached Part 1 classification glyphs for PROT18.2 as HY_EVIDENCE.,Glyphs classify and render the atom; they do not prove it.
tp:lane4/axioms/ax-part1-hy-evidence-prot18-3,sha256:3960042301ab43a5f99153065c171a0d8e27ed20f33ebd9d865064b4d4a44595,,,PROT18.3 — Grace Negentropy Detection,classification,Classification,classification_imported,recorded,NOT_ESTABLISHED,active_candidate_unanchored,not_applicable,O:\_Theophysics_v5\00_AXIOMS\_LOSSLESS_SUMMARY\AXIOMS_PART1_MODE_CLASSIFICATION.md,,,Codex,2026-07-28T19:10:19+00:00,Imported Part 1 mode classification row PROT18.3 as HY_EVIDENCE.,Classification import is not proof and does not promote the claim to canon.
tp:lane4/axioms/ax-part1-hy-evidence-prot18-3,sha256:3960042301ab43a5f99153065c171a0d8e27ed20f33ebd9d865064b4d4a44595,,98bd82a9-9ad5-4935-85d3-2d15e5f331ae,PROT18.3 — Grace Negentropy Detection,classification,Classification,classification_glyphs_attached,recorded,NOT_ESTABLISHED,active_candidate_unanchored,not_applicable,D:\GitHub\Faith-through-physics-atoms\_docs\AXIOMS_PART1_MODE_CLASSIFICATION.md,,,Codex,2026-08-05T05:29:38+00:00,Attached Part 1 classification glyphs for PROT18.3 as HY_EVIDENCE.,Glyphs classify and render the atom; they do not prove it.
tp:lane4/axioms/ax-part1-hy-evidence-prot18-3,sha256:3960042301ab43a5f99153065c171a0d8e27ed20f33ebd9d865064b4d4a44595,,e6833a7a-16e0-4991-9ac0-5ec7b7d56959,PROT18.3 — Grace Negentropy Detection,classification,Classification,classification_glyphs_attached,recorded,NOT_ESTABLISHED,active_candidate_unanchored,not_applicable,D:\GitHub\Faith-through-physics-atoms\_docs\AXIOMS_PART1_MODE_CLASSIFICATION.md,,,Codex,2026-08-05T05:30:27+00:00,Attached Part 1 classification glyphs for PROT18.3 as HY_EVIDENCE.,Glyphs classify and render the atom; they do not prove it.
tp:lane4/axioms/ax-part1-hy-evidence-prot18-4,sha256:a0bfdb9297571125ef94e4cf87b677784c72e9069410f41348a3deb804913b26,,,PROT18.4 — Social Coherence Monitoring,classification,Classification,classification_imported,recorded,NOT_ESTABLISHED,active_candidate_unanchored,not_applicable,O:\_Theophysics_v5\00_AXIOMS\_LOSSLESS_SUMMARY\AXIOMS_PART1_MODE_CLASSIFICATION.md,,,Codex,2026-07-28T19:10:19+00:00,Imported Part 1 mode classification row PROT18.4 as HY_EVIDENCE.,Classification import is not proof and does not promote the claim to canon.
tp:lane4/axioms/ax-part1-hy-evidence-prot18-4,sha256:a0bfdb9297571125ef94e4cf87b677784c72e9069410f41348a3deb804913b26,,3660bf42-d96f-41c7-98ae-38ca2f925345,PROT18.4 — Social Coherence Monitoring,classification,Classification,classification_glyphs_attached,recorded,NOT_ESTABLISHED,active_candidate_unanchored,not_applicable,D:\GitHub\Faith-through-physics-atoms\_docs\AXIOMS_PART1_MODE_CLASSIFICATION.md,,,Codex,2026-08-05T05:29:38+00:00,Attached Part 1 classification glyphs for PROT18.4 as HY_EVIDENCE.,Glyphs classify and render the atom; they do not prove it.
tp:lane4/axioms/ax-part1-hy-evidence-prot18-4,sha256:a0bfdb9297571125ef94e4cf87b677784c72e9069410f41348a3deb804913b26,,02eacce6-7fea-4c5a-a10f-5a28007094ce,PROT18.4 — Social Coherence Monitoring,classification,Classification,classification_glyphs_attached,recorded,NOT_ESTABLISHED,active_candidate_unanchored,not_applicable,D:\GitHub\Faith-through-physics-atoms\_docs\AXIOMS_PART1_MODE_CLASSIFICATION.md,,,Codex,2026-08-05T05:30:27+00:00,Attached Part 1 classification glyphs for PROT18.4 as HY_EVIDENCE.,Glyphs classify and render the atom; they do not prove it.
tp:lane4/axioms/ax-part1-hy-evidence-prot18-5,sha256:4f7f9a1ea244a6ec71388611cf5706fb8c846fc921a0e5f183379e7c1de3ddcb,,,PROT18.5 — Phi-Virtue Correlation Study,classification,Classification,classification_imported,recorded,NOT_ESTABLISHED,active_candidate_unanchored,not_applicable,O:\_Theophysics_v5\00_AXIOMS\_LOSSLESS_SUMMARY\AXIOMS_PART1_MODE_CLASSIFICATION.md,,,Codex,2026-07-28T19:10:19+00:00,Imported Part 1 mode classification row PROT18.5 as HY_EVIDENCE.,Classification import is not proof and does not promote the claim to canon.
tp:lane4/axioms/ax-part1-hy-evidence-prot18-5,sha256:4f7f9a1ea244a6ec71388611cf5706fb8c846fc921a0e5f183379e7c1de3ddcb,,3bdc4613-b2b4-4aed-9349-88d0ee1232d5,PROT18.5 — Phi-Virtue Correlation Study,classification,Classification,classification_glyphs_attached,recorded,NOT_ESTABLISHED,active_candidate_unanchored,not_applicable,D:\GitHub\Faith-through-physics-atoms\_docs\AXIOMS_PART1_MODE_CLASSIFICATION.md,,,Codex,2026-08-05T05:29:38+00:00,Attached Part 1 classification glyphs for PROT18.5 as HY_EVIDENCE.,Glyphs classify and render the atom; they do not prove it.
tp:lane4/axioms/ax-part1-hy-evidence-prot18-5,sha256:4f7f9a1ea244a6ec71388611cf5706fb8c846fc921a0e5f183379e7c1de3ddcb,,7d84a43c-1ebc-4b23-8db2-1314f5ff5191,PROT18.5 — Phi-Virtue Correlation Study,classification,Classification,classification_glyphs_attached,recorded,NOT_ESTABLISHED,active_candidate_unanchored,not_applicable,D:\GitHub\Faith-through-physics-atoms\_docs\AXIOMS_PART1_MODE_CLASSIFICATION.md,,,Codex,2026-08-05T05:30:27+00:00,Attached Part 1 classification glyphs for PROT18.5 as HY_EVIDENCE.,Glyphs classify and render the atom; they do not prove it.
tp:lane4/axioms/ax-part1-hy-evidence-u4,sha256:c435972775c4396f55612af9c25146892f12273bc34b561db9cbe88889f89332,,,U4 — Fruits Universal,classification,Classification,classification_imported,recorded,NOT_ESTABLISHED,active_candidate_unanchored,not_applicable,O:\_Theophysics_v5\00_AXIOMS\_LOSSLESS_SUMMARY\AXIOMS_PART1_MODE_CLASSIFICATION.md,,,Codex,2026-07-28T19:10:19+00:00,Imported Part 1 mode classification row U4 as HY_EVIDENCE.,Classification import is not proof and does not promote the claim to canon.
tp:lane4/axioms/ax-part1-hy-evidence-u4,sha256:c435972775c4396f55612af9c25146892f12273bc34b561db9cbe88889f89332,,c8231faf-d479-46c2-be3e-812a590a5e16,U4 — Fruits Universal,classification,Classification,classification_glyphs_attached,recorded,NOT_ESTABLISHED,active_candidate_unanchored,not_applicable,D:\GitHub\Faith-through-physics-atoms\_docs\AXIOMS_PART1_MODE_CLASSIFICATION.md,,,Codex,2026-08-05T05:29:38+00:00,Attached Part 1 classification glyphs for U4 as HY_EVIDENCE.,Glyphs classify and render the atom; they do not prove it.
tp:lane4/axioms/ax-part1-hy-evidence-u4,sha256:c435972775c4396f55612af9c25146892f12273bc34b561db9cbe88889f89332,,366213e1-9538-42dd-a7a0-1ad6eca74eb1,U4 — Fruits Universal,classification,Classification,classification_glyphs_attached,recorded,NOT_ESTABLISHED,active_candidate_unanchored,not_applicable,D:\GitHub\Faith-through-physics-atoms\_docs\AXIOMS_PART1_MODE_CLASSIFICATION.md,,,Codex,2026-08-05T05:30:27+00:00,Attached Part 1 classification glyphs for U4 as HY_EVIDENCE.,Glyphs classify and render the atom; they do not prove it.
tp:lane4/axioms/axiom-chain-classification,sha256:4714b21898cc40e77475ab7a238ec1a417c7e8a9040c684719fe6bd1a3646d91,,,Axiom Chain Classification,classification,Classification,atom_seeded,recorded,NARRATIVE_ANCHOR,active_candidate,not_applicable,LANE4_ATOM_LEDGER_BUILD_REPORT.md,,,Codex,2026-07-28T00:00:00+00:00,Initial Lane 4 fixture created.,Seed status is not additional evidence.
tp:lane4/christianity/christianity-historical-abductive-lane,sha256:cdc8b002b21acb93b1c4f7f0882f9c1cd9414aa6ce49d37dd505bada21a1adcd,,,Christianity Historical Abductive Lane,historical_abductive,Historical,atom_seeded,recorded,ABDUCTIVELY_FAVORED,active_candidate,not_applicable,LANE4_ATOM_LEDGER_BUILD_REPORT.md,,,Codex,2026-07-28T00:00:00+00:00,Initial Lane 4 fixture created.,Seed status is not additional evidence.
tp:lane4/christianity/christianity-historical-abductive-lane,sha256:cdc8b002b21acb93b1c4f7f0882f9c1cd9414aa6ce49d37dd505bada21a1adcd,,,Christianity Historical Abductive Lane,historical_abductive,Historical-Abductive,test_run,source_received,ABDUCTIVELY_FAVORED,active_candidate,not_applicable,O:\_Theophysics_v5\David\Family\The Hardest Questions\12 INTRO LOGO PAPERS.md,,,Codex,2026-07-28T18:57:50+00:00,LOGOS intro papers received as source material for the Christianity historical-abductive and moral-first lanes.,"This source does not prove Christianity, God, the Master Equation, or the Lagrangian lane; it supplies claims, posture discipline, rival-burden language, and future atomization targets."
tp:lane4/coherence-atlas/coherence-atlas-isomorphic-event-lane,sha256:79387a5500e3e4a51a8ab114e43938db8df1fd0b1d1f7d2980fb29ee382915dd,,,Coherence Atlas Isomorphic Event Lane,isomorphic_event,Lane4,atom_seeded,recorded,ISOMORPHIC_EVENT_CANDIDATE,active_candidate,not_applicable,LANE4_ATOM_LEDGER_BUILD_REPORT.md,,,Codex,2026-07-28T00:00:00+00:00,Initial Lane 4 fixture created.,Seed status is not additional evidence.
tp:lane4/coherence-atlas/coherence-atlas-isomorphic-event-lane,sha256:79387a5500e3e4a51a8ab114e43938db8df1fd0b1d1f7d2980fb29ee382915dd,,24ee72e2-8319-4490-9779-4ba6c6b2ce6e,Coherence Atlas Isomorphic Event Lane,isomorphic_event,Lean4,test_run,pass,ISOMORPHIC_EVENT_CANDIDATE,active_candidate,not_applicable,D:\GitHub\Faith-through-physics-atoms\_runtime\lean_receipts\nine-mapping-structural-harness-direct-lean-receipt-20260803T025528Z.md,,,Codex,2026-08-03T02:55:28+00:00,The nine named bridge mappings were rerun through a single compressed structural harness. Direct Lean compilation passes and proves all nine encoded mappings pass the checklist and reject five negative-control slots each.,"Encoded structural harness only: this does not prove domain faithfulness, independent physics adequacy, independent theology adequacy, or empirical truth. It should be cited as nine-of-nine within the declared harness, not as unrestricted proof of all bridge claims."
tp:lane4/consilience/consilience-good-bad-coherence-001,sha256:ba3b4a1072d9074d325f50676dbe5a780482d57e712486ad3d94f481ce5474f1,,,Good/Bad Coherence Grammar Shows Cross-Domain Consilience,consilience_audit,IsomorphicEvents,claim_ingested,recorded,ISOMORPHIC_EVENT_CANDIDATE,active_candidate,not_applicable,D:\GitHub\Faith-through-physics-atoms\_runtime\good_bad_consilience_audit_candidate.json,,,,2026-07-28T19:35:29+00:00,Source claim ingested into Lane 4 ledger.,Ingestion is not proof.
tp:lane4/crown-canon/crown-truth-series-001,sha256:a826ded73cb4a48b9cbf000c7fc9c8cda09a09cf8a1ffca7d8e733411b0bf536,,,The Truth Series Crown Packet,crown_source_packet,CrownCanon,claim_ingested,recorded,BRIDGE_DECLARED,active_candidate,not_applicable,D:\GitHub\Faith-through-physics-atoms\_runtime\truth_series_crown_packet_candidate.json,,,,2026-07-28T20:43:46+00:00,Source claim ingested into Lane 4 ledger.,Ingestion is not proof.
tp:lane4/derivation-grammar/dg-core-v0-2,sha256:1b4177fe08fc4b9310d0b73510fd26a968d735d1bb362452df20d7a05e8045ea,,,DG v0.2 Core Grammar,method,Framework,claim_ingested,recorded,NOT_ESTABLISHED,active_candidate,not_applicable,D:\GitHub\Faith-through-physics-atoms\_runtime\DG_V02_ATOM_SEED_BATCH_2026-08-01\DG-CORE-v0.2.json,,,,2026-08-01T04:17:55+00:00,Source claim ingested into Lane 4 ledger.,Ingestion is not proof.
tp:lane4/derivation-grammar/dg-core-v0-2,sha256:1b4177fe08fc4b9310d0b73510fd26a968d735d1bb362452df20d7a05e8045ea,,11bafc58-38de-470a-8c59-ebc3af7b5610,DG v0.2 Core Grammar,method,Lean4,test_run,pass,NOT_ESTABLISHED,active_candidate,not_applicable,D:\GitHub\Faith-through-physics-atoms\_runtime\lean_receipts\primary-h-drive-direct-triadic-science-kernel-receipt-20260803T013059Z.md,,,Codex,2026-08-03T01:30:59+00:00,"POF 2828 Science Argument guardrail kernel was imported into the primary H-drive Lean source and direct Lean compilation passes. It formalizes valid triadic structure as non-decorative, removable-third failure, and the guardrail that science-side structure does not directly prove theology.","Formal structural guardrail only: does not prove the Trinity, Christianity, or any scientific domain claim; direct-file verification rather than full Lake build because the primary source Lake build is still blocked by the mathlib git index lock."
tp:lane4/derivation-grammar/dg-t4-independent-convergence,sha256:f2df0607443be469dffd72ba3aeb6b12357a79e53e6aecac61e59ae8e0eade2c,,,DG T4 - Independent Convergence,theorem_candidate,Framework,claim_ingested,recorded,NOT_ESTABLISHED,active_candidate,not_applicable,D:\GitHub\Faith-through-physics-atoms\_runtime\DG_V02_ATOM_SEED_BATCH_2026-08-01\DG-T4-Independent-Convergence.json,,,,2026-08-01T04:17:55+00:00,Source claim ingested into Lane 4 ledger.,Ingestion is not proof.
tp:lane4/derivation-grammar/dg1-dependency,sha256:003ba6553711c9e874d77b41b67b773fb0dfceee7b99a999f5a964a7b61b5377,,,DG1 - Dependency,axiom,Framework,claim_ingested,recorded,NOT_ESTABLISHED,active_candidate,not_applicable,D:\GitHub\Faith-through-physics-atoms\_runtime\DG_V02_ATOM_SEED_BATCH_2026-08-01\DG1-Dependency.json,,,,2026-08-01T04:17:52+00:00,Source claim ingested into Lane 4 ledger.,Ingestion is not proof.
tp:lane4/derivation-grammar/dg2-minimal-capability,sha256:6f61dfbbf3b5c9db047bf4e6d321527d3e7fd53889b9f99a9ee8ab4b110c57f5,,,DG2 - Minimal Capability,axiom,Framework,claim_ingested,recorded,NOT_ESTABLISHED,active_candidate,not_applicable,D:\GitHub\Faith-through-physics-atoms\_runtime\DG_V02_ATOM_SEED_BATCH_2026-08-01\DG2-Minimal-Capability.json,,,,2026-08-01T04:17:52+00:00,Source claim ingested into Lane 4 ledger.,Ingestion is not proof.
tp:lane4/derivation-grammar/dg3-preservation,sha256:1ec5b29a82734f877feb0a48da6b0bf20f913f62f6f8654142e34551b5effde9,,,DG3 - Preservation / Monotonic Inheritance,axiom,Framework,claim_ingested,recorded,NOT_ESTABLISHED,active_candidate,not_applicable,D:\GitHub\Faith-through-physics-atoms\_runtime\DG_V02_ATOM_SEED_BATCH_2026-08-01\DG3-Preservation.json,,,,2026-08-01T04:17:52+00:00,Source claim ingested into Lane 4 ledger.,Ingestion is not proof.
tp:lane4/derivation-grammar/dg4-collapse,sha256:17fe0add9d5d8c476bcd8f2c08abdab92132e8b7ad0be1312e20de80fed67b89,,,DG4 - Collapse,axiom,Framework,claim_ingested,recorded,NOT_ESTABLISHED,active_candidate,not_applicable,D:\GitHub\Faith-through-physics-atoms\_runtime\DG_V02_ATOM_SEED_BATCH_2026-08-01\DG4-Collapse.json,,,,2026-08-01T04:17:53+00:00,Source claim ingested into Lane 4 ledger.,Ingestion is not proof.
tp:lane4/derivation-grammar/dg5-translation,sha256:0de2143582397643c86a78cf2f9c3e2cb8c529b870f0d4aa169f6fd64dd22853,,,DG5 - Translation,axiom,Framework,claim_ingested,recorded,BRIDGE_DECLARED,active_candidate,not_applicable,D:\GitHub\Faith-through-physics-atoms\_runtime\DG_V02_ATOM_SEED_BATCH_2026-08-01\DG5-Translation.json,,,,2026-08-01T04:17:53+00:00,Source claim ingested into Lane 4 ledger.,Ingestion is not proof.
tp:lane4/derivation-grammar/dg6-dynamics,sha256:a94e72c35db74fb04f3670ee61e4541bf1ed9faf531589080ba0fae63fcea79b,,,DG6 - Dynamics,definition,Framework,claim_ingested,recorded,NOT_ESTABLISHED,active_candidate,not_applicable,D:\GitHub\Faith-through-physics-atoms\_runtime\DG_V02_ATOM_SEED_BATCH_2026-08-01\DG6-Dynamics.json,,,,2026-08-01T04:17:53+00:00,Source claim ingested into Lane 4 ledger.,Ingestion is not proof.
tp:lane4/derivation-grammar/dg7-admissibility,sha256:9f0e7201887509e97a68aa4c8243d60708966f4892fe82dbc5110090da90f793,,,DG7 - Admissibility,axiom,Framework,claim_ingested,recorded,NOT_ESTABLISHED,active_candidate,not_applicable,D:\GitHub\Faith-through-physics-atoms\_runtime\DG_V02_ATOM_SEED_BATCH_2026-08-01\DG7-Admissibility.json,,,,2026-08-01T04:17:54+00:00,Source claim ingested into Lane 4 ledger.,Ingestion is not proof.
tp:lane4/derivation-grammar/dg8-closure,sha256:ab19abafed82d8db55b5dccca4ee34abbd87627923c073f2c2a8d04201c9970c,,,DG8 - Closure,axiom,Framework,claim_ingested,recorded,NOT_ESTABLISHED,active_candidate,not_applicable,D:\GitHub\Faith-through-physics-atoms\_runtime\DG_V02_ATOM_SEED_BATCH_2026-08-01\DG8-Closure.json,,,,2026-08-01T04:17:54+00:00,Source claim ingested into Lane 4 ledger.,Ingestion is not proof.
tp:lane4/derivation-grammar/method-00-bridge-discipline,sha256:725c7a3cd59c13d04d7f031edb02b3e6a4ec1f6af2fdd3ef3171461f72b716e4,,,METHOD-00 - Bridge Discipline,method,Method,claim_ingested,recorded,BRIDGE_DECLARED,active_candidate,not_applicable,D:\GitHub\Faith-through-physics-atoms\_runtime\DG_V02_ATOM_SEED_BATCH_2026-08-01\METHOD-00-Bridge-Discipline.json,,,,2026-08-01T04:17:55+00:00,Source claim ingested into Lane 4 ledger.,Ingestion is not proof.
tp:lane4/isomorphic-events/iso-deployed-math-light-judgment-001,sha256:dd4c86b04f3fb57759c34635579d93348a20cddaa710eb916e7a1414d3675456,,,"Deployed Math, Light, and Judgment Reveal Misalignment",isomorphic_event,IsomorphicEvents,claim_ingested,recorded,ISOMORPHIC_EVENT_CANDIDATE,active_candidate,not_applicable,D:\GitHub\Faith-through-physics-atoms\_runtime\deployed_math_light_judgment_isomorphic_candidate.json,,,,2026-07-28T19:28:33+00:00,Source claim ingested into Lane 4 ledger.,Ingestion is not proof.
tp:lane4/isomorphic-events/iso-deployed-math-light-judgment-001,sha256:dd4c86b04f3fb57759c34635579d93348a20cddaa710eb916e7a1414d3675456,,,"Deployed Math, Light, and Judgment Reveal Misalignment",isomorphic_event,IsomorphicEvents,test_run,reviewed_strengthened,ISOMORPHIC_EVENT_CANDIDATE,active_candidate,not_applicable,H:\Desktop 2\NEWLY_TESTED_THEOPHYSICS_REVIEW_2026-07-28\TRUTH_DEPLOYMENT_SCHEMA_AND_24_PROPERTY_LOGOS_REVIEW_2026-07-28.md,,,Codex,2026-07-28T19:30:21+00:00,Review strengthened the deployed-math/light/judgment claim into the Truth Deployment Schema: truth-standard deployment exposes false alignment.,"Still an isomorphic-event candidate, not proof of moral guilt, motive, mercy, or full ontological identity."
tp:lane4/isomorphic-events/iso-iso-000,sha256:d309bfc7a4ae653222c4530898b05b66ca1b4d8b58a88d7ccfe49af72342879d,,,ISO-000 - 24-Property Structural Identity,isomorphic_event,IsomorphicEvents,isomorphic_workbook_imported,recorded,ISOMORPHIC_EVENT_CANDIDATE,active_candidate,not_applicable,\\192.168.2.50\h_hp\Desktop\Master EXCEL\Isomorphic_Updated.xlsx,,,Codex,2026-07-28T19:21:29+00:00,Imported ISO-000 from Isomorphic_Updated.xlsx as an isomorphic-event candidate.,"Workbook level is preserved as source classification, not automatic formal isomorphism or canon proof."
tp:lane4/isomorphic-events/iso-iso-000,sha256:d309bfc7a4ae653222c4530898b05b66ca1b4d8b58a88d7ccfe49af72342879d,,,ISO-000 - 24-Property Structural Identity,isomorphic_event,IsomorphicEvents,test_run,reviewed_guardrailed,ISOMORPHIC_EVENT_CANDIDATE,active_candidate,not_applicable,H:\Desktop 2\NEWLY_TESTED_THEOPHYSICS_REVIEW_2026-07-28\TRUTH_DEPLOYMENT_SCHEMA_AND_24_PROPERTY_LOGOS_REVIEW_2026-07-28.md,,,Codex,2026-07-28T19:30:21+00:00,Review preserves the force of the 24-property math/morality/Logos correspondence as a serious explanatory-burden claim.,The review refuses automatic ontological-identity promotion; C4 review candidate remains below C5 until relation preservation and identity conditions are proved.
tp:lane4/isomorphic-events/iso-iso-001,sha256:8e809822a83cc94fc24cdee9b543ad36d27ec80ee52bcc5f484af69889df8c93,,,ISO-001 - Gravity ↔ Sin,isomorphic_event,IsomorphicEvents,isomorphic_workbook_imported,recorded,ISOMORPHIC_EVENT_CANDIDATE,active_candidate,not_applicable,\\192.168.2.50\h_hp\Desktop\Master EXCEL\Isomorphic_Updated.xlsx,,,Codex,2026-07-28T19:21:29+00:00,Imported ISO-001 from Isomorphic_Updated.xlsx as an isomorphic-event candidate.,"Workbook level is preserved as source classification, not automatic formal isomorphism or canon proof."
tp:lane4/isomorphic-events/iso-iso-002,sha256:82abde146bf5b03c72df2d4e9a65f3ae30a5f52af1256d42e437850890fba45b,,,ISO-002 - Strong Force ↔ Covenant,isomorphic_event,IsomorphicEvents,isomorphic_workbook_imported,recorded,ISOMORPHIC_EVENT_CANDIDATE,active_candidate,not_applicable,\\192.168.2.50\h_hp\Desktop\Master EXCEL\Isomorphic_Updated.xlsx,,,Codex,2026-07-28T19:21:29+00:00,Imported ISO-002 from Isomorphic_Updated.xlsx as an isomorphic-event candidate.,"Workbook level is preserved as source classification, not automatic formal isomorphism or canon proof."
tp:lane4/isomorphic-events/iso-iso-003,sha256:fc48f6eb34bd0f0b3a94f73f8dc44a5f05010458857c68e7ca9838bb706a0c09,,,ISO-003 - Electromagnetism ↔ Truth,isomorphic_event,IsomorphicEvents,isomorphic_workbook_imported,recorded,ISOMORPHIC_EVENT_CANDIDATE,active_candidate,not_applicable,\\192.168.2.50\h_hp\Desktop\Master EXCEL\Isomorphic_Updated.xlsx,,,Codex,2026-07-28T19:21:29+00:00,Imported ISO-003 from Isomorphic_Updated.xlsx as an isomorphic-event candidate.,"Workbook level is preserved as source classification, not automatic formal isomorphism or canon proof."
tp:lane4/isomorphic-events/iso-iso-004,sha256:ebb91bb9307bafcd5ed2bdb6b3e783f2b9c759efcd28ecb0772d185dabdd3290,,,ISO-004 - Weak Force ↔ Free Will,isomorphic_event,IsomorphicEvents,isomorphic_workbook_imported,recorded,ISOMORPHIC_EVENT_CANDIDATE,active_candidate,not_applicable,\\192.168.2.50\h_hp\Desktop\Master EXCEL\Isomorphic_Updated.xlsx,,,Codex,2026-07-28T19:21:29+00:00,Imported ISO-004 from Isomorphic_Updated.xlsx as an isomorphic-event candidate.,"Workbook level is preserved as source classification, not automatic formal isomorphism or canon proof."
tp:lane4/isomorphic-events/iso-iso-005,sha256:bbe8470f80cf9abf2d130a4dabddf680071e414def1bad626386e58c921c0c4a,,,ISO-005 - Thermodynamics ↔ Judgment,isomorphic_event,IsomorphicEvents,isomorphic_workbook_imported,recorded,ISOMORPHIC_EVENT_CANDIDATE,active_candidate,not_applicable,\\192.168.2.50\h_hp\Desktop\Master EXCEL\Isomorphic_Updated.xlsx,,,Codex,2026-07-28T19:21:29+00:00,Imported ISO-005 from Isomorphic_Updated.xlsx as an isomorphic-event candidate.,"Workbook level is preserved as source classification, not automatic formal isomorphism or canon proof."
tp:lane4/isomorphic-events/iso-iso-006,sha256:112d705fb350af1396169e25db5ece748159d91d180c2b6da696819f76920599,,,ISO-006 - Information Theory ↔ Logos,isomorphic_event,IsomorphicEvents,isomorphic_workbook_imported,recorded,ISOMORPHIC_EVENT_CANDIDATE,active_candidate,not_applicable,\\192.168.2.50\h_hp\Desktop\Master EXCEL\Isomorphic_Updated.xlsx,,,Codex,2026-07-28T19:21:29+00:00,Imported ISO-006 from Isomorphic_Updated.xlsx as an isomorphic-event candidate.,"Workbook level is preserved as source classification, not automatic formal isomorphism or canon proof."
tp:lane4/isomorphic-events/iso-iso-007,sha256:59b807ae8568db99d17f54a7770fbcd20c928968868f150fc80f747216ee72c7,,,ISO-007 - Quantum Mechanics ↔ Faith,isomorphic_event,IsomorphicEvents,isomorphic_workbook_imported,recorded,ISOMORPHIC_EVENT_CANDIDATE,active_candidate,not_applicable,\\192.168.2.50\h_hp\Desktop\Master EXCEL\Isomorphic_Updated.xlsx,,,Codex,2026-07-28T19:21:29+00:00,Imported ISO-007 from Isomorphic_Updated.xlsx as an isomorphic-event candidate.,"Workbook level is preserved as source classification, not automatic formal isomorphism or canon proof."
tp:lane4/isomorphic-events/iso-iso-008,sha256:951de4ad2bbf529194966dcf9c67eea38255f1f3003d2178019411de415d4580,,,ISO-008 - General Relativity ↔ Grace,isomorphic_event,IsomorphicEvents,isomorphic_workbook_imported,recorded,ISOMORPHIC_EVENT_CANDIDATE,active_candidate,not_applicable,\\192.168.2.50\h_hp\Desktop\Master EXCEL\Isomorphic_Updated.xlsx,,,Codex,2026-07-28T19:21:29+00:00,Imported ISO-008 from Isomorphic_Updated.xlsx as an isomorphic-event candidate.,"Workbook level is preserved as source classification, not automatic formal isomorphism or canon proof."
tp:lane4/isomorphic-events/iso-iso-009,sha256:1cd1ee9006df1c3722436a6d44778520067ca23b7d791f52b4ff01c4fbf177b1,,,ISO-009 - Cosmology ↔ Eschatology,isomorphic_event,IsomorphicEvents,isomorphic_workbook_imported,recorded,ISOMORPHIC_EVENT_CANDIDATE,active_candidate,not_applicable,\\192.168.2.50\h_hp\Desktop\Master EXCEL\Isomorphic_Updated.xlsx,,,Codex,2026-07-28T19:21:29+00:00,Imported ISO-009 from Isomorphic_Updated.xlsx as an isomorphic-event candidate.,"Workbook level is preserved as source classification, not automatic formal isomorphism or canon proof."
tp:lane4/isomorphic-events/iso-iso-010,sha256:3e48509b456a6bb6f6c168dadf7ca77a1f7fc8b4ca586650eac4a69af5ad371c,,,ISO-010 - Coherence ↔ Christ,isomorphic_event,IsomorphicEvents,isomorphic_workbook_imported,recorded,ISOMORPHIC_EVENT_CANDIDATE,active_candidate,not_applicable,\\192.168.2.50\h_hp\Desktop\Master EXCEL\Isomorphic_Updated.xlsx,,,Codex,2026-07-28T19:21:29+00:00,Imported ISO-010 from Isomorphic_Updated.xlsx as an isomorphic-event candidate.,"Workbook level is preserved as source classification, not automatic formal isomorphism or canon proof."
tp:lane4/isomorphic-events/iso-iso-011,sha256:4ccf194c64ac55cf99be34d969e303aa3e253a0aafa14e68a2219fa1d548aeee,,,ISO-011 - Superposition ↔ Mystery/Revelation,isomorphic_event,IsomorphicEvents,isomorphic_workbook_imported,recorded,ISOMORPHIC_EVENT_CANDIDATE,active_candidate,not_applicable,\\192.168.2.50\h_hp\Desktop\Master EXCEL\Isomorphic_Updated.xlsx,,,Codex,2026-07-28T19:21:29+00:00,Imported ISO-011 from Isomorphic_Updated.xlsx as an isomorphic-event candidate.,"Workbook level is preserved as source classification, not automatic formal isomorphism or canon proof."
tp:lane4/isomorphic-events/iso-iso-012,sha256:85d7c1b41ef0774d067233c60713684884fdf4917ea494fd79cd5d8381de7938,,,ISO-012 - Sign Operator ↔ Moral Orientation,isomorphic_event,IsomorphicEvents,isomorphic_workbook_imported,recorded,ISOMORPHIC_EVENT_CANDIDATE,active_candidate,not_applicable,\\192.168.2.50\h_hp\Desktop\Master EXCEL\Isomorphic_Updated.xlsx,,,Codex,2026-07-28T19:21:29+00:00,Imported ISO-012 from Isomorphic_Updated.xlsx as an isomorphic-event candidate.,"Workbook level is preserved as source classification, not automatic formal isomorphism or canon proof."
tp:lane4/isomorphic-events/iso-iso-013,sha256:9f3c08308609515580b45873d1c3e6f591b8f58f277a0be6baf628e3ff33445a,,,ISO-013 - Grace Operator ↔ Theological Grace,isomorphic_event,IsomorphicEvents,isomorphic_workbook_imported,recorded,ISOMORPHIC_EVENT_CANDIDATE,active_candidate,not_applicable,\\192.168.2.50\h_hp\Desktop\Master EXCEL\Isomorphic_Updated.xlsx,,,Codex,2026-07-28T19:21:29+00:00,Imported ISO-013 from Isomorphic_Updated.xlsx as an isomorphic-event candidate.,"Workbook level is preserved as source classification, not automatic formal isomorphism or canon proof."
tp:lane4/isomorphic-events/iso-iso-014,sha256:76bc5139c37ad40e9c86f06b224a95502d928075006b27040a2e48870fa97f77,,,ISO-014 - Soul Field (Klein-Gordon),isomorphic_event,IsomorphicEvents,isomorphic_workbook_imported,recorded,ISOMORPHIC_EVENT_CANDIDATE,active_candidate,not_applicable,\\192.168.2.50\h_hp\Desktop\Master EXCEL\Isomorphic_Updated.xlsx,,,Codex,2026-07-28T19:21:29+00:00,Imported ISO-014 from Isomorphic_Updated.xlsx as an isomorphic-event candidate.,"Workbook level is preserved as source classification, not automatic formal isomorphism or canon proof."
tp:lane4/isomorphic-events/iso-iso-015,sha256:428ce962a44b0f25edb10553fbd12bb84de3352e8c046a3b589540c9128d2e25,,,ISO-015 - Moral Physics (Coherence),isomorphic_event,IsomorphicEvents,isomorphic_workbook_imported,recorded,ISOMORPHIC_EVENT_CANDIDATE,active_candidate,not_applicable,\\192.168.2.50\h_hp\Desktop\Master EXCEL\Isomorphic_Updated.xlsx,,,Codex,2026-07-28T19:21:29+00:00,Imported ISO-015 from Isomorphic_Updated.xlsx as an isomorphic-event candidate.,"Workbook level is preserved as source classification, not automatic formal isomorphism or canon proof."
tp:lane4/isomorphic-events/iso-iso-016,sha256:5049e75c41cd9bc4e270b95ab318dd88ff2026fcacd3a7c31c57e05648ec31d7,,,ISO-016 - Eschatological Attractors,isomorphic_event,IsomorphicEvents,isomorphic_workbook_imported,recorded,ISOMORPHIC_EVENT_CANDIDATE,active_candidate,not_applicable,\\192.168.2.50\h_hp\Desktop\Master EXCEL\Isomorphic_Updated.xlsx,,,Codex,2026-07-28T19:21:29+00:00,Imported ISO-016 from Isomorphic_Updated.xlsx as an isomorphic-event candidate.,"Workbook level is preserved as source classification, not automatic formal isomorphism or canon proof."
tp:lane4/isomorphic-events/iso-iso-017,sha256:a499e1e6785d213c00c052d554e98704c4450433bea5372c375cf952d92cd3fd,,,ISO-017 - QG Unification (Modified EFE),isomorphic_event,IsomorphicEvents,isomorphic_workbook_imported,recorded,ISOMORPHIC_EVENT_CANDIDATE,active_candidate,not_applicable,\\192.168.2.50\h_hp\Desktop\Master EXCEL\Isomorphic_Updated.xlsx,,,Codex,2026-07-28T19:21:29+00:00,Imported ISO-017 from Isomorphic_Updated.xlsx as an isomorphic-event candidate.,"Workbook level is preserved as source classification, not automatic formal isomorphism or canon proof."
tp:lane4/isomorphic-events/iso-iso-018,sha256:0ecf28753e6d55221c83041a794295380c5397fd92d5d9ae58e74e78a5312e4e,,,ISO-018 - Cosmological Grace (Dynamic DE),isomorphic_event,IsomorphicEvents,isomorphic_workbook_imported,recorded,ISOMORPHIC_EVENT_CANDIDATE,active_candidate,not_applicable,\\192.168.2.50\h_hp\Desktop\Master EXCEL\Isomorphic_Updated.xlsx,,,Codex,2026-07-28T19:21:29+00:00,Imported ISO-018 from Isomorphic_Updated.xlsx as an isomorphic-event candidate.,"Workbook level is preserved as source classification, not automatic formal isomorphism or canon proof."
tp:lane4/isomorphic-events/iso-iso-019,sha256:ccf1fa82a4349816d6322083a2a2f3e0a75fd4f8fad7667a174d2b431bfebb01,,,ISO-019 - Boundary Conditions (Christian Uniq.),isomorphic_event,IsomorphicEvents,isomorphic_workbook_imported,recorded,ISOMORPHIC_EVENT_CANDIDATE,active_candidate,not_applicable,\\192.168.2.50\h_hp\Desktop\Master EXCEL\Isomorphic_Updated.xlsx,,,Codex,2026-07-28T19:21:29+00:00,Imported ISO-019 from Isomorphic_Updated.xlsx as an isomorphic-event candidate.,"Workbook level is preserved as source classification, not automatic formal isomorphism or canon proof."
tp:lane4/isomorphic-events/iso-iso-020,sha256:b828ade0abb43fc8d64a80e59daafeba3679e97b2ead59b7d76ba10ec221fb70,,,ISO-020 - AI Consciousness (IIT/Ensoulment),isomorphic_event,IsomorphicEvents,isomorphic_workbook_imported,recorded,ISOMORPHIC_EVENT_CANDIDATE,active_candidate,not_applicable,\\192.168.2.50\h_hp\Desktop\Master EXCEL\Isomorphic_Updated.xlsx,,,Codex,2026-07-28T19:21:29+00:00,Imported ISO-020 from Isomorphic_Updated.xlsx as an isomorphic-event candidate.,"Workbook level is preserved as source classification, not automatic formal isomorphism or canon proof."
tp:lane4/isomorphic-events/iso-iso-021,sha256:017dc96f455b36ef8a62575f5949a1460876312cd570e444bc3eea7f08739da5,,,ISO-021 - Falsifiability Architecture,isomorphic_event,IsomorphicEvents,isomorphic_workbook_imported,recorded,ISOMORPHIC_EVENT_CANDIDATE,active_candidate,not_applicable,\\192.168.2.50\h_hp\Desktop\Master EXCEL\Isomorphic_Updated.xlsx,,,Codex,2026-07-28T19:21:29+00:00,Imported ISO-021 from Isomorphic_Updated.xlsx as an isomorphic-event candidate.,"Workbook level is preserved as source classification, not automatic formal isomorphism or canon proof."
tp:lane4/isomorphic-events/iso-iso-022,sha256:8bc27f14e0f3b3436f8b556bf7c813c148fd222a29e94c906438b2e358ed7983,,,ISO-022 - Ten Laws Integration (LLC),isomorphic_event,IsomorphicEvents,isomorphic_workbook_imported,recorded,ISOMORPHIC_EVENT_CANDIDATE,active_candidate,not_applicable,\\192.168.2.50\h_hp\Desktop\Master EXCEL\Isomorphic_Updated.xlsx,,,Codex,2026-07-28T19:21:29+00:00,Imported ISO-022 from Isomorphic_Updated.xlsx as an isomorphic-event candidate.,"Workbook level is preserved as source classification, not automatic formal isomorphism or canon proof."
tp:lane4/isomorphic-events/iso-iso-023,sha256:f91ffb25489686aeb68a8d74d1b259913332ede22417d7b4bc60f01d446d16f9,,,ISO-023 - Consilience (Biblical/Scientific),isomorphic_event,IsomorphicEvents,isomorphic_workbook_imported,recorded,ISOMORPHIC_EVENT_CANDIDATE,active_candidate,not_applicable,\\192.168.2.50\h_hp\Desktop\Master EXCEL\Isomorphic_Updated.xlsx,,,Codex,2026-07-28T19:21:29+00:00,Imported ISO-023 from Isomorphic_Updated.xlsx as an isomorphic-event candidate.,"Workbook level is preserved as source classification, not automatic formal isomorphism or canon proof."
tp:lane4/isomorphic-events/iso-iso-024,sha256:d44871ed843cc8c30f612b548a5c14379df9a2d4f2b1c27ccb0e339b476b0632,,,ISO-024 - Worldview Uniqueness (8-BC),isomorphic_event,IsomorphicEvents,isomorphic_workbook_imported,recorded,ISOMORPHIC_EVENT_CANDIDATE,active_candidate,not_applicable,\\192.168.2.50\h_hp\Desktop\Master EXCEL\Isomorphic_Updated.xlsx,,,Codex,2026-07-28T19:21:29+00:00,Imported ISO-024 from Isomorphic_Updated.xlsx as an isomorphic-event candidate.,"Workbook level is preserved as source classification, not automatic formal isomorphism or canon proof."
tp:lane4/isomorphic-events/iso-iso-025,sha256:2101d2a1d93b4c1642ce41ec45dd97cd454b4a22b0925663e07d4063dee68259,,,ISO-025 - Immunology ↔ Soteriology,isomorphic_event,IsomorphicEvents,isomorphic_workbook_imported,recorded,ISOMORPHIC_EVENT_CANDIDATE,active_candidate,not_applicable,\\192.168.2.50\h_hp\Desktop\Master EXCEL\Isomorphic_Updated.xlsx,,,Codex,2026-07-28T19:21:29+00:00,Imported ISO-025 from Isomorphic_Updated.xlsx as an isomorphic-event candidate.,"Workbook level is preserved as source classification, not automatic formal isomorphism or canon proof."
tp:lane4/isomorphic-events/iso-iso-026,sha256:af057fc5b2dba765977cbd572d6d30e6f3380e6963a18e51263500c9eb3cd103,,,ISO-026 - Addiction ↔ Sin Bondage,isomorphic_event,IsomorphicEvents,isomorphic_workbook_imported,recorded,ISOMORPHIC_EVENT_CANDIDATE,active_candidate,not_applicable,\\192.168.2.50\h_hp\Desktop\Master EXCEL\Isomorphic_Updated.xlsx,,,Codex,2026-07-28T19:21:29+00:00,Imported ISO-026 from Isomorphic_Updated.xlsx as an isomorphic-event candidate.,"Workbook level is preserved as source classification, not automatic formal isomorphism or canon proof."
tp:lane4/isomorphic-events/iso-iso-027,sha256:bb0dd23ee6caae5060bd6d8afd60d402d1355a1309ac22b6ed52b8a6e40b7ed0,,,ISO-027 - Epidemiology ↔ Sin Propagation,isomorphic_event,IsomorphicEvents,isomorphic_workbook_imported,recorded,ISOMORPHIC_EVENT_CANDIDATE,active_candidate,not_applicable,\\192.168.2.50\h_hp\Desktop\Master EXCEL\Isomorphic_Updated.xlsx,,,Codex,2026-07-28T19:21:29+00:00,Imported ISO-027 from Isomorphic_Updated.xlsx as an isomorphic-event candidate.,"Workbook level is preserved as source classification, not automatic formal isomorphism or canon proof."
tp:lane4/isomorphic-events/iso-iso-028,sha256:7066194c00992653257ac3376db30e430af99077b3c00441195a751667257164,,,ISO-028 - Ecology ↔ Ecclesiology,isomorphic_event,IsomorphicEvents,isomorphic_workbook_imported,recorded,ISOMORPHIC_EVENT_CANDIDATE,active_candidate,not_applicable,\\192.168.2.50\h_hp\Desktop\Master EXCEL\Isomorphic_Updated.xlsx,,,Codex,2026-07-28T19:21:29+00:00,Imported ISO-028 from Isomorphic_Updated.xlsx as an isomorphic-event candidate.,"Workbook level is preserved as source classification, not automatic formal isomorphism or canon proof."
tp:lane4/isomorphic-events/iso-iso-029,sha256:31051bee569c0151cc93cd23f8d43a01a6c7d860ca606fb8b4ef12d3a07e69f3,,,ISO-029 - Music Theory ↔ Trinitarian Harmony,isomorphic_event,IsomorphicEvents,isomorphic_workbook_imported,recorded,ISOMORPHIC_EVENT_CANDIDATE,active_candidate,not_applicable,\\192.168.2.50\h_hp\Desktop\Master EXCEL\Isomorphic_Updated.xlsx,,,Codex,2026-07-28T19:21:29+00:00,Imported ISO-029 from Isomorphic_Updated.xlsx as an isomorphic-event candidate.,"Workbook level is preserved as source classification, not automatic formal isomorphism or canon proof."
tp:lane4/isomorphic-events/iso-iso-030,sha256:c079564321fa05f1cbb616ed3e7896213852686e1819a083072c285d39ae80fe,,,ISO-030 - Genetics ↔ Scriptural Transmission,isomorphic_event,IsomorphicEvents,isomorphic_workbook_imported,recorded,ISOMORPHIC_EVENT_CANDIDATE,active_candidate,not_applicable,\\192.168.2.50\h_hp\Desktop\Master EXCEL\Isomorphic_Updated.xlsx,,,Codex,2026-07-28T19:21:29+00:00,Imported ISO-030 from Isomorphic_Updated.xlsx as an isomorphic-event candidate.,"Workbook level is preserved as source classification, not automatic formal isomorphism or canon proof."
tp:lane4/isomorphic-events/iso-iso-031,sha256:57b10f8fe68d4e7659f397446c8d3c7cb11a56db5c61e70238dc3de86a50089a,,,ISO-031 - Network Science ↔ Ecclesiology,isomorphic_event,IsomorphicEvents,isomorphic_workbook_imported,recorded,ISOMORPHIC_EVENT_CANDIDATE,active_candidate,not_applicable,\\192.168.2.50\h_hp\Desktop\Master EXCEL\Isomorphic_Updated.xlsx,,,Codex,2026-07-28T19:21:29+00:00,Imported ISO-031 from Isomorphic_Updated.xlsx as an isomorphic-event candidate.,"Workbook level is preserved as source classification, not automatic formal isomorphism or canon proof."
tp:lane4/isomorphic-events/iso-iso-032,sha256:6c3acc9d78ac2726aba4d71c3401421356c103d6f3ba2a39e015691e8c7c3231,,,ISO-032 - Attachment Theory ↔ Prayer/Worship,isomorphic_event,IsomorphicEvents,isomorphic_workbook_imported,recorded,ISOMORPHIC_EVENT_CANDIDATE,active_candidate,not_applicable,\\192.168.2.50\h_hp\Desktop\Master EXCEL\Isomorphic_Updated.xlsx,,,Codex,2026-07-28T19:21:29+00:00,Imported ISO-032 from Isomorphic_Updated.xlsx as an isomorphic-event candidate.,"Workbook level is preserved as source classification, not automatic formal isomorphism or canon proof."
tp:lane4/isomorphic-events/iso-iso-033,sha256:6198dc1bb88ea5eda60b010afa6fc0351f312b3e6676403c26b1acd9a607e9e1,,,ISO-033 - Pharmacology ↔ Grace Mechanics,isomorphic_event,IsomorphicEvents,isomorphic_workbook_imported,recorded,ISOMORPHIC_EVENT_CANDIDATE,active_candidate,not_applicable,\\192.168.2.50\h_hp\Desktop\Master EXCEL\Isomorphic_Updated.xlsx,,,Codex,2026-07-28T19:21:29+00:00,Imported ISO-033 from Isomorphic_Updated.xlsx as an isomorphic-event candidate.,"Workbook level is preserved as source classification, not automatic formal isomorphism or canon proof."
tp:lane4/isomorphic-events/iso-iso-034,sha256:bbbc328472d46a6dee1b20979b4f0563f63b3b00c0533a0228e832251bd703c9,,,ISO-034 - Control Theory ↔ Providence,isomorphic_event,IsomorphicEvents,isomorphic_workbook_imported,recorded,ISOMORPHIC_EVENT_CANDIDATE,active_candidate,not_applicable,\\192.168.2.50\h_hp\Desktop\Master EXCEL\Isomorphic_Updated.xlsx,,,Codex,2026-07-28T19:21:29+00:00,Imported ISO-034 from Isomorphic_Updated.xlsx as an isomorphic-event candidate.,"Workbook level is preserved as source classification, not automatic formal isomorphism or canon proof."
tp:lane4/isomorphic-events/iso-iso-035,sha256:6cd1176b3682d191f3b59f1ead028f4b000f8c2b6dc4bf30eb7e82d84650f481,,,ISO-035 - Cryptography ↔ Mystery/Revelation,isomorphic_event,IsomorphicEvents,isomorphic_workbook_imported,recorded,ISOMORPHIC_EVENT_CANDIDATE,active_candidate,not_applicable,\\192.168.2.50\h_hp\Desktop\Master EXCEL\Isomorphic_Updated.xlsx,,,Codex,2026-07-28T19:21:29+00:00,Imported ISO-035 from Isomorphic_Updated.xlsx as an isomorphic-event candidate.,"Workbook level is preserved as source classification, not automatic formal isomorphism or canon proof."
tp:lane4/isomorphic-events/iso-iso-036,sha256:7ddba1598f2b56dfbf1edbbd3564536ac8d7dde980f2354f96874d8e8e627e6a,,,ISO-036 - Fluid Dynamics ↔ Pneumatology,isomorphic_event,IsomorphicEvents,isomorphic_workbook_imported,recorded,ISOMORPHIC_EVENT_CANDIDATE,active_candidate,not_applicable,\\192.168.2.50\h_hp\Desktop\Master EXCEL\Isomorphic_Updated.xlsx,,,Codex,2026-07-28T19:21:29+00:00,Imported ISO-036 from Isomorphic_Updated.xlsx as an isomorphic-event candidate.,"Workbook level is preserved as source classification, not automatic formal isomorphism or canon proof."
tp:lane4/isomorphic-events/iso-iso-037,sha256:27379f2996bdf6489cb26220632b646ad819e92206d6f676eb3c6dba24d6089d,,,ISO-037 - Beer-Lambert ↔ Fee Extraction,isomorphic_event,IsomorphicEvents,isomorphic_workbook_imported,recorded,ISOMORPHIC_EVENT_CANDIDATE,active_candidate,not_applicable,\\192.168.2.50\h_hp\Desktop\Master EXCEL\Isomorphic_Updated.xlsx,,,Codex,2026-07-28T19:21:29+00:00,Imported ISO-037 from Isomorphic_Updated.xlsx as an isomorphic-event candidate.,"Workbook level is preserved as source classification, not automatic formal isomorphism or canon proof."
tp:lane4/isomorphic-events/iso-iso-038,sha256:3f33c7994bc066cadc2b4f8eb84c12c97f6085239891b9425cbca6c8900bafcb,,,ISO-038 - Fruits of the Spirit (Love Derivatives),isomorphic_event,IsomorphicEvents,isomorphic_workbook_imported,recorded,ISOMORPHIC_EVENT_CANDIDATE,active_candidate,not_applicable,\\192.168.2.50\h_hp\Desktop\Master EXCEL\Isomorphic_Updated.xlsx,,,Codex,2026-07-28T19:21:29+00:00,Imported ISO-038 from Isomorphic_Updated.xlsx as an isomorphic-event candidate.,"Workbook level is preserved as source classification, not automatic formal isomorphism or canon proof."
tp:lane4/isomorphic-events/iso-iso-039,sha256:cbe84b535b2ac3576054b22a0125e41703cdcdde649344b19b734317795f582c,,,ISO-039 - Justice/Mercy Operator (Cross Uniqueness),isomorphic_event,IsomorphicEvents,isomorphic_workbook_imported,recorded,ISOMORPHIC_EVENT_CANDIDATE,active_candidate,not_applicable,\\192.168.2.50\h_hp\Desktop\Master EXCEL\Isomorphic_Updated.xlsx,,,Codex,2026-07-28T19:21:29+00:00,Imported ISO-039 from Isomorphic_Updated.xlsx as an isomorphic-event candidate.,"Workbook level is preserved as source classification, not automatic formal isomorphism or canon proof."
tp:lane4/isomorphic-events/iso-iso-040,sha256:092a4ed351e065bbb05455ca0d0e5845f997df6abfbdcb89131a9175800a9885,,,ISO-040 - Armor of God (Faith Protection),isomorphic_event,IsomorphicEvents,isomorphic_workbook_imported,recorded,ISOMORPHIC_EVENT_CANDIDATE,active_candidate,not_applicable,\\192.168.2.50\h_hp\Desktop\Master EXCEL\Isomorphic_Updated.xlsx,,,Codex,2026-07-28T19:21:29+00:00,Imported ISO-040 from Isomorphic_Updated.xlsx as an isomorphic-event candidate.,"Workbook level is preserved as source classification, not automatic formal isomorphism or canon proof."
tp:lane4/isomorphic-events/iso-iso-041,sha256:29c7d59944ab672a7ce8a7ca708c5c2bf767731b0744713c11590b44d71cec75,,,ISO-041 - Grace Derivative Modes (8 Types),isomorphic_event,IsomorphicEvents,isomorphic_workbook_imported,recorded,ISOMORPHIC_EVENT_CANDIDATE,active_candidate,not_applicable,\\192.168.2.50\h_hp\Desktop\Master EXCEL\Isomorphic_Updated.xlsx,,,Codex,2026-07-28T19:21:29+00:00,Imported ISO-041 from Isomorphic_Updated.xlsx as an isomorphic-event candidate.,"Workbook level is preserved as source classification, not automatic formal isomorphism or canon proof."
tp:lane4/isomorphic-events/iso-iso-042,sha256:15b575b9abe4aef5ce79de35e600a355a75903cede4014752d508cac3c259c2c,,,ISO-042 - Moral Conservation / Atonement,isomorphic_event,IsomorphicEvents,isomorphic_workbook_imported,recorded,ISOMORPHIC_EVENT_CANDIDATE,active_candidate,not_applicable,\\192.168.2.50\h_hp\Desktop\Master EXCEL\Isomorphic_Updated.xlsx,,,Codex,2026-07-28T19:21:29+00:00,Imported ISO-042 from Isomorphic_Updated.xlsx as an isomorphic-event candidate.,"Workbook level is preserved as source classification, not automatic formal isomorphism or canon proof."
tp:lane4/isomorphic-events/iso-iso-043,sha256:0fa9cebfe9a62cf6ffc1ada5b87df1d1d234d45da4cd9fef750ee0f1ececcc62,,,ISO-043 - Mass-Energy ↔ Meaning (Law 2),isomorphic_event,IsomorphicEvents,isomorphic_workbook_imported,recorded,ISOMORPHIC_EVENT_CANDIDATE,active_candidate,not_applicable,\\192.168.2.50\h_hp\Desktop\Master EXCEL\Isomorphic_Updated.xlsx,,,Codex,2026-07-28T19:21:29+00:00,Imported ISO-043 from Isomorphic_Updated.xlsx as an isomorphic-event candidate.,"Workbook level is preserved as source classification, not automatic formal isomorphism or canon proof."
tp:lane4/isomorphic-events/iso-iso-044,sha256:ebd0e29358ddc6f58604280b127867db58f17a07389deb4e99ef5d4d4afd262a,,,ISO-044 - Relativity ↔ Relationship (Law 7),isomorphic_event,IsomorphicEvents,isomorphic_workbook_imported,recorded,ISOMORPHIC_EVENT_CANDIDATE,active_candidate,not_applicable,\\192.168.2.50\h_hp\Desktop\Master EXCEL\Isomorphic_Updated.xlsx,,,Codex,2026-07-28T19:21:29+00:00,Imported ISO-044 from Isomorphic_Updated.xlsx as an isomorphic-event candidate.,"Workbook level is preserved as source classification, not automatic formal isomorphism or canon proof."
tp:lane4/isomorphic-events/iso-process-001,sha256:13b6ff421dfeaa83b26f8a4c7aed7b5a47319cfcdc5730526d515f31512cd4ca,,,PROCESS-001 - BEC ↔ Soteriology (12 stages),isomorphic_event,IsomorphicEvents,isomorphic_workbook_imported,recorded,ISOMORPHIC_EVENT_CANDIDATE,active_candidate,not_applicable,\\192.168.2.50\h_hp\Desktop\Master EXCEL\Isomorphic_Updated.xlsx,,,Codex,2026-07-28T19:21:29+00:00,Imported PROCESS-001 from Isomorphic_Updated.xlsx as an isomorphic-event candidate.,"Workbook level is preserved as source classification, not automatic formal isomorphism or canon proof."
tp:lane4/isomorphic-events/iso-trinity-001,sha256:3694bdc8efbfcda4f659bcbea72cee27d4b8560cd4ed4af2b47d33362458a89c,,,TRINITY-001 - Potential → Pattern → Actualization,isomorphic_event,IsomorphicEvents,isomorphic_workbook_imported,recorded,ISOMORPHIC_EVENT_CANDIDATE,active_candidate,not_applicable,\\192.168.2.50\h_hp\Desktop\Master EXCEL\Isomorphic_Updated.xlsx,,,Codex,2026-07-28T19:21:29+00:00,Imported TRINITY-001 from Isomorphic_Updated.xlsx as an isomorphic-event candidate.,"Workbook level is preserved as source classification, not automatic formal isomorphism or canon proof."
tp:lane4/lagrangian/lagrangian-action-bridge-candidate,sha256:37d09ff8a66aec29bfb4673e304583176b8035151f545de3ceb21e522cb6d5c7,,,Lagrangian Action Bridge Candidate,bridge_candidate,Lane4,atom_seeded,recorded,BRIDGE_DECLARED,active_candidate,not_applicable,LANE4_ATOM_LEDGER_BUILD_REPORT.md,,,Codex,2026-07-28T00:00:00+00:00,Initial Lane 4 fixture created.,Seed status is not additional evidence.
tp:lane4/logos/logos-god-terminal-ground-001,sha256:d22b6437c8db3824c5ccb722e7877d3bda650a9429dc82826a381390c6e1d725,,,"God as Terminal Ground of Logic, Identity, Relation, and Measure",transcendental_bridge,IsomorphicEvents,claim_ingested,recorded,BRIDGE_DECLARED,active_candidate,not_applicable,D:\GitHub\Faith-through-physics-atoms\_runtime\god_terminal_logos_grounding_candidate.json,,,,2026-07-28T19:49:39+00:00,Source claim ingested into Lane 4 ledger.,Ingestion is not proof.
tp:lane4/logos/logos-math-logic-no-drift-001,sha256:392f7a40f6f6c5fcc57a6cc040ccc3d0027904494ffdbe25e49458387af9a4b4,,,Mathematics and Logic as Non-Drifting Preconditions of Science and Moral Order,transcendental_bridge,IsomorphicEvents,claim_ingested,recorded,BRIDGE_DECLARED,active_candidate,not_applicable,D:\GitHub\Faith-through-physics-atoms\_runtime\math_logic_no_drift_logos_precondition_candidate.json,,,,2026-07-28T19:40:30+00:00,Source claim ingested into Lane 4 ledger.,Ingestion is not proof.
tp:lane4/logos/logos-math-logic-no-drift-001,sha256:392f7a40f6f6c5fcc57a6cc040ccc3d0027904494ffdbe25e49458387af9a4b4,,,Mathematics and Logic as Non-Drifting Preconditions of Science and Moral Order,transcendental_bridge,IsomorphicEvents,test_run,clarified,BRIDGE_DECLARED,active_candidate,not_applicable,H:\Desktop 2\NEWLY_TESTED_THEOPHYSICS_REVIEW_2026-07-28\GOD_TERMINAL_LOGOS_GROUNDING_2026-07-28.md,,,Codex,2026-07-28T19:49:39+00:00,"Clarified the relation difference: science presupposes the truth-order, while God terminally grounds it under the Christian Logos claim.","This is a bridge clarification, not a completed proof of Christianity or a reduction of God to impersonal logic."
tp:lane4/master-equation/cw-wrapper-not-tenth-factor,sha256:6e5ab9bd8225ae69b342e2dee5ee07960d951ce39362d4bb29fe8a2103bfad74,,,C_W Wrapper Not Tenth Factor,framework_guardrail,Lean4,atom_seeded,recorded,LEAN_GUARDRAIL_SUPPORTED,active_candidate,not_applicable,LANE4_ATOM_LEDGER_BUILD_REPORT.md,,,Codex,2026-07-28T00:00:00+00:00,Initial Lane 4 fixture created.,Seed status is not additional evidence.
tp:lane4/master-equation/cw-wrapper-not-tenth-factor,sha256:6e5ab9bd8225ae69b342e2dee5ee07960d951ce39362d4bb29fe8a2103bfad74,,62767055-ed50-4110-b9da-747776d1cca8,C_W Wrapper Not Tenth Factor,framework_guardrail,Lean4,test_run,pass,LEAN_GUARDRAIL_SUPPORTED,active_candidate,not_applicable,D:\GitHub\Faith-through-physics-atoms\_runtime\lean_receipts\primary-h-drive-direct-master-equation-v4-receipt-20260803T010308Z.md,,,Codex,2026-08-03T01:03:09+00:00,"Master Equation v4 structural Lean spine was imported into the primary H-drive source and direct Lean compilation passes: nine-factor product, C_W wrapper as wrapper not factor, zero-collapse propagation, positive product guard, latch/walk separation, boundary transfer, and three-party debt ledger structure.","Formal structural guardrail only: does not prove the Master Equation as physics, does not prove theological identity, and this is direct-file verification rather than a full Lake project build because the mathlib git index lock blocks Lake."
tp:lane4/master-equation/master-equation-v3-canonical-form,sha256:60d8cc8158be365517f1a121d36b2c39999b15bbd6bc6f2b3506e4030e1d3757,,,Master Equation v3 Canonical Form,formal_system,Mathematics,atom_seeded,recorded,NOT_ESTABLISHED,active_candidate,not_applicable,LANE4_ATOM_LEDGER_BUILD_REPORT.md,,,Codex,2026-07-28T00:00:00+00:00,Initial Lane 4 fixture created.,Seed status is not additional evidence.
tp:lane4/physics/sci-00-the-science-argument-for-triadic-structure,sha256:a3248c73c9c0ecfc17f20343d8aa53e45d77fb47b25304f3f9466e9d4a59e2ad,,,SCI-00 - The Science Argument For Triadic Structure,bridge_candidate,Lane4,claim_ingested,recorded,BRIDGE_DECLARED,active_candidate,not_applicable,D:\GitHub\Faith-through-physics-atoms\_INBOX_HARVEST_TRUTH_CARDS\SCI-00-the-science-argument-for-triadic-structure.atom.json,,,,2026-07-31T23:05:20+00:00,Source claim ingested into Lane 4 ledger.,Ingestion is not proof.
tp:lane4/physics/sci-00-the-science-argument-for-triadic-structure,sha256:a3248c73c9c0ecfc17f20343d8aa53e45d77fb47b25304f3f9466e9d4a59e2ad,,,SCI-00 - The Science Argument For Triadic Structure,bridge_candidate,CanonHTML,test_run,generated,BRIDGE_DECLARED,active_candidate,not_applicable,D:\DONT TOUCH HTML\theophysics-canon\SCI-00-the-science-argument-for-triadic-structure.html,,,Codex,2026-07-31T23:16:33+00:00,Generated top-level canon HTML page for the science-side triadic structure source map.,HTML generation is presentation/provenance only; it does not upgrade the bridge claim to proof.
tp:lane4/physics/sci-00-the-science-argument-for-triadic-structure,sha256:a3248c73c9c0ecfc17f20343d8aa53e45d77fb47b25304f3f9466e9d4a59e2ad,,,SCI-00 - The Science Argument For Triadic Structure,bridge_candidate,CanonRevision,test_run,patched,BRIDGE_DECLARED,active_candidate,not_applicable,D:\DONT TOUCH HTML\theophysics-canon\SCI-00-the-science-argument-for-triadic-structure.md,,,Codex,2026-07-31T23:31:03+00:00,"Applied Kimmy/Codex boundary hardening: added Split SCI.1, L1-L2 layer boundary, Four Axioms mapping, and moved theology-facing derivation language into a bridge target.",No new physics claim added; Bayesian inference example deferred; HTML and Markdown still require human final read before canon-lock.
tp:lane4/physics/sci-00-the-science-argument-for-triadic-structure,sha256:a3248c73c9c0ecfc17f20343d8aa53e45d77fb47b25304f3f9466e9d4a59e2ad,,09b7847f-67cb-408f-a489-7dca47ed1301,SCI-00 - The Science Argument For Triadic Structure,bridge_candidate,Lean4,test_run,pass,BRIDGE_DECLARED,active_candidate,not_applicable,D:\GitHub\Faith-through-physics-atoms\_runtime\lean_receipts\sci-00-direct-triadic-science-kernel-receipt-20260803T013110Z.md,,,Codex,2026-08-03T01:31:10+00:00,"POF 2828 Science Argument guardrail kernel was imported into the primary H-drive Lean source and direct Lean compilation passes. It formalizes valid triadic structure as non-decorative, removable-third failure, and the guardrail that science-side structure does not directly prove theology.","Formal structural guardrail only: does not prove the Trinity, Christianity, or any scientific domain claim; direct-file verification rather than full Lake build because the primary source Lake build is still blocked by the mathlib git index lock."
tp:lane4/proof-discipline/lean4-proof-label-discipline,sha256:b5353343e05b5f59c4184a0fff8b2986454c4fc861e515f3af95cf6d39d9cec0,,,Lean4 Proof Label Discipline,framework_guardrail,Lean4,atom_seeded,recorded,LEAN_GUARDRAIL_SUPPORTED,active_candidate,not_applicable,LANE4_ATOM_LEDGER_BUILD_REPORT.md,,,Codex,2026-07-28T00:00:00+00:00,Initial Lane 4 fixture created.,Seed status is not additional evidence.
tp:lane4/review/ai-reviewer-statement-shelf,sha256:7c48dfd5863480628d2740585e5ec5049f21bace5f0327ee22eaceb8a5cacd4f,,,AI Reviewer Statement Shelf,reviewer_note,AI-review,atom_seeded,recorded,QUARANTINE,active_candidate,not_applicable,LANE4_ATOM_LEDGER_BUILD_REPORT.md,,,Codex,2026-07-28T00:00:00+00:00,Initial Lane 4 fixture created.,Seed status is not additional evidence.
tp:lane4/runtime/python-colab-runtime-lane,sha256:2f3814da2cbc6589c5a99993ba2a686f9e44d51102e84fb3bdd8cdf0dc2b3eb3,,,Python Colab Runtime Lane,runtime_result,Python/Colab,atom_seeded,recorded,PYTHON_RUNTIME_SUPPORTED,active_candidate,not_applicable,LANE4_ATOM_LEDGER_BUILD_REPORT.md,,,Codex,2026-07-28T00:00:00+00:00,Initial Lane 4 fixture created.,Seed status is not additional evidence.
tp:lane4/theology/t-03-the-shadow-before-creation,sha256:62c07982fb1d7bacd58a01fdfa89707103a532d6c0d394906986e689d196c64e,,,T-03 - The Shadow Before Creation,bridge_candidate,Lane4,claim_ingested,recorded,BRIDGE_DECLARED,active_candidate,not_applicable,D:\GitHub\Faith-through-physics-atoms\_INBOX_HARVEST_TRUTH_CARDS\T-03-the-shadow-before-creation.atom.json,,,,2026-07-31T22:55:26+00:00,Source claim ingested into Lane 4 ledger.,Ingestion is not proof.
tp:lane4/theophysics-method/tp-00-theophysics-blue-sheet,sha256:aab23202b99ba5b0b6c18d247028fa3981e618468744651031cf2aa0deea306a,,,TP-00 - Theophysics Blue Sheet,framework_guardrail,Lane4,claim_ingested,recorded,BRIDGE_DECLARED,active_candidate,not_applicable,D:\GitHub\Faith-through-physics-atoms\_INBOX_HARVEST_TRUTH_CARDS\TP-00-theophysics-blue-sheet.atom.json,,,,2026-07-31T23:08:22+00:00,Source claim ingested into Lane 4 ledger.,Ingestion is not proof.
tp:lane4/theophysics-method/tp-00-theophysics-blue-sheet,sha256:aab23202b99ba5b0b6c18d247028fa3981e618468744651031cf2aa0deea306a,,,TP-00 - Theophysics Blue Sheet,framework_guardrail,PublicDoorway,test_run,created,BRIDGE_DECLARED,active_candidate,not_applicable,D:\DONT TOUCH HTML\theophysics-canon\FAMILY-00-start-here.html,,,Codex,2026-07-31T23:40:30+00:00,"Created family-facing doorway page with audio, audit snapshot, and links into the Theophysics canon sequence.",Pastoral/public explanation only; not a proof artifact; audit snapshot is summarized and full audit remains linked for context.
tp:lane4/theophysics-method/tp-00-theophysics-blue-sheet,sha256:aab23202b99ba5b0b6c18d247028fa3981e618468744651031cf2aa0deea306a,,,TP-00 - Theophysics Blue Sheet,framework_guardrail,PublicDoorwayAudio,test_run,created,BRIDGE_DECLARED,active_candidate,not_applicable,D:\DONT TOUCH HTML\theophysics-canon\audio\FAMILY-00-start-here.mp3,,,Codex,2026-07-31T23:40:30+00:00,Generated Edge TTS audio for the family-facing doorway page at slightly faster narration speed.,Audio is generated narration of the doorway script; it does not add evidential content.
tp:lane4/theophysics-method/tp-00-theophysics-blue-sheet,sha256:aab23202b99ba5b0b6c18d247028fa3981e618468744651031cf2aa0deea306a,,,TP-00 - Theophysics Blue Sheet,framework_guardrail,PublicDoorwayRevision,test_run,patched,BRIDGE_DECLARED,active_candidate,not_applicable,D:\DONT TOUCH HTML\theophysics-canon\family\AUDIT-01-truth-fracture-grace-route.md,,,Codex,2026-07-31T23:52:42+00:00,"Added route audit and updated family doorway to explain the order-of-explanation correction: truth, fracture, repair, grace, Crown.","Audit is preserved as external/read-through assessment; family page summarizes it for orientation, not proof."
tp:lane4/theophysics-method/tp-00-theophysics-blue-sheet,sha256:aab23202b99ba5b0b6c18d247028fa3981e618468744651031cf2aa0deea306a,,,TP-00 - Theophysics Blue Sheet,framework_guardrail,PublicDoorwayRevision,test_run,patched,BRIDGE_DECLARED,active_candidate,not_applicable,D:\DONT TOUCH HTML\theophysics-canon\family\AUDIT-02-crown-ruling.md,,,Codex,2026-07-31T23:56:19+00:00,"Added Crown ruling audit and updated family doorway to explain The Crown as a separable claim chain, not one magic proof.",Crown section is public orientation; individual claims remain separately graded and not all are canon-ready.
tp:lane4/theophysics-method/tp-00-theophysics-blue-sheet,sha256:aab23202b99ba5b0b6c18d247028fa3981e618468744651031cf2aa0deea306a,,,TP-00 - Theophysics Blue Sheet,framework_guardrail,PublicDoorwayBuild,test_run,rebuilt,BRIDGE_DECLARED,active_candidate,not_applicable,D:\DONT TOUCH HTML\theophysics-canon\family\FAMILY-00-start-here.md,,,Codex,2026-08-01T00:00:07+00:00,Rebuilt family doorway artifacts from one canonical Markdown source.,"Markdown source is pastoral/public orientation, not a proof artifact."
tp:lane4/theophysics-method/tp-00-theophysics-blue-sheet,sha256:aab23202b99ba5b0b6c18d247028fa3981e618468744651031cf2aa0deea306a,,,TP-00 - Theophysics Blue Sheet,framework_guardrail,PublicDoorwayBuild,test_run,created,BRIDGE_DECLARED,active_candidate,not_applicable,D:\DONT TOUCH HTML\theophysics-canon\family\build_family_start_here.py,,,Codex,2026-08-01T00:01:00+00:00,"Added repeatable builder: one Markdown source generates family HTML, top-level HTML, TTS script, and MP3 audio.",Builder is for public doorway artifacts only; it does not validate claims or proof strength.
tp:lane4/theophysics-method/tp-00-theophysics-blue-sheet,sha256:aab23202b99ba5b0b6c18d247028fa3981e618468744651031cf2aa0deea306a,,,TP-00 - Theophysics Blue Sheet,framework_guardrail,ProtocolCanon,test_run,created,BRIDGE_DECLARED,active_candidate,not_applicable,D:\DONT TOUCH HTML\theophysics-canon\P-01-playground-protocol.md,,,Codex,2026-08-01T00:14:53+00:00,"Recovered and saved cleaned canonical Playground Protocol as lived-truth filter for public claims, bridge language, and moral direction tests.","Protocol is a governance/filter document, not a proof artifact; original handoff preamble was cooled due to known correction need."
tp:lane4/theophysics-method/tp-00-theophysics-blue-sheet,sha256:aab23202b99ba5b0b6c18d247028fa3981e618468744651031cf2aa0deea306a,,,TP-00 - Theophysics Blue Sheet,framework_guardrail,CanonHTML,test_run,received,BRIDGE_DECLARED,active_candidate,not_applicable,D:\DONT TOUCH HTML\theophysics-canon\COST-03-the-cost.html,,,Codex,2026-08-01T00:49:34+00:00,"Added Sheet 3 The Cost to canon shelf as COST-03: structural cost vs moral evil, indexed without renumbering existing 03 documents.",HTML sheet is a working draft; cost/fall/grace claims remain bridge/theology claims and should not be upgraded to physics proof.
tp:lane4/theophysics-method/tp-00-theophysics-blue-sheet,sha256:aab23202b99ba5b0b6c18d247028fa3981e618468744651031cf2aa0deea306a,,,TP-00 - Theophysics Blue Sheet,framework_guardrail,CloudflareTTS,test_run,created,BRIDGE_DECLARED,active_candidate,not_applicable,D:\DONT TOUCH HTML\theophysics-canon\theophysics-cloudflare-tts-test.zip,,,Codex,2026-08-01T00:49:41+00:00,"Created static Cloudflare-ready TTS test package with index, page-level audio players, local MP3 files, and included cost sheet index entry.","Static package only; not deployed. Audio generated locally with Edge TTS; package uses plain HTML audio tags, no Cloudflare Worker required."
tp:lane4/theophysics-method/tp-00-theophysics-blue-sheet,sha256:aab23202b99ba5b0b6c18d247028fa3981e618468744651031cf2aa0deea306a,,,TP-00 - Theophysics Blue Sheet,framework_guardrail,CloudflareTTS,test_run,created,BRIDGE_DECLARED,active_candidate,not_applicable,D:\DONT TOUCH HTML\theophysics-canon\theophysics-cloudflare-tts-test-under-25mb.zip,,,Codex,2026-08-01T00:56:32+00:00,"Created smaller Cloudflare-ready TTS test package under 25 MB by including audio for audit, family doorway, and blue sheet while indexing science/cost pages without audio.",Static package only; not deployed. Existing older audio-dock/R2 pipeline was found but not reused in this zip test.
tp:lane4/theophysics-method/tp-00-theophysics-blue-sheet,sha256:aab23202b99ba5b0b6c18d247028fa3981e618468744651031cf2aa0deea306a,,,TP-00 - Theophysics Blue Sheet,framework_guardrail,KimiHandoff,test_run,created,BRIDGE_DECLARED,active_candidate,not_applicable,D:\DONT TOUCH HTML\theophysics-canon\_KIMI_SYSTEM\consciousness_stack\README.md,,,,2026-08-01T01:06:29+00:00,"Prepared Kimi consciousness stack handoff and repeatable system folder with source copies, claim matrix, stack index, and autonomy instruction.",Handoff artifact only. Consciousness stack remains open: scalar-field equilibrium reduced to analogy; internal-regress argument remains live but not closed.
tp:lane4/theophysics-method/tp-00-theophysics-blue-sheet,sha256:aab23202b99ba5b0b6c18d247028fa3981e618468744651031cf2aa0deea306a,,,TP-00 - Theophysics Blue Sheet,framework_guardrail,AxiomMap,test_run,passed_with_caveats,BRIDGE_DECLARED,active_candidate,not_applicable,D:\DONT TOUCH HTML\theophysics-canon\notes\LANE4-ontological-layer-axiom-map.md,,,,2026-08-01T01:19:47+00:00,Ran David ontological-layer table through the four opening axioms as a Lane 4 bridge audit. Core axiom mapping holds; space/time/matter/motion/forces require bridge-status wording and physics-register guardrails.,"Not a physics derivation, not a Master Equation proof, and not a derivation of the four forces. Relation-priority, K-as-matter, G.K-as-motion, and forces-as-projections remain bridge/model claims pending formal support."
tp:lane4/theophysics-method/tp-00-theophysics-blue-sheet,sha256:aab23202b99ba5b0b6c18d247028fa3981e618468744651031cf2aa0deea306a,,,TP-00 - Theophysics Blue Sheet,framework_guardrail,CanonCaveatIntegration,test_run,implemented,BRIDGE_DECLARED,active_candidate,not_applicable,D:\DONT TOUCH HTML\theophysics-canon\00A-the-four-axioms.html,,,,2026-08-01T01:23:17+00:00,"Integrated Lane 4 caveats into 00A: relation-as-primitive marked as philosophical bridge, minimal ontology introduced, and Master Equation symbols bounded as grammar needing physics-register instantiation.",Only 00A HTML patched in this run artifact; companion 001 HTML also patched separately but this registry entry points to 00A as representative artifact.
tp:lane4/theophysics-method/tp-00-theophysics-blue-sheet,sha256:aab23202b99ba5b0b6c18d247028fa3981e618468744651031cf2aa0deea306a,,,TP-00 - Theophysics Blue Sheet,framework_guardrail,CanonCaveatIntegration,test_run,implemented,BRIDGE_DECLARED,active_candidate,not_applicable,D:\DONT TOUCH HTML\theophysics-canon\001-the-single-expression.html,,,,2026-08-01T01:23:23+00:00,"Integrated Lane 4 caveats into 001: relational ontology marked as bridge, matter/K and motion/G.K bounded, GR/Leibniz wording cooled, and forces marked as structural correspondence rather than derivation.","This is an HTML wording/canon-safety pass, not a new derivation of spacetime, matter, motion, or the four forces."
tp:lane4/theophysics-method/tp-00-theophysics-blue-sheet,sha256:aab23202b99ba5b0b6c18d247028fa3981e618468744651031cf2aa0deea306a,,,TP-00 - Theophysics Blue Sheet,framework_guardrail,ABCCompilation,test_run,implemented,BRIDGE_DECLARED,active_candidate,not_applicable,D:\DONT TOUCH HTML\Theophysics Canon - Kimi Compilation\index.html,,,,2026-08-01T01:56:38+00:00,"Implemented first-pass A/B/C compilation backgrid from Kimi design spec: index.html, abc-map.json, shared assets, and ten topic pages with A theology, B science, and C Theophysics bridge sections plus source traces.","Phase 1 aggregation only. Not the full rewrite, not exhaustive source extraction, and not all spiritual terms are auto-linked beyond the first-pass curated links."
tp:lane4/theophysics-method/tp-00-theophysics-blue-sheet,sha256:aab23202b99ba5b0b6c18d247028fa3981e618468744651031cf2aa0deea306a,,,TP-00 - Theophysics Blue Sheet,framework_guardrail,OPUSSourceShelf,test_run,integrated_with_caveats,BRIDGE_DECLARED,active_candidate,not_applicable,D:\DONT TOUCH HTML\Theophysics Canon - Kimi Compilation\07 - OPUS Source Shelf\README.md,,,,2026-08-01T02:01:27+00:00,"Copied OPUS method, playground, and consciousness materials into the A/B/C compilation as a source shelf and linked OPUS consciousness into the consciousness topic with a hotness warning.",OPUS consciousness is not promoted as locked canon. Language claiming consciousness is derived or the hard problem is dissolved must be cooled to bridge/model wording pending formal proof or discriminating tests.
tp:lane4/theophysics-method/tp-00-theophysics-blue-sheet,sha256:aab23202b99ba5b0b6c18d247028fa3981e618468744651031cf2aa0deea306a,,,TP-00 - Theophysics Blue Sheet,framework_guardrail,ABCCompilation,test_run,expanded,BRIDGE_DECLARED,active_candidate,not_applicable,D:\DONT TOUCH HTML\Theophysics Canon - Kimi Compilation\index.html,,,,2026-08-01T02:03:50+00:00,"Expanded A/B/C compilation from 10 to 15 topics by adding Lean verification, 7Q classifier, spiritual terms dictionary, cost/shadow doorway, and hard questions/objections. JSON map, index rows, and topic pages match.","Still Phase 1 aggregation. New topics are reference/audit entries, not unified Phase 2 prose or final canon promotion."
tp:lane4/theophysics-method/tp-00-theophysics-blue-sheet,sha256:aab23202b99ba5b0b6c18d247028fa3981e618468744651031cf2aa0deea306a,,,TP-00 - Theophysics Blue Sheet,framework_guardrail,LeanTargets,test_run,created,BRIDGE_DECLARED,active_candidate,not_applicable,D:\DONT TOUCH HTML\theophysics-canon\lean\CONSCIOUSNESS_LEAN_TARGETS.md,,,,2026-08-01T02:14:17+00:00,"Created Consciousness Lean Targets plan: Lean should prove the formal dependency graph for representation, self-reference, orientation, and source recognition, not prove empirical consciousness, God-as-mirror, or the Trinity-as-substrate.",Proof plan only; no Lean file compiled yet. The result would be conditional on definitions and would not establish that humans are conscious or that the hard problem is empirically solved.
tp:lane4/theophysics-method/tp-00-theophysics-blue-sheet,sha256:aab23202b99ba5b0b6c18d247028fa3981e618468744651031cf2aa0deea306a,,,TP-00 - Theophysics Blue Sheet,framework_guardrail,LeanTargets,test_run,method_generalized,BRIDGE_DECLARED,active_candidate,not_applicable,D:\DONT TOUCH HTML\theophysics-canon\lean\LAYERED_NECESSITY_DERIVATION_GRAMMAR.md,,,,2026-08-01T02:21:18+00:00,"Generalized the consciousness Lean target into Layered Necessity: a reusable derivation grammar for proving dependency, inheritance, no-skip, irreducibility, and collapse conditions across truth, ontology, information, consciousness, morality, grace, and Trinity bridge domains.",Method target only; not implemented in Lean yet. Does not prove theological identifications or empirical completeness of any staircase definitions.
tp:lane4/theophysics-method/tp-00-theophysics-blue-sheet,sha256:aab23202b99ba5b0b6c18d247028fa3981e618468744651031cf2aa0deea306a,,02823a0c-f63a-4e15-8210-2b39a727ca43,TP-00 - Theophysics Blue Sheet,framework_guardrail,Lean4,test_run,pass,BRIDGE_DECLARED,active_candidate,not_applicable,D:\GitHub\Faith-through-physics-atoms\_runtime\lean_receipts\primary-h-drive-direct-consciousness-dependency-kernel-receipt-20260803T023735Z.md,,,Codex,2026-08-03T02:37:35+00:00,"Consciousness Lean target plan has moved from specification to compiled conditional kernel: representation, self-reference, and orientation dependencies; source-awareness dependency; regress-exit typology; triad coupling gate; definitional agency wiring; rung consequences; and scalar-field equilibrium quarantine guard.","Conditional structural formalization only: does not prove consciousness exists, that humans/animals/AI are conscious, that God is the mirror, that the Trinity is the substrate, or that the hard problem is empirically solved. Direct-file verification rather than full Lake build because the primary source Lake build remains blocked by the mathlib git index lock."
tp:lane4/trinity/t-02-the-trinity-unified,sha256:9bb4a69ba11221a1f095cd2b81dc7a23a3a46e1b5b2dcc727b7f44553f06cda9,,,T-02 - The Trinity Unified,bridge_candidate,Lane4,claim_ingested,recorded,BRIDGE_DECLARED,active_candidate,not_applicable,D:\GitHub\Faith-through-physics-atoms\_INBOX_HARVEST_TRUTH_CARDS\T-02-the-trinity-unified.atom.json,,,,2026-07-31T22:50:06+00:00,Source claim ingested into Lane 4 ledger.,Ingestion is not proof.
tp:lane4/trinity/t-02-the-trinity-unified,sha256:9bb4a69ba11221a1f095cd2b81dc7a23a3a46e1b5b2dcc727b7f44553f06cda9,,,T-02 - The Trinity Unified,bridge_candidate,CanonHTML,test_run,received,BRIDGE_DECLARED,active_candidate,not_applicable,D:\DONT TOUCH HTML\theophysics-canon\T-02-the-trinity-canonical.html,,,Codex,2026-07-31T23:28:56+00:00,Received and reviewed the top-level canonical HTML condensation of the T-02 Trinity document.,"HTML condensation requires a cooling pass before canon-lock; presentation does not upgrade physics, bridge, or Lean claims beyond their verified registers."
