source_file,source_id,title,axiom,definitions,action,boundary,test,dg1_dependencies,dg2_new_capability,dg3_preserved_floor,dg4_collapse_if_removed,dg5_translation_registers,dg6_state,dg7_admissible,dg8_closure_pass,claim_class,proof_label,grade,recommended_atom_action,overstatement_risks,kill_conditions,lean_target,plain_summary
00_BIAXIOSUM.md,00_BIAXIOSUM,BIAXIOSUM  -  Hubble Gradient,I know my lens. Therefore I exist in truth.,"Biaxiosum: the declared bias or ground from which an author operates. | Lens: the set of ontological, theological, and methodological commitments that shape interpretation. | Truth: alignment with the author's declared ground, not necessarily objective verification.",Declare one's biases and ground before proceeding with any thesis work.,Does not establish the truth of the declared biases. | Does not prove the isomorphism between mathematical truth and divine attributes. | Does not provide empirical evidence for the 5.7 - 6.35 significance claim. | Does not define the 188 axioms or Master Equation chi.,Check that the author's declared position is stated explicitly. | Check that the Biaxiosum Rule is applied consistently in subsequent arguments. | Check that the 24-property table is not used as proof of identity without further support.,,Provides a framework for declaring epistemic bias and a rule for consistency in discourse.,No prior floor is preserved; this is a foundational declaration.,"Without this, the thesis lacks explicit grounding and consistency rule, but the core physics claims remain unaffected.",epistemological honesty | declared bias | consistency rule,coherent,yes,yes,epistemological declaration,NOT_ESTABLISHED,C,archive,"The 24-property table is presented as identity, but it is only an analogy. | The claim of 5.7 - 6.35 significance is unverified and may be overstated. | The Biaxiosum Rule could be used to dismiss valid criticism by labeling it as inconsistent bias.",If the 24-property table is used as proof of divine identity without further evidence. | If the Biaxiosum Rule is used to reject counterarguments solely based on the arguer's bias.,epistemological honesty,"This document declares the author's biases and establishes a rule for consistent discourse. It includes a table comparing mathematical truth and divine attributes, but does not provide proof of identity. The document is a foundational declaration, not a scientific claim."
00_FORMAL_THEORY_COMPLETE.md,00_FORMAL_THEORY_COMPLETE,The Formal Theory of Theophysics,"There exists a single Master Equation whose ten factors admit dual physical and spiritual readings with identical algebraic structure, grounded in three axioms: God-as-axiom, Trinity isomorphism, and free will.","Master Equation: chi_local = G * M * E * S_eff * T * K * R * Q * F * C, integrated over space and time. | S_eff = e^(- * S_prod), mapping 0 to (0,1], antitone in S_prod. | C: tenth factor, total integration measure, C in [0,1]. | chi: integrated output, chi in 0. | Structural isomorphism: same topology, falloff behavior, boundary conditions, conservation laws between physical and spiritual readings.","Use the Master Equation as a formal bridge between physics and theology, applying the three-layer reconciliation test to any new claim.",Does not claim to explain divine mechanics. | Does not claim to solve the Time variable's grace-side (Time Wall). | Does not claim to know specific numerical values of spiritual coupling constants. | Does not claim to have a final canonical law ordering. | Does not claim to have a precise mechanism of consciousness-quantum coupling.,"Falsification test: substituting spiritual variables into physics equations must preserve topology, falloff, boundary conditions, conservation laws. | Three-layer reconciliation test: claim reduces to Layer 2, Layer 2 to Layer 1, Layer 1 has Lean-verified property. | Statistical evidence: PEAR, GCP, PROP-COSMOS at 5 threshold.","Lean 4 kernel for formal proofs | Statistical datasets (PEAR, GCP, PROP-COSMOS) | Independent verification from Oxford, CTNS, BU",Provides a formal mathematical framework that unifies physical and theological descriptions via a single equation with dual readings.,"Preserves the three axioms (God-as-axiom, Trinity isomorphism, free will) as the formal boundary established Feb 14, 2026.","If the Master Equation or its axioms are removed, the framework collapses into separate, non-communicating disciplines.","Physical register: thermodynamics, quantum mechanics, information theory | Spiritual register: grace, sin, faith, covenant",coherent,partial,unclear,formal theory with empirical evidence,LEAN_GUARDRAIL_SUPPORTED,C,quarantine,Claims of structural isomorphism may be overextended beyond evidence. | Statistical evidence at 5 may be misinterpreted as proof. | Theological claims may be presented as mathematically forced when they are not.,If any factor isolation fails to produce its expected natural equation. | If the Lean proofs are found to be flawed or incomplete. | If the statistical datasets are discredited or fail replication.,Formalize the seven structural properties in Lean 4 and verify the isomorphism claims.,"This document presents a formal theory that unifies physics and theology through a single Master Equation with ten factors, each having dual physical and spiritual readings. It claims structural isomorphism, supported by Lean-verified properties and statistical evidence. The framework is bounded by a 'Time Wall' and a formal floor of three axioms. It is intended as a foundational argument for the Theophysics framework."
00_MASTER_ONE_PAGE_BUILDOUT_PLAN.md,00_MASTER_ONE_PAGE_BUILDOUT_PLAN,Master One-Page Buildout Plan,Each article should become one canonical HTML page with invisible machine-readable layer markers and a merged manifest driving the topbar and page structure.,"one_page_html_manifest.json: merged output of site_inventory.json and paper_metric_manifest.json | reader-layer markers: invisible HTML comments delimiting sections for scripts and Codex | reader layers: college, easy, academic, proof, math, source, audit, falsification, qa, metadata | site_inventory.json: owns page slug, series order, prev/next, file paths, topbar presence, layer source paths, HTML marker positions | paper_metric_manifest.json: owns proof scores, claim counts, law/variable activation, coherence scores, graph metrics, reading difficulty, audit/falsification status","Implement the exporter, site inventory builder, and merger scripts, then apply the one-page manifest and reader-layer markers to a pilot page before full-site conversion.",Does not specify exact implementation details of the scripts. | Does not define the full schema of the manifests. | Does not provide proof of the claims mentioned. | Does not mandate which variables must appear in the visible topbar. | Does not resolve the missing apply_reader_mode_baseline.py status.,"Pilot page passes Playwright visual checks on desktop and mobile. | Merged manifest correctly drives topbar and layer markers. | Guardrails are respected: no HTML edits by Paper Intelligence, no giant Excel parsing, no full-site conversion before pilot passes.","site_inventory.json | paper_metric_manifest.json | existing Python-WEB tools (apply_faith_topbar.py, audit_v2_layer_coverage.py, etc.) | best source pieces (faith-topbar.js, topbar-page-variable-master-spec.md, one-page-reader-layer-marker-spec.md)","Enables a unified one-page HTML manifest system with reader-layer markers and expanded topbar variables, improving site consistency and machine readability.",Preserves existing site structure and source assets; does not delete separate easy/academic assets; keeps original/college page body visible.,"Without this plan, the site lacks a standardized one-page manifest and reader-layer system, leading to inconsistent page structures and harder automation.",HTML comments as machine boundaries | section attributes for browser | manifest fields for data exchange,coherent,yes,unclear,planning/architecture,NOT_ESTABLISHED,C,adopt as planning directive; do not treat as proof of any underlying claims,Treating the three-body solution or J-space claims as proven when they are only seeds. | Assuming the manifest system will work without testing. | Assuming all listed tools exist and function as described.,"If the pilot fails visual checks or manifest merge breaks. | If guardrails are violated (e.g., Paper Intelligence edits HTML). | If the missing apply_reader_mode_baseline.py is required and not found.","Implement the exporter and merger scripts, run pilot on revolution-of-truth, and validate with Playwright.","This document is a buildout plan for converting articles into one-page HTML with a merged manifest and reader-layer markers. It is a planning document, not a proof of any scientific claims. It should be used as a directive for implementation, with caution not to overstate the status of the claim seeds."
00_READ_ME_FIRST.md,00_READ_ME_FIRST,README FIRST  -  The Three-Layer Cannon,"The Master Equation framework must be maintained in three distinct layers: formal, physical-theological, and teaching. Layer separation is the irreducible rule that prevents drift.","Layer 1 (Formal): typed mathematical spine, Definition 10 (ten factors with explicit domains) and Definition 11 (Master Equation as integral product). Lean-verified and locked. | Layer 2 (Physical-Theological): for each formal factor, two readings: physical law-form and spiritual law-form. Same algebra, two interpretations. Isomorphism claim lives here. | Layer 3 (Teaching): human-facing law chapters, negotiable, may have 9 or 10 chapters. | Factor: a typed mathematical object in Layer 1. | Law chapter: a human-facing explanatory unit in Layer 3. | C: the tenth factor, measures total integration locally. | chi: the integrated output, the product integrated over space and time. | S_eff: effective entropy production, defined as e^(-*S_prod) or 1/(1+S_prod), mapping 0 to (0,1] and antitone in S_prod.",Maintain the three-layer separation. Use Layer 1 as source of truth for math. Use Layer 2 for paper bridge equations. Use Layer 3 for public communication. Apply the Three-Layer Reconciliation Test to verify any claim.,Does not define the specific formal factors or the Master Equation itself; that is Layer 1's content. | Does not provide the physical and spiritual interpretations; that is Layer 2's content. | Does not fix the number of teaching chapters; Layer 3 is negotiable. | Does not prove the isomorphism claim; it only states where the claim lives. | Does not provide the Lean kernel code or its full verification details; it references the kernel.,"Three-Layer Reconciliation Test: (1) Does the public claim reduce to a Layer 2 pairing (2) Does the Layer 2 pairing reduce to a Layer 1 factor (3) Does the Layer 1 factor have its formal domain and verified property in the Lean kernel If all three pass, claim is consistent; if any fails, drift has appeared. | Check that Layer 1 always has 10 factors and is locked. | Check that Layer 3 may have 9 or 10 chapters without affecting Layer 1. | Check that C and chi are distinct: product never includes chi inside itself. | Check that S_eff is antitone in S_prod and maps 0 to (0,1].",Layer 1 formal definitions (Definition 10 and 11) as referenced. | Lean kernel verification artifact as referenced. | Canonical April 16 doc as referenced.,"Provides a meta-rule for organizing and maintaining the Master Equation framework across three layers, preventing drift by separating formal, interpretive, and teaching concerns.","Preserves the formal Layer 1 as the locked source of truth, and preserves the Lean kernel as the canonical verification artifact.","If this layer separation is removed, the framework collapses into a single document, causing drift and making failure points unfindable.",Formal factor  physical law-form  spiritual law-form (Layer 2 isomorphism) | Layer 1 factor  Layer 3 teaching chapter (not necessarily one-to-one),coherent,yes,yes,meta-framework instruction,NARRATIVE_ANCHOR,B,preserve as structural directive; do not treat as mathematical proof,"Claiming that the Lean kernel verifies the Master Equation itself, when it only verifies seven structural properties. | Claiming that the isomorphism between physical and spiritual readings is proven, when it is only declared to live in Layer 2. | Claiming that the three-layer separation is sufficient to prevent all drift, when it is a proposed fix.",If Layer 1 is not actually Lean-verified or is changed without updating this document. | If the Lean kernel does not exist or does not verify the claimed properties. | If the three-layer separation is not implemented in the actual documents.,"The Lean kernel verifies the antitone property of S_eff and other structural properties of the Master Equation, but not the full framework or its interpretations.","This document is a meta-instruction that mandates separating the Master Equation framework into three layers: formal (math), physical-theological (interpretation), and teaching (explanation). It describes the fix for drift and outlines a reconciliation test. It references a Lean kernel that verifies seven structural properties, but does not itself provide mathematical proofs or establish the isomorphism claim."
01_FORMAL_LAYER_Definition10.md,01_FORMAL_LAYER_Definition10,Layer 1  -  The Formal Layer (Definition 10 + 11),"The Master Equation is the product of exactly ten factors with specified domains, where entropy production enters as an effective antitone factor, and the integrated output chi is distinct from the factor C.","G in 0: External negentropy influx rate | M in [-1,1]: Alignment cosine between system state vector and reference vector | E in 0: Signal propagation fidelity (channel capacity) | S_prod in 0: Entropy production rate (raw disorder accumulation) | T in >0: Temporal integration parameter | K in 0: Information compression ratio (Kolmogorov complexity) | R in {0,1}: Phase transition indicator (irreversible state change) | Q in [0,1]: Superposition measure (unresolved state space) | F in [0,1]: Non-local correlation strength (entanglement measure) | C in [0,1]: Total integration measure (global coherence) | S_eff(x,t) = e^(-*S_prod(x,t)) or 1/(1+S_prod(x,t)), mapping S_prod in 0 to S_eff in (0,1] | chi_local(x,t) = G*M*E*S_eff*T*K*R*Q*F*C (product of ten factors) | chi_total =  chi_local dx dt over region Omega and time interval [t,t]","Treat the ten factors and their domains as non-negotiable; use S_eff in the product, not S_prod; maintain the distinction between C and chi; enforce that any document contradicting this layer is overridden.","Does not include theological or physical-law names. | Does not specify the exact analytic form of S_eff beyond structural interchangeability. | Does not include pointwise theorems tying FactorFunctions.at(x,t) to slice lemmas. | Does not reconcile with the older production kernel treating C as a Lindblad operator. | Does not claim physical reality; it is a formal mathematical specification.",Check that the product always contains exactly ten factors with the specified domains. | Verify that S_prod never appears directly in the product; only S_eff appears. | Verify that C is never used as the output chi. | Check that any derived document is consistent with the ten-factor structure and domains. | Run the Lean kernel CorrectedEntropyKernel.lean to confirm the structural properties hold.,Lean 4 and Mathlib (for full verification of analytic forms) | NODRIFT_LOSSLESS_v24.yaml (source of factor definitions) | CorrectedEntropyKernel.lean (Lean verification artifact),"Provides a typed, formal specification of the Master Equation with a Lean-verified structural kernel, including the entropy sign repair and the C/chi distinction.",Preserves the ten-factor ontology and the no-drift rule; ensures that any teaching or public layer must reduce to or be consistent with this formal layer.,"If this layer is removed, the Master Equation loses its formal grounding, the entropy sign repair is lost, and the C/chi distinction becomes ambiguous, leading to potential self-referential definitions.",Formal mathematical specification | Lean-verified structural properties | No-drift rule for factor ontology,coherent,yes,yes,formal mathematical specification,LEAN_GUARDRAIL_SUPPORTED,B,Canonicalize as a formal layer with Lean-verified structural properties; mark as source of truth for factor ontology.,Claiming the specific analytic form of S_eff is verified when it is not. | Claiming physical reality or empirical validity based on formal structure alone. | Treating the Lean kernel as proof of the Master Equation's truth rather than as proof of internal consistency.,"If any of the ten factors is added, removed, renamed, or merged. | If S_prod is used directly in the product instead of S_eff. | If C is used as the output chi. | If the Lean kernel fails to compile or the structural properties are disproven.",Formalize the specific analytic form of S_eff and pointwise theorems in Lean with Mathlib.,"This document defines the formal mathematical layer of the Master Equation, specifying ten factors with fixed domains and an entropy sign repair. It is Lean-verified for structural properties but not for the exact analytic form of the entropy factor. The layer is canonical and must be respected by other layers."
01_Lowe_Coherence_Lagrangian_Formal_Test.md,01_Lowe_Coherence_Lagrangian_Formal_Test,01_Lowe_Coherence_Lagrangian_Formal_Test.ipynb,"The Lowe Coherence Lagrangian (LLC) is a legitimate Lagrangian in the sense of classical mechanics, satisfying formal requirements of positive-definite mass matrix and Hamiltonian conservation.","Lagrangian: L(q, qdot, t) = chi(q,t) * (0.5 * qdot^T K qdot) - S * chi(q,t) | Mass matrix: Hessian of L with respect to qdot | Positive definite: all eigenvalues > 0 | Hamiltonian: H = qdot^T (dL/dqdot) - L | chi_expanded: 4-term Taylor-type expansion of chi(q,t)",Certify the LLC as a legitimate Lagrangian based on two passed tests: positive-definite mass matrix and Hamiltonian conservation.,Does not prove physical reality or empirical validity of the LLC. | Does not establish that chi_expanded is the true chi function. | Does not address uniqueness or global validity beyond tested conditions.,Mass matrix eigenvalues all positive and condition number below threshold. | Hamiltonian drift consistent with machine epsilon times N for RK4.,JAX autodiff | chi_expanded function | llc_lagrangian function | RK4 integrator,"Provides formal certification that the LLC satisfies Lagrangian mechanics requirements, distinguishing it from mere formulaic resemblance.",Preserves the claim that the LLC is a well-posed dynamical system with healthy kinetic structure.,"Without this test, the LLC's legitimacy as a Lagrangian remains unverified, weakening the foundation for further derivations.",Lagrangian mechanics | Numerical analysis | Automatic differentiation,coherent,yes,yes,formal verification,PYTHON_RUNTIME_SUPPORTED,B,Accept as verified formal property of the LLC under specified conditions.,"May be interpreted as proof of physical reality rather than mathematical consistency. | chi_expanded may not represent the full chi function, limiting generality. | Numerical tests are not mathematical proofs.",If mass matrix eigenvalues are not all positive for some valid parameter range. | If Hamiltonian drift grows unboundedly with longer integration. | If chi_expanded is later shown to be an inadequate approximation.,"Formalize the mass matrix positive-definiteness condition and Hamiltonian conservation as lemmas in Lean, using the specific definitions of chi_expanded and llc_lagrangian.","This notebook reports two numerical tests that pass, claiming the Lowe Coherence Lagrangian is a legitimate Lagrangian. The tests check positive-definiteness of the mass matrix and Hamiltonian conservation via RK4 integration. The results support the claim under the tested conditions, but they are numerical verifications, not formal proofs."
01_PAPER_I_FOUNDATIONAL.md,01_PAPER_I_FOUNDATIONAL,Paper I  -  Foundational Claim,"The foundational claim is the single bedrock assumption; if false, the entire paper fails.","Foundational Axiom: The one-sentence bedrock assumption that the paper is built upon. | Anomaly: An observed pattern that demands explanation. | Bias: The compressed Biaxiosum declaration of worldview, core belief, epistemology, priors, off-ramp, and mea culpa. | Claim: The thesis statement, one sentence, no hedging. | Kill Condition: A specified threshold that, if satisfied, falsifies the paper.","The system should treat the foundational axiom as the irreducible rule that governs the paper's validity, and use the FACTS structure to ensure that every claim is tested against kill conditions.","This document is a template, not a completed paper. | It does not assert any specific empirical or mathematical claim. | It does not provide evidence or proof for any particular thesis. | It does not define the content of the foundational axiom.","Check that the foundational axiom is stated in one sentence. | Check that the paper includes sections for Find, Admit, Claim, Test, and Snap. | Check that kill conditions are explicitly listed with thresholds. | Check that the Lowe Battery tests (LCT, LFT, LMT) are applied.","Lowe FACTS Format v1.0 | Biaxiosum declaration template | Theophysics framework (Master Equation, Ten Laws, 188 axioms)",Provides a structured template for formulating and testing a foundational claim in a thesis unit.,Ensures that any foundational claim is explicitly stated and subjected to kill conditions.,"Without the foundational axiom, the paper loses its basis and cannot be evaluated.",Theophysics | Academic thesis | F.A.C.T.S. methodology,coherent,yes,yes,Template,NOT_ESTABLISHED,C,Preserve as a template for structuring foundational claims; do not treat as a verified claim.,Treating the template as a completed proof. | Assuming the foundational axiom is true without testing. | Interpreting the FACTS structure as evidence of validity.,"If the foundational axiom is false, the paper fails. | If any kill condition is satisfied, the paper is falsified.","Formalize the template as a schema for thesis papers, not as a proof artifact.","This document is a template for a foundational claim paper in a thesis, following the Lowe FACTS format. It defines the structure but contains no actual content or evidence. It should be treated as a procedural guide, not as a claim with established proof."
01_THE_GOD_STORY_Narrative_Map_Part_1.md,01_THE_GOD_STORY_Narrative_Map_Part_1,THE GOD STORY  -  Narrative Map Part 1,"The narrative arc of the gospel is derived from first principles, told from God's perspective, and each story beat maps to axioms in the gospel chain.","Narrative Map: A sequence of questions (Q1-Q13) that walk through the gospel from God's perspective. | Axiom Cluster: A grouping of axioms (e.g., EXISTENCE, SUBSTRATE) that correspond to narrative questions. | Free will: The ability to choose, including the ability to reject God; necessary for genuine love. | Closed system: A system isolated from external input, leading to decay (entropy). | Open system: A system receiving external input (grace), enabling transformation. | The Three Truths: Moral law, truth, and mathematics as invariant, pre-cultural, indestructible universals. | The Fracture: The fall of man, introducing evil into the system, resulting in quantum uncertainty and the GR/QM split. | The Broadcast: The universe as a continuous real-time projection of God's character, received via physics and conscience. | The Adversary: A being who rebelled against God, seeks to sabotage creation, but is limited by God. | The Self-Help Lie: The cultural emphasis on self-improvement, which keeps focus on self rather than God.","Use this narrative map to structure the gospel presentation, ensuring each story beat aligns with the corresponding axioms and fortification files.","This document is a narrative map, not a formal proof or derivation. | It does not provide mathematical or empirical evidence for the claims. | It does not complete Q13 (Destiny); that is marked as TBD. | It does not replace the axiom fortification files; it is meant to weave into their Section 3.",Check that each question maps to the correct axiom cluster as per the table. | Verify that the narrative arc is coherent and follows the intended order. | Ensure that standalone pieces can be extracted without losing context. | Confirm that Q13 is explicitly marked as incomplete.,"Axiom fortification files (A1.1, A1.2, A1.3, etc.) | Previous Opus session context | Theological framework (gospel narrative)","Provides a narrative structure that translates abstract axioms into a story arc, making the gospel accessible from God's perspective.","Preserves the core theological claims (creation, fall, redemption) and the axiom-to-question mapping.","Without this narrative map, the axioms lack a cohesive story to engage readers; the gospel presentation becomes fragmented.",Theological narrative | Axiom cluster mapping | Story beats (questions),coherent,yes,no,Narrative framework,NARRATIVE_ANCHOR,C,Use as narrative anchor for axiom fortification; do not treat as proof.,"Claims about physics (e.g., QM as scar) are metaphorical, not established physics. | The 'Evolution Kill Shot' references Monte Carlo trials but no details are provided. | The narrative asserts theological truths as if self-evident without external validation.",If the narrative is presented as empirical evidence for the axioms. | If Q13 is treated as complete when it is not. | If the mapping between questions and axioms is found to be inconsistent.,"Use as a narrative guide, not as a source of formal proof; rely on axiom fortification files for rigorous derivation.","This document provides a narrative map for presenting the gospel from God's perspective, structured as a series of questions (Q1-Q13) that correspond to axiom clusters. It outlines the story arc from creation to the fall to redemption, with each question mapping to specific axioms. The document is intended to be woven into axiom fortification files, not as a standalone proof. It includes standalone pieces like the Cupcake Proof and the Tree Reframe, but Q13 (Destiny) is incomplete. The narrative makes theological and metaphorical physics claims, but these are not formal proofs."
02_PAPER_II_ADVERSARIAL.md,02_PAPER_II_ADVERSARIAL,Paper II  -  Adversarial Response,The strongest objection must be steelmanned and tested; the idea survives only if it withstands the best attack.,"Adversarial Response: A structured paper that presents the strongest possible objection to a prior claim and then responds to it. | Steelman: The most charitable and strongest version of an opposing argument. | Kill Condition: A specific threshold that, if met, invalidates the claim or objection.","When facing a challenge to a thesis claim, construct an adversarial response that steelmans the objection, concedes valid points, and then argues for the claim's survival, including explicit kill conditions and a verdict.",Does not guarantee the claim is true; only that it survived a particular objection. | Does not replace formal proof or empirical validation. | Does not require the objection to be a strawman; it must be the strongest version.,Check that the objection is not a strawman and is articulated as its best advocate would. | Verify that concessions are genuine and not merely rhetorical. | Ensure that each response argument is logically coherent and addresses the objection. | Confirm that kill conditions are specific and falsifiable. | Check that the verdict follows from the analysis and is not predetermined.,Paper I claim (thesis unit DT-004) | Lowe FACTS Format v1.0,"Provides a structured method for adversarial testing of a claim, including explicit kill conditions and a survival verdict.",Preserves the original claim's integrity by requiring honest concessions and rigorous response.,"Without adversarial testing, the claim remains untested against the strongest objections, weakening its credibility.",Theological | Philosophical | Scientific,coherent,yes,unclear,methodological,NOT_ESTABLISHED,C,Use as a template for adversarial testing; do not treat as proof of any specific claim.,Assuming survival in one adversarial test implies general robustness. | Conflating rhetorical strength with logical proof. | Treating the template as a substitute for empirical or formal verification.,"If the objection is not steelmanned, the test is invalid. | If the response relies on unstated assumptions, the survival verdict is unsupported. | If kill conditions are not met but the verdict claims survival, the process is flawed.",Formalize the adversarial testing procedure into a verifiable protocol.,"This document provides a template for adversarial testing of a thesis claim. It instructs the user to steelman the strongest objection, concede valid points, and then argue for the claim's survival, including explicit kill conditions and a verdict. It is a methodological tool, not a proof of any specific claim."
02_PHYSICAL_THEOLOGICAL_LAYER_TenFactorTable.md,02_PHYSICAL_THEOLOGICAL_LAYER_TenFactorTable,Layer 2  -  The Physical-Theological Mathematics,"The ten formal factors (G, M, E, S, T, K, R, Q, F, C) each have a physical law-form and a spiritual law-form that share the same algebraic structure, and the total coherence chi_total is the integral over space-time of the product of these factors.","G: External negentropy influx (physical) / Grace (spiritual), non-negative real. | M: Alignment cosine between state vector and reference vector, in [-1,1]. | E: Signal propagation fidelity (Shannon capacity) / Truth transmission, non-negative real. | S: Entropy production (non-negative) with effective S_eff = e^(-*S_prod) in (0,1]. | T: Temporal integration (Action) / Consequence, positive real. | K: Compression (Kolmogorov) / Logos information density, non-negative real. | R: Irreversible phase transition indicator, in {0,1}. | Q: Superposition measure (unresolved possibility), in [0,1]. | F: Non-local correlation (entanglement) / Faith-bond, in [0,1]. | C: Total integration / Coherence / Christ, in [0,1]. | chi_total: Master equation integral of product of factors over space-time.","The system should treat the ten factors as having dual physical and spiritual interpretations with identical algebraic structure, and use the master equation to compute chi_total as the integrated product.",This layer does not define the formal types of the variables (that is Layer 1). | This layer does not provide public communication or teaching content (that is Layer 3). | This layer does not claim proof of the isomorphism; it is a proposed structural assertion. | The asymmetries in F and C are load-bearing and not to be treated as bugs.,"For each factor, verify that the physical and spiritual law-forms share the same algebraic structure. | Verify that the master equation integrates the product of the ten factors correctly. | Check that the two asymmetries are preserved and not symmetrized away. | Assess whether each row holds under hostile review and empirical test.",Layer 1 formal definitions (Definition 10) | Canonical April 16 doc (NO_DRIFT_CANONICAL_LAWS.md) | Wolfram and GPT verification (claimed),"Provides a dual physical-spiritual mapping for each of the ten factors, enabling cross-domain interpretation and a master equation for total coherence.","Preserves the formal types and definitions from Layer 1, and the no-drift claim of algebraic invariance.","Without this layer, the bridge between physical laws and spiritual laws is lost, and the master equation lacks its factor definitions.",Physical law-form | Spiritual law-form | Formal type,coherent,partial,unclear,Isomorphism claim,NOT_ESTABLISHED,C,Quarantine as proposed canonical; require formal verification of isomorphism before promotion.,"Claims of structural isomorphism may be metaphorical rather than mathematically rigorous. | The master equation is presented as a product integral without derivation or empirical validation. | The spiritual law-forms introduce parameters ((s), A, W_grace) that are not defined operationally. | The document claims GPT verification but does not provide a formal proof artifact.","If any factor's physical and spiritual forms are not algebraically identical, the isomorphism claim fails. | If the master equation is not dimensionally consistent or mathematically well-defined. | If the asymmetries are shown to be arbitrary rather than necessary.",Formalize the isomorphism claim in Lean 4 for at least one factor to test feasibility.,"This document maps ten formal factors to both physical and spiritual equations, claiming they share the same algebraic structure. It presents a master equation integrating their product. However, the isomorphism is asserted, not proven, and the spiritual parameters are not rigorously defined. The document is a proposed canonical addendum, not a verified proof."
02_THE_GOD_STORY_Narrative_Map_Part_2.md,02_THE_GOD_STORY_Narrative_Map_Part_2,THE GOD STORY  -  Narrative Map Part 2,"God's grace is deployed through a historical signal chain, culminating in the incarnation, crucifixion, resurrection, and Pentecost, to restore corrupted systems without overriding free will.","Signal chain: The sequence of witnesses (Abraham to prophets) preserving the promise across generations. | Information bomb: The cross as the voluntary release of uncorrupted Logos information into the corrupted system. | Non-unitarity: An operation that adds information not present in the system, e.g., the Spirit overshadowing Mary. | Coupling constant: A measure of an individual's responsiveness to God's communication; Abraham's is nonzero. | Compression: A type or ritual that previews the full cure in a simplified form. | Fullness of time: The historical convergence of conditions (Roman roads, Greek language, diaspora) enabling gospel distribution. | Resurrection: A phase transition where the soul field decouples and re-couples to an upgraded substrate, demonstrating entropy reversal. | Pentecost: The permanent installation of the Spirit ( term) inside every open system. | Infinite gap: The categorical difference between human and divine love, unbridgeable by language. | Love is calculus: The idea that love requires prerequisite knowledge (law, identity, boundaries) and cannot be taught first.","The system should treat the biblical narrative as a structured information-theoretic account of grace, where each event (promise, incarnation, cross, resurrection, Pentecost) is a functional component in a restoration protocol, and should map narrative elements to axiom clusters for further analysis.",Does not assert historical or scientific verification of the events. | Does not claim the narrative is a formal proof of God's existence or attributes. | Does not provide a mechanism for how non-unitarity operates physically. | Does not address the problem of evil beyond the narrative's internal logic. | Does not claim the 'information bomb' is a measurable physical quantity.,Check that each Q maps to its stated axiom cluster without contradiction. | Verify that the signal chain is consistently described across Q13-Q22B. | Ensure that the 'infinite gap' is not bridged by language in the narrative. | Confirm that the adversary's backfire is logically consistent with the narrative's premises. | Assess whether the 'love is calculus' argument is coherent with the pedagogical sequence.,A9.1 (External Intervention) | A9.2 (Non-Unitarity) | A8.2 (Sign Conservation) | A12.1 (Asymptotic Behavior) | A10.1 (Consciousness Substrate) | A10.2 (Soul Conservation) | A5.2 (Participatory Universe) | A11.1 (Moral Realism) | A11.2 (Coherence-Morality) | A3.1 (Order Requirement) | A2.2 (Self-Grounding),"Provides a narrative framework that integrates theological concepts with information-theoretic and physical metaphors, enabling a structured mapping of biblical events to axiom clusters.","Preserves the core theological claims of grace, incarnation, atonement, and resurrection as presented in the source, without adding external verification.","If this node is removed, the narrative coherence of Part 2 is lost, and the mapping of questions to axioms becomes fragmented, weakening the overall story arc.",Theological narrative | Information theory | Physics metaphors | Moral philosophy,coherent,yes,yes,Narrative synthesis with metaphorical physics,NARRATIVE_ANCHOR,C,Preserve as narrative anchor; do not treat as formal proof.,Treating metaphorical physics as literal physics. | Claiming the narrative proves the existence of God or the truth of Christianity. | Assuming the 'information bomb' is a scientifically measurable entity. | Overinterpreting the 'entropy reversal' as a violation of the second law in a physical sense.,If the narrative is presented as a formal proof of God's existence. | If the metaphorical physics is taken as empirical evidence. | If the 'infinite gap' is claimed to be bridged by human language.,"A narrative synthesis that uses physics metaphors to illustrate theological concepts, but remains explicitly non-verifiable.","This document is a narrative map of the Christian story from Abraham to Pentecost, using physics and information theory metaphors to explain theological concepts like grace, incarnation, and resurrection. It is a coherent narrative but not a formal proof; it should be treated as a theological framework, not a scientific claim."
03_Master-Equation-Sheets.md,03_Master-Equation-Sheets,Theophysics Master Equation Sheets,"The total coherence of reality (chi) is governed by a single integro-differential equation integrating Grace, Repentance, Resurrection, Entropy, Sin, Consciousness, Faith, and the Unquantifiable, asserting structural identity between physical laws and theological principles.","chi: Total coherence of reality. | G: Grace, God's unmerited favor; negentropy. | S: Sin, moral disorder; entropy production. | E: Entropy, physical disorder. | R_p: Repentance, error correction signal. | R_J: Resurrection Factor, quantum tunneling through barrier. | Q: Quantum Free Will, genuine choice. | C: Consciousness, observer. | F: Faith, non-local correlation. | K: Knowledge/Revelation, information channel. | U: The Unquantifiable, God's irreducible mystery. | C_crit: Critical coherence threshold. | C: Coherence, ratio of correlated signal to total activity.","The system should treat the Master Equation as a formal framework for mapping physical laws to theological principles, and use the coherence definitions to assess alignment across domains.",Does not provide empirical evidence for the isomorphism. | Does not establish that the mathematical structures are physically coupled. | Does not claim to have solved or validated the Master Equation numerically. | Does not assert that the spiritual variables are measurable in the physical sense.,Check that each of the 10 laws has a corresponding spiritual equation with the same mathematical form. | Verify that the asymmetry terms are correctly identified for each law. | Assess whether the coherence definitions are consistently applied across domains. | Evaluate whether the claimed probability of coincidence (p < 10^-100) is substantiated.,"Physics laws: Newtonian gravity, Einstein field equations, Maxwell equations, QCD, thermodynamics, information theory, special relativity, quantum mechanics, weak force, coherence theory. | Theological concepts: Grace, Sin, Repentance, Resurrection, Faith, Consciousness, Logos, Trinity.","Provides a unified mathematical notation for mapping physical laws to theological principles, enabling cross-domain coherence analysis.",The underlying physics equations remain intact; the mapping does not alter the physical laws.,"If the Master Equation is removed, the framework loses its central organizing principle, but individual domain mappings may still stand as analogies.","Physics to Theology: e.g., Gravity  Grace, Entropy  Sin, Information  Logos. | Coherence across domains: universal definition of coherence applied to physics, psychology, sociology, economics, etc.",defective,needs_review,no,Isomorphism claim,NOT_ESTABLISHED,D,Quarantine as narrative anchor; do not treat as established physics.,"Claims structural identity without rigorous proof. | Uses terms like 'isomorphism' and 'architecture' to imply more than analogy. | Probability of coincidence p < 10^-100 is asserted without statistical basis. | Equations are symbolic mappings, not derived from physical principles.",If any physical law is shown to have a fundamentally different mathematical structure than the proposed spiritual counterpart. | If the Master Equation is shown to be mathematically inconsistent or non-integrable. | If the claimed experimental protocols fail to produce predicted effects.,Reduce to a set of analogies with explicit caveats; do not present as a unified theory.,"This document presents a grand claim that physics and theology are structurally identical, encoded in a Master Equation and ten law mappings. However, the evidence is primarily symbolic and analogical, with no rigorous derivation or empirical validation. It should be treated as a narrative framework, not a scientific theory."
03_PAPER_III_APPLICATION.md,03_PAPER_III_APPLICATION,Paper III  -  Cross-Domain Application,"A principle that works in one domain is local; if it works in three independent domains, it is structural.",Structural isomorphism: shared logical architecture that constrains predictions in both domains. | Analogical similarity: pattern looks similar but does not constrain predictions. | Three-Domain Rule: a universal principle must work in at least three independent domains.,"Apply the Paper I claim to an unexpected domain, test predictions, and assess structural isomorphism.",Does not claim universality from a single application. | Does not force analogies; must be structural. | Does not replace domain expertise.,Can the claim produce novel testable predictions in the new domain | Does the isomorphism constrain predictions in both domains | Does the application explain phenomena that existing domain theories do not,Paper I claim | Domain-specific data | Domain expertise,"Cross-domain validation of a principle, enabling universality assessment.",The original claim remains intact; application does not alter it.,"Without cross-domain application, universality cannot be established.",Structural isomorphism | Prediction | Kill conditions,coherent,yes,unclear,methodological,NOT_ESTABLISHED,C,Use as a template for cross-domain application; requires concrete instantiation.,Claiming universality from one application. | Confusing analogy with structural isomorphism. | Ignoring domain-specific disanalogies.,Isomorphism is analogical only. | Domain experts identify fatal disanalogy. | No novel testable prediction produced.,A formal framework for detecting structural isomorphism across domains.,"This document is a template for applying a claim from Paper I to an unexpected domain, with emphasis on structural isomorphism and kill conditions. It does not itself establish any empirical result."
03_TEACHING_LAYER_LawOrganization.md,03_TEACHING_LAYER_LawOrganization,Layer 3  -  The Teaching Layer: Law Organization,"The teaching layer is a negotiable human-facing organization of the ten formal factors, which must always reduce cleanly to Layer 1 (formal) and Layer 2 (physical-theological mathematics) without contradiction.","Formal factor: a typed mathematical object in Definition 10, fixed at ten. | Teaching law chapter: a human-facing explanatory unit, numbering 9 or 10, negotiable. | Three-layer reconciliation: a test requiring that any public claim reduces to a Layer 2 pairing, that pairing reduces to a Layer 1 factor, and that factor has a verified property in the Lean kernel.","When producing any public-facing explanation, ensure it reduces to a Layer 2 pairing and a Layer 1 factor, and mark any simplifications explicitly.",Does not alter Layer 1 or Layer 2; those are non-negotiable. | Does not fix the number of teaching laws at 10; it may be 9 or 10. | Does not resolve open items such as slot 8 or the status of HonorFrame Integrity.,"For any claim: Does it reduce to a Layer 2 pairing Does that pairing reduce to a Layer 1 factor Does that factor have a verified property in the Lean kernel | If any answer is no, drift has occurred and must be fixed before publication.","Layer 1 (formal factors, Definition 10) | Layer 2 (physical-theological pairings) | Lean kernel (verified properties)","Provides a human-facing organization that consolidates formal factors into teaching chapters, enabling communication to diverse audiences without altering the formal layer.",Preserves the ten formal factors and the Layer 2 pairings; teaching organization is negotiable but must reduce cleanly.,"Without this layer, the framework remains formally intact but becomes less communicable; the teaching organization is not essential to the formal truth.",Formal factor -> teaching law chapter | Layer 2 pairing -> teaching law chapter | Teaching law chapter -> Layer 1 factor (via reduction),coherent,yes,unclear,organizational proposal,NOT_ESTABLISHED,C,record as negotiable teaching organization; do not treat as formal proof,Claiming the teaching sequence is canonical when it is proposed and negotiable. | Treating the three asymmetric anchors as structurally proven rather than an observation. | Implying Wolfram's pairings are formally verified when they are only folded in as corollaries.,"If a teaching chapter implies a factor merge, split, or chi-as-factor, the teaching is wrong. | If a teaching pairing cannot be derived from the ten-row table, it is invalid. | If the teaching law count becomes 8 or 11, the organization is invalid.","No Lean target; this is a teaching organization, not a formal theorem.","This document proposes a negotiable teaching layer that organizes the ten formal factors into 9 or 10 human-facing law chapters, with the requirement that all teaching reduce cleanly to the formal and physical-theological layers. It is not a formal proof and should be treated as a proposal."
04_LANDSCAPE_MAP.md,04_LANDSCAPE_MAP,Landscape Map  -  Hubble Gradient,A thesis must be positioned within the intellectual landscape before it can be evaluated.,"Landscape Map: a structured document that positions a thesis relative to three key thinkers, identifies the gap, and clarifies what the thesis is not. | Thinker: an individual whose work is relevant to the thesis and is analyzed for contributions and limitations.","Produce a Landscape Map section (max 5 pages) that identifies three key thinkers, their contributions and limitations, the structural gap, a position map, and explicit non-claims.",Does not provide the actual content of the thesis argument. | Does not evaluate the thinkers in depth beyond 2-3 sentences each. | Does not claim to be exhaustive in mapping all relevant thinkers.,The section is at most 5 pages. | Three thinkers are named and analyzed. | A gap paragraph is present. | A position map table is filled. | A 'What This Thesis Is NOT' section is present.,The thesis content itself (to be positioned). | Knowledge of relevant thinkers and literature.,"Provides a structured method for positioning a thesis within an intellectual landscape, ensuring clarity and preventing overclaiming.",Preserves the requirement that a thesis must be clearly situated relative to existing work.,"Without this, the thesis may lack context, appear ungrounded, or fail to demonstrate its contribution.",Thesis positioning | Literature review | Research contribution,coherent,yes,yes,methodological guideline,NOT_ESTABLISHED,C,retain as structural template,May be mistaken for a substantive thesis claim rather than a positioning template. | The template's effectiveness is not empirically validated.,"If the thesis does not require positioning (e.g., purely formal work). | If the template is applied rigidly without adaptation.","A concise, structured positioning section that avoids overclaiming.","This document is a template for writing a 'Landscape Map' section in a thesis. It instructs the author to identify three key thinkers, their contributions and limitations, the gap they miss, a position map, and explicit non-claims. It is a methodological guideline, not a substantive claim, and is graded C as a useful but unverified template."
04_Lean11_Master_Architecture.md,04_Lean11_Master_Architecture,Lean 11 Master Architecture,"The corpus must be represented as a complete, honest, and buildable Lean 4 architecture that matches the intended whole, not merely the currently compiled subset.","Canonical stack: the intended 11-part architecture (Foundational Core, Stage and Sequence Discipline, Mapping Layer, Bridge Matrix, Field Controls and Invariance, Score and Constraint Discipline, Polarity and Fracture Mechanics, Memory Persistence and Conversion, Christ/Mediation/Justice Operators, Chi Evaluation and Adversarial Testing, Isomorphism and Consilience Layer). | Compiled packet: the currently compiling set of Lean files (Theophysics_Core.lean, Final_Lean4_From_Excel.lean, Theophysics_Coherence.lean, Theophysics_ChiEvaluator.lean, Theophysics_Fall.lean, Theophysics_Fracture.lean, Theophysics_Adversarial.lean). | Gap set: modules present in workbook/architecture but not yet in the active root package. | Status vocabulary: COMPILED_NOW, SCaffolded, EXCEL_ONLY, NEEDS_DEFINITION_EXPANSION, BLOCKED_BY_IMPORTS, DEMOTED_TO_TEACHING_LAYER, RETIRED; roll-up: LEAN_PROVEN, STRUCTURALLY_MAPPED, THEOLOGICALLY_IDENTIFIED.","Maintain a single compiling Lean package; expand definitions before rhetoric; promote modules from the gap set into the root package one at a time; after each promotion run 'lake build', record warnings, theorem coverage, and what remains Excel-only; never let workbook and repo drift silently; use the status vocabulary to mark every theorem or claim.",This document does not itself prove any theorem; it defines an architecture and a build discipline. | It does not claim that the eleven-part architecture is already compiled; it identifies the gap set. | It does not authorize using the word 'derived' where the real status is identification. | It does not specify the exact Lean code for each module; it specifies the intended content and role.,"Check that the repo always has at least one small compiling package. | Check that after each promotion, 'lake build' succeeds and warnings are recorded. | Check that every theorem or claim in the workbook is marked with one of the status vocabulary terms. | Check that the repo does not use 'derived' lazily where the real status is identification. | Check that the workbook and repo do not drift silently; i.e., the gap set is tracked and reduced.","Theophysics_Core.lean (foundational vocabulary) | Existing compiled packet (Theophysics_Core, Final_Lean4_From_Excel, Theophysics_Coherence, Theophysics_ChiEvaluator, Theophysics_Fall, Theophysics_Fracture, Theophysics_Adversarial) | Excel workbook as architecture map","Defines a target end-to-end Lean 4 architecture (11 parts) and a build discipline to expand the current seven-file packet into that whole, including a status vocabulary and promotion order.",The existing seven-file compiling packet remains the current executable subset and must be kept green; the architecture does not discard it.,"If this architecture document is removed, the repo may continue to compile but the target end-to-end shape and the discipline for expanding to the full corpus would be lost, risking silent drift between workbook and repo.","Status vocabulary: COMPILED_NOW, SCaffolded, EXCEL_ONLY, NEEDS_DEFINITION_EXPANSION, BLOCKED_BY_IMPORTS, DEMOTED_TO_TEACHING_LAYER, RETIRED | Roll-up statuses: LEAN_PROVEN, STRUCTURALLY_MAPPED, THEOLOGICALLY_IDENTIFIED | Build doctrine steps: keep compiling package, expand definitions, promote modules, run lake build, record warnings/coverage/Excel-only",coherent,yes,unclear,Architecture specification and build discipline,NOT_ESTABLISHED,B,Adopt as a planning and governance document; do not treat as a formal proof artifact.,"The document describes an intended architecture, not a proven one; treating it as a proof of the full chain would be overstatement. | The phrase 'canonical stack' might imply the modules are already formalized; they are not all compiled. | The build order is a recommendation, not a verified sequence; promoting modules may encounter unforeseen issues.","If the repo is allowed to drift from the workbook without tracking, the architecture becomes aspirational rather than operational. | If the status vocabulary is not enforced, the honesty discipline fails. | If the build is not kept green, the foundation collapses.",Formalize the 11-part architecture as a set of Lean modules with clear dependencies and statuses; ensure each module compiles and the whole chain is buildable.,"This document outlines a target 11-part Lean 4 architecture for the Faith Thru Physics corpus, expanding the current seven-file compiling packet. It defines the intended modules, a build doctrine, and a status vocabulary to track progress. It is a planning document, not a proof artifact; its value is in guiding the expansion and maintaining honesty about what is proven versus mapped versus identified."
05_DESTRUCTION_MANUAL.md,05_DESTRUCTION_MANUAL,How To Destroy This Argument  -  Hubble Gradient,"A thesis must expose its own kill conditions and open vulnerabilities to be considered scholarship, not marketing.","Kill condition: an attack or evidence that, if satisfied, falsifies the thesis or a component. | Terminal kill condition: a condition that falsifies the entire thesis. | Open vulnerability: a weakness not currently defended but believed defensible with future work.","Maintain and expose a destruction manual for the thesis, including kill conditions, terminal conditions, open vulnerabilities, and an invitation for refutation.",Does not provide actual kill conditions or defenses; they are placeholders. | Does not claim the thesis is falsifiable in a formal sense; it is a methodological stance. | Does not specify how to verify or test the kill conditions.,Check that the document contains a list of kill conditions with severity and status. | Check that terminal kill conditions are clearly marked. | Check that open vulnerabilities are listed with resolution paths. | Check that the invitation to refute is present.,"The three papers (Paper I, II, III) that contain the SNAP sections. | The synthesis process that identified cross-paper attacks.","Provides a structured method for documenting and exposing thesis vulnerabilities, enabling external falsification attempts.",Preserves the thesis's commitment to honest scholarship by making weaknesses explicit.,"Without this manual, the thesis would lack a formal mechanism for acknowledging and addressing its own weaknesses, undermining its scholarly integrity.",Kill condition -> falsification condition | Open vulnerability -> known limitation | Invitation -> call for refutation,coherent,yes,no,methodological,NOT_ESTABLISHED,C,preserve as a methodological template; do not treat as evidence for the thesis claims.,The document's template could be mistaken for actual kill conditions or defenses. | The invitation to refute could be interpreted as a claim that the thesis is falsifiable in a formal sense.,If the document is used as evidence that the thesis is falsifiable without actual conditions. | If the placeholders are filled with non-falsifiable statements.,Formalize the kill conditions and defenses in a machine-checkable format.,"This document is a template for a destruction manual, outlining how to expose the thesis's weaknesses. It does not contain actual kill conditions or defenses, only placeholders. It is a methodological commitment to transparency, not a proof or evidence."
05_Lean_Derivation_Redraft_With_Negatives.md,05_Lean_Derivation_Redraft_With_Negatives,Lean Derivation Redraft With Negatives,"A derivation chain must prove both what the framework affirms and what it excludes, including failures under missing conditions and apparent coherence under pressure.","Positive derivation lane: constructive proofs of what the framework defines, proves, maps, and names. | Negative derivation lane: proofs of what cannot reverse, cannot self-repair, collapses under zero factor, is insufficient, invalid bridge forms, and coercive or false-positive patterns fail. | Adversarial lane: records critic objections, rival explanations, and formal responses, including what Lean does not prove. | Bridge/coverage ledger: ties lanes together, showing which claims have negative/adversarial tests and which modules remain one-sided.","Redraft the Lean workbook into at least four tabs: LEAN_POSITIVE_CHAIN, LEAN_NEGATIVE_CHAIN, LEAN_ADVERSARIAL_CHAIN, LEAN_COVERAGE_LEDGER, and run the full derivation in the specified order.",Does not itself provide formal proofs; it is a plan for organizing derivations. | Does not claim that any specific negative theorem has been proven in Lean. | Does not define the exact content of each derivation family beyond examples.,Check that the workbook contains at least five to ten negative derivation families. | Check that each positive claim has corresponding negative and adversarial tests where applicable. | Check that the coverage ledger identifies modules with missing rejection coverage. | Check that public-status tags are applied consistently to every line.,"Existing Lean derivation chain (positive lane) | Theophysics core modules (Theophysics_Core.lean, BridgeScoreDiscipline.lean, etc.) | Workbook structure and tabs","Adds a structured plan for negative and adversarial derivation families, enabling a full test architecture that proves exclusions and failure conditions.",Preserves the existing positive derivation chain and its constructive proofs.,"Without this redraft, the derivation run remains one-sided, lacking negative and adversarial tests, reducing trustworthiness and leaving overclaims unguarded.",Lean modules | Workbook tabs | Public-status tags | Negative_Type values | Response_Type values,coherent,yes,unclear,methodological_plan,NOT_ESTABLISHED,B,adopt_as_plan,May be mistaken for a claim that negative theorems are already proven. | May be mistaken for a formal specification of the derivation families. | May be mistaken for a guarantee that the redraft will produce trustworthy results.,If the redraft is presented as having already produced negative proofs. | If the plan is treated as a substitute for actual formalization. | If the public-status tags are used to claim more than is proven.,"Formalize at least one negative derivation family (e.g., zero-factor sufficiency failure) in Lean.","This document is a plan to redraft the Lean derivation workbook to include negative and adversarial derivation families, ensuring the framework proves not only what it affirms but also what it excludes. It outlines three lanes (positive, negative, adversarial) plus a coverage ledger, and specifies ten negative derivation families to add. It does not itself provide formal proofs."
06_Lean_Negative_Inventory.md,06_Lean_Negative_Inventory,Lean Negative Inventory,"Every positive claim in the Faith Thru Physics Lean architecture must be paired with a formal negative counterpart: a collapse condition, an insufficiency condition, and at least one adversarial false-positive rejection.","Negative theorem: a formal statement that asserts the invalidity, insufficiency, or collapse of a proposed positive claim under specified conditions. | Collapse condition: a condition under which the master equation or a key component becomes zero, rendering the overall coherence invalid. | Insufficiency condition: a condition where a single factor or local positivity is not enough to guarantee global coherence or validity. | False-positive rejection: a formal proof that a proposed isomorphism, mapping, or interpretation is invalid because it fails to preserve required structure or signatures. | COMPILED_NOW: negative theorems already present in the active Lean repository and part of the successful package. | WORKBOOK_TARGET: negative chains implied by the workbook and addendum docs, not necessarily formalized in the root package. | MISSING_TARGET: negative families that should exist but are not yet clearly formalized.","Maintain and extend the negative inventory so that every positive claim in the architecture is accompanied by formal negative theorems: collapse conditions, insufficiency conditions, and false-positive rejections. Prioritize formalizing WORKBOOK_TARGET and MISSING_TARGET families.",This document does not itself contain formal proofs; it is an inventory of existing and needed negative theorems. | It does not assert that all listed negative theorems are currently formalized; statuses are explicitly marked. | It does not upgrade theological claims into physical proofs; it only records the negative side of the Lean program. | It does not claim completeness; it explicitly lists missing targets.,"For each positive claim in the architecture, verify that there exists at least one formal negative theorem addressing collapse, insufficiency, and false-positive rejection. | Check that all COMPILED_NOW theorems are present in the active Lean repository and compile successfully. | Check that WORKBOOK_TARGET chains are either formalized or explicitly tracked as pending. | Check that MISSING_TARGET families are either formalized or listed as open work items. | Review that no positive claim is made without a corresponding negative counterpart in the inventory.",04_Lean11_Master_Architecture.md | 05_Lean_Derivation_Redraft_With_Negatives.md | Lean 4.xlsx workbook | Theophysics_Core.lean | Final_Lean4_From_Excel.lean | Theophysics_Coherence.lean | Theophysics_ChiEvaluator.lean | Theophysics_Fall.lean | Theophysics_Fracture.lean | Theophysics_Adversarial.lean,"Provides a centralized, reviewable inventory of all negative theorems and negative theorem families in the Lean program, distinguishing compiled, workbook-target, and missing targets, enabling systematic completion of the negative architecture.","Preserves the existing compiled negative theorems and their status as COMPILED_NOW, ensuring they remain visible and load-bearing.","If this inventory is removed, the negative side of the architecture becomes fragmented and unverifiable; missing negative families may be overlooked, leading to overclaiming and unguarded positive claims.",Negative theorem -> Lean theorem name | Status legend -> COMPILED_NOW / WORKBOOK_TARGET / MISSING_TARGET | Positive claim -> corresponding negative counterpart,coherent,yes,no,Inventory of negative theorems and targets,NOT_ESTABLISHED,B,Track as a living inventory; formalize missing targets; use as a checklist for negative coverage.,May imply that all listed negative theorems are formally proven when some are only workbook targets or missing. | May overstate the completeness of the negative architecture. | May conflate theological necessity with mathematical proof.,"If a listed COMPILED_NOW theorem is not actually present in the Lean repo, the inventory's credibility collapses. | If the inventory is used to claim that the architecture is locked down without formalizing missing targets, it becomes misleading. | If negative theorems are misinterpreted as positive proofs of theological claims.","Formalize all WORKBOOK_TARGET and MISSING_TARGET negative families in Lean, ensuring every positive chain has collapse, insufficiency, and false-positive rejection.","This document is a catalog of negative theorems and negative theorem families in the Faith Thru Physics Lean program. It lists already-compiled negative theorems (e.g., zero-factor collapse, coupling irreversibility, mapping invalidation, fracture/fall distinctions, counterfeit coherence, stage reversal, law bypasses, isomorphism guards), workbook-target chains (Maxwell/Trinity, justice/mercy, resurrection, memory, hit-rate), and missing targets (per-factor insufficiency, dependency-lattice, sign/conversion, resurrection false-positives, isomorphism-chain inventory). It serves as a reviewable checklist to ensure every positive claim has a corresponding negative counterpart, but it does not itself contain formal proofs."
06_PUBLIC_SUMMARY.md,06_PUBLIC_SUMMARY,Public Summary  -  Hubble Gradient,"The Hubble Gradient thesis must be communicable to a smart non-specialist in plain language, without jargon, and must include honest disclosure of evidence, kill conditions, and narrative origin.","Public Summary: A document intended for a smart non-specialist audience, approximately 2,000 words, with no unexplained jargon. | Kill conditions: Explicit statements of what evidence or argument would disprove the thesis. | Biaxiosum: The narrative of the author's bias, journey, and honesty about both.","Produce a public summary of the Hubble Gradient thesis that is accessible to a non-specialist, includes sections on findings, significance, testing, falsification, origin, and next steps, and passes the jargon check.",Does not provide the technical derivation or full evidence for the thesis. | Does not replace the full thesis document. | Does not guarantee the thesis is true; it only ensures the summary is clear and honest.,"Check that the document is approximately 2,000 words. | Check that no unexplained jargon is used (jargon check passes). | Check that all required sections are present and filled with substantive content. | Check that kill conditions are explicitly stated in plain language.",The full thesis document (DT-004) for accurate content. | The author's understanding of the thesis and its evidence.,"Provides a non-specialist entry point to the thesis, enabling broader communication and scrutiny.",The core claims and evidence of the thesis are preserved in summary form without distortion.,"Without the public summary, the thesis lacks an accessible communication layer, reducing its reach and potential for public engagement.",Plain language for non-specialists | Honest disclosure of evidence and limitations | Narrative transparency (Biaxiosum),unknown,needs_review,unclear,communication artifact,NOT_ESTABLISHED,C,"Draft the public summary according to the template, then review for clarity and honesty.","The summary might overstate the certainty of the thesis if not carefully worded. | The summary might omit important caveats or kill conditions, misleading readers.","If the summary uses unexplained jargon, it fails its purpose. | If the summary omits kill conditions or misrepresents evidence, it is dishonest. | If the summary exceeds or falls far short of the word target, it may not meet the intended format.","A clear, honest, and accessible summary that accurately reflects the thesis and its limitations.","This document is a template for a public summary of the Hubble Gradient thesis. It outlines required sections and an audit block, but contains no actual content. The canonical action is to fill in the template with plain-language explanations of the thesis, its significance, testing, falsification, origin, and next steps, ensuring it is understandable to non-specialists and honest about evidence and limitations."
07_DEFENSE_RECORD.md,07_DEFENSE_RECORD,Defense Record  -  Hubble Gradient,A thesis claim earns its degree only if it survives a live adversarial session with an attacker from outside the thesis domain.,"Adversarial session: a structured exchange where a designated attacker with a declared worldview attempts to break the thesis claim. | Attacker: a person or AI system whose field is outside the thesis domain, with priors stated before the session. | Survived: the claim held under attack without breaking, or broke but was fixable and fixed. | Broke: a part of the thesis that failed under pressure and could not be immediately repaired.","Conduct a live adversarial session for thesis unit DT-004, with a designated attacker from outside the thesis domain, and record the exchange, outcomes, and verdict in the Defense Record.",Does not define the specific content of the thesis claim or its proof. | Does not guarantee that survival in the session constitutes absolute truth. | Does not specify the exact format or duration of the session beyond being live or async. | Does not replace the need for formal verification or empirical evidence.,Check that the Defense Record contains a named attacker from outside the thesis domain. | Check that the attacker's worldview and primary line of attack are stated before the session. | Check that at least one round of attack and defense is documented with outcomes. | Check that the record includes a list of what broke and what survived. | Check that a verdict (Passed/Conditional/Failed) is recorded.,DT-004 thesis claim | Papers I-III (referenced as needing updates) | Destruction Manual (for kill conditions),"Provides a structured adversarial validation process for the thesis, producing a defense record that can be audited.","Preserves the requirement that the thesis be tested against strong objections, and that failures are documented.","Without this record, the thesis lacks a demonstrated adversarial defense, weakening its claim to have 'earned the degree'.",adversarial session -> stress test | survived -> passed under attack | broke -> failed under pressure,coherent,yes,unclear,procedural requirement,NOT_ESTABLISHED,C,"treat as a process directive, not a proof; implement the session and record results",Assuming survival in the session proves the thesis true. | Assuming the record itself is sufficient without actual execution. | Assuming the attacker's field being outside the domain guarantees objectivity.,"If the session is not conducted, the record is empty and the claim is void. | If the attacker is from within the thesis domain, the adversarial requirement is violated. | If the record omits failures, it is dishonest and invalid.",Formalize the session protocol as a checklist; do not attempt to formalize the thesis content.,"This document is a template for a defense record, requiring a live adversarial session to validate the thesis. It does not contain actual results or proof, only a procedure to follow."
17_LEAN_PYTHON_COLAB_EXCEL_CROSSWALK_READOUT_v0.md,17_LEAN_PYTHON_COLAB_EXCEL_CROSSWALK_READOUT_v0,Lean / Python / Colab / Excel Crosswalk Readout v0,"Every claim must be typed, supported, and guarded according to its actual evidence layer; no layer may be inflated beyond what it proves.","Lane4 Typed Canon: a discipline layer that classifies items into types such as Primitive, Definition, Theorem, BridgePrinciple, etc., and dictates which types may become Lean axioms, definitions, proof targets, or metadata. | Lean proof surface: the set of authored Lean 4 files and theorems, with proof strength categories (definition, wrapper, trivial marker, finite decidable, simplification, substantive case proof, domain judgment, needs source path). | Python/Colab runtime packet: the collection of notebooks and scripts with runtime status (not_declared, open_or_conflicted, claims_verified, mixed_verified_and_open) and evidence classes. | Excel Canonical Ledger: the workbook with sheets for canonical rows, repair summary, staging, alignment, missing rows, false positives, open guards, proof strength, and Python/Colab audit; currently placeholder-heavy. | Open Guards: explicit guardrails that limit claims, such as fixed-point existence is partial, timestamp evidence proves existence not truth, and certain bridges remain open.","Create a repaired copy of the Excel ledger named 'Lean 4 - CANONICAL_LEDGER_V2.crosswalk_repair.xlsx', add a 'LEAN_PYTHON_COLAB_EXCEL_CROSSWALK' sheet with the specified columns, and populate it using Lane4 for claim typing, Lean for formal support, Python/Colab for runtime support, and Open Guards for public-status limits. Rewrite public claims to match actual support levels.","Does not claim that the Excel ledger is fully aligned or ready as a joined proof/evidence ledger. | Does not claim that all Lean theorems are substantive proofs; marker theorems and definitional proofs are labeled as such. | Does not claim that notebook evidence is public-grade until rerun, saved, hashed, and classified. | Does not claim that the Lagrangian-to-product-form bridge or design-to-moral-character derivation is closed. | Does not use raw file counts as evidence; counts must be filtered to exclude build artifacts and internals.",Check that every V2 row has a typed_canon_id and claim_type from Lane4. | Check that every Lean support entry has a proof strength classification from the allowed list. | Check that every Python/Colab artifact has a runtime status and evidence class. | Check that every public claim has a public_status value from the allowed list and references an open guard if applicable. | Check that no claim states 'Lean proves the Master Equation' without the qualified wording provided.,"Lane4 Typed Canon (typed-canon-reclassification.csv, typed-canon-summary.md, TheophysicsCanon.lean, TheophysicsModules.lean) | Lean proof surface (authored .lean files in EVIDENCE, MASTER_EQUATION, Lane4 folders) | Python/Colab runtime packet (readiness summary, inventory, claim runtime matrix, status register) | Excel Canonical Ledger (CANONICAL_LEDGER_V2.xlsx and Python Colab Audit copy) | Open Guards sheet","Provides a crosswalk that joins claim type, Lean proof strength, Python/Colab runtime status, and open guards into a single ledger, enabling accurate public claim wording and preventing overclaiming.","Preserves the existing discipline of Lane4, the no-sorry Lean core, the cautious Python/Colab packet, and the structural architecture of the Excel ledger.","Without this crosswalk, the Excel ledger remains placeholder-heavy, public claims risk overstatement, and the layers remain unjoined, leading to potential misrepresentation of evidence strength.",typed_canon_id -> claim_type -> logical_force | lean_theorem -> lean_source -> lean_proof_strength | python_colab_artifact -> runtime_status -> evidence_class | public_claim_text -> public_status -> open_guard,coherent,yes,unclear,MetaClaim,NOT_ESTABLISHED,B,Create crosswalk sheet and repair ledger as specified; do not treat as proof of any underlying claims.,Treating the Excel ledger as fully joined when it is placeholder-heavy. | Treating all Lean theorems as substantive proofs without labeling proof strength. | Citing notebook evidence as public-grade without rerun and saved outputs. | Claiming the Lagrangian-to-product-form bridge is closed. | Using raw file counts as evidence without filtering.,If the crosswalk sheet is not created or populated as specified. | If public claims are rewritten without matching actual support levels. | If open guards are removed or hidden. | If the repaired ledger is presented as proof of theological identifications or closed physics bridges.,"Formalize the crosswalk as a data structure in Lean, if desired, but the primary target is the Excel ledger repair.","This document audits the current state of Lean proofs, Python/Colab runtime artifacts, and Excel ledgers, concluding that the pieces exist but are not fully joined. It recommends creating a crosswalk sheet to type every claim, attach proof strength, runtime status, and open guards, and rewrite public claims to match actual support. The document itself is a meta-claim about the state of the project, not a proof of any underlying physics or theology."
18_LEAN_AXIOM_BUNDLE_ATTACK_SURFACE_v0.md,18_LEAN_AXIOM_BUNDLE_ATTACK_SURFACE_v0,Lean Axiom Bundle / Attack Surface v0,"All load-bearing assumptions must be collected into a single visible, attackable bundle; downstream proofs must trace to that bundle; bridge claims and theological identifications must be explicitly labeled and separated from formal theorems.","Assumption Bundle: a small, explicit, named set of primitive assumptions that Lean is allowed to assume. | Bridge claim: a statement that maps a formal result to a theological or empirical concept, not proven by Lean. | Theological identification: a claim that a formal object corresponds to a specific theological entity (e.g., Christ). | Anti-smuggling rule: no theorem may import a theological conclusion as an unnoticed premise. | Public claim labels: CANON, LEAN_SUPPORTED, RUNTIME_SUPPORTED, STRONG_BUT_NEEDS_SOURCING, USEFUL_BUT_UNVERIFIED, SPECULATIVE, OPEN_BRIDGE, CONTRADICTED, QUARANTINE.","Implement a formal project structure with a single AxiomBundle file, definitions file, theorem files that accept the bundle as a parameter, and metadata files for bridge claims and public claim status. Ensure every theorem traces back to the bundle and every bridge claim is labeled.",Does not claim that Lean proves God or any theological conclusion. | Does not define the final theology; the minimum bundle is a first attackable core. | Does not allow theorems to silently import theological premises. | Does not treat definitions as discoveries; they are controlled vocabulary.,Check that all load-bearing assumptions are listed in the AxiomBundle file. | Check that no theorem file invents fresh assumptions outside the bundle. | Check that bridge claims and theological identifications are labeled as such. | Check that public claims carry one of the defined support labels. | Check that the anti-smuggling rule is enforced: no theorem imports a theological conclusion as an unnoticed premise.,Lean 4 proof assistant | Existing Prover9 toy theorem (referenced) | Excel ledger for public claims,"Provides a structured method to make all assumptions explicit and attackable, enabling honest auditing and preventing smuggling of conclusions.","Preserves the ability to prove conditional structural theorems under stated assumptions, as already demonstrated by the Prover9 toy theorem.","Without this bundle, the formal system becomes scattered and un-auditable, allowing critics to fairly claim smuggling and undermining the credibility of downstream results.",Assumption bundle -> Lean structure AxiomBundle | Definitions -> Lean definitions/structures | Bridge claims -> metadata labels | Public claim status -> Excel field assumption_bundle_dependency,coherent,yes,yes,methodological_standard,NOT_ESTABLISHED,B,adopt_as_standard,May be interpreted as claiming that the bundle itself is proven or that the listed assumptions are true. | May be interpreted as claiming that the formal system can prove theological conclusions if the bundle is accepted. | May be interpreted as claiming that the minimum bundle is sufficient for all downstream results.,If the bundle is not actually used consistently in all downstream proofs. | If bridge claims are presented as formal theorems without proper labeling. | If the anti-smuggling rule is violated.,"Implement the AxiomBundle structure and a few downstream theorems that accept the bundle as a parameter, demonstrating the pattern.","This document defines a methodological standard for organizing Lean formalizations of Theophysics: collect all assumptions into a single visible bundle, separate definitions and bridge claims, and ensure every theorem traces back to the bundle. It does not prove any theological claim but provides a structure for honest formal reasoning."
2026-07-02-theophysics-isolator-design.md,2026-07-02-theophysics-isolator-design,Theophysics Isolator  -  Neutral Core + Adjudication Protocol,"Under positive decay, a coherence system with a bounded effective source that is a function only of its internal state cannot reach perfect coherence; perfect coherence requires an unbounded or external source contribution.","RestorationFramework: structure with State, coherence c, source sigma, decay delta, openness omega, and derivative deriv = omega * sigma * (1 - c) - delta * c. | EndogenousSource: sigma is determined entirely by the system's own state (exists f such that sigma s = f s). | BoundedEffectiveSource: effective_source = omega * sigma is bounded above by a finite state-independent constant K_eff. | PositiveDecay: delta s > 0 for all states s. | ExogenousSource: sigma includes a contribution not computable from the system state (sigma = f_internal + sigma_ext). | FaithIsCoupling: omega scales the rate of source reception but does not itself add source; sigma is constant in omega at fixed internal state.","Implement the neutral core in Lean 4 (Isolator.lean) proving the bound theorem and corollary, and provide interpretation modules and a protocol document that assigns proof obligations to Christian, Buddhist, and materialist interpretations without presupposing any.","The neutral core does not import or assert any theological interpretation. | The theorem applies only to scalar coherence in [0,1] and to bounded effective sources; it does not address unbounded or exogenous sources. | The theorem does not claim finite-time reachability of perfect coherence; it only states an equilibrium bound. | The protocol does not decide which worldview is correct; it only specifies what each must prove.",lake build succeeds with all new files. | Neutral core compiles independently of interpretation modules. | Interpretation modules compile only by importing the neutral core. | Include concrete examples: linear bounded effective source with k_eff < delta_min gives c* < 1; constant exogenous source with Lambda -> infinity gives c* -> 1.,Existing abstract CoherenceSystem in DharmaMirror.lean | Lean 4 environment with lake build,"Provides a formal, neutral isolator theorem that bounded endogenous restoration cannot reach perfect coherence under positive decay, and a protocol for adjudicating worldview interpretations without presupposing any.",Preserves the existing abstract coherence skeleton and prior results in DharmaMirror.lean; does not alter them.,"Without the isolator, the project lacks a formal constraint-based test to distinguish endogenous vs exogenous restoration claims; the adjudication protocol would have no neutral mathematical anchor.","Lean 4 formal proof | Plain-language protocol document | Interpretation modules (Christian, Buddhist, Materialist)",coherent,yes,unclear,formal mathematical theorem (proposed),NOT_ESTABLISHED,C,Implement and verify in Lean 4; then reclassify based on actual proof artifacts.,"The EndogenousSource class is trivial unless paired with BoundedEffectiveSource; the isolator's force may be overstated if this pairing is not emphasized. | The theorem assumes bounded effective source; unbounded functions that grow with state could mimic exogenous behavior and must be classified separately. | The theorem concerns scalar coherence; worldviews rejecting this metric may sidestep the isolator, and the protocol's requirement to defend alternative metrics may be insufficient. | The proof sketch relies on monotonicity of x/(x+d); must be formally verified in Lean.",If the bound theorem fails to compile or the proof is invalid in Lean 4. | If the neutral core inadvertently imports theological language. | If the interpretation modules cannot be implemented without violating the dependency direction.,"Isolator.lean with theorems bounded_endogenous_equilibrium_bound, bounded_endogenous_cannot_perfect, unbounded_source_perfect_attractor, and faith_coupling_not_source.","This design spec proposes a Lean 4 formal isolator proving that a coherence system with positive decay and a bounded endogenous source cannot reach perfect coherence, and pairs it with a protocol for how Christian, Buddhist, and materialist interpretations must engage the result. The document is a design plan, not a verified proof; the theorems are not yet established in Lean."
2026-07-02-theophysics-isolator-plan.md,2026-07-02-theophysics-isolator-plan,Theophysics Isolator Implementation Plan,Bounded effective source plus positive decay prevents perfect coherence in a restoration framework.,"RestorationFramework: a structure with State, c (coherence), sigma (source), delta (decay), omega (openness). | effectiveSource: omega(s) * sigma(s). | equilibrium: effectiveSource / (effectiveSource + delta). | BoundedEffectiveSource: effectiveSource bounded by K_eff. | PositiveDecay: delta(s) > 0 for all s. | ExogenousSource: sigma has a positive state-independent lower bound. | EndogenousSource: sigma is a function of state.","Implement a Lean 4 module DharmaMirror.Isolator with the RestorationFramework, type classes, and theorems; add interpretation placeholders and a protocol document.","The neutral core contains no theological axioms. | The unbounded-source theorem is a limit result, not finite-time reachability. | Interpretation modules may import the neutral core, but not vice versa. | The protocol does not assume any worldview is true.","lake build succeeds for all files. | The neutral core compiles independently of interpretation imports. | Theorems bounded_endogenous_equilibrium_bound, bounded_endogenous_cannot_perfect, unbounded_source_perfect_attractor, and faith_is_coupling_not_source are accepted by Lean.",Mathlib reals and tactics | Lean 4.31.0 | Existing DharmaMirror library,"Provides a formal framework to adjudicate endogenous vs exogenous restoration claims, with a proof that bounded endogenous sources cannot achieve perfect coherence.",The existing DharmaMirror library remains intact; new module is additive.,"Without this module, there is no formal basis for the isolator protocol; the adjudication rules lack mathematical grounding.",Lean 4 theorem statements | Mathematical notation in protocol document,coherent,yes,yes,Implementation plan with formal theorems,LEAN_CONDITIONAL_PROOF,B,Implement and verify in Lean; treat theorems as conditional on successful compilation.,"The theorem statements may not compile as written; the plan includes placeholders and incomplete proofs. | The unbounded-source theorem is a limit result, not finite-time reachability; could be misread as implying actual perfect coherence. | The protocol's adjudication rules may be seen as overreaching beyond the formal results.","If the Lean theorems fail to compile, the formal claims are not established. | If the neutral core imports interpretation modules, the neutrality constraint is violated. | If the protocol claims to prove theological truths, it oversteps.",Formalize the theorems in Lean 4 and verify they compile; ensure the neutral core remains independent.,This document is an implementation plan for a Lean 4 module that formalizes a restoration framework and proves that bounded effective source plus positive decay prevents perfect coherence. It also includes interpretation placeholders and a protocol for adjudicating worldview claims. The plan is coherent but the theorems are not yet verified; they are conditional on successful Lean compilation.
7Q_DOMAIN_VOCABULARY.md,7Q_DOMAIN_VOCABULARY,7Q Domain Vocabulary  -  All Domains,"The 7Q skeleton is invariant across domains; each domain supplies vocabulary for each Q slot, with five universal death types always present.","7Q skeleton: the invariant set of seven questions (Q1-Q7) that structure any domain analysis. | Domain vocabulary: the specific terms, types, and lists that populate each Q slot for a given domain. | Universal death types: self-refutation, infinite regress, empirical contradiction, logical incoherence, explanatory failure. | Domain kills: additional death conditions specific to a domain, added to the universal ones.","When a domain is selected, load the corresponding vocabulary into each Q slot of the 7Q skeleton, ensuring the universal death types are always included.",Does not define the 7Q skeleton itself; it only provides domain-specific vocabulary. | Does not specify how the vocabulary is used in reasoning or analysis. | Does not provide the actual content of the universal death types beyond naming them. | Does not validate the correctness of the domain vocabularies.,"For any domain, the vocabulary must map to each Q slot without contradiction. | The five universal death types must be present in every domain's kill conditions. | The template for adding a new domain must be followed to ensure consistency.","7Q skeleton (invariant structure) | Five universal death types | Domain-specific knowledge (physics, biology, etc.)","Provides a standardized vocabulary layer for applying the 7Q framework across multiple domains, enabling consistent domain-specific analysis.",Preserves the invariant 7Q skeleton and the universal death types.,"Without this vocabulary, the 7Q framework would lack domain-specific terms, making it impossible to apply to concrete domains.",Domain-specific terminology | 7Q slot labels (Q1-Q7) | Universal death types,coherent,yes,yes,template,NOT_ESTABLISHED,B,store as canonical template for domain vocabulary; do not treat as empirical claim.,"May be mistaken for a complete theory rather than a vocabulary template. | The claim that the 7Q skeleton is invariant is asserted, not proven. | Domain vocabularies may be incomplete or biased.",If the 7Q skeleton is not actually invariant across domains. | If a domain vocabulary contradicts the universal death types. | If the template cannot accommodate a legitimate domain.,A formal specification of the 7Q skeleton and domain vocabulary as a data schema.,"This document defines a vocabulary template for applying the 7Q framework to various domains (physics, biology, theology, etc.). It specifies what terms populate each of the seven questions for each domain, and emphasizes that five universal death types always apply. It is a structural template, not a scientific claim."
7Q_EVIDENCE_PROTOCOL.md,7Q_EVIDENCE_PROTOCOL,The 7Q Evidence Protocol  -  Comprehensive Classification,Evidence without explanation is incomplete; explanation without evidence is speculation. Three channels multiply; you cannot compensate for zero in one channel by maxing another.,"Phenomenon Strength (PS): weighted score of reproducibility (0.40), effect size (0.30), and measurement quality (0.30). | Explanatory Depth (ED): weighted score of mechanism clarity (0.40), constraint consistency (0.30), and explanatory scope (0.30). | Experiential Coherence (EC): weighted score of internal consistency (0.25), longitudinal stability (0.25), behavioral transformation (0.25), and intersubjective pattern (0.25). | Completeness Factor (CF): CF = (0.5 + 0.5  ED)  (0.5 + 0.5  EC). | Final Evidence Score (E_final): E_final = PS  CF, with caps applied. | Five Evidence Gates: Identity (E1), Type (E2), Strength (E3), Linkage (E4), Vulnerabilities (E5).","Apply the 7Q protocol to any evidence claim entering the system: classify philosophically, score across three channels, compute completeness and final evidence score, pass through five gates, assess competing models, audit the chain, and derive truth score contributions.",Does not guarantee truth; it guarantees transparency. | Does not itself provide evidence; it classifies and weighs evidence. | Does not replace domain-specific expertise; it provides a structured framework. | Does not assign absolute truth values; it produces scores and flags.,"For any evidence claim, verify that all three channels (PS, ED, EC) are scored and multiplied, not added. | Verify that the why-penalty is applied when ED < 0.3. | Verify that the no-lived-validity flag is raised when EC < 0.1. | Verify that all five gates are addressed in sequence. | Verify that the final evidence score is computed as PS  CF with caps applied.",None explicitly; it is a meta-protocol for evaluating evidence claims.,"Provides a rigorous, transparent, and multi-dimensional classification and scoring system for evidence claims, enabling consistent evaluation across domains.",Preserves the requirement that evidence must be both explained and lived; unexplained or unlived evidence is penalized mathematically.,"Without this protocol, evidence evaluation becomes ad hoc and lacks transparency; the system loses a standardized method for weighing claims.","Evidence classification (ontological status, epistemological mode, inquiry type, scope, cross-domain status) | Three-channel scoring (PS, ED, EC) | Completeness factor and final evidence score | Five evidence gates (E1-E5) | Competing models assessment | Evidence chain audit | Truth score contribution (S/E/L/D/P/C)",coherent,yes,yes,methodological_protocol,NOT_ESTABLISHED,B,adopt_as_protocol,"The protocol's scoring formulas are presented as definitive but are not empirically validated. | The multiplicative nature of channels is asserted without justification. | The caps (e.g., ED < 0.3 -> cap at 0.50) are arbitrary and not derived from evidence. | The protocol claims to be 'comprehensive' but may not cover all evidence types.","If the protocol is used to claim that its scores are objective truth rather than heuristic tools. | If the protocol is applied without domain expertise, leading to misclassification. | If the protocol is used to reject evidence solely based on low scores without considering context.","A transparent, structured method for evaluating evidence claims, with clear scoring and flags, but not a proof of any specific claim.","This document defines a comprehensive protocol for classifying and scoring evidence claims. It introduces three channels (Phenomenon Strength, Explanatory Depth, Experiential Coherence) that multiply to produce a final evidence score, along with five gates for evaluating evidence quality. The protocol emphasizes that unexplained or unlived evidence is incomplete and should be penalized. It is a methodological framework, not a proof of any particular claim."
7Q_FORWARD_CLASSIFIER.md,7Q_FORWARD_CLASSIFIER,The 7 Questions  -  Universal Classifier (Forward) v2.0,"Every scientific object must be classified by seven ordered questions: identity, domain, claim, evidence, dependency, consequence, and falsification.","Q1 Identity: What the object is, its stability, authorship, and mathematical content. | Q2 Domain: The scientific or framework domain, subdomain, scale, regime, and cross-domain mappings. | Q3 Claim: The precise assertion, claim type, strength, and framework-specific predictions. | Q4 Evidence: The supporting evidence types, independence, replication status, and experimental data. | Q5 Dependency: The upstream axioms, laws, definitions, and assumptions required. | Q6 Consequence: The downstream implications, predictions, and forced framework elements. | Q7 Falsification: The conditions that would kill the object, collapse severity, and debate status.","Apply the seven questions in order to any scientific object to classify it, and optionally use the reverse flow for proof attempts.",Does not itself classify any specific object. | Does not provide evidence for any scientific claim. | Does not establish the truth of any framework-specific assertion. | Does not define the content of the Ten Laws or Master Equation variables beyond naming them.,Check that all seven questions are answered for a given object. | Verify that the classification fields match the object's properties. | Ensure that Q7 (falsification) is always specified for any object classified.,None explicitly required; the classifier is a meta-template.,"Provides a standardized, universal classification schema for any scientific object, including fields for evidence, dependencies, and falsification.","Preserves the ability to describe any object's identity, domain, claim, evidence, dependencies, consequences, and falsification conditions.","Without this classifier, objects lack a consistent classification structure, but the underlying objects and their properties remain unaffected.","Q1 Identity -> entity_type, status, origin | Q2 Domain -> domain, subdomain, scale, regime | Q3 Claim -> claim_type, certainty_type, mathematical_form | Q4 Evidence -> evidence_type, independent_lines, experimental_data | Q5 Dependency -> depends_on, axiom_dependencies, derivation | Q6 Consequence -> enables, implies, predicts | Q7 Falsification -> falsification, kill_conditions, collapse_scope",coherent,yes,yes,procedural_template,NOT_ESTABLISHED,B,adopt_as_template,"The classifier is presented as 'universal' but is not proven to cover all possible scientific objects. | The reverse flow is labeled as a proof method but is not a formal proof technique. | The template includes fields for framework-specific concepts (e.g., Master Equation) that may not apply to all domains.","If a scientific object cannot be classified using the seven questions, the classifier's universality is falsified. | If the reverse flow is shown to produce false proofs, its validity as a proof strategy is undermined.",Formalize the classifier as a schema and validate its applicability across diverse scientific domains.,"This document defines a universal classifier for scientific objects, consisting of seven ordered questions covering identity, domain, claim, evidence, dependency, consequence, and falsification. It provides a detailed YAML schema for each question and describes both forward (classification) and reverse (proof) flows. The classifier is a procedural template, not a scientific claim itself, and its universality is asserted but not formally proven."
7Q_INFERENCE_PROMPT.md,7Q_INFERENCE_PROMPT,7Q Adversarial Inference Prompt,"Adversarial structural testing of a claim yields a surviving insight, failure points, and a knowledge graph, without returning the worksheet.","Adversarial: aggressively but fairly testing a claim using a seven-part framework. | Surviving insight: the strongest precise version of the claim after analysis. | Failure points: the strongest reasons the claim could fail, each named by death type. | Knowledge graph: graph-ready nodes and edges representing claims, dependencies, predictions, etc.","When given a claim, apply the seven-part adversarial framework internally and return only the specified inference layer outputs, including a knowledge graph YAML.","Does not return the worksheet or the full reasoning process. | Does not validate the claim; it only tests structure and separates survival from death. | Does not dismiss unconventional claims solely for being unconventional. | Does not conflate lack of evidence with disproof, or coherence with truth.","Check that the output contains all required sections: Core Claim, Best Surviving Version, Type/Domain, Upstream Dependencies, Downstream Consequences, Primary Failure Points, What Survives, What Dies, Robustness Estimate, Scientific Extraction, Knowledge Graph YAML, Executive Summary. | Check that the knowledge graph YAML is syntactically valid and uses allowed node types and edge relations. | Check that the robustness estimate separates lack of evidence from disproof and conceptual coherence from empirical support. | Check that the analysis does not return the worksheet or full reasoning.",An LLM capable of following complex instructions and performing internal reasoning. | The user provides a claim to analyze. | The prompt's rules and output format are followed.,"Provides a structured, adversarial method for analyzing any claim, producing a knowledge graph and separating surviving from dead parts.",The prompt itself remains a reusable instruction set; it does not depend on any specific claim.,"Without this prompt, there is no standardized adversarial inference protocol; the capability to systematically test claims and extract knowledge graphs is lost.",LLM instruction | Adversarial reasoning framework | Knowledge graph schema,coherent,yes,yes,Methodological instruction,NOT_ESTABLISHED,B,Preserve as a reusable prompt template; do not treat as a validated scientific method.,Claiming that the prompt guarantees valid or true insights. | Assuming the output knowledge graph is complete or accurate. | Treating the robustness estimate as a formal measure.,If the prompt is shown to be ineffective in producing coherent outputs. | If the output format is not followed consistently. | If the framework is logically incoherent.,Formalize the seven-part framework as a Lean structure for checking the internal consistency of the reasoning steps.,"This document is a prompt template for adversarial analysis of claims. It defines a seven-part framework and an output format that returns only the inference layer, including a knowledge graph. It is a methodological tool, not a scientific claim, and its effectiveness is not formally proven."
7Q_MECHANISM_MAP_PHYSICS.md,7Q_MECHANISM_MAP_PHYSICS,7Q Mechanism Map  -  Physics Instantiation,"Every claim must be processed through the seven invariant questions (Q0 - Q7) to determine its truth score, with the mechanism never changing across domains; only the vocabulary adapts.","Q0 Posture Check: Determines whether the investigator is in advocacy or puzzlement mode; advocacy flags bias but does not kill the claim. | Q1 Identity: Fixes the object's entity type, physics type, formalism, master equation variable, and symmetry pair to prevent identity drift. | Q2 Location: Fixes the domain, subdomain, scale, regime, and isomorphism status (ISO-CONFIRMED, ISO-PARALLEL, ISO-ANALOGY) to prevent context drift. | Q3 Assertion: Pins the claim type, precision level, certainty, and physics-specific fields; must be precise enough to negate. | Q4 Evidence: Three-channel evidence (PS  CF) that multiplies; zero in one channel kills the score. | Q5 Dependencies: Analyzes the dependency chain to identify hidden assumptions and the axiom floor. | Q6 Consequences: Maps predictions into confirmed, untested, decisive, or failed categories. | Q7 Falsification: Names kill conditions using five universal death types and domain-specific kill conditions. | Truth Score: T = mean(S, E, L, D, P, C) where S=Survivability, E=Evidence, L=Logic, D=Dependencies, P=Predictions, C=Coherence.","When any claim enters the system, apply Q0 - Q7 in order, compute the truth score, and output a verdict (ALIVE, DEAD, or OPEN) based on the score and kill conditions.","Does not provide a formal proof of the mechanism's correctness. | Does not specify the exact formulas for PS and CF in the evidence channel. | Does not define how to compute S, E, L, D, P, C precisely beyond the mean formula. | Does not list all possible domain-specific kill conditions for every field. | Does not claim that the mechanism is complete or that it guarantees truth.","For any claim, verify that each of Q0 - Q7 is answered with the defined vocabulary. | Check that the claim can be negated (Q3 test). | Verify that kill conditions are named and testable (Q7). | Compute the truth score and compare to the confidence level table.",The document depends on the existence of a claim to evaluate. | It depends on the definitions of the seven questions and their invariant functions. | It depends on the truth score formula and the confidence level thresholds.,"Provides a structured, domain-adaptable framework for evaluating claims across physics and other fields, with explicit kill conditions and a truth score.",Preserves the invariant core of the 7Q mechanism: the seven questions and the truth score formula remain unchanged across domains.,"If the 7Q mechanism is removed, there is no systematic method for evaluating claims, leading to ad-hoc analysis and potential bias.","Physics vocabulary: entity types, physics types, formalisms, master equation variables, symmetry pairs. | Domain-specific subdomains, scales, regimes, and isomorphism statuses. | Claim types, precision levels, certainty levels, and physics-specific fields. | Evidence channels and prediction categories. | Kill conditions: five universal death types and domain-specific conditions.",coherent,yes,unclear,methodological framework,NOT_ESTABLISHED,C,"Adopt as a structured heuristic for claim evaluation, but do not treat as a proven or complete method.","Claims that the mechanism is 'complete' or 'universal' without formal proof. | The truth score formula is presented as objective but lacks precise definitions for its components. | The document implies that the mechanism can determine truth, but it only provides a heuristic score.",If the truth score formula is shown to be inconsistent or arbitrary. | If the mechanism fails to handle a known class of claims. | If the evidence channels (PS and CF) are not defined precisely enough to be computed.,"A formal specification of the 7Q mechanism with precise definitions for all components, and a proof of its effectiveness or a clear statement of its limitations.","This document describes a seven-question framework (Q0 - Q7) for evaluating claims, with a truth score computed from six variables. It is designed to be domain-adaptable, but it is not formally proven and lacks precise definitions for some components. It should be treated as a structured heuristic, not a definitive method."
7Q_NEW_SCIENTIFIC_METHOD.md,7Q_NEW_SCIENTIFIC_METHOD,The New Scientific Method  -  Housed in the 7Q Framework,"Truth emerges from destruction, not confirmation; inquiry must include the why layer and epistemic humility.","Destruction-first: starting inquiry by attempting to falsify all plausible models. | Why layer: formal inquiry into mechanistic, statistical, teleological, constraint, and ontological causes. | Q0: the precondition that the inquirer cannot be the ground of inquiry; arrive with humility. | Model death: a model is provisionally accepted only if it survives all attempts to kill it. | Cross-domain coherence: a model must hold across physics, mathematics, logic, information theory, and metaphysics.","When conducting scientific inquiry, generate competing models, attempt to falsify them, ask why at multiple levels, check cross-domain coherence, and maintain epistemic humility.",Does not claim to replace all scientific practice; it is a framework for inquiry. | Does not guarantee that asking why will produce breakthroughs. | Does not provide a formal algorithm for generating models or testing them. | Does not claim that teleological or ontological why answers are always testable.,"Check that inquiry starts with destruction, not confirmation. | Check that multiple competing models are generated and tested. | Check that the why layer is explicitly addressed (mechanistic, statistical, teleological, constraint, ontological). | Check that cross-domain coherence is evaluated. | Check that Q0 humility is acknowledged.",7Q_FORWARD_CLASSIFIER.md | 7Q_REVERSE_PROOF.md,"Provides a destruction-first, why-inclusive scientific method framework that formalizes model competition and epistemic humility.","Preserves the core of empirical testing and falsification, but expands it to include multiple death conditions and cross-domain coherence.","If removed, the framework loses its distinctive destruction-first and why-inclusive approach, reverting to a more traditional hypothesis-confirmation method.",Scientific method | Epistemology | Inquiry framework,coherent,yes,unclear,methodological framework,NOT_ESTABLISHED,C,preserve as a methodological proposal; do not treat as empirically verified,"Claims historical evidence demonstrates that asking why is the engine of discovery, but this is an interpretation, not a controlled study. | Claims the traditional method has no why layer, but some fields do address why informally. | Claims the new method closes the gap, but it does not provide a formal proof of efficacy.",If the why layer admits untestable speculative answers without constraint. | If the method fails to produce better scientific outcomes in practice. | If the historical evidence is shown to be cherry-picked or misrepresented.,"A methodological proposal for destruction-first, why-inclusive inquiry; not a proven replacement for the scientific method.","This document proposes a new scientific method based on the 7Q framework, emphasizing destruction-first inquiry, mandatory model competition, and a formal why layer. It argues that the traditional method's avoidance of why is a structural gap and that asking why drives breakthroughs. The method includes Q0 humility, five death conditions, multi-dimensional evaluation, and cross-domain coherence. However, it is a proposal, not an empirically validated method, and its historical claims are interpretive."
7Q_REVERSE_PROOF.md,7Q_REVERSE_PROOF,The 7 Questions  -  Proof Engine (Reverse),A claim is proven only if it survives exhaustive elimination of all possible death conditions.,"Death condition: any falsification attempt, self-refutation, infinite regress, empirical contradiction, logical incoherence, or unsupported assertion. | Survivor: the claim that remains after all death conditions have been tested and eliminated. | Forced consequence: a necessary implication of the survivor that cannot be avoided. | Exhaustive elimination: the process of testing every defined death condition without holding back.","Apply the 7Q Reverse protocol to any scientific claim: start with destruction, then force, ground, support, state, generalize, and name.",Does not guarantee that all death conditions have been enumerated; exhaustive is aspirational. | Does not replace empirical evidence; evidence is used only after survival. | Does not prove a claim is true; it proves it survived the tested death conditions. | Does not provide a formal logical proof system; it is a methodological template.,"Check that all death conditions are explicitly listed and tested. | Verify that the survivor's forced consequences are logically entailed. | Confirm that evidence is presented after survival, not before. | Ensure the claim is stated only after survival is established. | Check that the final identity is derived from the survival process.",The concept of falsification and death conditions. | The logical principle of elimination (modus tollens). | The scientific method as a baseline for contrast.,"Provides a structured reverse method for proving claims by exhaustive elimination, shifting from confirmation to destruction.","Preserves the core scientific value of falsifiability and evidence, but reorders their role.","If the death-condition-first approach is removed, the method collapses into traditional hypothesis testing, losing its distinctive reverse proof structure.",Scientific method | Falsificationism | Eliminative induction,coherent,yes,unclear,methodological,NOT_ESTABLISHED,C,preserve as methodological template; do not treat as proven scientific law,Claims to 'prove anything' without formal proof. | Assumes exhaustive elimination is achievable in practice. | May overstate the power of survival as proof. | The method itself is not empirically validated.,"If exhaustive elimination is impossible, the method fails. | If survival does not imply truth, the method is invalid. | If the method cannot be applied to real scientific claims, it is vacuous.",Formalize the elimination process as a logical framework; test on historical scientific claims.,"This document proposes a reverse scientific method: instead of confirming a hypothesis, you first try to kill it by listing all possible death conditions. Whatever survives is considered proven. The method is presented as a template with seven steps, but it is not a formal proof system and its claims of exhaustive proof are not established."
7Q_UNIVERSAL_KERNEL.md,7Q_UNIVERSAL_KERNEL,The 7 Questions  -  Universal Kernel,"Every claim can be classified or proven by running seven invariant questions in forward or reverse order, with evidence scored as PS  CF and falsification via five universal death types.","Q0 Posture: declaration of worldview, epistemology, priors, and off-ramp before inquiry. | Q1 Identity: what the thing is, its entity type, axiom class, status, origin. | Q2 Location: domain, subdomain, scale, and cross-domain mappings. | Q3 Assertion: precise claim, negation, boundary, claim type, precision level. | Q4 Evidence: three channels (PS, ED, EC) multiplied to E_final = PS  CF. | Q5 Dependency: upstream dependencies, assumptions, boundary conditions, terminus type. | Q6 Consequence: what the claim enables, implies, predicts, and forces. | Q7 Falsification: five death types (self-refutation, infinite regress, empirical contradiction, logical incoherence, explanatory failure). | PS: Phenomenon Strength = reproducibility0.40 + effect_size0.30 + measurement_quality0.30. | ED: Explanatory Depth = mechanism0.40 + constraints0.30 + scope0.30. | EC: Experiential Coherence = consistency0.25 + stability0.25 + transformation0.25 + pattern0.25. | CF: Coherence Factor = (0.5 + 0.5ED)  (0.5 + 0.5EC). | E_final: Final Evidence Score = PS  CF, with caps and flags. | Death types: universal falsification categories. | Domain plugin: extension slots for domain-specific fields.","When classifying or proving any claim, load the 7Q kernel, select a domain plugin, and run the seven questions in the chosen direction, scoring evidence and applying death tests.",Does not provide domain-specific content; requires a domain plugin. | Does not itself prove or classify any specific claim. | Does not define what counts as a valid domain plugin beyond the schema. | Does not specify how to resolve conflicts between death tests. | Does not guarantee that the truth score formula is empirically validated.,"For any claim, can the seven questions be applied without changing the kernel | Does the evidence scoring formula produce a number between 0 and 1 | Are all five death types applicable to any claim | Does the kernel produce the same structure regardless of domain | Can the kernel be run in both forward and reverse directions","Domain plugins (physics, biology, theology, etc.) | User-provided Q0 posture declaration | Evidence data for PS, ED, EC scoring | Definition of death types as universal","Provides a universal, domain-agnostic framework for classifying or proving any claim using seven invariant questions and a multiplicative evidence model.","Preserves the ability to evaluate claims across domains with a consistent structure, including falsification and evidence scoring.","Without the kernel, there is no unified method for applying 7Q across domains; each domain would need its own ad-hoc process, losing cross-domain comparability.","Forward classification: Q1->Q2->Q3->Q4->Q5->Q6->Q7 | Reverse proof: Q7->Q6->Q5->Q4->Q3->Q2->Q1 | Evidence scoring: PS, ED, EC, CF, E_final | Death types: self_refutation, infinite_regress, empirical_contradiction, logical_incoherence, explanatory_failure",coherent,yes,yes,methodological_framework,NOT_ESTABLISHED,C,preserve_as_template,Claims universality without empirical validation. | Assumes the five death types are exhaustive and universal. | Assumes the evidence formula is valid across all domains. | Uses 'isomorphism' language that may overstate structural equivalence. | The truth score integration is not derived from evidence.,If a domain exists where the seven questions cannot be applied. | If a claim survives all five death types but is still false. | If the evidence formula produces inconsistent results across domains. | If the kernel fails to classify a known valid claim.,"A methodological template for structured inquiry, not a scientific theory.","This document defines a universal framework called the 7Q Kernel, which uses seven questions (identity, location, assertion, evidence, dependency, consequence, falsification) to classify or prove any claim in any domain. It includes a detailed evidence scoring system and a list of universal failure modes. The kernel is intended as an invariant structure that domain plugins extend. However, its universality and the validity of its scoring formulas are not empirically established; it is a proposed methodology rather than a proven system."
7Q_WALKTHROUGH.md,7Q_WALKTHROUGH,7Q Walkthrough  -  Step by Step Through the Machine,"Every claim carries its own death warrant; the 7Q process is the irreducible method for evaluating any claim by fixing identity, location, assertion, evidence, dependencies, consequences, and falsification conditions.","7Q: The seven-question evaluation process: Q0 posture, Q1 identity, Q2 location, Q3 assertion, Q4 evidence, Q5 dependencies, Q6 consequences, Q7 falsification. | chi-field: A scalar field coupled to spacetime curvature, proposed to explain dark energy and consciousness. | DESI DR2: Dark Energy Spectroscopic Instrument Data Release 2, providing a 4.2 signal for evolving equation of state. | Ghost freedom: The property of a field theory having no negative-probability states; single-field ghost freedom is proven, multi-component (10 DOF) is not. | ISO-PARALLEL: A cross-domain status indicating a parallel structure but not yet confirmed. | E_final: The final evidence score computed as PS  CF, where CF = (0.5 + 0.5ED)  (0.5 + 0.5EC).","Apply the 7Q process to any claim, producing a fixed identity, domain, assertion, evidence score, dependency chain, prediction map, and kill conditions, then compute a composite truth score.",Does not prove or disprove the chi-field hypothesis; it only evaluates it. | Does not replace domain-specific scientific validation. | Does not claim the 7Q process itself is infallible. | Does not assert that the chi-field is responsible for dark energy; it only assesses the claim's current status.,"For any claim, verify that Q1-Q7 are answered and that the negation test is passed. | Check that the evidence score E_final is computed as PS  CF with CF = (0.5 + 0.5ED)  (0.5 + 0.5EC). | Verify that the dependency chain is traced to axioms and that hidden assumptions are listed. | Verify that kill conditions are named and that the final truth score is computed as the mean of the six component scores.",General Relativity | Quantum Field Theory | Shannon Information Theory | Axiom A1.1: Existence | Axiom A1.3: Information Primacy | Law L10: C = Coherence -> Christ,"Provides a step-by-step walkthrough of the 7Q evaluation process, demonstrating how to apply it to a specific claim and compute a truth score.",Preserves the 7Q evaluation framework and its scoring methodology as described in the document.,"If this walkthrough is removed, the 7Q process remains defined elsewhere, but the concrete example and scoring details would be lost, reducing clarity and reproducibility.",7Q process | chi-field hypothesis | DESI DR2 | Euclid mission | Ghost freedom,coherent,yes,yes,methodology walkthrough,NARRATIVE_ANCHOR,B,preserve as a canonical example of the 7Q process; do not treat as evidence for the chi-field hypothesis.,"The document's final verdict 'ALIVE. TENTATIVE' could be misread as endorsing the chi-field hypothesis. | The truth score 0.680 is a heuristic, not a rigorous proof. | The walkthrough's clarity might be mistaken for scientific validation.","If the 7Q process is shown to be logically inconsistent, the walkthrough loses its instructional value. | If the chi-field hypothesis is empirically falsified, the example becomes obsolete but the process remains valid. | If the scoring methodology is arbitrary, the walkthrough's credibility is undermined.","The 7Q process as a method for evaluating claims, not the chi-field hypothesis itself.","This document walks through the 7Q evaluation process using the chi-field dark energy claim as an example. It scores each question, computes a truth score of 0.680 (TENTATIVE), and identifies hidden assumptions and open kill conditions. It is a methodological walkthrough, not a proof of the claim."
Appendix_B.md,Appendix_B,The Hubble Gradient Function H(z),"The measured Hubble constant H is frame-dependent and varies with redshift according to the structure fraction f_s(z), following H(z) = H_thermal + H * f_s(z).","H_thermal = 67.4 km/s/Mpc (Planck 2018 CMB value) | H_local = 73.5 km/s/Mpc (SH0ES local distance ladder value) | H = H_local - H_thermal = 6.1 km/s/Mpc | f_s(z) = structure fraction: fraction of baryonic matter in gravitationally collapsed, thermodynamically structured systems at redshift z | z_t = transition redshift where f_s(z_t) = 0.5 |  = steepness parameter of the logistic transition","Use Eq. B.1 to predict H at various redshifts, with parameters derived from structure formation data, and test against model-independent distance ladder measurements.",Does not derive the thermodynamic reference frame from first principles. | Does not prove structure formation is the correct variable. | Does not replace CDM; standard cosmology is recovered as a special case. | Does not claim certainty about z_t and ; they are testable predictions.,Compare predicted H(z) with direct distance ladder measurements at z > 1 (not BAO). | Check if best-fit z_t and  from Hubble data fall within allowed ranges and are consistent with structure formation data. | Falsification if H(z > 3) > 70 km/s/Mpc for any allowed parameter combination.,"Planck 2018 H_thermal = 67.4 | SH0ES H_local = 73.5 | Structure formation simulations (Illustris-TNG, EAGLE, FLAMINGO) for z_t and  ranges | Standard Friedmann equation as baseline","Provides a quantitative, testable prediction for the redshift dependence of the Hubble constant, offering a potential resolution to the Hubble tension without modifying gravity or adding particles.",Preserves all predictions of GR and CDM within each reference frame; standard cosmology is recovered at z=0.,"Without this appendix, the paper's claim of resolving the Hubble tension lacks a concrete, testable functional form and would remain a qualitative hypothesis.",H(z) as a function of redshift | Structure fraction f_s(z) | Parameters z_t and ,coherent,yes,yes,testable physical hypothesis,NOT_ESTABLISHED,C,test,"The functional form is assumed, not derived from first principles. | The parameters z_t and  are not precisely known; the allowed ranges are broad. | The claim that H(z) is frame-dependent is an interpretation, not proven. | BAO measurements are model-dependent and may not directly test the gradient.","KC-B1: Best-fit z_t outside [0.5, 5.0] | KC-B2: Best-fit  outside [0.5, 4.0] | KC-B3: H(z > 3) > 70 km/s/Mpc | KC-B4: Best-fit z_t and  inconsistent with structure formation data (>3) | KC-B5: Direct distance ladder at z > 1 shows H > 72","A lean formalization would focus on the algebraic definition of H(z) and the parameter constraints, without asserting the physical interpretation as proven.","This appendix proposes a mathematical function for how the measured Hubble constant varies with redshift, based on the idea that the 'ruler' used to measure expansion depends on the fraction of matter that has formed structures. It provides specific predictions and falsification criteria, but the underlying physical interpretation is not derived from first principles and the parameters are not precisely known."
Appendix_D.md,Appendix_D,The Full Framework: Information-Density Time Coupling and the Consciousness Contribution,Spacetime emerges from information; information density affects clock rates; structure formation and consciousness increase coherent information density; sin and grace are information operations.,"Information density rho_info(t) = I_coherent(t) / V_horizon(t), where I_coherent is total coherent (low-entropy, structured) information content and V_horizon is comoving horizon volume. | Coherent information: structured, low-entropy, meaningful pattern; distinct from entropy. | Consciousness: an information generator operating at rates vastly exceeding non-conscious processes. | Sin: introduction of noise into a coherent signal, increasing local entropy. | Grace: injection of coherent information into a corrupted system from outside, decreasing local entropy.","Propose a mechanism linking information density to time flow, and use it to explain the Hubble gradient and Tolman scaling; treat sin and grace as information operations with cosmological effects.",Does not claim consciousness created the universe. | Does not claim prayer measurably alters the Hubble constant at human scales. | Does not claim to replace general relativity. | Does not claim certainty; provides kill conditions. | Main paper and Appendix B stand alone without this appendix.,"KC-D1: If rho_info does not correlate with any measurable cosmological parameter, the mechanism fails. | KC-D2: If Tolman test deviates from (1+z)^-4 at high precision, the framework fails. | KC-D3: If consciousness has no measurable effect on local information density, the consciousness claim collapses. | KC-D4: If PROP-COSMOS correlations are artifacts of bias, the grace-insertion claim fails. | KC-D5: If a purely mechanistic model reproduces Tolman without information-density coupling, this appendix is unnecessary.","Main paper (emergent distance framework) | Appendix B (functional form for H0(z)) | Tolman surface brightness observations | Holographic principle (Bekenstein, Bousso, Susskind) | Information integration theory of consciousness (Tononi)",Provides a mechanism (information-density time coupling) to explain why structure fraction affects measured expansion rate and to recover Tolman scaling.,Preserves the falsifiable predictions of the main paper and Appendix B; Tolman scaling is recovered.,The main paper and Appendix B remain intact; this appendix is explicitly optional context. The Hubble gradient prediction does not collapse without it.,Information density -> clock rate | Structure formation -> information density increase | Consciousness -> information generation rate | Sin/grace -> entropy change operations,defective,no,no,theological_physics_bridge,NOT_ESTABLISHED,D,quarantine,"Claims sin and grace physically alter time flow without empirical support. | Prophetic event correlations (11/11, p<10^-8) are asserted without independent verification. | Consciousness contribution to information density is speculative and not quantified. | Information-density time coupling is introduced ad hoc to fix Tolman scaling.",KC-D1: rho_info cosmologically inert | KC-D2: Tolman deviates from (1+z)^-4 | KC-D3: consciousness has no measurable effect on rho_info | KC-D4: PROP-COSMOS correlations shown as artifacts | KC-D5: mechanistic model reproduces Tolman without information coupling,Main paper and Appendix B only; exclude Appendix D from physics claims.,"This appendix proposes that information density affects time flow, explaining the Hubble gradient and Tolman scaling, and extends to consciousness, sin, and grace as information operations. It is explicitly optional and not required for the main paper. The claims are speculative and lack empirical support; the document itself provides kill conditions. It should be quarantined from physics claims."
ArmorOfGod.md,ArmorOfGod,ArmorOfGod.lean,"Each piece of the Armor of God is a protection operator that preserves a coherent state (one) against environmental noise, and does not generate coherence.","Coherent state (one): a state of alignment or righteousness that is to be preserved. | Protects operator: a function that maps state one to one, and any other state to itself unchanged. | Armor piece: one of six constructors (BeltOfTruth, Breastplate, ShoesOfPeace, ShieldOfFaith, Helmet, Sword) each implementing the Protects operator.","The system should treat each armor piece as a coherence-preserving operator that only defends existing coherence, never creates it, and requires the precondition of alignment (state = one) for preservation.",Does not model generation of coherence from noise. | Does not distinguish between the six pieces in formal effect; all implement the same Protects operator. | Does not model specific decoherence channels beyond the generic preservation. | Does not assert theological truth; only formalizes a mathematical interpretation.,Check that Protects p one = one for all p. | Check that Protects p s = s for s  one. | Check that armor_stability theorem is proved by simp in Lean. | Check that no theorem claims armor creates coherence from noise.,"CoherenceAlgebra definitions (state one, noise) | Lean4 standard library for simplification","Formalizes the Armor of God as coherence-preserving operators, enabling verification of preservation properties in a noisy environment.",Preserves the existing CoherenceAlgebra framework and the notion of coherent state (one).,"If removed, the formal link between the Armor of God and coherence preservation is lost, weakening the theological-to-mathematical bridge.",Ephesians 6:10-18 | CoherenceAlgebra | Law Q (Faith coupling) | Decoherence protection,coherent,yes,yes,formal_definitional,LEAN_FORMAL_PROOF,B,preserve,"May be interpreted as proving theological efficacy of armor, but it only proves a mathematical property of a simplified model. | The simplicity of the Protects operator may be overgeneralized to real-world decoherence channels. | The special role of the Shield of Faith is commented but not formally distinguished.",If the CoherenceAlgebra definitions are inconsistent or not accepted. | If the mapping from Ephesians to the formal model is rejected as arbitrary. | If the claim is extended to say armor generates coherence or works without precondition.,Formalize the six armor pieces as protection operators and prove preservation of coherent state under the Protects operator.,"This document formalizes the six pieces of the Armor of God as operators that preserve a coherent state (one) against noise, but do not create coherence. It proves that if the state is already coherent, any armor piece preserves it. The model is deliberately simple and does not distinguish between pieces formally. The proof is a Lean formal proof of a definitional property."
atlas_reference_readout.md,atlas_reference_readout,ATLAS Lean Reference Readout,"ATLAS is an external reference corpus for Lean proof patterns and project structure, not canon evidence for Theophysics claims.","ATLAS: autoformalized Lean 4 textbook mathematics library, machine-generated, ongoing, with some sorry-backed declarations. | Reference corpus: a body of examples used for pattern-matching and structural guidance, not for truth-bearing. | Canon evidence: material that directly supports or justifies Theophysics axioms or claims.","Use ATLAS as an external reference for Lean project layout, proof-review metadata, and mathlib idioms. Do not import its theorems or treat its content as supporting Theophysics claims.",Does not assert any mathematical or theological truth. | Does not provide verified proofs for Theophysics statements. | Does not authorize copying ATLAS content into the canon. | Does not serve as evidence for any Theophysics claim.,"Check that ATLAS is referenced only for structural patterns, not for claim support. | Verify that no ATLAS theorem is cited as proof in Theophysics documents. | Confirm that any copied files are quarantined and marked as external reference.",Lean 4 toolchain v4.29.0 | Mathlib revision 8a178386ffc0f5fef0b77738bb5449d50efeea95 | External repository at D:\GitHub\atlas-lean (moved to G:\GitHub\atlas-lean),"Provides a reference corpus for Lean project organization and proof-review metadata patterns, enabling structural guidance for Theophysics Lean integration.","Preserves the distinction between external reference and canon evidence, preventing contamination of Theophysics axioms with unverified machine-generated content.","If removed, the Lean specialist loses a concrete example of Lean project layout and proof-review metadata, but no Theophysics claim is weakened.",Lean project structure | Proof-review categories | targets.yaml and report.json metadata patterns,coherent,yes,yes,reference_artifact,NOT_ESTABLISHED,C,quarantine_as_external_reference,Treating ATLAS as evidence for Theophysics claims. | Assuming ATLAS theorems are fully verified when some are sorry-backed. | Copying ATLAS content into canon without proper attribution and quarantine.,If ATLAS is cited as proof for a Theophysics claim. | If ATLAS content is merged into canon without external-reference marking. | If the document's guardrail is ignored.,A Lean file that imports ATLAS patterns but does not depend on ATLAS theorems for Theophysics proofs.,"This document describes ATLAS, an autoformalized Lean 4 library, as a reference for proof patterns and project structure. It explicitly warns that ATLAS is not canon evidence. The canonical action is to use it only as an external reference, never as support for Theophysics claims."
Audio_Mapping_OUTBOX_to_Articles.md,Audio_Mapping_OUTBOX_to_Articles,Audio Mapping: OUTBOX MP3 -> Website Article,"Each MP3 file in the OUTBOX directory must be mapped to a corresponding website article, and the mapping must be used to upload the audio to R2 and inject the player into the article.","OUTBOX: Directory containing MP3 files ready for upload. | INBOX: Directory containing MP3 files still being processed. | R2: Cloud storage bucket for hosting audio files. | Article: HTML page on the website that should embed the audio player. | Canonical batch: The newer GTQ_ prefixed audio files, preferred over older format.","For each MP3 in OUTBOX, if a matching article exists, upload the MP3 to the R2 bucket under the audio/ prefix, then inject the player HTML into the corresponding article. If no matching article exists, either create the article or leave the MP3 unmapped as bonus content.",Does not define the content or theology of the audio. | Does not specify the exact player HTML or injection method. | Does not handle the INBOX files; they are not yet ready. | Does not resolve the ambiguity of the 'Turtles' file or 'THE_PRISM_Article'.,"For each mapped MP3, verify that the file exists in R2 at the expected URL. | Verify that the corresponding article contains a player element referencing that URL. | Verify that the mapping table is complete and consistent with the actual files in OUTBOX.",R2 access keys | Node.js environment for running list-r2.mjs | Website repository with article HTML files,"Provides a systematic mapping from audio files to articles, enabling automated upload and player injection.",Preserves the existing mapping information and the canonical GTQ batch selection.,"Without this mapping, the audio files would not be associated with their intended articles, breaking the audio integration.",MP3 filename -> article path | MP3 filename -> R2 URL | Article path -> player HTML,coherent,yes,yes,operational_mapping,NOT_ESTABLISHED,C,store_as_operational_guide,Assumes all listed MP3s exist and are correctly named. | Assumes the mapping is complete and accurate. | Assumes the R2 bucket and URL pattern are correct.,"If the R2 keys are not available, the upload cannot proceed. | If the mapping is incorrect, audio may be linked to wrong articles. | If the GTQ_ prefixed files are not the canonical versions, the wrong audio may be used.",A script that reads the mapping table and performs uploads and injections.,"This document is an operational mapping from MP3 files in an OUTBOX directory to website articles, including instructions for uploading to R2 and embedding players. It is not a theological or scientific claim, but a practical guide for audio integration."
AXIOM_DERIVATION_CHAIN.md,AXIOM_DERIVATION_CHAIN,Axiom Hierarchy & Derivation Chain,The system requires a truth-ground it cannot supply; Truth is pre-systemic and not derivable from within the hierarchy.,"Truth: correspondence of a statement to reality; pre-systemic, not an axiom, primitive term, or presupposition. | Existence: something rather than nothing; primitive term at Level 0. | Distinction: capacity for one thing to differ from another; primitive term at Level 0. | Information: existence of distinguishable states; primitive term at Level 0. | Good: C > 0; definition at Level 3. | Grace Operator (): non-unitary, external operator required for sign-flip. | Sign Conservation Theorem T8.1: self-operations preserve moral sign; ' = U(self)   = .","The system should treat Truth as the ungrounded ground, not as a derivable axiom; maintain the hierarchy with Truth below the floor; enforce the February 14 boundary; and require external Grace for any sign-flip in the moral dynamics.","The system cannot reason below its own presuppositions; it cannot define or prove Truth from within. | The framework does not claim to prove theological claims; it points to a socket that theology fills. | Theological postulates are on a parallel track, not on the main derivation chain. | The system does not derive Truth from axioms; axioms depend on Truth.",Check that no axiom or definition attempts to define Truth within the system. | Verify that the derivation chain does not claim to prove Truth. | Verify that the February 14 boundary is respected: no reasoning below presuppositions. | Check that the Grace Operator is non-unitary and external in all formal statements. | Verify that the Soteriological Limit derivation yields chi = 0 without external Grace.,"Gdel's incompleteness theorems | Linear algebra (sign conservation) | Master Equation formalism | Thermodynamics (phase transition) | Curry 2019 (cooperative behaviors) | Empirical studies (PEAR, GCP, Wei et al.)","Provides a hierarchical derivation chain from primitive terms to empirical predictions, with explicit falsification conditions and a formal spine for soteriology.",Preserves the February 14 boundary: the system cannot reason below its presuppositions; Truth remains pre-systemic.,"If Truth is removed as pre-systemic ground, the entire hierarchy lacks foundation; axioms become arbitrary assertions without truth-evaluability.","Theological: Truth as Logos, Grace as external intervention | Mathematical: Gdel incompleteness, non-unitary operators, fixed points | Empirical: falsification conditions, empirical correlations",coherent,partial,unclear,axiom hierarchy and derivation chain,NOT_ESTABLISHED,C,quarantine,Claims 'derived' for theological conclusions without formal proof. | Equates mathematical boundary with theological evidence. | Uses Gdel to support theological claims beyond its scope. | Presents empirical correlations as confirmation of theological axioms.,"If any falsification condition is demonstrated (e.g., something from nothing without distinction). | If a biblical act of perfect mercy with genuine debt waiver is found (kills Axiom 189). | If a moral event with zero agency is found (kills Axiom 190). | If a stable society contradicts Curry's seven behaviors (kills Axiom 191). | If another ethical system independently derives 'love your enemies' (kills Axiom 192). | If a 25th divine property not covered by Fruits is found (kills Axiom 193).",Formalize the derivation chain in a proof assistant; verify each step; separate theological postulates from mathematical claims.,"This document establishes a seven-level hierarchy from primitive terms to empirical predictions, with Truth as a pre-systemic ground. It presents a derivation chain from existence to grace, supported by formal theorems and empirical correlations. However, many 'derived' claims are theological and not formally proven; the document itself acknowledges the boundary between mathematics and theology. The node should be treated as a coherent framework but with claims requiring further formalization and separation of theology from physics."
BRIDGE_PROTOCOL_2026-07-17.md,BRIDGE_PROTOCOL_2026-07-17,The Bridge Protocol,"No physics-theology mapping is canonical merely because it is beautiful, emotionally resonant, rhetorically powerful, or spiritually useful; it must pass through four explicit layers: physical, structural, theological, and epistemic.","Physics Claim: A statement about the physical world, accountable to physics, using language like measured, modeled, observed, mathematically described, experimentally supported, standard interpretation, contested interpretation. | Structural Claim: A domain-neutral pattern abstracted from the physics, stated without religious language, using language like structurally resembles, instantiates the pattern of, behaves like, has the formal features of, preserves the relation. | Theological Mapping: A claim that the structural pattern corresponds to a theological concept, using language like maps to, corresponds to, illuminates, gives physical form to, provides a structural analogy for, may be read as. | Character Claim: A synthetic claim about what the mapped structure reveals about God, Christ, sin, grace, judgment, love, truth, or human nature, using language like the framework reads this as, this supports the portrait of, this contributes to the claim that, within the Theophysics system, this means. | Stress Properties: Physical features that do not obviously fit the theological reading, which must be named in every mapping. | Rival Readings: At least one non-theological or alternative reading that must be acknowledged. | Claim Status Labels: Measured, Modeled, Structural, Analogical, Isomorphic, Theological, Synthetic, Homiletic, Speculative, Rejected.","Apply the Bridge Protocol to all physics-theology mappings in the framework, ensuring each passes the four layers, seven tests, and is labeled with a claim status. Use the canonical bridge template for each law, and start with the strongest three mappings: Gravity/Grace, Strong Force/Love, Thermodynamics/Judgment and Need for External Rescue.","This protocol does not claim that physics alone can prove theological claims. | It does not allow physics prestige to make theological claims feel proven when only an analogy has been established. | It does not treat physics, metaphysics, theology, and rhetoric as the same kind of claim. | It does not permit cherry-picking only properties that fit the theology; stress properties must be named. | It does not permit one-way confirmation; failure conditions must be included. | It does not call a bridge canonical until it passes all seven tests.","Physical Boundedness: The physical claim is specific and not inflated. | Structural Extraction: The pattern is stated without theological words. | Relation Preservation: The mapping preserves relationships, not just vibes. | Bidirectional Pressure: The theology interprets the physics, but the physics also constrains the theology. | Stress Properties: Misfitting or dangerous properties are named. | Rival Readings: At least one non-theological or alternative reading is acknowledged. | Claim Status: The final claim is labeled as proof, model, analogy, formal isomorphism, synthesis, or devotional use.",Physics claims must be accountable to standard physics. | Theological concepts must be grounded in theological interpretation or doctrine. | The framework's existing Ten Laws are subject to audit under this protocol.,"Provides a rigorous method for evaluating and canonizing physics-theology mappings, preventing both loose analogy and overclaimed proof, and making the framework auditable.",Preserves the ability to make meaningful theological mappings from physics while maintaining epistemic humility and avoiding overclaim.,"Without this protocol, the framework risks collapsing into either devotional metaphor with physics vocabulary or overclaimed proof that physics proves theology, undermining its credibility and internal conscience.","Physics register: measured, modeled, observed, mathematically described, experimentally supported. | Structural register: structurally resembles, instantiates the pattern of, behaves like, has the formal features of, preserves the relation. | Theological register: maps to, corresponds to, illuminates, gives physical form to, provides a structural analogy for, may be read as. | Epistemic register: proof, model, analogy, formal isomorphism, synthesis, devotional use.",coherent,yes,yes,methodological protocol,NOT_ESTABLISHED,A,Adopt as canonical method for auditing all physics-theology mappings; apply to all Ten Laws.,The protocol itself could be seen as establishing that physics can prove theology if not applied carefully. | The worked example might be taken as proof of grace rather than as an analogy. | The term 'isomorphic' is used sparingly but could be overused if not strictly defined.,"If the protocol is ignored and mappings are made without passing the seven tests. | If the protocol is used to claim that physics proves theology, violating its own boundaries. | If stress properties and rival readings are omitted from canonical mappings.","A formal system for evaluating physics-theology mappings, potentially implementable in Lean, to check that each mapping satisfies the required structural relations and claim status.","This document establishes a protocol for legitimately mapping physics to theology, requiring explicit layers (physical, structural, theological, epistemic), seven tests, and claim status labels to prevent overclaim and loose analogy. It provides a worked example (gravity/grace) and mandates applying the protocol to all laws."
broad_lean_corpus_build_and_rich_iso_status_v0.md,broad_lean_corpus_build_and_rich_iso_status_v0,Broad Lean Corpus Build and Rich Isomorphism Status v0,"The broader Lean corpus contains a richer structural testing layer beyond equation-shape analogy, and its full build passes locally without active proof escapes.","Rich isomorphism: a mapping that preserves roles, transitions, signature discipline, gate behavior, and passes adversarial wrong-swap checks. | Proof escape: active use of sorry, admit, axiom, or unsafe in source files, excluding expected #check_failure diagnostics. | Seed kernel: a clean compressed assumption spine with 4 front-loaded assumptions and 17 no-sorry starter theorems. | Broad corpus: a richer formal archive with reported 287 theorems, zero sorry, zero admit, and adversarial proof surface.","Maintain the broad corpus as a separate build layer from the seed kernel, and continue to verify that the rich isomorphism layer is present and that the full build passes without active proof escapes.","Lean verifies the encoded structure but does not independently prove that every human label is domain-faithful. | Physics, theology, history, and source-grounding still carry the burden of domain faithfulness. | Do not dump the broad corpus into the seed package until the theorem inventory is normalized and wrapper/trivial rows are separated from substantive theorem rows.","Run 'lake build' and confirm it completes successfully. | Run the proof-escape scan and confirm no active sorry, admit, axiom, or unsafe in main source files. | Check that the rich isomorphism symbols and modules are present in the corpus. | Verify that the intended mappings pass and selected false mappings fail within the encoded model.","Lean 4 toolchain v4.31.0 | Local Lean standard-library cache | Theophysics_Core, Theophysics_Adversarial, Theophysics_Coherence, Theophysics_Fracture, Theophysics_Fall, Theophysics_ChiEvaluator, Theophysics_NegativeInventory modules","Provides a richer structural testing layer (signature discipline, role/transition preservation, gate tests, adversarial wrong-swap checks) beyond simple equation-shape isomorphism.",The seed kernel's clean compressed assumption spine and 17 no-sorry starter theorems remain intact as a separate build layer.,"If the rich isomorphism layer is removed, the framework would revert to relying merely on equation-shape analogy, losing the stronger structural testing and adversarial validation.",RichLawIso | richLaw4Iso | no_rich_iso_to_natural_coin | richRelabeledCoinIso | BridgeMatrix | MasterEquationInvariance,coherent,yes,yes,build status and structural capability claim,PYTHON_RUNTIME_SUPPORTED,B,preserve as a build-status and capability record; do not treat as a proof of domain faithfulness,Claiming that Lean proves domain-faithfulness of human labels. | Claiming that the rich isomorphism layer is equivalent to a full formal proof of the intended mappings. | Assuming the reported 287 theorems are all substantive without normalization.,If the full build fails on a clean checkout. | If active sorry/admit/axiom/unsafe are found in main source files. | If the rich isomorphism symbols are absent from the corpus.,"Formalize the rich isomorphism layer as a set of Lean theorems that verify role/transition preservation and signature discipline for the intended mappings, and prove that selected wrong-swap mappings fail.",This document reports that a broad Lean corpus builds successfully and contains a richer isomorphism layer with signature discipline and adversarial checks. It does not claim that Lean proves domain faithfulness; that remains a separate burden. The corpus should be kept separate from the seed kernel until the theorem inventory is normalized.
BUILD_ATTEMPT_2026-07-17.md,BUILD_ATTEMPT_2026-07-17,Build Attempt 2026-07-17,A clean source-only build of the Theophysics Lean repository is a necessary condition for verifying that the project compiles without source-level errors.,"Clean source-only build: a build performed from a fresh checkout without pre-existing build artifacts, using the specified Lean/Lake toolchain. | Source-level error: a type error, proof error, or syntax error in the Lean source files that prevents compilation. | Manual stop: an intentional interruption of the build process by the user, not a build failure.","Run the build from a local SSD checkout or with dependency caches materialized to obtain a clean, complete build log for professional review.",This document does not claim that the entire project builds successfully; the build was stopped before completion. | This document does not claim that all modules compile; only a subset of modules were observed to build. | This document does not provide a full build log or a final exit code from a completed build.,Execute 'lake build' in a clean local SSD checkout and verify that the command completes with exit code 0. | Check that all Theophysics modules compile without source-level errors. | Compare the set of successfully built modules against the list reported in this document.,Lean 4.32.0-rc1 toolchain | Lake 5.0.0-src+b4812ae | Theophysics Lean repository source code | Network drive or local SSD for storage,"Provides evidence that a subset of Theophysics modules compile under the specified toolchain, and identifies a practical recommendation for obtaining a complete build.",The claim that no source-level error was observed before manual stop is preserved; the document does not assert a full successful build.,"If this document is removed, the record of a partial build attempt and the recommendation for a local SSD build would be lost, but the underlying source code and toolchain remain unchanged.",Build log | Toolchain version | Module compilation status,coherent,yes,no,empirical build report,NOT_ESTABLISHED,C,Record as a build attempt log; do not treat as a proof of full compilation.,Interpreting the partial build as evidence that the entire project compiles. | Treating the absence of displayed errors before manual stop as a guarantee of no errors in unbuilt modules. | Ignoring the manual stop and the incomplete nature of the build.,If a subsequent complete build reveals source-level errors in modules not built here. | If the toolchain version is not reproducible. | If the working directory or source code is not available for verification.,"A complete, clean build log from a local SSD checkout with exit code 0.","This document reports a partial build attempt of the Theophysics Lean project. Several modules compiled successfully before the build was manually stopped due to slow network-drive performance. No source-level errors were observed, but the build was not completed, so it does not prove the entire project compiles. The recommendation is to run the build on a local SSD for a full audit."
canonical_derivation.md,canonical_derivation,canonical_derivation.ipynb,"The chi-field Lagrangian density, when varied, yields the equations of motion and conserved quantities that define the theoretical framework.","chi-field: a scalar field with Lagrangian density leading to a nonlinear Klein-Gordon equation with cubic self-interaction. | J_grace: a source term in the chi-field equation, with unresolved dimensional issues. | G_eff: effective gravitational constant modified by chi-field coupling, G_eff = G / (1 + chi).","Use the chi-field Lagrangian as the theoretical foundation for deriving equations of motion, conserved quantities, and gravitational modifications, while explicitly tracking derived vs asserted claims.",Does not provide numerical verification; symbolic derivation only. | Does not resolve the dimensional issue in J_grace. | Does not prove physical reality; only mathematical consistency from stated axioms.,Check that Euler-Lagrange derivation yields the stated equation. | Verify dimensional consistency of the Lagrangian. | Confirm propagator residue equals +1. | Check non-relativistic limit reduces to Gross-Pitaevskii. | Verify Noether currents are conserved. | Check stability conditions at chi=0.,"SymPy symbolic computation | Standard field theory methods (Euler-Lagrange, Noether's theorem) | Assumptions: m>0, >0 for stability","Provides an analytic derivation of the chi-field equations and properties, establishing a theoretical backbone for numerical experiments.","Preserves the mathematical consistency of the framework by deriving equations from a Lagrangian, ensuring no ghost modes and dimensional soundness.","Without this derivation, the framework lacks a formal mathematical foundation; numerical results would have no theoretical anchor.",Symbolic derivation (SymPy) | Field theory equations | Effective gravitational constant,coherent,yes,yes,mathematical derivation,SYMBOLIC_SUPPORTED,B,"preserve as derived mathematical framework, with explicit caveats on open issues",Treating symbolic derivation as physical proof. | Ignoring the open dimensional issue in J_grace. | Assuming the chi-field exists without empirical evidence.,If Euler-Lagrange derivation is found incorrect. | If dimensional analysis fails for the Lagrangian. | If propagator residue is not +1.,A mathematically consistent field theory with clearly bounded epistemic claims.,"This document is a symbolic derivation notebook using SymPy to derive the chi-field equations, propagator properties, and gravitational modifications. It establishes the mathematical backbone of the framework, but explicitly notes open issues like the dimensional problem in the grace source term. It is a coherent derivation from stated axioms, but not a proof of physical reality."
CANONICAL_MAP.md,CANONICAL_MAP,Canonical Map,"The canonical map defines the authoritative mapping from skill-level canonical categories to actual vault paths, enabling many-to-many resolution without restructuring.","Canonical category: A skill-level category such as Axioms, Definitions, Equations, Evidence, Laws, Proofs, Variables. | Primary path: The first-choice location for a category in the vault. | Secondary path: Fallback locations for a category when primary yields no direct match. | Excluded path: Any path containing /_ARCHIVE/, /ZZZ_FOLDER_REVIEW/, /999 codex delete/, or /__David/; excluded from canonical resolution by default. | Ring 2 linking: Linking that resolves canonical categories to actual files using this map.","When resolving a canonical category, use the translation table to locate files in primary paths first, then secondary paths; if unresolved, emit an Ungrounded Claim warning; never resolve from excluded paths.","Does not create or modify files. | Does not define the content of axioms, definitions, etc.; only their location. | Does not resolve from excluded paths. | Does not guarantee that a category exists in the vault; it only maps where it should live.","For each category, check that the primary path exists and contains files matching the pattern. | For each category, check that secondary paths are correctly listed. | Verify that excluded paths are not used in resolution. | Verify that resolution order is followed in automated tools.","Vault structure with folders 00_AXIOMS, 00_Canonical, 99_MATH_APPENDIX, 99_TAG_NOTES, MASTER_EQ_CONSOLIDATED/00_TOP_CANONICAL_MASTER_EQ/PASS_20260217_201732","Provides a deterministic mapping from canonical categories to actual vault paths, enabling automated Ring 2 linking without manual restructuring.",Preserves the existing vault organization and file locations; does not require moving or renaming files.,"If removed, Ring 2 linking would lack a defined resolution path, leading to ad-hoc or inconsistent file discovery.","Axioms -> 00_AXIOMS (^[0-9]+_A...) | Definitions -> 00_AXIOMS (^[0-9]+_D...) | Equations -> 00_AXIOMS (^[0-9]+_E...) | Evidence -> 00_AXIOMS (EV, EXP, PRED, FALS, PROT) | Laws -> 00_AXIOMS (D19.1 to D19.10) | Proofs -> 00_AXIOMS (T, LN, BC, F prefixes) | Variables -> 00_AXIOMS variable-definition notes",coherent,yes,yes,infrastructure,NOT_ESTABLISHED,B,preserve,The map may be incomplete or outdated; file counts and patterns may change. | The map does not validate the content of the files it maps to. | The map assumes the vault structure is stable; changes could break the mapping.,"If the vault structure changes significantly, the map becomes obsolete. | If the translation table is found to be inaccurate (e.g., wrong patterns), the map fails.",A minimal mapping table with only primary paths and exclusion rules.,"This document is a mapping table that tells the system where to find canonical categories (like axioms, definitions, equations) in the vault. It lists primary and secondary folders, excludes certain archive folders, and defines a resolution order. It is infrastructure, not a proof of any physical claim."
CF04_Naturalism.md,CF04_Naturalism,The Prosecution of Naturalism,Naturalism is guilty of failing to account for existence itself; a self-grounding substrate (God) is necessary.,"Naturalism: the view that nature is all there is and is self-sufficient. | Self-grounding: a ground that grounds itself without external cause. | Terminal observer: an uncaused, self-observing entity at the end of the observer chain.","Prosecute naturalism by presenting the grounding and terminal observer arguments, and declare its incompleteness.",Does not provide a formal proof of God's existence. | Does not address all possible objections to naturalism. | Does not establish the specific attributes of God beyond what is claimed in referenced papers.,Check that the grounding argument is logically valid. | Check that the terminal observer argument is logically valid. | Check that all referenced sources are accurately cited.,G01 | D02 | G02-G08 | CF01,"Provides a prosecutorial framing against naturalism, synthesizing prior arguments into a verdict.",Preserves the claims of self-grounding and terminal observer as necessary conditions.,"Without this document, the prosecution case against naturalism lacks a consolidated closing argument.",theological | philosophical | apologetic,defective,no,no,theological,NOT_ESTABLISHED,D,quarantine,Declares a verdict of 'guilty' without rigorous proof. | Equates self-grounding with God without sufficient justification. | Uses 'necessary existence' as a bridge to God without formal derivation.,If the grounding argument is shown to be invalid. | If the terminal observer argument is shown to be invalid. | If naturalism provides a coherent self-grounding alternative.,Axiom: Naturalism is incomplete without a self-grounding substrate.,"This document is a prosecutorial closing argument against naturalism, claiming it fails to account for existence and therefore God must exist. It relies on prior papers but lacks rigorous proof, containing many unfilled sections and overstatements. It is not admissible as a formal proof."
CF05_ObserverDenial.md,CF05_ObserverDenial,The Prosecution of Observer Denial,"Consciousness is real, causally efficacious, and irreducible; any worldview denying this is self-refuting.","Observer: a system with Phi > 0 (integrated information). | Consciousness: presence of Phi > 0. | Causal power: ability to influence physical events, e.g., quantum collapse. | Epiphenomenalism: view that consciousness has no causal power. | Hard Determinism: view that all events are determined and free will is illusory. | Eliminative Materialism: view that consciousness does not exist.",Reject any worldview that denies the reality or causal efficacy of consciousness; affirm the observer's role in physical reality.,"Does not provide a full physical mechanism for consciousness. | Does not quantify Phi or specify thresholds. | Does not address all forms of determinism or materialism. | Does not establish theological claims (e.g., soul conservation) as physical facts.","Check if the argument is logically consistent: if consciousness is causally inert, how can it produce arguments | Verify that the quantum collapse requires an observer with Phi > 0 (requires external validation). | Ensure that the conclusion does not overstate: consciousness has causal power, but not necessarily free will in the libertarian sense.",F05_Agency | H06_Consciousness | H09_Observer | P05_Quantum | D06_SoulConserv,"Provides a unified argument against epiphenomenalism, hard determinism, and eliminative materialism by linking consciousness to quantum collapse.","Preserves the reality of consciousness and its causal role, consistent with F05 and H06.","If removed, the argument against observer denial loses its central logical thrust, weakening the case for consciousness's causal efficacy.",Quantum mechanics | Integrated information theory | Philosophy of mind,defective,partial,no,metaphysical/philosophical,NOT_ESTABLISHED,C,quarantine,"Claims consciousness causes collapse without rigorous physical evidence. | Equates Phi > 0 with consciousness without empirical validation. | Uses self-refutation argument as proof of causal power, which is philosophical not empirical. | May overstate the verdict 'GUILTY' as if it were a proven fact.",If quantum collapse does not require an observer with Phi > 0. | If Phi is not a valid measure of consciousness. | If epiphenomenalism can be consistently maintained despite the self-refutation argument.,"Consciousness is real and has causal efficacy, but the specific mechanism via quantum collapse is not established.","This document argues that any denial of consciousness's reality or causal power is self-refuting, using quantum mechanics and integrated information theory. However, the argument relies on unproven assumptions and is not formally established."
CF06_SelfSalvation.md,CF06_SelfSalvation,The Prosecution of Self-Salvation,Self-salvation is impossible; external grace is necessary.,": moral sign, with  = -1 at birth for all humans. | Self-salvation: achieving  = +1 through one's own operations. | External grace: an operator  that flips  from -1 to +1.",Reject all doctrines of self-salvation and works-righteousness; affirm the necessity of external grace.,Does not define the specific nature of external grace. | Does not address the mechanism of grace application. | Does not provide a formal proof; only a sketch.,Check that any proposed salvation method does not rely solely on human effort. | Verify that the impossibility argument is not misapplied to deny the possibility of divine intervention.,H05_Flesh | H08_MoralSign | R01_Sin | R02_NoSelfSave | D01_SelfFlip,Provides a unified prosecution of self-salvation doctrines using the  framework.,Preserves the impossibility of self-flip from D01 and the universal  = -1 from H08.,"Without this node, the rejection of self-salvation lacks a consolidated case, but the underlying theorems remain.",theological | mathematical | legal,coherent,partial,no,theological impossibility claim,NOT_ESTABLISHED,C,quarantine,Claims mathematical impossibility without a rigorous formal proof. | Conflates theological doctrine with mathematical formalism. | Uses undefined terms like 'external grace' without precise definition.,If a counterexample to self-salvation is found within the framework. | If the  model is shown to be inconsistent. | If the proof sketch is invalidated.,Formalize the self-flip impossibility in a proof assistant.,"This document argues that self-salvation is impossible, using a mathematical analogy with a moral sign . It is a theological position paper, not a rigorous proof, and should be treated as a narrative anchor rather than a formal theorem."
CF07_Incoherence.md,CF07_Incoherence,The Prosecution of Incoherence,A self-knowing and self-loving God requires a Trinity of persons (BC4).,"BC4: The boundary condition that God must be self-knowing and self-loving, requiring internal distinction. | Trinity: The doctrine that God exists as three persons in one essence. | Incoherence: Failure to satisfy BC4 due to lack of internal distinction or self-relation.",Prosecute non-Trinitarian religions for failing BC4 and declare them incoherent.,Does not provide a formal proof of Trinity's existence. | Does not address all possible non-Trinitarian formulations. | Does not engage with alternative definitions of self-knowledge or self-love. | Does not establish that BC4 is a necessary condition for true God.,Check if each religion's concept of God includes internal distinction. | Verify that the derivation from self-knowledge/self-love to Trinity is logically valid. | Assess whether the BC4 scorecard accurately represents each religion's beliefs.,T01_TrinityNecessity | T04_BC4Uniqueness | D03_TrinityUnique | D04_ChristUnique,Provides a systematic prosecution of non-Trinitarian religions based on BC4.,Preserves the claim that only Trinity satisfies BC4.,"Without this document, the prosecution of non-Trinitarian religions lacks a consolidated argument.",theological | apologetic | mathematical,defective,no,no,theological prosecution,NOT_ESTABLISHED,D,quarantine,Declares verdict GUILTY without complete cross-examinations. | Assumes BC4 is universally valid without proof. | Equates mathematical uniqueness with theological truth. | Overgeneralizes about complex religions.,If BC4 is not a necessary condition for true God. | If self-knowledge/self-love can be satisfied without internal distinction. | If the derivation from self-knowledge to Trinity is invalid.,Formalize the derivation of Trinity from self-knowledge/self-love in a proof assistant.,"This document argues that non-Trinitarian religions are incoherent because they fail to satisfy BC4, which requires a self-knowing and self-loving God to be triune. However, the argument is incomplete and relies on unproven assumptions, so it is not established."
CF08_LogosWins.md,CF08_LogosWins,FINAL VERDICT: LOGOS WINS,"The Logos is the fundamental structure of reality, and that Logos is Christ.","Logos: The divine reason or word, identified with Christ, as the ordering principle of reality. | Boundary conditions (BC1-BC8): A set of eight criteria claimed to be necessary for a coherent worldview. | Self-flip: The act of a human achieving salvation through their own effort, deemed impossible. | Grace: Unmerited external assistance required for salvation, identified with Christ.","The system should treat Christianity as the uniquely true worldview, satisfying all eight boundary conditions, and should present the cumulative case from CF01-CF07 as conclusive evidence.",This document does not provide new evidence; it summarizes prior claims. | It does not prove the existence of God or the truth of Christianity; it asserts a verdict based on prior arguments. | It does not address objections or alternative interpretations of the boundary conditions.,Check that each boundary condition is explicitly claimed to be satisfied by Christianity. | Verify that the cumulative case follows the logical chain from existence to salvation. | Confirm that the document does not introduce new arguments beyond prior case files.,CF01_Nothingness | CF02_Chaos | CF03_Materialism | CF04_Naturalism | CF05_ObserverDenial | CF06_SelfSalvation | CF07_Incoherence,"Provides a final synthesis and verdict, claiming Christianity uniquely satisfies all eight boundary conditions.","Preserves the claims of prior case files, but does not add new evidence or proofs.","If removed, the cumulative case loses its final synthesis and verdict, but individual case files remain.","Theological: Logos as Christ, Trinity, Grace. | Philosophical: Boundary conditions, self-refutation, necessary existence. | Scientific: Information fundamental, consciousness causes collapse (as claimed).",coherent,partial,no,theological synthesis,NOT_ESTABLISHED,C,archive,Claims 'Christianity uniquely true' without rigorous proof. | Treats prior case files as established facts when they are not. | Uses 'Logos wins' as a rhetorical conclusion rather than a demonstrated result.,"If any prior case file is invalidated, the cumulative case weakens. | If boundary conditions are shown to be arbitrary or not necessary, the 8/8 claim fails. | If alternative worldviews can also satisfy the boundary conditions, uniqueness is lost.","The document should be treated as a summary of prior arguments, not as a standalone proof.","This document is a final summary that claims Christianity is the only worldview satisfying eight boundary conditions, based on prior case files. It does not provide new evidence and should be treated as a synthesis, not a proof."
chi_field.md,chi_field,chi_field.ipynb,The chi-field evolves as a scalar field in 1+1D according to the Klein-Gordon equation with phi^4 self-interaction and a grace source term.,"chi(x,t): scalar field value at spatial point x and time t | d'Alembertian in 1+1D: /t  /x | m: field mass squared | : self-coupling strength | J_grace: grace source term = _G * Phi * tanh(chi) / (S_local + ) | _G: grace coupling strength | Phi: spatial grace distribution | S_local: local entropy | : small positive number preventing division by zero","Implement and run the ChiFieldSolver class to numerically solve the chi-field PDE in 1+1D, including parameter scans and stability analysis.",Does not provide analytical proofs of existence or uniqueness. | Does not extend to higher spatial dimensions. | Does not include coupling to other fields beyond the grace source. | Does not claim physical reality; it is a numerical implementation.,Energy drift < 0.5% over 1000 time steps with 128 spatial points and dt=0.01. | Stability phase diagram reproduces expected bands for canonical parameters. | Dispersion relation  = k + m holds for linear modes.,"MasterEquation class (Lagrangian mechanics of 10-variable point system) | Standard numerical libraries (e.g., NumPy, SciPy) for ODE integration","Provides a numerical PDE solver for the chi-field, enabling spatial and temporal evolution studies beyond point mechanics.","Preserves the core chi-field dynamics as a field theory, consistent with the point system limit when spatial gradients vanish.","Without this node, the chi-field cannot be simulated as a field; only point approximations remain, losing spatial structure and propagation.",PDE solver | Klein-Gordon equation | phi^4 theory | grace source term | stability phase diagram,coherent,yes,yes,numerical implementation,COLAB_REPRODUCIBLE,B,preserve as numerical implementation; do not treat as proof of physical reality,Interpreting numerical stability as physical proof. | Claiming the grace source term is physically validated. | Extrapolating 1+1D results to higher dimensions.,If the notebook is not reproducible due to missing dependencies or code errors. | If the numerical method is unstable for canonical parameters. | If the energy drift exceeds stated bounds in independent runs.,"Formalize the numerical scheme and stability conditions in Lean, if feasible.","This document describes a Google Colab notebook that implements a numerical solver for the chi-field as a 1+1D Klein-Gordon equation with phi^4 self-interaction and a grace source term. It uses method of lines with finite differences and RK4 integration. The notebook includes parameter scans and reports stability and energy conservation. It is a numerical implementation, not a proof of physical reality."
chi_field_potential_search.md,chi_field_potential_search,chi_field_potential_search.ipynb,The chi-field potential V(chi) = mchi + chi defines stability regions in parameter space; canonical parameters must lie within a stable region.,"chi-field: scalar field with potential V(chi) = mchi + chi | m: mass squared parameter, can be negative (tachyonic), zero, or positive | : self-coupling parameter, non-negative | _G: grace coupling constant, strength of grace source term | STABLE: solution remains bounded over integration time | OSCILLATORY: solution oscillates without divergence | DECAYING: solution decays to zero | UNSTABLE: solution diverges",Systematically scan chi-field parameter space to map stability regions and verify canonical parameters lie within stable region with margin.,Does not derive the potential from first principles. | Does not establish physical viability of the chi-field. | Does not prove canonical parameters are unique or optimal. | Does not model early-universe symmetry breaking dynamics. | Does not provide analytical stability proofs; relies on numerical integration.,"Reproduce stability map by running notebook with same parameter ranges and integration settings. | Verify canonical parameters (m=10 kg*m*s, =0.01) yield STABLE outcome. | Check that boundaries between stable and unstable regions match expected analytical conditions (e.g., m<0, =0 unstable). | Confirm numerical stability for large  by using sufficiently small dt.",chi-field solver implementation | numerical integration method | parameter grid definitions | stability classification criteria,"Provides a stability map of the chi-field potential parameter space, enabling identification of stable regions and margins.",Preserves the existence of a stable region for canonical parameters; does not alter the potential form.,"Without this scan, the claim that canonical parameters are stable would lack numerical support; stability would be assumed rather than verified.",parameter space | stability region | numerical integration | boundedness,coherent,yes,yes,numerical stability analysis,COLAB_REPRODUCIBLE,B,preserve as numerical evidence for stability; do not treat as proof of physical viability,"Interpreting numerical stability as physical existence. | Assuming canonical parameters are robust without sensitivity analysis. | Treating the stability map as exhaustive or analytically proven. | Overlooking numerical artifacts (e.g., dt choice) as physical instabilities.","If canonical parameters are found to be unstable under refined numerical methods. | If the potential form is changed, invalidating the scan. | If the stability classification criteria are shown to be flawed.",Formalize the stability conditions for V(chi)=mchi+chi and prove canonical parameters satisfy them.,"This notebook scans the chi-field potential's parameter space to map where solutions are stable. It finds that the canonical parameters sit well within a stable region, supporting internal consistency. However, this is numerical evidence, not a proof of physical viability."
CLAIM_BOUNDARIES.md,CLAIM_BOUNDARIES,Claim Boundaries,Claim drift is prevented by explicit boundaries on what is verified and what is not.,"Lean Verified: The repository's definitions and theorems compile and type-check under Lean. | Internally Canonical: Stable enough to preserve, consistent with the current Theophysics framework, useful as a build target, and not disposable scratch work. | Externally Reviewed: Endorsed by the external Lean community after review.","Maintain explicit claim boundaries in documentation and public language, ensuring that statements about verification status do not overstate external review.",Does not claim peer review or external endorsement. | Does not claim a proof of the full theological or physical claim. | Does not claim immunity from revision after specification review.,Check that public language uses the exact phrase 'Lean-build verified and internally canonical; external Lean review pending.' | Check that no statement says 'Lean experts have approved this.' | Check that the listed Lean-verified items match the current repository state.,Lean toolchain and repository definitions/theorems | Theophysics framework consistency,Provides a guardrail against claim drift by codifying the exact scope of verification and the required public language.,"Preserves the distinction between internal canonical status and external review, preventing overstatement.","Without this node, public claims could drift into implying external approval or full proof, undermining trust and clarity.",Lean verification status | Internal canonical status | External review status,coherent,yes,yes,Meta-claim about verification status and boundaries,NOT_ESTABLISHED,B,Preserve as a guardrail node; do not upgrade to a proof of the underlying claims.,Interpreting 'Lean Verified' as proof of the full theological/physical claim. | Treating 'internally canonical' as external endorsement. | Using language that implies external review has occurred.,"If external review returns negative results, the 'externally reviewed' status must be updated. | If the Lean-verified items change, the list must be updated to avoid false claims.","Formalize the boundary conditions as a specification that can be checked by Lean, e.g., a predicate that ensures public statements match the actual verification status.","This document sets boundaries on what the project claims: Lean verification is limited to specific items, internal canonical status is not peer review, and external review is pending. It mandates precise public language and identifies failure modes. It is a guardrail, not a proof."
CLAIM_HYGIENE.md,CLAIM_HYGIENE,Claim Hygiene for Formal Correspondence,"Theology does not need to become natural science for structural correspondence with physics to be possible; it needs enough formal clarity that a claimed correspondence can be stated, checked, and killed.","Formal correspondence theory: a third thing that is neither the conversion of theology into laboratory science nor the conversion of physics into doctrine. | Valid claim shape: 'We defined formal models and proved that, inside those declared models, the stated gate, collapse, preservation, or isomorphism condition holds.' | Invalid claim shape: any claim that theology has become natural science, physics and theology are the same discipline, QCD itself is identical to biblical love, Lean has proven Christian doctrine from physics, or a theorem about a declared model automatically proves the adequacy of that model. | Adequacy: the formal physical model faithfully represents the intended physical structure, and the formal theological model faithfully represents the intended doctrinal or metaphysical structure. | Non-triviality: rival or relabeled models do not also pass the same test. | Citation triple: exact statement (quote or link the Lean type), claim class, and non-claim.","When exporting or citing formal theorems, restrict public wording to the valid claim shapes, include the required non-claim, and accompany isomorphism theorems with adversarial boundary tests.",Does not assert that theology has become natural science. | Does not assert that physics and theology are the same discipline. | Does not assert that QCD itself is identical to biblical love. | Does not assert that Lean has proven Christian doctrine from physics. | Does not assert that a theorem about a declared model automatically proves the adequacy of that model.,"Check that every externally cited theorem includes the citation triple: exact statement, claim class, and non-claim. | Check that public wording for each theorem family matches the valid public wording in the export surface table. | Check that isomorphism theorems include a companion adversarial boundary test (e.g., weak_law_iso_admits_coin_countermodel). | Check that adequacy and non-triviality burdens are explicitly acknowledged in any export.","Formal models for each law (e.g., law1_mechanism_gate_marker, law2_mechanism_gate_marker, full_*_zero_collapses, law3_*_collapses_chi, law6_*_collapses_chi, law7_*_collapses_chi, law8_*_collapses_chi, law4Iso, richLaw4Iso) | Adversarial boundary test: weak_law_iso_admits_coin_countermodel","Provides a disciplined claim hygiene protocol that prevents overstatement of formal correspondence results and ensures exported theorems are accompanied by exact statements, claim classes, and non-claims.",Preserves the rigor of formal proofs by requiring that public claims do not exceed what is proved inside declared models.,"Without claim hygiene, formal correspondence results would be misrepresented as proving identity or adequacy, undermining the project's rigor and leading to overstatement.",Formal-model theorem | Gate theorem | Collapse theorem | Isomorphism-witness theorem | Adversarial boundary theorem | Adequacy argument,coherent,yes,yes,Methodological protocol,NARRATIVE_ANCHOR,B,Adopt as a governing protocol for all exported formal claims; enforce citation triple and adversarial boundary tests.,Claiming that formal theorems prove theology has become natural science. | Claiming that physics and theology are the same discipline. | Claiming that QCD itself is identical to biblical love. | Claiming that Lean has proven Christian doctrine from physics. | Claiming that a theorem about a declared model automatically proves the adequacy of that model.,If any exported theorem is cited without the citation triple. | If public wording exceeds the valid claim shapes. | If isomorphism theorems lack an adversarial boundary test.,Formalize the claim hygiene rules as a Lean guardrail that checks exported theorem statements and non-claims.,"This document establishes rules for how formal correspondence claims between theology and physics may be stated and exported. It requires that claims be limited to what is proved inside declared models, that every exported theorem include an exact statement, claim class, and non-claim, and that isomorphism theorems be accompanied by adversarial boundary tests. It explicitly forbids overstatements such as claiming theology has become science or that QCD is biblical love."
CODEX_CODE.md,CODEX_CODE,CODEX CODE,"The formal product behavior of the Master Equation is governed by the multiplicative structure of its factors, with the effective alignment factor M_eff = (1+M)/2 ensuring nonnegativity and monotonicity under stated bounds.","M: raw alignment factor in [-1,1] | M_eff: effective alignment factor, M_eff = (1+M)/2 | S_eff: effective entropy factor, S_eff = exp(- S_prod) with  > 0 and S_prod  0 | chi_local: local product, chi_local = G * M_eff * E * S_eff * T * K * R * Q * F * C (Version B) or with M (Version A)","Adopt Version B (M_eff) as the formalization target for the Master Equation product layer, and use the provided Lean proofs to verify product behavior.",Does not attempt to prove theology. | Does not establish physical validity of the Master Equation. | Only proves formal product behavior within the stated mathematical assumptions.,"Run `lake env lean NarrowProductTest/Basic.lean` and `lake env lean NarrowProductTest.lean`; both must pass. | Check that Lean proofs establish the listed properties: S_eff positivity, boundedness, monotonicity, zero-factor implications, and sign conditions.",Lean 4 and Mathlib | CorrectedEntropyKernel.lean | TheophysicsProductionKernel.lean (for comparison),"Provides a Lean-verified formal comparison of two product formulations, recommending Version B for cleaner nonnegativity and monotonicity.",Preserves the existing production kernel and the abstract entropy-attenuation structure.,"Without this node, the formal verification of the product layer and the recommendation for Version B would be lost, weakening the formal basis for the Master Equation product test.",Lean 4 | Mathlib | Master Equation product layer,coherent,yes,yes,formal verification claim,LEAN_FORMAL_PROOF,B,adopt as formal reference for product layer,"The document claims Lean proofs but does not provide the actual proof scripts or detailed theorem statements. | The recommendation for Version B is based on formal cleanliness, not physical or theological superiority. | The scope is limited to formal product behavior; do not extend to physical or theological claims.","If the Lean files are not reproducible or the proofs do not match the stated properties. | If the assumptions (e.g.,  > 0, S_prod  0) are violated in intended applications. | If the document is used to claim theological or physical truth beyond formal product behavior.","Formalize the product layer using Version B with M_eff, ensuring all factors are nonnegative and monotonicity properties hold.","This document describes a Lean 4 formalization effort for the Master Equation product layer, comparing two versions: one with raw signed M and one with effective M_eff = (1+M)/2. The Lean proofs establish structural properties like positivity, boundedness, and monotonicity, and recommend Version B for cleaner formalization. The scope is strictly formal product behavior, not theology or physics."
CoherenceAlgebra.md,CoherenceAlgebra,CoherenceAlgebra.lean,"A CoherenceAlgebra is a commutative monoid with zero, no zero divisors, and zero  one, with an asymmetric zero multiplication (zero * a = a) to encode Grace.","CoherenceAlgebra : a typeclass with operations mul, zero, one, satisfying commutativity, associativity, identity, zero_ne_one, no_zero_divisors, and zero_mul (zero * a = a). | DualLaw: a structure with a physical projection and a spiritual projection; system product computed across both. | listProd: the product of a list of elements in the algebra.","Provide the foundational algebraic structure and theorems that all other Lean files import, ensuring zero-collapse and restoration semantics.","Does not define specific physical or spiritual laws beyond the algebraic structure. | Does not prove the existence of an external restorer; only states that if restoration occurs, it must be external. | Does not interpret the algebra in physical terms; it is purely formal.","Lean compiles CoherenceAlgebra.lean with no 'sorry' or admitted axioms. | list_prod_zero_iff is proven and can be used in downstream files. | The zero_mul axiom is asymmetric: zero * a = a, but a * zero = zero.",Lean4 standard library | Mathlib (if used),"Provides a formal algebraic foundation with zero-collapse and external restoration theorems, enabling downstream formal proofs.",Preserves the logical consistency of the formal system by ensuring no zero divisors and zero  one.,"If removed, all downstream Lean files lose their foundational axioms and theorems, causing the formal proof system to collapse.",LEAN4 | FORMAL_PROOF | ALGEBRA,coherent,yes,yes,formal proof,LEAN_FORMAL_PROOF,A,import and use as foundation,"The zero_mul axiom (zero * a = a) is nonstandard and may be misinterpreted as a physical claim. | The theorem spiritual_restoration_is_external is a logical consequence of the axioms, but the axiom observation_required is a framework commitment, not a deduction.","If Lean compilation fails or contains 'sorry'. | If the axioms are inconsistent (e.g., zero = one derivable).",CoherenceAlgebra.lean,CoherenceAlgebra.lean is a Lean4 formal proof file that defines an algebraic structure with zero-collapse and external restoration properties. It is the foundation for all other formal proofs in the Theophysics framework.
COLAB_MASTER.md,COLAB_MASTER,COLAB_MASTER.ipynb,"The coherence collapse equation dC/dt = -sigma*C + G/tau governs the dynamics of the chi-field, and its numerical integration under varying grace conditions yields observable trajectories.","C: coherence of the chi-field | sigma: decay rate | G: grace input | tau: time constant | Component: a modular object representing a physical law with name, weight, enabled flag, and evaluate(q,t) method | Grace Slider: an interactive widget adjusting G from 0 to 1","Run the notebook in sequence to produce the full test suite, visualizations, and final scorecard PNG, including the Four Lines plot and interactive Grace Slider.",Does not provide a formal proof of the ODE's derivation from underlying physics. | Does not claim the ODE is derived from first principles; it is presented as a model. | Does not assert that the numerical integration constitutes a physical experiment.,"Run the notebook and verify that the Four Lines match the expected qualitative behavior: red decays to zero, green stabilizes above zero, gold recovers after t=50, gray declines as grace fades. | Verify that the SHA256 checksum is printed and matches the expected value for the unmodified suite. | Verify that the Grace Slider changes the coherence output in real time.",JAX | ipywidgets | matplotlib | numpy | Google Colab environment,"Provides an interactive demonstration of the coherence collapse equation with a Grace Slider and a visually compelling Four Lines plot, plus a cryptographic checksum for reproducibility.",Preserves the ability to run the full test suite and generate a scorecard in a single session.,"If the notebook is removed, the interactive demonstration and the iconic Four Lines visualization are lost, reducing the accessibility and tangible impact of the framework.",ODE integration | Interactive visualization | Cryptographic checksum,coherent,yes,yes,Demonstration artifact,COLAB_REPRODUCIBLE,B,Preserve as a demonstration and interactive tool; do not treat as a proof of the underlying physics.,"The Four Lines are described as 'the math of total entropy' and 'the math of sustained spiritual health', which may overstate the theological interpretation. | The SHA256 checksum is claimed to be a 'higher evidentiary standard than most published papers meet', which is an overstatement regarding scientific evidence. | The ODE is presented as governing the chi-field without derivation, which could be mistaken for a fundamental law.",If the ODE is shown to be inconsistent with empirical data or derived from unsupported assumptions. | If the numerical integration is found to be flawed or non-reproducible. | If the theological interpretations are presented as scientific conclusions.,"Keep the notebook as a demonstration and educational tool, but clearly separate the mathematical model from theological interpretation.","This document describes a Google Colab notebook that demonstrates a coherence collapse equation with an interactive grace slider and four visualization scenarios. It is a deployment artifact for running tests and generating visualizations, but it does not provide a formal proof of the underlying physics."
COLAB_SINGLE_FILE.md,COLAB_SINGLE_FILE,COLAB_SINGLE_FILE.ipynb,"A single self-contained notebook must include all code, definitions, tests, and visualization required to reproduce results without external dependencies.","Single-file deployment: a notebook that contains all necessary components and requires no external files or imports. | External dependency: any file, module, or package not included within the notebook itself. | Reproducibility: the ability to obtain the same results by running all cells in the notebook in a standard Colab environment.","Deploy the single-file notebook as the canonical distribution artifact for first-contact and sharing, ensuring it runs end-to-end in Google Colab with no external dependencies.",Does not claim to replace the modular architecture of COLAB_MASTER.ipynb for ongoing development. | Does not assert that the notebook is optimized for maintainability or ease of modification. | Does not guarantee that the notebook's results are correct or verified; it only claims self-containment.,"Upload the notebook to a fresh Google Colab instance and run all cells without adding any external files. | Verify that all expected outputs, including test results and visualizations, are produced without errors. | Check that no import statements reference external modules not included in the notebook.",Google Colab environment (free tier) | No external files or modules required,"Provides a single-file, zero-dependency distribution method for the Theophysics project, enabling easy sharing and first-contact reproduction.",Preserves the ability to run all tests and visualizations in a standard Colab environment without requiring repository setup.,"If this node is removed, the project loses its single-file distribution artifact, making sharing and first-contact reproduction more cumbersome but not invalidating the underlying science.",Notebook | Colab | Single-file deployment,coherent,yes,yes,Deployment artifact,NOT_ESTABLISHED,C,Preserve as a distribution artifact; do not treat as evidence for scientific claims.,May be misinterpreted as providing proof of the underlying physics claims. | The claim of 'full results' may be overstated if the notebook contains errors or incomplete tests.,If the notebook fails to run in a fresh Colab instance without external dependencies. | If the notebook omits critical components required for reproduction.,"Formalize the notebook's self-containment as a deployment requirement, not as a scientific proof.","This document describes a single-file Colab notebook intended to be fully self-contained for easy sharing and reproduction. It does not provide scientific evidence or proofs; it is a distribution artifact. The node captures the requirement that the notebook must run without external dependencies, but does not validate the underlying claims."
constraint_model.md,constraint_model,constraint_model.ipynb,"A strategy is admissible if and only if it satisfies all six constraint functions: justice, mercy, freewill, love, entropy, and holiness.","Constraint function: a function taking a 10-parameter strategy vector and returning True/False based on threshold conditions. | Parameter vector: 10 continuous/discrete parameters including payment_magnitude, cost_to_sinner, coercion_level, relational_access, negentropy_input, corruption_addressed, voluntary_by_redeemer, scope, permanence, source_is_external. | All-passed boolean: True if all six constraint functions return True for a given parameter vector. | Cross configuration: the parameter vector corresponding to an external voluntary substitute, full payment, zero coercion, full access, full negentropy, full corruption resolution.","Given a strategy parameter vector, evaluate all six constraint functions and return the count of satisfied constraints and whether all are satisfied. Use optimization to search for admissible configurations.","Does not define the specific threshold values for each constraint function. | Does not apply the model to specific biblical strategies; that is the role of test09_constraint_satisfaction.ipynb. | Does not extend to 100,000 random trials; that is the role of free_body_model.ipynb.","For any parameter vector, the constraint functions return deterministic True/False based on thresholds. | The optimization search should find no admissible configuration other than the cross configuration. | The notebook should be reproducible in a Colab environment.",Parameter space definition | Constraint function definitions,Provides a reusable constraint satisfaction engine for evaluating strategies against six constraints.,Preserves the ability to evaluate any strategy against the six constraints in a deterministic manner.,"Without this model, the constraint-based evaluation of strategies would lack a defined implementation, making test09 and free_body_model unable to run.",constraint functions | parameter vector | all-passed boolean,coherent,yes,unclear,methodology,PYTHON_RUNTIME_SUPPORTED,B,preserve,"The document claims exhaustive search verifies uniqueness of the cross configuration, but the search method (grid/random) may not be truly exhaustive over continuous parameters. | The threshold values for constraints are not specified, so the model's behavior is not fully reproducible without additional details.","If the constraint functions are not deterministic or thresholds are not fixed, the model is not a valid constraint satisfaction engine. | If the optimization search finds an admissible configuration other than the cross configuration, the uniqueness claim is falsified.","Formalize the constraint functions and thresholds in Lean, and prove that the cross configuration is the unique solution.","This document describes a constraint satisfaction engine that evaluates strategies against six constraints. It defines the parameter space and constraint functions, and claims that optimization verifies the uniqueness of the cross configuration. The model is a precursor to formal tests and is implemented as a Colab notebook."
CONSUMER_OVERVIEW.md,CONSUMER_OVERVIEW,Consumer Overview,"The purpose of the Lean formalization is to make Theophysics claims inspectable by translating their structure into formal objects, proving narrow statements, and building adversarial controls that reject close false positives.","Formal objects: the mathematical structures defined in Lean 4 to represent Theophysics claims. | Narrow statements: theorems about those formal objects that are limited in scope and do not claim broad theological or physical truth. | Adversarial controls: tests or guards designed to reject near-miss false positives, ensuring the formalization is not trivially satisfied.","The system should present the Lean formalization as a tool for inspection, highlighting the adversarial controls and the boundary of what is proved, and directing reviewers to the strongest current file MaxwellTrinity.lean.",Does not prove Christianity from physics. | Does not prove new physics. | Does not prove that every source document has been perfectly encoded into Lean. | Does not remove the need for judgment; it tells where judgment must focus.,Check that the formal definitions faithfully represent the intended Theophysics claims. | Check that the rejection controls are strong enough to reject close false positives. | Check that the assumptions are not too convenient. | Check whether a better false positive passes the gate. | Check that the theorem does not prove more than the prose claims.,Lean 4 proof assistant | Theophysics claims to be formalized | MaxwellTrinity.lean file,"Provides a formal, inspectable structure for Theophysics claims with adversarial controls that reject close false positives, enabling reviewers to focus judgment on specific aspects.","Preserves the original Theophysics claims as the subject of formalization, without altering their theological or physical content.","Without the adversarial controls, the formalization would be weak and could allow almost anything to pass, losing the ability to distinguish the intended structure from false positives.",Theophysics claims to Lean 4 formal objects | Prose claims to formal theorems | Intended structure to triadic gate,coherent,yes,yes,methodological,NARRATIVE_ANCHOR,B,anchor,Overstating the strength of the formalization as proof of the underlying claims. | Overstating the completeness of the encoding of source documents. | Overstating the power of the adversarial controls to reject all false positives.,"If the formalization is found to be unfaithful to the source claims. | If the adversarial controls are shown to be too weak to reject close false positives. | If the theorem proves more than the prose claims, indicating overreach.",MaxwellTrinity.lean,"This document explains the purpose of the Lean formalization: to make Theophysics claims inspectable by defining formal objects, proving narrow statements, and building adversarial controls. It highlights the strongest current file, MaxwellTrinity.lean, which rejects several false positives. It explicitly states what the work does not prove, keeping the claims modest. The document serves as a narrative anchor for the formalization effort."
continuous_string_axiom_test_v0.md,continuous_string_axiom_test_v0,Continuous String Axiom Test v0,"If an action is aligned with destruction and is not restored, then it is not morally good and not aligned with good.",alignedWithDestruction: an action is aligned with destruction if it is associated with destructive intent or effect. | restored: an action is restored if the state it degraded is brought back to a prior or better condition. | moralGood: an action is morally good if it is aligned with good. | alignedWithGood: an action is aligned with good if it preserves or restores states.,The system should treat any action that is aligned with destruction and not restored as excluded from moral goodness and alignment with good.,This does not assert that all destructive actions are non-good if restored. | This does not assert that all non-good actions are destructive. | This does not cover the full Master Equation or any physical identifications.,Lean kernel check passes with no sorry/admit/axiom/unsafe. | Concrete model ToyAction.bad satisfies the exclusion chain. | The theorem destructive_unrestored_exclusion_chain is proven in the bundle.,"AxiomBundle with four assumptions: destructive_degrades, good_preserves, good_alignment_is_moral, moral_good_repairs_damage.","Provides a kernel-checked theorem that destructive non-restored actions are excluded from moral goodness and alignment with good, with a concrete model demonstrating satisfiability.",Preserves the existing AxiomBundle and its four assumptions; no new axioms added.,"If this theorem is removed, the bundle still compiles but loses the derived exclusion chain and the concrete model test, weakening the demonstration of consistency and applicability.",destructive_degrades -> degrades | good_preserves -> preserves | good_alignment_is_moral -> moralGood | moral_good_repairs_damage -> restores,coherent,yes,yes,formal theorem in a toy model,LEAN_FORMAL_PROOF,B,Accept as a verified theorem within the stated toy model; do not extend to physical claims.,Interpreting the toy model as evidence for physical or theological identifications. | Assuming the four axioms are universally true beyond the model. | Treating the theorem as proving the full Master Equation.,If the Lean package is not reproducible or the no-sorry scan fails. | If the concrete model is found to be inconsistent with the axioms. | If the theorem is used to claim physical or theological truths without separate encoding.,The theorem destructive_unrestored_exclusion_chain and the concrete model toy_bad_action_excluded_by_chain.,"This document reports a successful Lean build of a minimal axiom bundle with four assumptions, and proves a derived theorem that destructive non-restored actions are excluded from moral goodness and alignment with good. It includes a concrete toy model to show satisfiability. The proof is kernel-checked with no sorry/admit/axiom/unsafe. However, it explicitly does not prove the full Master Equation or any physical identifications; those remain future targets."
CONTRIBUTING.md,CONTRIBUTING,Contributing Standards for Speculative Cross-Domain Model,Contributions are welcome when they make the formal status of a claim clearer.,"Formal status: the classification of a claim as proven, conditional, supported, or not established, as recorded in PaperClaims.md. | Countermodel: a model or interpretation that demonstrates a proposed theorem is false under current definitions. | Axiom: a starting assumption not derived from other statements. | Theorem: a statement derived from axioms and definitions via accepted logical steps.","When reviewing contributions, accept those that tighten definitions, replace axioms with theorems, show falsehood via countermodels, update claim statuses accurately, or improve documentation of Lean's capabilities. Reject contributions that blur claim types or introduce circular proofs without documentation.",This document does not define the specific formal system or logic used. | It does not specify which claims are true or false. | It does not mandate any particular contribution type; it only states that such contributions are welcome. | It does not override the README or claim matrix when they explicitly allow a definitional proof.,"Check that contributions separate empirical, theological, and formal claims. | Check that proposed theorems have explicit assumptions. | Check that no conclusion is baked into a definition unless the README or claim matrix explicitly states that is the demonstration. | Check that `lake build` passes before merging.",PaperClaims.md | README.md | Lean project build system (lake),"Provides a governance rule for accepting contributions that clarify formal status, thereby enabling systematic improvement of the model's rigor.","Preserves the existing separation of empirical, theological, and formal claims, and the requirement that Lean builds pass.","Without this node, there is no explicit standard for what contributions are welcome, risking acceptance of unclear or circular claims and degrading the project's testability.",Formal status | Countermodel | Axiom | Theorem,coherent,yes,yes,governance,NARRATIVE_ANCHOR,B,adopt as a governance rule,"The axiom 'Contributions are welcome when they make the formal status of a claim clearer' could be read as a claim that such contributions are always beneficial, but it is a normative preference, not an empirical fact. | The derivation assumes that clarifying formal status always serves the project's purpose, but there may be edge cases where it does not (e.g., if it introduces unnecessary complexity).","If the project's purpose changes, the axiom may no longer hold. | If the README or claim matrix explicitly allows circular proofs without documentation, the derivation's step against baking conclusions is invalid.","Formalize the governance rule as a set of acceptance criteria in a Lean theorem about contribution validity, if desired.","This document sets standards for contributing to a speculative cross-domain model: contributions should clarify formal status, keep claim types separate, prefer small theorems with explicit assumptions, avoid circular proofs unless documented, and pass `lake build`. It is a governance rule, not a scientific claim."
COUPLING_BREAK_MAP.md,COUPLING_BREAK_MAP,Coupling Break Map,"Coupling breaks when a system has parts, motion, labels, or surface similarity but lacks the load-bearing relation that makes the parts mutually implicating.","Coupling invariant: the relation that binds parts such that they are mutually implicating. | Distinctness: parts must not collapse into one role. | Dynamics: the system must preserve dynamic relation, not static flattening. | Role profile: the correct three functions must be present, not just three parts. | Source/profile preservation: labels must correspond to preserved structure and source backing. | Entanglement: binding structure beyond mere contact or activation. | Closed-system self-source: a system attempting to power or ground itself from inside itself.","Run any candidate triadic system through the coupling gate: check coupling invariant, distinctness, dynamics, role profile, source/profile preservation, and entanglement. Reject malformed triads.",Does not claim that all three-part systems are valid. | Does not assert that coupling alone is sufficient for the Fall pattern. | Does not claim that secular triads are automatically invalid; they must be tested. | Does not provide a formal proof in this document; it maps break points and gates.,"Check if the candidate preserves the coupling invariant (e.g., quaternion product vs vector-only). | Check if distinct roles are preserved (e.g., modalism fails). | Check if dynamic relation is preserved (e.g., static single-field fails). | Check if role profile is correct (e.g., arbitrary three-part system fails). | Check if source/profile preservation holds (e.g., relabeled roles fail). | Check if entanglement is present beyond coupling (e.g., coupling without entanglement is not Fall).","Lean record with named break points (C0_ne_C1, C1_ne_C0, coupling_modification_irreversible, vector_only_product_lacks_coupling_invariant, heavisideVectorEM_invalid, quaternion_preserves_coupling_invariant, only_quaternion_preserves_coupling_invariant, full_quaternion_product_has_coupling_invariant, modalism_invalid, staticSingleFieldEM_invalid, arbitraryThreePartSystem_invalid, relabeledRoleSystem_invalid, richRelabeledCoinIso, coupling_without_entanglement_is_not_fall, no_coupling_without_entanglement_as_fall, fall_spine_requires_entanglement_after_coupling, law3_command_bypass_zeroes_source_backed_fidelity, bound_state_requires_excitation_and_coupling, law1_self_source_forces_G_zero, law1_self_source_collapses_chi)","Provides a systematic break map for evaluating triadic systems, enabling rejection of malformed triads and guiding the test of secular candidates.","Preserves the claim that three irreducible, correctly profiled, mutually coupled roles pass, while malformed three-part systems fail.","Without this map, the distinction between valid and invalid triads is lost, leading to numerology or pattern matching.",Lean theorems and anchors | Python/Colab runtime evidence | Page manifest status,coherent,yes,unclear,methodological mapping,NOT_ESTABLISHED,C,preserve as a mapping document; do not treat as proof,May be read as claiming formal proof when it only maps break points. | May be read as asserting that the secular triad fails without testing. | May be read as claiming that quaternion structure is the only valid coupling invariant without full formal proof.,If the Lean anchors are not actually present or do not support the stated break points. | If the coupling gate is not formally defined or testable. | If the document is used to claim proof of theological claims without additional evidence.,"Formalize the coupling gate as a Lean theorem: for any triadic system, if it passes coupling invariant, distinctness, dynamics, role profile, source/profile preservation, and entanglement, then it is valid; otherwise invalid.","This document maps the specific ways in which a triadic system can fail to be a valid coupling: missing invariant, collapsed roles, static structure, wrong role profile, relabeling, coupling without entanglement, and closed self-source. It provides a gate for testing candidates, including secular ones, but does not itself provide formal proof."
COVERAGE.md,COVERAGE,Coverage Against Excel Theorem Inventory,Every numbered theorem row in the Excel LEAN_DERIVATION_CHAIN sheet must have an exact-name declaration implemented in the repository.,implemented-core: declaration present in Theophysics_Core.lean or Final_Lean4_From_Excel.lean and marked PROVED | implemented-adversarial: declaration present in Theophysics_Adversarial.lean and marked REJECTION or BOUNDARY | implemented-excel-spine: declaration present in Final_Lean4_From_Excel.lean and marked REJECTION | exact-name: declaration name matches the Excel declaration name exactly,"The system must maintain a coverage table that maps every numbered theorem row in the Excel LEAN_DERIVATION_CHAIN sheet to an exact-name declaration in the repository, and report any missing declarations.",This document does not verify the correctness of the proofs; it only checks existence of declarations by name. | It does not cover rows outside the LEAN_DERIVATION_CHAIN sheet. | It does not assess semantic equivalence or logical validity of the declarations.,"For each numbered row in the Excel sheet, assert that a declaration with the exact name exists in the repository. | The summary counts must match the number of rows in each status category. | The table must list all 171 rows with statuses.","Excel workbook Theophysics_Lean4_Addendum_Updated (1) (2).xlsx | Repository Lean files: Final_Lean4_From_Excel.lean, Theophysics_Core.lean, Theophysics_Adversarial.lean","Provides a verifiable inventory of which Excel theorem declarations are implemented in the repository, enabling gap analysis.",Preserves the requirement that all 171 numbered theorem rows have exact-name declarations.,"Without this coverage document, there is no systematic way to know which Excel theorems are implemented, risking silent gaps.",Excel row number -> declaration name | Declaration name -> repository file and status,coherent,yes,yes,coverage inventory,NOT_ESTABLISHED,B,maintain,The document claims 'implemented' but does not verify that the declarations are correct or complete. | The statuses 'implemented-core' and 'implemented-adversarial' may imply more than mere existence.,If any numbered row is missing from the table. | If the exact-name matching is not performed consistently. | If the Excel sheet is updated without updating this coverage document.,"A Lean function that checks that for each declaration name in a given list, there exists a declaration with that name in the environment.","This document is a coverage report that lists all 171 theorem rows from the Excel LEAN_DERIVATION_CHAIN sheet and indicates whether each has a declaration with the exact same name in the repository. It does not verify the proofs themselves, only the presence of declarations. The report is useful for tracking implementation status but should not be taken as evidence of correctness."
D01_SelfFlip.md,D01_SelfFlip,The Self-Flip Impossibility Theorem,No being with moral sign  = -1 can flip its own sign to +1; self-salvation is mathematically impossible.,": moral sign eigenvalue of the moral orientation operator, with  = -1 for fallen state and  = +1 for righteous state. | U_self: any self-generated operation, assumed unitary. | : external grace operator, non-unitary, from outside the system. | Works_effective: _source  Works_intended.",The system must reject any claim of self-salvation and direct agents to external grace () as the only means of changing .,Does not claim to prove the existence of God or grace. | Does not claim to prove that grace actually saves. | Does not claim to provide a mechanism for grace. | Does not claim to be a rigorous mathematical proof in the formal sense; it is an analogy.,Check that any proposed self-operation is unitary and preserves . | Verify that no counterexample of self-flip is provided. | Ensure that the distinction between behavioral change and  change is maintained.,070_T8.1_Sign-Invariance-Theorem | 071_C8.1_Self-Flip-Impossible | 072_C8.2_Works-Salvation-Impossible,"Provides a formal-looking argument against self-salvation, grounding sola gratia in an eigenvalue preservation analogy.",Preserves the theological claim that salvation cannot be achieved by human effort.,"If removed, the prosecution of works-salvation loses its central logical argument, weakening the case for sola gratia.",theology | quantum analogy | logic,coherent,partial,unclear,theological impossibility claim,NOT_ESTABLISHED,C,quarantine,"Claims mathematical proof but relies on an analogy to quantum mechanics without formal rigor. | Assumes  is an eigenvalue without defining the operator rigorously. | Generalizes to all religions without empirical evidence. | Uses 'unitary' metaphorically, not mathematically.",If a counterexample of self-flip is provided. | If the quantum analogy is shown to be invalid. | If the theorem is presented as a formal mathematical proof without proper formalism.,The core logical point: self-referential change is impossible without external input.,"This document argues that self-salvation is impossible because any self-generated operation preserves the moral sign ( = -1), so only external grace can change it. It uses a quantum analogy but is not a formal proof."
D02_TerminalObs.md,D02_TerminalObs,The Terminal Observer Theorem,"The observer chain requires a terminal observer with Phi = Phi_max; infinite regress is impossible; therefore, a necessary, maximally conscious being (God) exists.","Observer: A system with Phi > 0 that collapses quantum superpositions. | Phi (Phi): Integrated information, a measure of consciousness. | Phi_max: Maximal integrated information, attributed to the terminal observer. | Terminal observer: The first member of the observer chain, self-observing and necessary. | Infinite regress: An infinite chain of dependent observers with no first member. | Self-observation: An observer observing itself, requiring complete self-knowledge and Phi_max.","The system should treat the terminal observer theorem as a necessary conclusion from quantum mechanics and observer chains, and use it to ground existence and meaning.","Does not provide empirical evidence for God's existence. | Does not resolve the measurement problem in quantum mechanics. | Does not prove that the universe requires a conscious observer; it assumes this. | Does not address alternative interpretations of quantum mechanics (e.g., many-worlds, objective collapse).","Check logical consistency of the derivation steps. | Verify that the premises (e.g., 'quantum collapse requires observer') are accepted or explicitly assumed. | Assess whether the argument against infinite regress is valid in the context of actual infinities. | Evaluate whether the identification of Phi_max with God is justified or merely asserted.",Axiom 055 (LN6.1): Terminal observer necessity | Axiom 058 (BC1): Terminal observer exists | Axiom 066 (ID7.1): Terminal observer is God | Quantum mechanics measurement problem (assumed) | Integrated Information Theory (Phi) (assumed),"Provides a purported proof of God's existence from observer chains and quantum mechanics, offering a theistic explanation for the initial collapse.","Preserves the necessity of a terminal observer to avoid infinite regress, but does not preserve any empirical or formal verification.","If the terminal observer theorem is removed, the observer chain remains unexplained and infinite regress is not resolved; the theistic conclusion is lost.","Quantum mechanics: wave function collapse, measurement problem | Integrated Information Theory: Phi, consciousness | Theology: God, necessary being, creator",defective,no,no,theological/philosophical,NOT_ESTABLISHED,D,quarantine,"Claims to prove God's existence from quantum mechanics, but relies on unproven assumptions about consciousness and collapse. | Identifies Phi_max with God without rigorous justification. | Assumes that infinite regress is impossible in reality, which is a philosophical stance not universally accepted. | Overstates the role of observers in quantum mechanics; many interpretations do not require conscious observers.","If quantum mechanics does not require conscious observers, the argument collapses. | If infinite regress is possible (e.g., in some cosmological models), the argument fails. | If self-observation is possible without Phi_max, the identification with God is unsupported. | If the multiverse or other interpretations eliminate the need for a terminal observer, the conclusion is void.","The argument should be treated as a philosophical speculation, not a proven theorem. It should be quarantined until rigorous formalization and empirical support are provided.","This document argues that quantum mechanics requires observers, and since infinite regress is impossible, there must be a first observer (God) with maximal consciousness. However, the argument relies on unproven assumptions and lacks empirical or formal verification, so it is not established."
D03_TrinityUnique.md,D03_TrinityUnique,The Trinity Uniqueness Theorem,"A self-knowing, self-loving God must be exactly three persons.","Self-knowledge: The act of a being knowing itself, requiring a distinction between knower and known. | Self-love: The act of a being loving itself, requiring a distinction between lover and beloved. | Substantial relation: A relation that is not accidental but has its own reality and personhood in the divine context. | Divine simplicity: The principle that God has no redundant parts or attributes.","The system should treat the Trinity as a necessary consequence of divine self-knowledge and self-love, and reject any model with n3 as unstable.",This does not prove the internal mechanism of how three persons share one essence. | This does not claim that the Trinity is a mathematical object in the physical sense. | This does not address the historical or scriptural evidence for the Trinity.,Check if the argument for n=1 fails due to lack of distinction in self-knowledge. | Check if the argument for n=2 fails because the relation between two persons must be substantial. | Check if the argument for n>3 fails due to redundancy. | Check if the conclusion n=3 is the only stable solution.,061_BC4_Three-Observers-Required,"Provides a logical derivation that the number of divine persons must be exactly three, based on self-knowledge and self-love.",Preserves the necessity of three observers for zero-uncertainty state as per axiom 061.,"If removed, the uniqueness of the Trinity is no longer established, leaving open the possibility of n=1 or n=2.",Theological | Philosophical | Mathematical,coherent,yes,yes,theological_necessity,NOT_ESTABLISHED,C,quarantine,"Claims mathematical necessity without formal proof. | Equates logical argument with mathematical theorem. | Uses physical analogies (e.g., three dimensions) as evidence, which are not rigorous.","If self-knowledge does not require distinction, the argument collapses. | If divine relations are not substantial, the argument for the third person fails. | If a stable n=1 or n=2 model is found, the uniqueness claim is false.","The argument is a philosophical/theological derivation, not a formal mathematical proof. It should be treated as a hypothesis requiring further formalization.","This document argues that God must be exactly three persons because perfect self-knowledge and self-love require internal distinctions, and the relation between two persons must itself be a person. It rejects Unitarianism, Binitarianism, and Polytheism as unstable. However, the proof is not formally rigorous and relies on theological assumptions."
D04_ChristUnique.md,D04_ChristUnique,The Christianity Uniqueness Theorem,Only Christianity satisfies all eight boundary conditions (BC1-BC8); all other worldviews fail at least one.,"BC1: Terminal observer exists (self-grounding chi(chi)=chi). | BC2: Grace external to system (information fundamental). | BC3: Measurement orthogonality (God exists necessarily). | BC4: Three observers required (Trinity, N_observers=3). | BC5: Superposition preserved until collapse (humans need salvation, =-1). | BC6: Infinite energy source (external grace required, [_int, ]=0). | BC7: Information conservation (faith as coupling, g_faith>0). | BC8: Voluntary coupling (bimodal destiny, Stable(C)  Cin{0,C_max}).",The system should apply the eight boundary conditions to any worldview and score it; only accept worldviews that achieve 8/8.,Does not claim to prove the existence of God or the truth of Christianity independently of the BCs. | Does not address all possible worldviews; only lists major ones. | Does not provide a formal mathematical proof of the BC derivations. | Does not claim that partial scores are impossible; only that they are incomplete.,Check that each BC is clearly defined and non-arbitrary. | Verify that the scoring of each worldview is consistent with the definitions. | Attempt to find a counterexample: a worldview that satisfies all 8 BCs. | Check whether the derivation of BCs from prior axioms is logically valid.,F01 (existence) | F02 (information) | G02 (necessity) | T01-T04 (Trinity) | H08 (moral sign) | D01 (self-flip) | R04 (faith coupling) | D08 (bimodal destiny),Provides a comparative scoring framework to evaluate worldviews against eight boundary conditions.,Preserves the prior axioms and their derivations; does not alter them.,"Without this node, the uniqueness claim is unsupported; the framework loses its comparative edge.",Theophysics axioms to boundary conditions | Boundary conditions to worldview scoring | Scoring to uniqueness conclusion,defective,no,no,theological uniqueness claim,NOT_ESTABLISHED,D,quarantine,"Claims mathematical necessity without formal proof. | Scores worldviews subjectively (e.g., partial credits). | Assumes BCs are non-arbitrary without rigorous derivation. | Uses scripture as evidence in a mathematical context.",If any BC is shown to be arbitrary or not derived from prior axioms. | If a worldview is found that satisfies all 8 BCs. | If the scoring is shown to be inconsistent or biased.,"Reduce to a conditional claim: IF the BCs are accepted as necessary, THEN Christianity uniquely satisfies them; but the necessity is not established.","This document argues that only Christianity meets all eight boundary conditions derived from Theophysics, scoring 8/8 against other worldviews. However, the derivation of the BCs is not formally proven, the scoring is subjective, and the claim of mathematical necessity is overreaching. The document is quarantined pending rigorous formalization."
D05_MoralReal.md,D05_MoralReal,The Moral Realism Theorem,Morality is objective because it is grounded in coherence (C[chi]). Good = coherence-promoting; evil = coherence-reducing.,C[chi]: Coherence of the chi-field. | C: Change in coherence. | Good(x): C[chi + x] > 0. | Evil(x): C[chi + x] < 0. | Neutral(x): C[chi + x] = 0. | Moral coherence (chi_M): non-contradiction within agent.,"Evaluate actions, intentions, or states by their effect on coherence (C) to determine moral status.",Does not provide a practical measurement procedure for C. | Does not resolve moral dilemmas where coherence goods conflict. | Does not claim to be a complete moral theory; it is a grounding principle.,"Check that the definition of Good/Evil is consistent with the coherence functional. | Verify that the derivation steps are logically valid. | Assess whether the universal moral core (prohibitions on murder, theft, lying, betrayal) is indeed universal across cultures.",Axiom 088 (A11.1): Moral realism | Axiom 089 (A11.2): Coherence-morality identity | Axiom 090 (D11.1): Moral coherence definition | F02 (Information Fundamental) | G07 (Moral Nature of God) | H08 (Moral Sign),"Provides an objective, coherence-based foundation for moral realism, offering a potential resolution to the Euthyphro dilemma and a basis for moral knowledge and progress.","Preserves the existence of objective moral facts and the possibility of moral knowledge, consistent with traditional moral realism.","If removed, the grounding of morality in coherence is lost, leaving moral realism without a proposed objective basis and potentially reverting to subjectivism or relativism.",Moral philosophy | Information theory | Theology,coherent,partial,unclear,theological/philosophical,NOT_ESTABLISHED,C,quarantine,"Claims that coherence is measurable and objective without providing a concrete measurement framework. | Asserts a universal moral core without empirical evidence. | Uses the Euthyphro resolution as if it were definitive, but it relies on theological assumptions. | Equates moral objectivity with physical objectivity without sufficient justification.","If coherence is shown to be subjective or not objectively measurable. | If a counterexample is found where an action promotes coherence but is intuitively evil. | If the universal moral core is empirically falsified (e.g., a culture that does not prohibit murder in-group).","Axiom 089 (Coherence-morality identity) is the most critical; if it fails, the theorem collapses.","This document argues that morality is objective because it is grounded in coherence: good actions increase coherence, evil actions decrease it. It critiques moral relativism, subjectivism, and nihilism, and proposes a coherence-based definition of good and evil. However, the proof is largely philosophical and lacks empirical or formal verification, so it is not established as a rigorous theorem."
D06_SoulConserv.md,D06_SoulConserv,The Soul Conservation Theorem,The soul (_S) is an information pattern in the chi-field and cannot be destroyed because information is conserved; death is a state transition (decoupling) not extinction.,"Soul (_S): Information pattern in the chi-field, a unique configuration of integrated data representing personal identity. | Information conservation: The principle that information cannot be created or destroyed, only transformed. | Death: Decoupling of the soul from the body, not destruction of the soul pattern. | chi-field: The substrate in which the soul pattern persists after death. | Moral sign (): A value in {-1, +1} indicating alignment, determining post-death trajectory.","The system should treat the soul as an information pattern that persists after death, and use this to counter annihilationism, materialism, and death-as-end claims.",Does not specify the exact nature of the chi-field or its physical basis. | Does not prove the existence of an afterlife; only argues for persistence of information. | Does not address the mechanism of decoupling in physical terms. | Does not claim that all souls have the same destination; destination depends on moral state.,"Check that information conservation is applied consistently to the soul pattern. | Verify that death is modeled as decoupling, not destruction. | Ensure that the persistence of personal identity is derived from the persistence of the information pattern. | Confirm that the argument does not overstate evidence from NDEs or historical testimony.",BC7 (Information Conservation) | A10.2 (Soul Conservation) | F02 (Information Fundamental) | H03 (Soul Field) | H06 (Consciousness and Phi) | R07 (Bimodal Destiny),"Provides a formal argument for soul persistence after death based on information conservation, offering a counter to annihilationism and materialism.","Preserves the axioms of information conservation and soul conservation, and maintains the consistency of the broader theological framework.","If removed, the framework loses its argument for post-death persistence, weakening the case against annihilationism and materialism.",Physics: information conservation | Theology: soul immortality | Philosophy: personal identity persistence,coherent,partial,unclear,Derived theorem,NOT_ESTABLISHED,C,Quarantine for further verification; treat as a derived claim requiring stronger evidence.,Equates information conservation with soul persistence without empirical evidence. | Uses NDEs and historical testimony as evidence without rigorous validation. | Assumes the soul is purely informational without addressing dualism or other ontologies. | Overstates the resolution of the black hole information paradox.,"If information can be destroyed (e.g., in black holes), the argument collapses. | If the soul is not an information pattern, the argument fails. | If death destroys the pattern, the argument fails. | If personal identity does not persist with the pattern, the argument fails.",Reduce overstatement by clearly distinguishing between information conservation and personal survival; avoid claiming physical proof.,"This document argues that the soul is an information pattern and, since information is conserved, the soul cannot be destroyed at death. It critiques annihilationism, materialism, and death-as-end views. However, the argument relies on unverified assumptions and overstates evidence, so it is not established as a formal proof."
drv-00-the-argument-REWRITE-v2.md,drv-00-the-argument-REWRITE-v2,DRV Argument-in-One-Page  -  REWRITE v2,The Master Equation is the irreducible formal object: chi_total = integral of the product of ten typed factors over space and time. Coherence (C) is a factor; chi is the integrated output. The product never includes chi.,"G: external negentropy influx rate, domain R>=0 | M: alignment cosine between system state and reference vector, domain [-1,1] | E: signal propagation fidelity (channel capacity), domain R>=0 | S_prod: entropy production rate, enters as S_eff = exp(-eta*S_prod), domain R>=0 | T: temporal integration parameter, domain R>0 | K: information compression ratio (Kolmogorov), domain R>=0 | R: phase transition indicator, domain {0,1} | Q: superposition measure, domain [0,1] | F: non-local correlation strength, domain [0,1] | C: total integration measure (global coherence), domain [0,1]",Use the Master Equation as the canonical formal object. Enforce the typed domains for each factor. Maintain the C vs chi distinction. Apply the entropy sign repair. Use the canonical labels from Definition 10.,The Master Equation is not a physical law; it is a formal theological construct. | The Master Equation does not claim to be empirically testable. | The Master Equation does not assert that the ten factors are physically unified; it is a symbolic integration. | The Master Equation does not include chi as a factor; that would be self-referential.,"Check that each factor's domain matches Definition 10. | Check that S_eff is used instead of bare S in all expressions. | Check that C is never included in the product. | Check that the integral is over d^3x dt, not dx dy dt. | Check that the labels match the canonical table (G, M, E, S_prod, T, K, R, Q, F, C).","FORMAL_VERIFICATION_PACKET_2026-05-10/ (Layer 1 lock, Definition 10, Axiom 3) | Lean kernel verification of antitone property of S_eff","Provides a corrected, typed formal object (Master Equation) that resolves no-drift violations in the original variable labels and dV element.","Preserves the original intent of the Master Equation as an integrated product of ten factors, while fixing type errors and the entropy sign.","If the Master Equation is removed, the framework loses its central formal object and the no-drift fix is undone, causing the original type errors to persist.",Formal Theory v1.0 Definition 10 | Layer 2 Ten-Factor Table | Lean kernel verification,coherent,yes,yes,formal definition,LEAN_GUARDRAIL_SUPPORTED,B,adopt,"The Master Equation is presented as canonical but is not a physical law; it is a formal theological construct. | The claim that S_eff is Lean-verified is stated but the verification artifact is not cited in this document. | The Master Equation's physical readings (e.g., 'Grace') are metaphorical and could be overinterpreted as physical claims.","If the Lean kernel does not actually verify the antitone property of S_eff, the entropy repair claim is unsupported. | If the canonical Definition 10 is revised, the typed domains may change. | If the Master Equation is used to make empirical predictions, it exceeds its boundary.","Formalize the Master Equation in Lean, verifying the typed domains and the antitone property of S_eff.","This document revises the Master Equation callout to align with the canonical Formal Theory v1.0, fixing variable labels, domains, the dV element, and the entropy sign. It establishes the Master Equation as the central formal object with ten typed factors, and clarifies that C is a factor while chi is the integrated output. The revision is marked as load-bearing and non-negotiable under the current canon."
drv-02-the-lock-REWRITE-v2.md,drv-02-the-lock-REWRITE-v2,DRV Book I  -  The Lock  -  REWRITE v2 (Phase 4.1 III),"The argument from properties of mathematical truth to the Logos is structured in six layers with distinct epistemic statuses, terminating at the Feb 14 floor: Axiom 1 (God-as-Axiom) as the first primitive axiom, with Axioms 2 and 3 acknowledged.","Layer 0: Properties of Truth (P0.1 - P0.7) are below-floor presuppositions, not axioms. | Layer 1: Gdel-Chaitin Theorem is an external inherited result, not an axiom. | Layer 2: Inferences 2.1 - 2.3 are derivations from Theorem 1. | Layer 3: Source-Property Transmission Lemma is a single inference replacing four prior axioms. | Layer 4: Definitions 4.1 - 4.2 are definitions and theological postulates. | Layer 5: Central Claim is the thesis defended, not an axiom. | Layer 6: Definition 6.1 names the ground 'Logos'; Axiom 1 identifies it as God-as-Axiom.","The system should treat the III argument as a layered structure with distinct epistemic statuses, not as a flat set of twenty axioms. It should recognize Axiom 1 as the foundational primitive, with Axioms 2 and 3 acknowledged but not load-bearing in this series.",Does not assert the seven properties as axioms; they are below-floor presuppositions. | Does not treat Gdel-Chaitin as an axiom of the framework; it is an external theorem. | Does not treat the Central Claim as an axiom; it is the thesis defended. | Does not push beyond the Feb 14 floor into divine mechanics. | Does not exercise Axiom 2 (Trinity Isomorphism) in this series.,"Verify that each layer's epistemic status matches the taxonomy (below-floor, external theorem, derivation, lemma, definition, central claim, axiom). | Check that the argument terminates at the Feb 14 floor without descending below it. | Confirm that Axiom 1 is the first primitive axiom and Axioms 2 and 3 are acknowledged appropriately.","Formal Theory v1.0 (May 10, 2026 canon) | Feb 14 floor (Axioms 1 - 3) | Gdel's Second Incompleteness and Chaitin's complexity bound | Prior drv-02 flat-axiom corpus","Provides a reclassified III that distinguishes epistemic statuses of the argument steps, promoting A20 to Axiom 1 and demoting A1 - A7 to below-floor properties, enabling clearer formal grounding.",Preserves the content of the original twenty axioms while reclassifying their status; maintains the Feb 14 floor as the formal boundary.,"If this rewrite is removed, the framework reverts to a flat-axiom structure that misrepresents the May 10 canon, potentially undermining the formal taxonomy and the load-bearing status of Axiom 1.",A1 - A7 -> P0.1 - P0.7 (below-floor properties) | A8 -> Theorem 1 (Gdel-Chaitin) | A9 - A11 -> Inferences 2.1 - 2.3 | A12 - A15 -> Lemma 3 (Source-Property Transmission) | A16 - A17 -> Definitions 4.1 - 4.2 | A18 -> Central Claim | A19 -> Definition 6.1 | A20 -> Axiom 1 (God-as-Axiom),coherent,yes,yes,theological_rewrite,NOT_ESTABLISHED,B,archive,"The document claims the argument 'derives' the Logos, but the derivation relies on theological postulates and definitions, not formal proof. | The promotion of A20 to Axiom 1 is a reclassification, not a new proof of God's existence. | The document asserts the Gdel-Chaitin theorem 'forces' the conclusion, but the inference to a personal God is not mathematically forced.","If the Formal Theory v1.0 canon is not accepted, the reclassification loses its basis. | If the Gdel-Chaitin theorem is misapplied, the argument collapses. | If the Central Claim is treated as an axiom, the framework reverts to the flat structure.","The document should be treated as a theological argument with a formal taxonomy, not as a mathematical proof of the Logos.","This document is a rewrite of III of DRV Book I, reclassifying the original twenty axioms into a six-layer argument with distinct epistemic statuses, culminating in Axiom 1 (God-as-Axiom) as the foundational primitive. It is a theological reclassification, not a formal proof."
DualSubstrate.md,DualSubstrate,DualSubstrate.lean: Two irreducible modes of distinction require at least two substrates,"If two modes of distinction are irreducible (distinct and support-injective), then there exist at least two distinct substrates.","Distinction: an opaque type representing a mode of distinction. | Substrate: an opaque type representing a substrate that supports distinction. | support: a function mapping each Distinction to a Substrate. | Irreducible support: for any distinctions a and b, if a  b then support a  support b. | Single substrate: all distinctions map to the same substrate (i.e., support is constant).","In formal reasoning, assert that any ontology with two irreducible modes of distinction must posit at least two substrates; reject monist claims that reduce one to the other.",Does not assert that physical and informational distinctions are actually irreducible in reality. | Does not assert the existence of any specific substrates beyond the formal consequence. | Does not claim empirical or theological truth; only formal consequence from stated premises.,Check that the Lean file compiles without 'sorry' and with no imports. | Verify that the theorem statement matches the formal derivation. | Confirm that the proof uses only the stated hypotheses and definitions.,No external dependencies; self-contained Lean file.,"Provides a formal proof that irreducible distinction implies at least two substrates, which can be used to rule out monist ontologies under that premise.","Preserves the minimal formal claim: if the premises hold, the conclusion follows; does not extend beyond that.","Without this node, the formal justification for dual-substrate ontology from irreducible distinction is absent; the claim would rely on informal argument.",Lean theorem: dual_substrates_from_irreducible_distinctions | Lean theorem: one_substrate_denies_irreducible_duality,coherent,yes,yes,formal theorem,LEAN_FORMAL_PROOF,A,preserve as formal lemma; do not use as empirical evidence,Interpreting the formal result as proof that physical and informational distinctions are actually irreducible. | Claiming that the proof establishes the existence of two physical substrates in reality. | Using the theorem to assert the existence of God or any theological claim.,If the Lean file is found to contain 'sorry' or hidden axioms. | If the theorem statement is misrepresented in downstream usage. | If the premises are assumed true without empirical support.,Formalize the theorem in Lean and verify it compiles; optionally extend to check consistency with additional axioms.,"This document describes a Lean formal proof that if two modes of distinction are distinct and support-injective, then there must be at least two substrates. It is a clean, self-contained formal result, but it does not establish that physical and informational distinctions are actually irreducible in reality. The proof is rigorous within its assumptions, but those assumptions are not empirically verified here."
EMAIL_CAMPAIGN_BRIEFING.md,EMAIL_CAMPAIGN_BRIEFING,Theophysics Email Campaign  -  Master Briefing,"The email campaign must systematically contact every relevant institution and individual across all domains touched by the Theophysics framework, documenting every outreach attempt to create an accountability record that closes the 'we never heard of this' escape route.","Theophysics: A unified framework bridging physics, theology, consciousness, and mathematics into a single coherent structure. | Master Equation (chi): A 10-variable equation spanning physical and spiritual domains. | 10 Universal Laws: Laws with symmetry pairs and fractal coherence. | Formal boundary proof: A proof (dated Feb 14, 2026) establishing Trinity isomorphism, free will, and God-as-axiom as mathematical necessities. | Three Truths: Gdel's incompleteness, Tarski's undefinability, Church's undecidability  -  used to argue any coherent system requires an external ground. | Principia Mathematica Moralia: A math-formalized gospel written for AI. | 7-Question Scientific Method: A universal classifier; forward = classify anything, reverse = prove by exhaustive elimination. | Logos Root Protocol: A formal alignment framework referenced in AI framing. | Coherence field: A term used in physics framing instead of 'Logos field'. | Accountability record: A documented log of all outreach attempts, including non-responses.","Execute a systematic outreach campaign to academic institutions, researchers, and authors across physics, biology, psychology, theology, mathematics, AI, and first-principles apologetics. For each target, send an initial personalized email and follow-ups on a documented cadence. Log every send and response. Use domain-specific framing per the email categorizer skill. Track all outreach in a spreadsheet or database.",Does not guarantee any response or engagement from recipients. | Does not verify the scientific validity of the Theophysics framework or its experimental claims. | Does not establish that the framework is accepted by the academic community. | Does not include building the email lists or drafting templates; those are pending tasks. | Does not include the homepage redesign or other pending website tasks.,"Check that every target institution has a documented initial email and follow-up sequence. | Verify that the email log records date, recipient, subject, and response status for each send. | Confirm that domain-specific framing is applied according to the categorizer skill. | Check that no-responses are documented as such. | Verify that the campaign covers all seven target domains.","Theophysics framework assets (Master Equation, 10 Universal Laws, papers, etc.) | Email categorizer skill (logos-email-categorizer) | Target lists (university email lists, Webset CSV of authors) | Email templates (drafted for first-principles authors, pending for other domains) | Email tracking system (spreadsheet or database, pending) | David's papers for cross-domain reading (pending)","Enables systematic, documented outreach to all relevant institutions, creating an accountability record that can be cited in future engagements.","Preserves the existing outreach efforts (7 drafted emails, identified targets) and the framework's presentation materials.","Without this campaign, the 'we never heard of this' escape route remains open, and potential collaborators may remain unaware of the framework.","Academic physics: math-forward, minimal theology | Academic theology: Trinity isomorphism, boundary proof | Pastoral: story-driven, practical ministry application | General curious: hook-driven, one clean insight | AI research: Principia Mathematica Moralia, formal moral framework",coherent,yes,yes,operational_plan,NOT_ESTABLISHED,C,log_and_track,"Claims of experimental validation (6.35, 6, 5.7) are presented as fact without independent verification. | The 'formal boundary proof' is asserted as mathematical necessity without peer review. | The campaign's documentation strategy may be perceived as harassment if not handled carefully. | The framework's scientific validity is not established; outreach may be premature.","If the framework's core claims are disproven, the campaign loses its foundation. | If outreach is conducted without proper consent or becomes spam, it may backfire. | If the email tracking system is not built, the accountability record fails.","Build the email tracking system and domain-specific templates, then execute the campaign with careful documentation.","This document is a briefing for an email outreach campaign to promote the Theophysics framework. It outlines the framework's assets, target domains, and a strategy to systematically contact institutions and individuals, logging all attempts to create an accountability record. The campaign is operational, not a scientific proof, and its claims about the framework's validity are not independently verified."
EMAIL_FOLLOWUP_DRAFT.md,EMAIL_FOLLOWUP_DRAFT,Lean Review Follow-Up Draft,"A formalization packet is only as strong as its specification quality, not merely its compilation.","Lean 4.29.1: the specific Lean version used for local build verification. | Rejection-first formalization: a strategy where intended candidates pass only after nearby false positives are shown to fail. | Specification quality: the degree to which definitions are precise, controls are sufficient, and invariants are mathematically meaningful.","The system should prepare and submit the Lean 4 formalization packet for external review, emphasizing specification quality and requesting feedback on definition strength, false-positive controls, and the mathematical meaningfulness of the scalar-vector coupling invariant.",Does not claim that the formalization is mathematically correct or that the invariant is meaningful. | Does not assert that external review has been completed or that the packet is accepted. | Does not claim that the formalization proves any physical theorem.,"Check that the repository builds with Lean 4.29.1. | Verify that the rejection-first strategy is implemented (false positives fail). | Confirm that the review request explicitly asks about specification quality, definition strength, false-positive controls, and invariant meaningfulness.",Lean 4.29.1 build environment | ResurrectionFormal/MaxwellTrinity.lean | Rejection-first formalization strategy,"Provides a structured request for external review focused on specification quality, enabling feedback on definition strength and invariant meaningfulness.",Preserves the claim that the repository builds locally and that the formalization is internally canonical.,"Without this document, the follow-up request for external review would be absent, and the distinction between compilation success and specification quality would be lost.",Lean 4.29.1 | ResurrectionFormal/MaxwellTrinity.lean | rejection-first formalization | scalar-vector coupling invariant,coherent,yes,yes,process_request,NOT_ESTABLISHED,C,archive,May be interpreted as claiming the formalization is correct or that the invariant is meaningful. | May be interpreted as claiming external review has occurred or will occur.,If the repository does not build with Lean 4.29.1. | If the rejection-first strategy is not actually implemented. | If the review request is not sent or is not focused on specification quality.,ResurrectionFormal/MaxwellTrinity.lean,"This is a draft email requesting external review of a Lean 4 formalization packet, emphasizing that specification quality is the main concern. It does not establish any mathematical or formal claims beyond the local build and internal canonical status."
EVENT_ISOMORPHISM_PROGRAM_v0.md,EVENT_ISOMORPHISM_PROGRAM_v0,Event Isomorphism Program v0,Lean formalizes event systems and proves exactly what kind of sameness exists between them.,"EventSystem: structure with State, Event, step, invariant, cost. | EventIso: structure-preserving equivalence between EventSystems preserving step, invariant, and cost. | RichEventSystem: extends EventSystem with Gate, coherent, restored, stage, irreversibleFrom. | RichEventIso: preserves all RichEventSystem fields. | Sameness Ladder: levels 0-9 classifying strength of event correspondence.","Build Lean 4 no-sorry packages for EventSystem, EventIso, and lemmas; prove first theorem targets; migrate existing claims into stronger framework.","Does not prove theology from nothing. | Does not claim Lean proves gravity is grace or similar. | Level 9 theological identification is bridge unless explicit theological premises added. | Negative proofs only show failure under encoded constraints, not real-world theological falsehood.",Check that EventIso preserves invariant both directions. | Check that EventIso preserves zero-cost and positive-cost events. | Check that EventIso preserves one-step reachability. | Check symmetry and transitivity of EventIso. | Check invalid mapping theorem for toy swap failing cost preservation.,"Lean 4 | Minimal kernel (Theophysics/EventSystem.lean, EventIso.lean) | Existing IsomorphismTest.lean claims","Provides a rigorous framework for proving structure-preserving correspondences between event systems, with explicit preservation of invariants, costs, gates, and irreversibility.",Preserves the minimal kernel and existing isomorphism test claims by migrating them into the stronger framework.,"Without this program, event correspondences remain at level of loose analogy or bare type equivalence, lacking rigorous structure preservation.",EventSystem | EventIso | RichEventSystem | RichEventIso | Sameness Ladder,coherent,yes,unclear,research program,NOT_ESTABLISHED,B,adopt as research direction; implement Lean packages,Claiming Lean proves theological identities without explicit premises. | Overstating negative proofs as disproving real-world interpretations. | Equating formal isomorphism with theological sameness.,If Lean code cannot be compiled without sorry. | If structure preservation proofs fail for intended mappings. | If public claims exceed what Lean actually verifies.,"Theophysics/EventSystem.lean, Theophysics/EventIso.lean, Theophysics/EventIsoLemmas.lean, Theophysics/Tests/EventIsoConcreteModel.lean","This document outlines a research program to use Lean 4 to formally prove structure-preserving isomorphisms between event systems from different domains, avoiding overclaiming theological proof. It defines minimal and rich event system structures, a sameness ladder, and a review matrix, with immediate next steps to build Lean packages and prove basic theorems."
F01_Existence.md,F01_Existence,Why Something Rather Than Nothing,"Something exists rather than nothing, and this is undeniable.","Existence: that which is not nothing; the state of being real. | Nothing: the absence of any existence, including the absence of any properties or distinctions. | Distinguishability: the property of being different from something else; a difference that makes a difference. | Information: the capacity to distinguish states; equivalently, distinguishability.","Treat P0.1 as the foundational axiom. Reject any claim that denies existence, as such denial is self-refuting. Use P0.1 as the basis for all subsequent axioms and arguments.",Does not prove the nature of existence beyond its bare fact. | Does not establish the existence of any particular entity. | Does not derive existence from anything else; it is primitive. | Does not claim that existence is good or purposeful; that is a separate claim.,"Attempt to deny P0.1 without presupposing existence; if the denial requires a speaker, thinker, or writer, the denial fails. | Check that any proposed 'nothing' is not actually something (e.g., quantum vacuum, imagination). | Verify that any physical theory presupposes existence in its formulation.",,Provides an undeniable foundation for all subsequent axioms; establishes that existence is primitive and self-evident.,No prior floor exists; this is the base.,"If P0.1 is removed, the entire chain collapses; no other axiom can stand without it.",Logical: x | Ontological: Being vs. Nothing | Information-theoretic: Distinguishability as information,coherent,yes,yes,foundational axiom,NOT_ESTABLISHED,B,Accept as primitive axiom; do not treat as proven theorem.,"Claiming that existence is 'undeniable' may be too strong; it is self-evident but not formally proven. | Equating distinguishability with information is a definitional choice, not a proven identity. | Theological interpretations (e.g., 'I AM') are not derivable from the axiom.",If a coherent model of 'nothing' is shown to be stable and non-self-refuting. | If 'nothing' can be meaningfully predicated without presupposing existence.,Formalize P0.1 as a primitive in a logical system; avoid overclaiming its implications.,"This document establishes the foundational axiom that something exists, arguing that any denial is self-refuting. It defines existence, nothing, distinguishability, and information, and derives that existence implies distinguishability and information. The document is coherent as a primitive axiom but does not provide a formal proof; it is best treated as a foundational assumption."
F02_Information.md,F02_Information,Information is Fundamental,Information is ontologically prior to matter; distinguishability is information.,"Information: That which distinguishes one state from another. | Distinguishability: The property of being different from something else. | Logos Field (chi): The self-grounding substrate that instantiates information. | Self-grounding: A structure that grounds itself, denoted chi(chi) = chi.",Treat information as the fundamental ontological category; interpret physical theories in information-theoretic terms.,Does not claim that mind or consciousness is fundamental. | Does not claim that all information is meaningful or semantic. | Does not provide a complete physical theory of the Logos Field.,"Check that any physical state can be described as a pattern of distinctions. | Verify that information-theoretic interpretations of physics (e.g., holographic principle) are consistent with the axioms. | Attempt to find a counterexample where matter exists without any distinguishing properties.",P0.3 | O1.1 | O1.2 | O1.3,"Provides an ontological foundation for physics based on information, unifying quantum mechanics, thermodynamics, and gravity.",Preserves the empirical success of physics while reinterpreting its foundations.,"If information is not fundamental, the argument for the Logos Field and the critique of materialism collapses.",Ontology | Physics | Theology,coherent,partial,unclear,Ontological claim,NOT_ESTABLISHED,C,Quarantine,Claims 'It from Bit' is literally true without rigorous proof. | Equates information with distinguishability without addressing philosophical objections. | Uses theological references as confirmation rather than as separate evidence.,If a physical system can be shown to exist without any distinguishing properties. | If information is shown to be purely epistemic (mind-dependent). | If the self-grounding substrate is shown to be logically inconsistent.,"Information is a fundamental aspect of reality, but the strong claim of ontological priority requires further formalization.","This document argues that information is more fundamental than matter, using the idea that distinguishability is information. It critiques materialism, physicalism, and reductive naturalism, and proposes a self-grounding 'Logos Field' as the substrate. However, the argument is largely philosophical and lacks rigorous formal proof, so it is not yet established."
F03_Coherence.md,F03_Coherence,The Coherence Imperative,"Coherence is measurable, necessary, and the basis of all structure; order is a fundamental feature of reality's architecture.","Coherence C[chi] = 1 - (S_observed / S_maximum), measuring organized information density. | Order: the degree of organization in information, with Order(I) > 0 for meaning. | Parsimony: nature prefers minimal description, formalized as dK/dt = -chi(t). | Decoherence: local decrease in coherence, representing information degradation, not destruction.","Treat coherence as a fundamental, measurable property; use C[chi] to assess order in systems; recognize that local decoherence is degradation but information is conserved.",Does not claim to prove the existence of God or specific theological doctrines. | Does not assert that coherence is conserved in all cases; only in closed systems. | Does not provide a complete physical theory; it is a conceptual framework.,Verify that C[chi] is non-negative and well-defined for given systems. | Check that local coherence can increase at the expense of the environment. | Assess whether physical laws exhibit parsimony (low Kolmogorov complexity).,F02_Information | Axiom 008 (O2.1) | Axiom 009 (O2.2) | Axiom 010 (O2.3),"Provides a quantitative measure of order (coherence) and links it to meaning, parsimony, and physical structure.",Preserves the foundational role of information and its substrate from F02.,"Without coherence, information cannot be meaningful, undermining the entire framework of ordered reality.","Thermodynamics: entropy as inverse coherence | Information theory: signal-to-noise ratio | Physics: quantum coherence, crystal formation",coherent,yes,unclear,metaphysical,NOT_ESTABLISHED,C,archive,Claims coherence is fundamental without rigorous proof. | Equates theological coherence with physical coherence without justification. | Uses fine-tuning arguments that are contested. | Asserts parsimony as a law of nature rather than a heuristic.,If meaning can exist without organization. | If coherence cannot be measured in practice. | If nature does not prefer parsimony.,"Formalize coherence as a measurable quantity in information theory, but avoid theological overreach.","This document argues that coherence (order) is fundamental and measurable, using entropy-based definitions and parsimony. It critiques chaos, random universe, and entropy-only views. However, it lacks rigorous proof and mixes theology with physics, so it is not established as a formal result."
F04_Actuality.md,F04_Actuality,Potentiality and Actualization,Reality exists in states of potentiality that require actualization; not all potentials actualize.,"Potentiality: A state described by a quantum superposition | =  c|phi, where multiple possibilities exist ontologically. | Actuality: A specific eigenstate |phi that results from measurement or collapse. | Actualization: The non-unitary transition from superposition to eigenstate, requiring an actualizer. | Actualizer: An entity or process that causes the collapse of the wavefunction.","Treat quantum superpositions as real potential states, and model measurement as an actualization event that selects one outcome.","Does not specify the nature of the actualizer (e.g., observer, consciousness, physical process). | Does not claim that all potentials actualize (rejects Many-Worlds). | Does not provide a mechanism for collapse beyond the projection postulate. | Does not extend to macroscopic objects without further assumptions.",Verify that interference patterns are observed in double-slit experiments with single particles. | Check that measurement outcomes follow the Born rule P(k) = |c|. | Confirm that unitary evolution alone does not produce collapse in standard quantum mechanics.,O3.1 | O3.2 | O3.3,"Provides a framework for interpreting quantum measurement as actualization of potential, linking to agency and observers.","Preserves the empirical success of quantum mechanics, including interference and Born rule.","Without this axiom, the interpretation of quantum measurement lacks a coherent account of how potential becomes actual, undermining the bridge to agency.",Quantum mechanics | Aristotelian metaphysics | Theology of divine foreknowledge,coherent,partial,unclear,Interpretive claim about quantum mechanics and metaphysics,NOT_ESTABLISHED,C,Quarantine as interpretive; require further formalization and empirical grounding.,"Claims Aristotle anticipated quantum mechanics without rigorous mapping. | Asserts that superposition is ontological without addressing alternative interpretations (e.g., epistemic interpretations). | Uses Bell's theorem to refute determinism but does not address non-local hidden variables. | Theological integration is asserted without logical derivation.","If a local hidden variable theory that reproduces QM is found, the argument against determinism fails. | If a consistent interpretation of QM without collapse (e.g., Many-Worlds) is accepted, actualization becomes unnecessary. | If potentiality is shown to be purely epistemic, the core claim collapses.",Formalize the mapping between quantum states and modal logic; specify the actualizer in a testable way.,"This document argues that quantum mechanics supports Aristotelian potentiality: superpositions are real potentials, measurement actualizes one outcome, and this requires an actualizer. It critiques determinism, fatalism, and actualism. However, the argument is interpretive and not formally proven; it relies on specific interpretations of QM and does not provide a rigorous bridge to theology."
F05_Agency.md,F05_Agency,Agency is Real,"Some entities possess intrinsic causal power, agency requires selection among alternatives, and some agents can affect coherence through choice.","Agency: capacity for selection among alternatives, reason-responsive and self-determined. | Causal power: intrinsic ability to produce effects, irreducible to constant conjunction. | Will: selection among alternatives, requiring multiple possibilities, reason-responsiveness, and self-determination. | Moral capacity: ability to affect coherence (C) through choice, where positive C is moral and negative C is immoral. | Agent: an observer with causal power; moral agent: agent with moral alternatives; redeemable being: moral agent responsive to grace.",Treat agents as genuine causes; recognize that choices affect coherence; uphold moral responsibility; integrate agency with observation and divine partnership.,Does not claim to prove free will in a deterministic sense; only that agency is real and irreducible. | Does not specify the exact mechanism of quantum collapse or how agent selection works. | Does not claim all entities are agents; only some possess causal power and moral capacity. | Does not resolve the compatibility of divine sovereignty and human agency; only asserts they cooperate.,"Check that the self-refutation arguments are logically valid. | Verify that the equations (e.g., C = f(choice)) are consistent with definitions. | Assess whether the defense grid responses adequately address common objections. | Confirm that the document does not overstate empirical evidence (e.g., Libet experiments).","F04: Observers actualize potentials (A5.1) | Axioms 014, 015, 016 (O4.1, O4.2, O4.3)","Provides a framework for treating agents as causal entities with moral capacity, linking consciousness to causation and enabling theological integration.",Preserves the prior axiom that actualization requires an actualizer by identifying agents as the actualizers.,"If agency is removed, the chain of actualization lacks a causal source, and moral responsibility becomes meaningless, undermining the entire framework.","Physics: causal power, quantum indeterminism, observer effect | Theology: imago Dei, divine command to choose, divine-human cooperation | Ethics: moral responsibility, praise/blame",coherent,partial,unclear,philosophical/theological,NOT_ESTABLISHED,C,quarantine,"Claims self-refutation of epiphenomenalism, determinism, and eliminativism without rigorous formal proof. | Uses quantum indeterminism as a necessary condition for freedom without establishing a causal link. | Asserts that evolution doesn't select for useless side effects, which is an oversimplification. | Treats universal moral practices as evidence for moral realism, which is a weak inference.",If causal power is shown to be eliminable from physics without loss of explanatory power. | If a deterministic account of reason-responsiveness is provided that undermines the need for indeterminism. | If moral responsibility is convincingly shown to be a social construct with no objective basis.,Axiom 014: Causal power is real; Axiom 015: Will is real; Axiom 016: Moral capacity is real.,"This document argues that agency is real, against epiphenomenalism, hard determinism, and eliminativism, using self-refutation arguments and philosophical reasoning. It defines agency as causal power with selection among alternatives and moral capacity. The document is philosophically coherent but lacks formal proof; it is best treated as a narrative anchor rather than a proven axiom."
Family_Lagrangian_Workbench.md,Family_Lagrangian_Workbench,Family_Lagrangian_Workbench.ipynb,The Lowe Coherence Lagrangian (LLC) is a legitimate dynamical system that remains stable across randomized parameter configurations.,"Lowe Coherence Lagrangian (LLC): L(q, q) =  chi(q) * q K q  V(q), where chi(q) is the coherence function (product of all 10 variable contributions), K is the 1010 kinetic matrix with symmetry pair couplings, and V(q) = S * chi(q) is the entropic potential. | Pass rate: fraction of tests passed in a given model evaluation. | Stress sweep: 60 independent builds with randomized weights, pair strength, confinement, and chi parameters.","The system should treat the LLC as a stable dynamical system candidate, subject to further validation, and use the stress sweep methodology as a template for testing other proposed Lagrangians.",This document does not prove the LLC produces physically meaningful predictions beyond stability; it only demonstrates numerical stability across parameter variations. | The 85.8% pass rate is not a proof of physical correctness; it is a stress test result. | The document does not claim the LLC is the correct theory of everything; it only claims it is not fragile.,"Run the 60-run stress sweep with randomized parameters and verify mean pass rate  0.85. | Check that the mass matrix is full-rank and positive definite across all tested configurations. | Verify energy drift is below a numerically negligible threshold (e.g., < 1e-8). | Confirm that the one known failure (zeroing variables suppresses chi) is reproducible and correctly interpreted.","Standard physics models (harmonic oscillator, coupled oscillator pair) as benchmarks. | Numerical methods for solving Euler-Lagrange equations and computing energy drift. | Random parameter generation for stress sweep.","Provides a stress-testing protocol for evaluating the stability of a proposed Lagrangian across randomized parameter configurations, yielding a quantitative pass rate and matrix properties.",Preserves the mathematical structure of the LLC and the standard benchmark models; does not alter the underlying equations.,"If this document is removed, the LLC loses its empirical stability evidence, reducing it to an untested theoretical construct.",Lagrangian mechanics | Numerical analysis | Statistical testing,coherent,yes,yes,empirical stability claim,COLAB_REPRODUCIBLE,B,preserve as evidence of stability; do not upgrade to proof of physical validity,Interpreting the 85.8% pass rate as proof of physical correctness rather than numerical stability. | Treating the LLC as validated physics without independent theoretical derivation. | Ignoring the one test failure and its explanation.,If the stress sweep is not reproducible with the same pass rate. | If the mass matrix is found not positive definite in some configuration. | If the energy drift is not numerically negligible.,Formalize the stress sweep as a reusable Lean theorem about the stability of a class of Lagrangians with coherence functions.,"This document reports a stress test of the Lowe Coherence Lagrangian (LLC) using a 60-run randomized parameter sweep. It shows the LLC is stable across many configurations, with a mean pass rate of 85.8%, a full-rank positive definite mass matrix, and low energy drift. However, this is empirical evidence of stability, not a proof of physical correctness. The document is honest about one test failure and does not overclaim."
FORMAL_SPEC.md,FORMAL_SPEC,Formal Specification for Master Equation,"The local coherence output is the product of ten named factors, with entropy attenuation and a binary renewal gate, and any zero factor collapses the product.","chi_local = G * M * E * S_eff(S_prod) * T * K * R * Q * F * C | S_eff(S_prod) > 0 and non-increasing in S_prod | R is a binary renewal gate (0 or 1) | M_eff = (1 + M)/2 with M in [-1,1] | grace operator: grace(constructive)=constructive, grace(destructive)=constructive | C_op(0)=0 for zero-preserving coherence operator",Use Version B (M_eff) as canonical product layer; treat Lagrangian as model specification; require formal proof obligations for any isomorphism claim.,Does not claim Lean has proven the full physical Lagrangian. | Does not claim a Noether theorem for commandments. | Does not claim empirical truth. | Does not assume physical-spiritual domains are automatically isomorphic.,"Check that S_eff is positive and non-increasing in S_prod. | Check that any zero factor yields chi_local=0. | Check that M_eff is in [0,1]. | Check that grace operator satisfies idempotence and non-invertibility. | Check that C_op(0)=0 does not rescue zero product. | Check that isomorphism claims include toFun, invFun, left_inverse, right_inverse, preserves_value, preserves_collapse.",Lean formalization of product collapse | Lean formalization of grace operator | Lean formalization of coherence operator,"Provides a conservative public contract for the Master Equation, distinguishing formal results from interpretations.",Preserves the formal product architecture and entropy attenuation behavior.,"Without this spec, the formalization lacks a clear public contract and risks overclaiming.",Lean | Python numerical mirrors,coherent,yes,yes,formal specification,LEAN_GUARDRAIL_SUPPORTED,B,adopt as canonical specification,Claiming Lean has proven the full physical Lagrangian. | Claiming a Noether theorem for commandments. | Claiming empirical truth from the formal model. | Assuming physical-spiritual isomorphism without proof obligations.,If Lean proofs are not actually present for the stated claims. | If the product collapse theorem is not formally verified. | If the grace operator properties are not formally verified.,"Formalize the product collapse theorem, grace operator idempotence and non-invertibility, and coherence operator zero-preservation in Lean.","This document defines a conservative formal specification for the Master Equation, including a ten-factor product with entropy attenuation and a binary renewal gate. It distinguishes formal results from interpretations, recommends Version B for alignment, and sets proof obligations for any isomorphism claims. It explicitly avoids overclaiming about Lagrangian proofs or empirical truth."
FORMAL_TO_PHYSICS_GAUNTLET_AUDIT.md,FORMAL_TO_PHYSICS_GAUNTLET_AUDIT,Formal-to-Physics Gauntlet Audit,Formal verification (Lean) and numerical testing (Python/Colab) do not by themselves establish physical or theological truth; empirical validation is required to connect models to measurable reality.,"Formal proof: a derivation within a declared axiom system, not a statement about nature. | Numerical test: a check that equations behave as claimed, are numerically coherent, exhibit predicted equilibria, survive perturbation, and generate discriminating predictions. | Empirical validation: connection of the model to real measurements, datasets, rival models, and prospective predictions. | Gauntlet: a set of tests and audits that must be passed before a claim can be considered physically or theologically supported.","Implement the gauntlet: build the 16-notebook package, run the 85-objection gates, maintain the topbar manifest with honest status fields, and use the honest status statements as appropriate.",Does not claim that Lean or Python proves physical truth. | Does not claim that the theological interpretation is proven. | Does not claim that the gauntlet is complete; many items are marked 'needed'. | Does not provide the actual notebooks or test results; it is an audit and plan.,"Check that the topbar manifest fields are present and accurate. | Check that the 16-notebook package is built and each notebook addresses its stated purpose. | Check that the 85-objection map is used as a test registry and each gate has a deliverable. | Check that the honest status statements are used appropriately: the first now, the second only after the gauntlet exists.","Existing Lean proof artifacts (PROOF_PACKET.md, WALKTHROUGH.md) | Existing Python test stack (MASTER_TEST_STACK.md) | Existing objection closure maps (PHYSICIST_OBJECTION_CLOSURE_MAP.md, COUPLING_BREAK_MAP.md) | Existing runtime index (runtime_dynamics_index.json)","Provides a structured audit and plan for transitioning from formal/numerical claims to empirically validated physical claims, including a 16-notebook package and 85-objection gate map.","Preserves the honest distinction between formal proof, numerical testing, and empirical validation; does not overclaim physical or theological truth.","Without this audit, the framework risks overclaiming formal verification as physical proof, inviting valid physicist objections and undermining credibility.","Lean theorem -> literal translation -> public claim -> gap table | Physics terms -> units, operational variables, scope labels | Theological mapping -> blind matching, permutation/null tests",coherent,yes,no,methodological audit and plan,NOT_ESTABLISHED,B,adopt as a planning and audit document; do not treat as proof of physical or theological claims.,Treating the audit itself as evidence that the gauntlet has been passed. | Using the 'after the gauntlet exists' statement prematurely. | Ignoring the many 'needed' statuses and presenting the plan as completed work.,"If the 16-notebook package is not built, the gauntlet is not satisfied. | If the 85-objection gates are not addressed, the physicist's objection remains open. | If the topbar manifest is not maintained, the honest status is lost.","Formalize the distinction between formal proof and physical truth, and the requirement for empirical validation.","This document is an audit and plan that correctly states that Lean and Python do not prove physical truth. It outlines a gauntlet of tests (16 notebooks, 85 objections) needed to move from formal/numerical claims to empirically validated physical claims. It is not itself a proof or a completed gauntlet; it is a roadmap with honest status labels."
FORMAL_VERIFICATION_WRITEUP_2026-05-10.md,FORMAL_VERIFICATION_WRITEUP_2026-05-10,Formal Verification Write-Up POF 2828,"The encoded ten-factor bridge matrix is internally coherent and rejects targeted semantic substitutions, conditional on the correctness of the encoded signatures.","C0 and C1: distinct coupling architectures. | C0 -> C1: one-way coupling step, irreversible relative to current transition definition. | Master Equation product: toy product that collapses to zero when any factor is zero. | LawIso: minimal binary abstraction match (value preservation, collapse preservation, bidirectional inverse mapping). | RichLawIso: adds regime-role preservation, forward transition preservation, reverse transition reflection. | BridgeMatrix: encodes ten factor slots G, M, E, S, T, K, R, Q, F, C with formal signatures, physical readings, spiritual readings, canonical bridge rows, targeted semantic swaps, and full toy product behavior.","Maintain the Lean formal verification sandbox as a working tool to verify internal coherence of encoded bridge matrices and to reject targeted semantic substitutions, while explicitly documenting that semantic grounding remains unproven.","Does not prove that encoded physical readings are complete descriptions of relevant physics. | Does not prove that encoded spiritual readings are complete descriptions of relevant theological claims. | Does not prove that every row is a strict mathematical isomorphism in the strongest sense. | Does not prove the Master Equation over real-valued fields, functions, integrals, or Mathlib-backed analysis. | Does not prove empirical claims are true. | Does not prove that external citations support each encoded signature. | Does not prove that semantic labels are independently warranted. | Does not claim that Lean has independently proved that physics and theology are structurally isomorphic in the full domain-rich sense.","Build cleanly with no active sorry, admit, axiom, or unsafe. | Verify distinctness of C0 and C1. | Verify irreversibility of C0 -> C1 step. | Verify toy Master Equation product collapse when Q = 0. | Verify Q != 0 is not sufficient if another factor is zero. | Verify stage sequence reachability and absence of reverse one-step transitions. | Verify order-preserving mapping from physics sequence to theology sequence. | Run LawIso tests: minimal match, coin false positive detection. | Run RichLawIso tests: accept enriched abstraction, reject natural coin, accept relabeled coin (documenting semantic boundary). | Run BridgeMatrix tests: internal consistency of ten canonical rows, rejection of targeted semantic swaps, full toy product collapse behavior.",Lean 4 formal verification environment | Encoded signatures for ten-factor bridge matrix | Toy model definitions for Master Equation and stage machine | LawIso and RichLawIso abstraction definitions,"Provides a machine-checkable skeleton for the bridge matrix, demonstrating internal coherence and adversarial testability of encoded mappings, while explicitly bounding the claim to conditional verification.","Preserves the honest claim that the encoded bridge matrix is internally coherent and rejects several targeted semantic substitutions, conditional on signature correctness.","If this node is removed, the framework loses its machine-checkable structural verification and adversarial testing capability, reducing the claim to unverified prose.",Lean 4 formal proof | Toy model abstraction | Semantic swap tests | False-positive clone tests,coherent,yes,yes,conditional formal verification,LEAN_CONDITIONAL_PROOF,B,Preserve as a conditional formal verification node; do not upgrade to full domain proof.,Reading internal formal match as full external domain proof. | Claiming that Lean has independently proved structural isomorphism between physics and theology. | Treating toy model results as full physics/theology verification.,If Lean specifications are found to be inconsistent with source domain semantics. | If semantic labels are shown to be unfaithful to the source domains. | If the encoded signatures are found to be incomplete or incorrect.,"Encode richer invariants for each factor (M, S, R, Q, G, E, K, F, T, C) and add semantic-swap, same-domain wrong-mechanism, same-mechanism wrong-direction, and false-positive clone tests.","This document reports the current state of Lean formal verification for the ten-factor bridge matrix. It shows that the encoded matrix is internally coherent and rejects several targeted semantic substitutions, but it explicitly states that this is conditional on the correctness of the encoded signatures and does not constitute a full domain proof. The document is honest about the boundaries and recommends further work to make signatures harder to fake."
FormalizationPlan.md,FormalizationPlan,Formalization Plan,"Formalization must proceed incrementally, separating crisp toy claims from speculative physics, and maintaining an audit trail of assumptions and proof status.","C0, C1: coupling states in the toy structural core. | Transition relation: a defined relation from C0 to C1. | Irreversibility: relative to the transition relation. | Q = 0 gate: multiplicative gate in the toy master equation. | Stages: localization, stabilization, release, confirmation, redistribution. | Candidate isomorphism: a mapping between physics-side and theology-side operation sequences preserving order and composition. | LawIso: minimal isomorphism that proved binary abstraction but admitted a coin false positive. | RichLawIso: enriched isomorphism adding role and transition preservation, blocking natural coin false positive but still admitting deliberately relabeled coin. | BridgeMatrix: encodes ten canonical factor rows, validates physical/spiritual signatures, rejects targeted semantic swaps, rechecks full-product zero collapse. | Claim matrix: public audit trail of claims and their status.","Implement the formalization plan in phases, maintaining separation of speculative assumptions and proved claims, and updating the claim matrix as the audit trail.",Does not claim physics is proved. | Does not claim Lean can test history. | Does not claim full isomorphism is established; composition preservation is open. | Does not claim RichLawIso is fully semantically grounded; deliberately relabeled coin still admitted. | Does not claim BridgeMatrix is source-grounded; remaining burden is source-grounding and richer equation-level signatures.,"Check that Phase 1 formalizes only crisp claims. | Check that Phase 2 defines stages and legal transitions, and proves reachability/non-reversal. | Check that Phase 3 defines mapping and attempts proof/refutation of order and composition preservation. | Check that RichLawIso blocks natural coin false positive but admits deliberately relabeled coin. | Check that BridgeMatrix encodes ten canonical factor rows and rejects targeted semantic swaps. | Check that Phase 4 separates speculative assumptions from proved claims in namespace/files. | Check that Phase 5 defines test targets without claiming historical testability.","Toy structural core definitions (C0, C1, transition, irreversibility, Q=0 gate). | Stage machine definitions (stages, legal transitions). | Candidate isomorphism language (mapping between sequences). | LawIso and RichLawIso formalizations. | BridgeMatrix encoding of ten canonical factor rows.","Provides a structured plan for incremental formalization, separating crisp claims from speculative physics, and establishing an audit trail via claim matrix.","Preserves the existing toy formalizations (LawIso, RichLawIso, BridgeMatrix) and their known limitations.","Without this plan, formalization efforts may conflate speculative assumptions with proved claims, undermining auditability and trust.","C0, C1 -> coupling states | Transition relation -> defined relation | Irreversibility -> relative to relation | Q=0 gate -> multiplicative gate | Stages -> localization, stabilization, release, confirmation, redistribution | Candidate isomorphism -> mapping preserving order and composition | LawIso -> minimal isomorphism with coin false positive | RichLawIso -> enriched isomorphism with role/transition preservation | BridgeMatrix -> ten canonical factor rows with signatures",coherent,yes,unclear,planning document,NOT_ESTABLISHED,C,track as planning artifact; do not treat as proof of physics,May be mistaken for a proof of physics if not clearly marked as a plan. | May overstate the status of LawIso or RichLawIso if not noting admitted false positives. | May overstate BridgeMatrix completeness if not noting source-grounding burden.,If the plan claims physics is proved. | If the plan claims Lean can test history. | If the plan claims full isomorphism is established when composition preservation is open.,"Formalize the toy structural core and stage machine in Lean, with clear separation of axioms and theorems.","This document outlines a phased plan for formalizing claims, separating crisp toy results from speculative physics, and maintaining an audit trail. It does not establish any physics proofs; it is a planning artifact."
FormalVerificationTestLog.md,FormalVerificationTestLog,Formal Verification Test Log,"Formal verification preserves the actual path of testing, including mistakes and boundary discoveries, and does not overclaim what is proven.","LawIso: a minimal isomorphism structure with zero/one value function, collapsed predicate, bidirectional map, value preservation, and collapse preservation. | RichLawIso: an enriched isomorphism structure adding regime-role preservation and forward/reverse transition preservation. | Bridge matrix: an encoding of ten formal factor slots with physical and spiritual readings, canonical rows, and adversarial semantic swaps. | Proof escape hatch: any use of sorry, admit, axiom, or unsafe in the Lean module path.","Maintain a formal verification log that records positive results, adversarial tests, mistakes, and boundary discoveries, and clearly distinguishes verified claims from not-yet-supported claims.",Does not claim that Lean verifies domain interpretations or the correctness of human-assigned semantic roles. | Does not claim that the encoded signatures are faithful to physics or theology without an external audit layer. | Does not claim that the absence of proof escape hatches in the active module path guarantees the absence of all logical gaps.,"Run lake build and lake env lean IsomorphismTest.lean to check compilation. | Scan the active Lean module path for sorry, admit, axiom, and unsafe; require zero occurrences. | Run adversarial tests such as coin models and semantic swaps to probe specification boundaries. | Check that corrected claims explicitly separate verified formal results from domain-interpretation claims.",Lean theorem prover and project build environment | ResurrectionFormal.IsomorphismTest and ResurrectionFormal.BridgeMatrix modules | Layer 1 and Layer 2 bridge table definitions,"Provides a disciplined method for recording formal verification attempts, adversarial tests, and boundary discoveries, preventing overclaiming of formal results.","Preserves the distinction between verified formal claims and domain-interpretation claims, and maintains a record of the actual testing path.","Without this log, formal verification results could be overclaimed, and the boundary between encoded structure and domain truth would be lost, leading to misleading claims.",LawIso | RichLawIso | BridgeMatrix | Proof escape hatch scan,coherent,yes,yes,methodological,LEAN_GUARDRAIL_SUPPORTED,B,preserve as a methodological guardrail for formal verification practice,Claiming that Lean verifies the domain truth of the bridge when it only verifies preservation of encoded structure. | Claiming that the absence of proof escape hatches in the active module path guarantees full soundness. | Claiming that the bridge matrix is domain-faithful without an external source-grounding layer.,If the log is used to claim that Lean has verified the strong-force/love bridge in a domain-rich sense. | If the log is used to claim that the encoded signatures are the correct scientific or theological interpretations without external audit. | If the log is used to claim that the absence of sorry/admit/axiom/unsafe in the active module path proves the absence of all logical gaps.,"Formalize the boundary that Lean verifies preservation of encoded structure, not domain truth, and require an external audit layer for domain-faithfulness.","This document is a formal verification test log that records Lean verification runs, adversarial tests, mistakes, and boundary discoveries. It shows that minimal and enriched isomorphism structures can verify preservation of encoded abstractions but cannot verify the correctness of domain interpretations. The log establishes a clear boundary: Lean can verify internal consistency and reject some swaps, but cannot independently certify that human-assigned semantic roles are faithful to physics or theology. The recommended action is to preserve this as a methodological guardrail to prevent overclaiming formal results."
FormalVerificationTestLog__2.md,FormalVerificationTestLog__2,Formal Verification Test Log,"Formal verification claims must be scoped to what the encoded abstraction actually proves, not to the domain interpretation of the labels.","LawIso: a minimal isomorphism structure over two-state systems with value function, collapsed predicate, bidirectional map, value preservation, and collapse preservation. | RichLawIso: an enriched isomorphism structure adding regime-role preservation and forward/reverse transition preservation. | BridgeMatrix: a module encoding ten formal factor slots (G M E S T K R Q F C) with formal signatures, physical readings, spiritual readings, canonical rows, and adversarial rows. | False positive: a candidate that passes the formal test but is not a meaningful domain bridge (e.g., coin model). | Semantic grounding: the external justification that a human-assigned label or signature is faithful to the source domain.","When reporting formal verification results, explicitly state that Lean verifies preservation of encoded structure, not the truth of the domain interpretation. Include adversarial tests and boundary discoveries in the log.","Lean cannot independently verify that human-assigned labels or signatures are faithful to physics or theology. | The formal tests do not prove domain-rich structural isomorphism; they only prove isomorphism under the chosen abstraction. | The bridge matrix verifies internal consistency, not external truth. | The current signatures are coarse and do not encode detailed equations such as Shannon capacity, Kolmogorov complexity, action integrals, or quantum amplitudes.","Run `lake build` and `lake env lean IsomorphismTest.lean` to confirm compilation. | Scan active Lean module path for `sorry`, `admit`, `axiom`, `unsafe`; ensure none are present. | Run adversarial tests: coin false positive, relabeled coin, semantic swaps, arbitrary clones. | Check that all canonical rows in BridgeMatrix compile and that zero-collapse product behavior holds.",Lean theorem prover | ResurrectionFormal.IsomorphismTest module | ResurrectionFormal.BridgeMatrix module | Layer 1 and Layer 2 source context,"Provides a disciplined method for testing formal bridges with adversarial cases and boundary discovery, preventing overclaiming of formal results.",Preserves the ability to run Lean verification and to document the exact scope of what is proven.,"Without this log, formal verification claims would be ambiguous and prone to overstatement, undermining trust in the project's formal results.",LawIso | RichLawIso | BridgeMatrix | semantic grounding | false positive,coherent,yes,yes,methodological,LEAN_GUARDRAIL_SUPPORTED,B,preserve as a methodological guardrail for formal verification claims,Claiming that Lean verified a domain-rich structural isomorphism when it only verified an encoded abstraction. | Claiming that the bridge matrix proves the correctness of the physical/spiritual readings. | Ignoring the relabeled coin and arbitrary clone boundaries.,If the log is used to claim that Lean has proven the strong-force/love bridge in a domain-rich sense. | If the log is used to claim that the signature table is domain-faithful without external grounding.,Formal verification claims must be scoped to the encoded abstraction; external audit layer required for domain faithfulness.,"This document is a formal verification test log that records Lean runs, adversarial tests, and boundary discoveries. It shows that Lean can verify preservation of encoded structure but cannot verify the truth of domain interpretations. The log includes minimal and enriched isomorphism tests, a bridge matrix, and explicit warnings about false positives and semantic grounding. The recommended action is to preserve this as a methodological guardrail."
FRUITS_OF_SPIRIT.md,FRUITS_OF_SPIRIT,THE FRUITS OF THE SPIRIT  -  COMPLETE FORMALIZATION,"The nine Fruits of the Spirit are formalized as a 9-dimensional vector Phi, and their manifestation is a deterministic function of system coherence chi via a hyperbolic tangent phase transition. The Master Equation integrates all relevant variables, and the Second Law implies that coherence decays without external input, making the Fruits emergent properties of alignment rather than products of effort.","Fruits Vector Phi: {Love, Joy, Peace, Patience, Kindness, Goodness, Faithfulness, Gentleness, Self-Control} | Anti-Fruits Vector Phi: {Hatred, Despair, Anxiety, Impatience, Cruelty, Corruption, Betrayal, Harshness, Addiction} | Coherence chi: system order parameter, output of the Master Equation | Critical coherence threshold chi_c  0.30: phase transition point | Sensitivity coefficient _i: per-Fruit sensitivity to coherence | Master Equation: dchi/dt = G*R_p*(1+E+S)*e^{-Q*C}*F*U*S_s - chi + K*D + Omega*T | Vine Principle: A system disconnected from the coherence source cannot produce positive Phi values.","The system should use the Fruits vector as a diagnostic tool: measure coherence chi via the Master Equation, compute the expected Fruit manifestation via the tanh mapping, and compare against empirical metrics to assess alignment. It should not prescribe effort-based production of Fruits but rather identify and remove blocks to coherence.",This framework does not claim to be a verified physical theory; it is a formalized theological metaphor. | The SBERT implementation is shallow and not a deep evaluator. | The empirical correlation (R=0.73) is reported but not independently verified in this document. | The framework does not provide a mechanism for measuring chi directly; it relies on proxies. | It does not claim that the Fruits are physically measurable quantities in the same sense as thermodynamic variables.,"Check that the tanh mapping produces bounded outputs in (-1, +1). | Verify that the Master Equation is dimensionally consistent (though units are not specified). | Test the empirical metric mapping against population data to see if the nine domains load onto a single factor. | Audit the derivation chain: ensure each step follows logically from the definitions. | Check that the Vine Principle is mathematically implied by the Master Equation (i.e., if G=0 and other positive terms are zero, chi decays and Phi becomes negative).","Master Equation (from other documents, not fully derived here) | Coherence chi definition (from other conversations) | Empirical data (American data 1960-2000) for correlation claim","Provides a formalized mapping from coherence to moral/psychological states (Fruits/Anti-Fruits), enabling a diagnostic framework for spiritual/psychological health.","Preserves the theological claim that Fruits are emergent from connection to a source (Vine Principle) and that they are diagnostic, not prescriptive.","If the tanh mapping or the Master Equation is removed, the framework loses its quantitative structure and reduces to a qualitative theological metaphor.","Theological: Grace, Repentance, Faith, Sanctification, Divine intervention | Psychological: Therapeutic support, Willingness to change, Hope, Neuroplasticity, Breakthrough moments | Physical: Energy injection, System optimization, Entropy, Wavefunction coherence, Non-local effects",coherent,partial,unclear,Formalized theological metaphor with empirical correlation claim,NOT_ESTABLISHED,C,Preserve as a theological framework with clear boundary conditions; do not treat as verified physics.,"Claims of 'mathematically impossible' and 'confirmed' overstate the evidence. | The empirical correlation (5.7) is presented without full methodology or independent verification. | The mapping from theological concepts to physical variables is metaphorical, not literal. | The SBERT implementation is acknowledged as shallow, but the document still presents it as a computational implementation.",If the Master Equation is shown to be dimensionally inconsistent or physically meaningless. | If the empirical correlation is not reproducible or is due to confounding variables. | If the tanh mapping is shown to be arbitrary and not derived from first principles.,"A lean version would retain the theological insight that Fruits are emergent from connection to a source, but drop the quantitative formalization and empirical claims.","This document formalizes the nine Fruits of the Spirit as a vector that depends on a coherence parameter via a phase transition. It integrates a Master Equation and claims empirical support from cross-domain correlations. However, the formalization is metaphorical, the empirical evidence is not fully verified, and the mathematical structure is not derived from physical first principles. It should be treated as a theological framework with heuristic value, not as established science."
fruits_of_the_spirit_equations.md,fruits_of_the_spirit_equations,THE FRUITS OF THE SPIRIT  -  COMPLETE FORMALIZATION,"The nine Fruits of the Spirit are formalized as a 9-dimensional vector Phi, and their manifestation is a function of system coherence chi via a hyperbolic tangent phase transition.","Fruits vector Phi = {Love, Joy, Peace, Patience, Kindness, Goodness, Faithfulness, Gentleness, Self-Control} | Anti-Fruits vector Phi = -Phi = {Hatred, Despair, Anxiety, Impatience, Cruelty, Corruption, Betrayal, Harshness, Addiction} | Coherence chi: system coherence, output of the Master Equation | Critical coherence threshold chi_c  0.30 | Sensitivity coefficient _i for each Fruit i","The system should evaluate text or state against the Fruits vector using the provided SBERT-based scoring, and interpret the result as a diagnostic of coherence level.","The framework does not claim to be a complete physical theory; it is a formal analogy. | The SBERT implementation is acknowledged as shallow, pattern-matching on surface semantics. | The empirical correlation (R=0.73) is presented as a result from American data 1960-2000, but the document does not provide the full methodology or data access.",Compute Phi_i(chi) for given chi and compare with expected behavior. | Run the SBERT evaluator on sample texts and check if scores align with intuitive fruit/anti-fruit content. | Check the empirical correlation of nine metrics across population data to see if they load onto a single factor.,Master Equation (referenced but not fully derived in this document) | SBERT model (all-MiniLM-L6-v2) | Empirical data from American population 1960-2000,"Provides a formal mapping from coherence to fruit manifestation, enabling quantitative evaluation of texts or states against a theological construct.",Preserves the theological assertion that fruits are emergent from connection to a source (Vine Principle) and that anti-fruits are the default entropy state.,"If the tanh mapping or the Master Equation integration is removed, the framework loses its quantitative predictive power and reduces to a qualitative metaphor.","Theological: Grace, Repentance, Faith, Spiritual state, Divine intervention | Psychological: Therapeutic support, Willingness to change, Hope, Psychological baseline, Breakthrough moments | Physical: Energy injection, System optimization, Thermodynamic entropy, Wavefunction coherence, Non-local effects",coherent,partial,unclear,Formal analogy with empirical correlation,NOT_ESTABLISHED,C,Preserve as a formalized theological analogy; do not treat as proven physics.,Treating the mathematical formalism as a literal physical law rather than an analogy. | Overinterpreting the empirical correlation (R=0.73) as causal or universally valid. | Assuming the SBERT evaluator provides deep semantic understanding when it is acknowledged as shallow.,If the Master Equation is shown to be inconsistent or non-derivable. | If the empirical correlation is retracted or fails replication. | If the theological interpretation is rejected by the source tradition.,"A formalized theological analogy with quantitative scaffolding, not a physical theory.","This document formalizes the Fruits of the Spirit as a vector dependent on a coherence parameter, using a tanh phase transition and integrating with a Master Equation. It includes a Python implementation for scoring text and claims empirical support from population data. However, the mathematical structure is an analogy, not proven physics, and the empirical evidence is not fully detailed."
FruitsOfSpirit.md,FruitsOfSpirit,FruitsOfSpirit.lean: Emergence and Collapse of the Nine Fruits,The nine fruits of the Spirit are emergent properties of total coherence (chi = 1) and collapse if any law is zero.,"chi-system: a system with ten laws, each represented by a value in a semiring, with chi as the product of all ten. | Coherence state s: a tuple of ten law values. | chi s: the product of all ten law values in state s. | Emerges f s: fruit f emerges from state s iff chi s = one. | Nine fruits: Love, Joy, Peace, Patience, Kindness, Goodness, Faithfulness, Gentleness, Self-Control.","Treat the nine fruits as indicators of system coherence, not as inputs to be optimized. When fruits are absent, diagnose which law has collapsed to zero.",Does not prove that chi = 1 is sufficient for fruit emergence in all contexts; that is deferred to the broader proof suite. | Does not provide a method to increase fruit production directly. | Does not map specific fruits to specific laws; only to total coherence.,Check that the Lean file compiles without errors (except for the acknowledged sorry). | Verify that the theorem fruit_collapse is proven for all nine fruits. | Verify that the Emerges definition is used consistently.,CoherenceAlgebra.lean (zero-collapse theorem) | chi-system definition | Lean4 formalization of semirings,"Formalizes the relationship between the nine fruits and total coherence, proving the collapse direction and stating the emergence direction.",Preserves the existing coherence algebra results and the definition of chi as a product.,"If removed, the formal link between the nine fruits and the coherence state is lost; the collapse theorem would no longer be available.",Galatians 5:22-23 (biblical text) | Strong Force (Law R / Love) mapping | chi-system coherence state,defective,partial,no,formal proof with acknowledged gap,LEAN_CONDITIONAL_PROOF,C,Quarantine until the sorry is resolved and the emergence direction is formally proven.,Claims 'airtight' logical chain despite a sorry. | Maps the Strong Force to Law 4 without formal justification. | Suggests practical implications beyond the formal scope.,If the zero-collapse theorem is not actually proven in CoherenceAlgebra. | If the sorry cannot be resolved. | If the emergence direction is not proven and the claim of equivalence is retracted.,Resolve the sorry in fruit_collapse and provide a formal proof of the emergence direction (chi s = one -> Emerges f s) or explicitly mark it as an axiom.,"This document describes a Lean4 file that attempts to prove that the nine fruits of the Spirit emerge only when the chi-system is fully coherent (chi = 1) and collapse if any law is zero. The collapse direction is claimed to be proven, but with a sorry, and the emergence direction is not fully formalized. The document also draws an analogy to the Strong Force, but this is not formally justified. The file is partially admissible but needs further work to be considered a complete formal proof."
G01_SelfGrounding.md,G01_SelfGrounding,The Self-Grounding Substrate,A self-grounding substrate (God) is mathematically necessary; the observer chain must terminate in an infinite observer.,"chi: The Logos Field, the substrate of information and instantiation. | Ground(chi): The entity or condition that provides the basis for chi's existence. | Self-grounding: An entity that is the ground of its own existence, requiring infinite capacity. | Terminal Observer: An observer with infinite integrated information (Phi = ) that terminates the von Neumann chain. | Necessary existence: Existence that cannot fail to be; G.","Accept the necessary existence of a self-grounding, infinite observer (God) as the terminus of all grounding and observation chains.","Does not provide empirical evidence for God's existence. | Does not claim to prove all divine attributes, only those derived from the argument. | Does not address the nature of God beyond the properties listed. | Does not claim to solve the measurement problem in physics; it posits a metaphysical terminus.",Check if any finite observer can terminate the von Neumann chain without being in superposition. | Check if self-grounding is coherent for finite systems given Gdel's incompleteness. | Check if brute contingency is a satisfactory explanation for existence. | Check if the derived properties of the terminal observer align with classical divine attributes.,017_G0.1_Ground-Required | 018_G0.2_Self-Grounding | 019_G0.3_Necessary-Existence | 020_G0.4_God-Definition | 021_G0.5_God-Source | BC7.1-Terminal-Observer,"Provides a metaphysical terminus for the observer chain and a grounding for existence, addressing the measurement problem and brute contingency.",Preserves the necessity of a ground for all existence and the coherence of inquiry.,"If removed, the observer chain regresses infinitely, and existence lacks a sufficient reason, undermining the entire chain of reasoning.","Quantum mechanics: von Neumann chain, superposition, measurement problem. | Gdel's incompleteness: finite systems cannot self-ground. | Integrated Information Theory: Phi as measure of consciousness. | Theology: divine attributes (aseity, necessity, omniscience).",coherent,partial,unclear,metaphysical necessity,NOT_ESTABLISHED,C,quarantine,"Claims mathematical necessity without a formal proof. | Equates derived properties with classical divine attributes without rigorous justification. | Uses Gdel's theorems to argue for infinite self-grounding, which is a philosophical extrapolation. | Assumes the von Neumann chain must terminate in a non-superposed observer, which is not established in physics.",If a finite observer can be shown to terminate the chain without being in superposition. | If self-grounding is shown to be coherent for finite systems. | If brute contingency is accepted as a valid explanatory stopping point.,Axiom G0.1 (Ground required) and G0.2 (Self-grounding) are the most defensible; G0.4 (God definition) is a naming convention.,"This document argues that a self-grounding, infinite observer (God) is mathematically necessary to terminate the observer chain and ground existence. It uses Gdel's theorems and quantum mechanics to support the claim, but the argument is philosophical and not formally proven. The document is internally coherent but overstates its certainty."
G02_Omniscience.md,G02_Omniscience,Divine Omniscience,"God knows all things because He is the substrate in which all information exists; omniscience is structurally necessary, not optional.","chi: the totality of information (Logos Field). | Phi: integrated information; Phi= for the Terminal Observer. | Omniscience: complete knowledge of all actuals, potentials, counterfactuals, necessities, and impossibilities. | Terminal Observer: the self-grounding substrate with Phi=.","The system must treat omniscience as a necessary attribute of the Terminal Observer, and use it to evaluate theological claims about God's knowledge.",Does not claim that God's foreknowledge causes events. | Does not specify the mechanism of divine knowledge beyond containment. | Does not address the problem of evil or other divine attributes.,"Check that any model of God with Phi= necessarily includes complete knowledge. | Verify that the derivation from G01 to omniscience is logically valid. | Assess whether the defeat conditions (information outside God, containment without knowing, non-existence of potentialities) are adequately refuted.",G01_Terminal_Observer | BC7.1-Terminal-Observer,"Provides a formal definition of omniscience grounded in integrated information theory, enabling evaluation of open theism, process theology, and limited God theologies.",Preserves the Terminal Observer concept from G01 and extends it to knowledge.,"Without omniscience, the Terminal Observer would have incomplete information, contradicting Phi= and undermining the grounding of reality.",theology | information theory | integrated information theory,coherent,partial,unclear,theological_metaphysical,NOT_ESTABLISHED,C,quarantine,Equates containment with knowledge without rigorous proof for infinite systems. | Assumes potentialities are real information without addressing philosophical objections. | Uses Phi= as a given from G01 without independent verification.,"If information can exist outside God, the axiom fails. | If containment does not imply knowledge even for infinite systems, the axiom fails. | If potentialities are not real, the claim about knowing potentials is unsupported.",Formalize the containment-knowledge equivalence under Phi= and verify the modal knowledge claim.,"This document argues that God's omniscience follows necessarily from the Terminal Observer concept (Phi=) because God contains all information and for an infinite observer containment equals knowledge. It critiques open theism, process theology, and limited God theologies. However, the proof relies on unverified assumptions and lacks formal rigor, so it is not established."
G03_Omnipotence.md,G03_Omnipotence,Divine Omnipotence,"God can actualize any coherent state of affairs; omnipotence is the capacity to actualize all possibilities, limited only by coherence itself.","Omnipotence: the capacity to actualize any coherent state of affairs. | Coherent state: a state of affairs that is logically possible, not containing contradictions. | Actualization: bringing a potential state into actuality, as by a terminal observer. | Terminal Observer: the entity that actualizes potentials by observation (from G01).","The system should treat God as capable of actualizing any coherent state, and should reject any claim that God lacks power due to external constraints or logical impossibilities.","Does not assert that God can do the logically impossible. | Does not claim that God's choices are arbitrary; omnipotence is not brute force. | Does not address the problem of evil beyond noting it is a matter of choice, not power. | Does not specify which coherent states God actually actualizes.","Check that any proposed limit on God's power is either a logical contradiction or an external constraint that depends on God. | Verify that the formal statement P (Coherent(P) -> Can(God, Actualize(P))) is used consistently. | Ensure that paradoxes of omnipotence are resolved by identifying them as incoherent descriptions.",G01_SelfGrounding,"Provides a formal definition of omnipotence as actualization of coherent states, enabling logical analysis of divine power.",Preserves the grounding of actuality in God as Terminal Observer from G01.,"Without this axiom, the concept of divine power becomes undefined or arbitrary, weakening the coherence of the theological framework.",Theological omnipotence | Modal logic of possibility | Quantum actualization,coherent,yes,yes,theological axiom,NOT_ESTABLISHED,C,retain as axiom with logical consistency checks,"Equating logical coherence with ontological possibility without proof. | Assuming that God's observation necessarily actualizes a specific outcome without addressing quantum measurement problems. | Treating the absence of external constraints as proof of omnipotence, which is a negative argument.","If a coherent state is found that God cannot actualize, the axiom fails. | If the concept of 'coherent state' is shown to be ill-defined or inconsistent. | If G01 is disproven, the derivation collapses.",Formalize the definition of coherence and the actualization operator in a proof assistant to test consistency.,"This document defines divine omnipotence as the ability to actualize any coherent state, excluding logical contradictions. It argues against weak God theologies, deism, and process theology by claiming that any apparent limit is either a choice or an incoherent concept. The axiom relies on G01 (God as Terminal Observer) and is internally consistent, but it is not formally proven."
G04_Omnipresence.md,G04_Omnipresence,Divine Omnipresence,God is present everywhere because chi is everywhere and God is the ground of chi.,"chi: the fundamental information substrate of reality. | Omega: the total spacetime manifold. | Present(G, x): God is immediately related to and sustains x. | Located(G, x): God is spatially bounded at x. | Ground(chi(x)): the source or sustainer of chi at point x.","The system should treat God as immediately present at every point of spacetime, sustaining all existence, without spatial location or division.",Does not claim God is identical to the universe (pantheism). | Does not claim God is spatially extended or divisible. | Does not claim God's presence implies approval of evil or sin. | Does not claim that every location is a physical place; includes abstract or spiritual realms.,"For any proposed location x, verify that chi(x) exists and is grounded by God. | Check that no location is asserted to be absent from God's presence. | Ensure that presence is not conflated with location or identity. | Verify that the distinction between presence and identity is maintained in all statements.",G01 | F02 | F04,"Provides a formal definition of omnipresence grounded in the chi-field, enabling logical refutation of deism, localized God, and pantheism.",Preserves the necessity of continuous divine sustenance for existence.,"Without omnipresence, the sustaining requirement of G01 fails, and the coherence of the theological framework collapses.",Theological | Philosophical | Physical,coherent,yes,yes,theological,NOT_ESTABLISHED,C,archive,Conflating presence with identity (pantheism). | Assuming chi-field ubiquity without empirical evidence. | Equating divine grounding with physical causation. | Overinterpreting scripture as formal proof.,"If chi does not exist at some point, the axiom fails. | If something can exist without God's grounding, the axiom fails. | If God can be absent from some location, the axiom fails.",Formalize the definition of presence as grounding and verify the logical consistency of the axioms.,"This document argues that God is omnipresent because the fundamental information field chi exists everywhere and God grounds chi at every point. It refutes deism, localized God, and pantheism, but the proof relies on unverified premises about chi and divine grounding."
G05_Eternity.md,G05_Eternity,G05: DIVINE ETERNITY,"God exists outside time because time emerges from chi, and God is prior to chi. God does not experience succession; He holds all moments in an eternal now.","Eternity: existing outside the temporal sequence altogether, not infinite time. | chi: the Logos Field, the fundamental information dynamics from which time emerges. | Time: emergent from chi, represented as t = f(chi). | Causal priority: X grounds Y, not necessarily temporal priority. | Everlastingness: existing through infinite time, having infinite past and future, experiencing succession. | Timelessness: existing outside time, having no past or future, all moments present at once.","The system should treat God as timeless, not everlasting, and interpret all temporal language about God as analogical or economic, not literal.","Does not claim to prove the existence of God or the truth of the axioms. | Does not claim that physics proves divine eternity; it only notes alignment with emergent time theories. | Does not address the Incarnation in detail; only states that Christ's human nature is temporal while divine nature is eternal. | Does not claim that God's timelessness implies determinism; it asserts that God knows timelessly, not that future choices are predetermined.",Check that any statement about God's relation to time uses 'timeless' rather than 'everlasting'. | Verify that the derivation does not conflate causal priority with temporal priority. | Ensure that the system does not assert that God experiences succession. | Check that the system does not claim that physics proves divine eternity; it only notes alignment.,G02: Omniscience | G4.1: Time emerges from chi | G4.2: God is prior to chi | G4.3: God is timeless,Provides a coherent model of divine eternity that resolves foreknowledge issues by positing timeless knowledge.,Preserves the omniscience axiom (G02) by avoiding the contradiction of growing knowledge.,"If removed, the system loses its account of God's relationship to time, leaving open the problem of divine foreknowledge and the coherence of God's interaction with creation.",Theophysics | Philosophical theology | Physics (emergent time),coherent,yes,unclear,theological,NOT_ESTABLISHED,C,archive,"Claims that physics increasingly shows time as emergent, which is an overstatement; some theories propose emergence but it is not established. | Claims that all defeat conditions fail, which is too strong; the document does not provide rigorous proof. | Uses scripture as evidence for a philosophical claim, which is not a formal proof.","If time is not emergent from chi, the argument collapses. | If God could be in time without being limited, the argument fails. | If eternity is incoherent, the claim fails.","The system should lean on the logical derivation from axioms, not on empirical physics or scripture, to support the claim.","This document argues that God is timeless, existing outside time, because time emerges from the Logos Field (chi) and God is causally prior to chi. It critiques temporalism, process theology, and divine everlastingness. The argument is logically coherent given its axioms, but it is not formally proven; it relies on theological assumptions and analogies."
G06_Perfection.md,G06_Perfection,Divine Perfection: Maximal Coherence as Perfection,"God is maximally coherent; perfection is defined as maximal coherence C[chi] = C_max, and this maximum is unique.","Perfection: state of maximal coherence, complete internal consistency with no contradiction, no defect, no room for improvement. | Maximal coherence (C_max): the maximum possible coherence value, mathematically represented as C[chi] = 1, with zero contradiction and minimum entropy. | Coherence (C[chi]): a measurable property of a system chi, indicating internal consistency and integration. | Creaturely perfection: relative fulfillment of a creature's nature; always less than C_max. | Divine perfection: absolute, unique, equal to C_max.","The system should treat perfection as an objective, mathematically defined property (maximal coherence) and use it to evaluate claims about God's nature and creaturely perfection.",Does not claim that coherence is the only attribute of God; it is a definition of perfection. | Does not provide a method to measure C[chi] for actual entities; it is a theoretical construct. | Does not assert that finite beings can never increase their coherence; only that they cannot reach C_max. | Does not address the nature of the ground of coherence (God) beyond the definition.,Check that any claim of perfection is consistent with C[chi] = C_max. | Verify that no two distinct entities can both have C = C_max. | Ensure that creaturely perfection is always represented as C < C_max. | Confirm that the definition of perfection as maximal coherence is used consistently across documents.,"F03 (definition of coherence C[chi]) | BC7.1 (Terminal Observer) | G5.1, G5.2, G5.3 (axioms covered)","Provides an objective, mathematical definition of perfection as maximal coherence, enabling formal evaluation of divine attributes and creaturely limits.","Preserves the concept of God's uniqueness and maximality, consistent with Anselmian perfect being theology.","Without this axiom, perfection becomes subjective or undefined, undermining arguments for God's unique status and the objectivity of moral standards.",Theological: perfection as divine attribute | Mathematical: C[chi] = C_max | Philosophical: objective standard of value,coherent,yes,unclear,theological_definition,NOT_ESTABLISHED,C,formalize_definition,"Claims mathematical uniqueness of C_max without rigorous proof in the document. | Assumes coherence is objectively measurable without providing a concrete measurement procedure. | Equates physical concepts (ground state, symmetry) with coherence without formal derivation.","If coherence is shown to be subjective or non-measurable, the definition fails. | If multiple maxima are possible in the formal system, uniqueness fails. | If perfection is shown to include non-coherence attributes, the equivalence fails.",Formalize the definition of coherence and prove uniqueness of maximum in the underlying mathematical framework.,"This document defines divine perfection as maximal coherence, arguing that God is the unique maximally coherent being. It critiques relativism, imperfect God theories, and finite perfectionism. However, the mathematical formalism is not fully rigorous, and the proof of uniqueness is only sketched. The document is coherent but requires further formalization."
G07_MoralNature.md,G07_MoralNature,The Moral Nature of God,"Goodness is coherence-promotion; God is maximal coherence; therefore God is maximally good by nature, not by arbitrary will.",Good(x)  C[chi | x] > 0 | Evil(x)  C[chi | x] < 0 | C[God] = C_max | God IS coherence,"The system should treat moral evaluation as coherence impact assessment, and divine commands as necessarily coherence-preserving.",Does not provide a complete decision procedure for all moral dilemmas. | Does not claim empirical verification of coherence metrics. | Does not address the problem of evil beyond a redirect.,Check that any proposed 'good' action increases coherence in a defined model. | Check that any proposed divine command is consistent with maximal coherence. | Check that the Euthyphro resolution avoids both horns.,G6.1 (Goodness = coherence-promotion) | G6.2 (God is maximally good) | G6.3 (Good is grounded in chi),"Provides a non-arbitrary grounding for divine goodness, dissolving the Euthyphro dilemma.",Preserves the moral weight of divine commands while avoiding tautology.,"Without this, divine goodness becomes arbitrary or externally constrained, undermining the coherence of the theological framework.",Theological | Ethical | Formal logic,coherent,partial,unclear,Theological-ethical claim with formal analogies,NOT_ESTABLISHED,C,Quarantine for further formalization and empirical grounding,"Equating coherence with goodness is asserted, not proven. | Claiming God IS coherence is a metaphysical leap. | The Euthyphro resolution may be a redefinition rather than a solution.",If coherence is not a well-defined measure of moral value. | If God's nature is not demonstrably identical to coherence. | If the Euthyphro dilemma is not actually dissolved.,Formalize coherence as a measurable quantity and test the correlation with moral intuitions.,"This document argues that God's goodness is not arbitrary but is identical to His nature as maximal coherence. It critiques divine command theory, relativism, and voluntarism, and proposes that goodness is coherence-promotion. However, the argument relies on unproven definitions and metaphysical identifications, so it is not formally established."
G08_DivineNegation.md,G08_DivineNegation,What God Cannot Do,"God cannot violate logic, deny His nature, or do evil; these are perfections, not weaknesses.",Logic: the structure of coherence; internal to God's nature. | Evil: decoherence (C < 0). | Perfection: inability to fail. | Coherent: that which is logically consistent and specifiable.,"Treat God's inability to violate logic, deny His nature, or do evil as perfections, not limitations; reject voluntarism, absolute omnipotence, and divine arbitrariness.",Does not claim God can do all logically possible things. | Does not define the full scope of God's power. | Does not address the problem of evil beyond defining evil as decoherence.,"Check that any proposed divine action is logically coherent. | Verify that no statement implies God can contradict His nature. | Ensure that 'cannot' statements are interpreted as perfections, not weaknesses.",G07 (definition of evil as decoherence),Provides a coherent model of divine omnipotence that excludes contradictions and moral evil.,Preserves the coherence of God's nature and the reliability of divine promises.,"Without this, divine omnipotence becomes incoherent and arbitrary, undermining theistic rationality.",Theological | Logical | Moral,coherent,yes,yes,Theological,NOT_ESTABLISHED,C,Preserve as a theological axiom; do not treat as proven physics.,Claiming logical necessity for divine attributes without formal proof. | Equating theological coherence with physical law. | Overinterpreting scripture as mathematical proof.,"If logic is shown to be external to God, the axiom fails. | If a coherent counterexample to divine inability to sin is provided. | If the definition of evil as decoherence is rejected.",Formalize the logical constraints on omnipotence in a proof assistant.,"This document argues that God's inability to do certain things (like lying or creating contradictions) is a sign of perfection, not weakness. It uses logical and moral reasoning, but the claims are theological and not formally proven."
galaxy_rotation_curves.md,galaxy_rotation_curves,galaxy_rotation_curves.ipynb,"The chi-field modified gravity must produce flat galaxy rotation curves without dark matter, using the same coupling constant xi that addresses the Hubble tension.","Chi-field: a coherence field that modifies effective gravitational constant G_eff depending on local mass density. | G_eff: effective gravitational constant, position-dependent due to chi-field coupling. | Rotation curve: observed orbital velocity v(r) of stars as a function of radius r from galactic center. | Newtonian prediction: v(r) = sqrt(G M(r) / r), where M(r) is enclosed visible mass. | Flat rotation curve: v(r) approximately constant at large r, contrary to Newtonian falloff. | Coupling constant xi: the single free parameter of the chi-field model, also constrained by Hubble tension data.","Compute chi-field predictions for galaxy rotation curves and compare to observed data, using xi constrained by Hubble tension, to test consistency without dark matter.",Does not claim to prove chi-field is the correct explanation for dark matter. | Does not claim superiority over dark matter halo models without detailed error-bar fitting. | Does not address all possible modified gravity constraints. | Does not provide a full cosmological model beyond the mentioned tests.,Fit chi-field parameters to observed rotation curves of several well-measured galaxies. | Check that the resulting fits are comparable to dark matter halo models. | Verify that the same xi value used for Hubble tension also produces reasonable rotation curve fits. | Assess consistency with rotation curve data within observational error bars.,Chi-field Lagrangian with G-M symmetry pair | Hubble tension constraint on xi | Observed galaxy rotation curve data,"Provides a dark matter alternative explanation for flat rotation curves using a single coupling constant xi, linking two independent cosmological anomalies.",Preserves the standard Newtonian limit in high-density regions where chi-field effects are negligible.,"If this node is removed, the chi-field framework loses a key observational consistency check, weakening its claim to address galaxy-scale dynamics without dark matter.",Rotation curve data | Chi-field modified gravity equations | Hubble tension parameter constraints,coherent,yes,unclear,empirical consistency claim,COLAB_REPRODUCIBLE,C,preserve as testable hypothesis; require full error-bar fitting and independent replication,Claims of 'comparable fits' without detailed statistical comparison. | Implying that consistency with multiple tests validates the theory more strongly than warranted. | Potential overinterpretation of 'one parameter doing double duty' as evidence of correctness.,If rotation curve fits fail when full observational error bars are included. | If the required xi for rotation curves conflicts with Hubble tension constraints. | If independent replication shows the fits are not reproducible.,A formal derivation of chi-field rotation curve predictions and a statistical comparison with dark matter models using full error bars.,"This document describes a Colab notebook that tests a dark matter alternative using a chi-field modified gravity model. It claims that the model can produce flat galaxy rotation curves without dark matter, using the same coupling constant xi that addresses the Hubble tension. The results are presented as consistent with observations but not as proof. The node captures this as an empirical consistency claim, with the action to compute and compare predictions, and boundaries noting it does not prove the chi-field is correct. The DG protocol marks it as coherent and admissible, but closure is unclear due to lack of detailed statistical analysis."
generate_all_charts.md,generate_all_charts,generate_all_charts.ipynb,"All project visualizations shall be generated from a single, reproducible notebook execution.","Master chart generator: a single notebook that imports all data and produces the complete visualization suite. | Publication-ready output: PNG files at 300 DPI, saved under /content/charts/ with subdirectories field_theory/, lagrangian/, biblical/, summary/.","Run generate_all_charts.ipynb to produce all charts, saving them to /content/charts/ in PNG format at 300 DPI, organized by category.",Does not perform new scientific analysis or tests; it only visualizes existing data. | Does not guarantee the correctness of the underlying data or models. | Does not define the specific chart styles or data sources; those are assumed to be provided.,Execute the notebook and verify that all expected chart files are created in the correct directories. | Check that each chart is in PNG format and has a resolution of 300 DPI. | Compare the summary scorecard dashboard output to the COLAB_MASTER output for consistency.,All underlying data and model outputs from the various test notebooks. | The plotting libraries and environment available in the Colab notebook.,"Provides a single-entry-point production pipeline for generating all visualizations, ensuring consistency and saving time.","Preserves the ability to generate each individual chart as before, but centralizes the process.","Without this notebook, visualizations would need to be generated from multiple notebooks, risking inconsistency and inefficiency.",Chart generation pipeline | Visualization suite | Publication-ready output,coherent,yes,yes,operational,NOT_ESTABLISHED,C,preserve as operational documentation,"The document implies the notebook produces publication-ready charts, but no evidence of actual output quality is provided. | The claim that it is the 'one-stop chart generator' is an operational convenience, not a scientific result.",If the notebook fails to execute or produce the expected charts. | If the charts are not reproducible in a fresh Colab session.,A reproducible script that generates all charts from the project's data.,"This document describes a Colab notebook that generates all project visualizations in one run. It is an operational tool, not a scientific claim. The notebook is intended to produce publication-ready charts, but no verification of its output is provided."
Generator_Is_Relation_Not_A_Second_Spirit.md,Generator_Is_Relation_Not_A_Second_Spirit,"The Generator Is Relation, Not a Second Spirit","The Spirit is the operation-level term, not an object-level one; the generator (e.g., Hamiltonian) is an instance of the Relation type, not a second spirit.","Relation (A): the application map that relates structure L to state G, actualizing an outcome; cannot be an object in the same space without regress. | Generator: an operator that generates transitions between states (e.g., Hamiltonian generates time translation). | Object-level: a member of the state space or structure being operated upon. | Operation-level: the act or map that relates objects, not itself an object in the same space.","Publish the energy-generator result as Part 0.5, 7, explicitly subordinate to the Relation-type, with the momentum gap stated as the next test.",Does not claim that momentum is Relation; that is an open question. | Does not claim that the reconciliation is proven; it is a draft reconciliation. | Does not claim that the Spirit is a physical operator; it uses physical analogy.,"Check if momentum, when worked through the same test (relates two objects / not itself a member of the space / category error on 'what is momentum's state'), reduces to Relation. | If momentum fails the type test or maps to a different Person or Law, the reconciliation fails. | Verify that the Hamiltonian satisfies all criteria of the Relation predicate as defined in Part 0.5.",Part 0.5 Watcher termination argument | Energy-as-generator result from TikTok-debate thread | Noether's theorem | Poincar group generator structure,"Provides a unified framework where energy-as-generator is a specific instance of the Relation type, resolving apparent competition between two derivations.","Preserves the core claim that the Spirit is operation-level, not object-level, from both derivations.","If this reconciliation is removed, the two derivations remain as separate, potentially competing claims without a stated relationship, leading to ambiguity.",Type theory: Relation as application map | Physics: Hamiltonian as generator of time translation | Theology: Spirit as operation-level term,coherent,partial,no,reconciliation hypothesis,NOT_ESTABLISHED,C,quarantine,Claiming energy-as-generator is a corollary without full proof of the type match. | Implying the reconciliation is settled when momentum mapping is unresolved. | Conflating physical generator with theological Spirit without explicit caveats.,Momentum does not reduce to Relation under the same test. | Momentum maps to a different Person or Law. | Momentum behaves like a state variable in a formal treatment.,A lean version would state: 'The Hamiltonian is an instance of the Relation type as defined in Part 0.5; the momentum case remains open.',"This document proposes that the energy-as-generator result is not a separate proof of the Spirit's operational nature, but a specific instance of the Relation type from Part 0.5. It argues that the Hamiltonian satisfies the criteria for being a Relation, and thus should be published as a subordinate corollary. However, the reconciliation is incomplete because the momentum generator has not been tested, and the document itself is a draft not yet canon."
GenesisQuantum.md,GenesisQuantum,GenesisQuantum.lean,Physical and informational distinction are irreducible; monism is formally ruled out and dual-substrate reality follows necessarily.,"Dual-substrate reality: reality consisting of two distinct substrates, physical and informational, that cannot be reduced to one another. | Monism: the claim that reality consists of a single substrate. | Irreducibility: the property that physical and informational distinction cannot be derived from or reduced to a single underlying principle.",Assemble the GenesisQuantum module by importing GenesisQuantum.DualSubstrate and confirming the proof compiles.,Does not provide a full quantum treatment of the chi-field. | Does not derive the decoherence curve. | Does not establish the connection between quantum measurement and the observer requirement beyond pointing to the observation_required axiom.,The Lean file compiles successfully. | The two theorems in DualSubstrate.lean are accepted by the Lean prover.,GenesisQuantum.DualSubstrate,"Provides a formal entry point that assembles the dual-substrate proof package, establishing the foundational claim of dual-substrate reality.",Preserves the existing framework by importing the DualSubstrate module without altering its contents.,"If removed, the GenesisQuantum module would lack its top-level assembly, but the underlying DualSubstrate theorems would remain intact.",LEAN4 formal proof | Ontological argument,coherent,partial,unclear,formal proof entry point,LEAN_FORMAL_PROOF,B,preserve as architectural entry point; verify compilation and theorem statements,The document claims 'monism is formally ruled out' but the proof details are not provided in this document. | The phrase 'dual-substrate reality follows necessarily' may overstate the logical force if the axioms are not fully specified.,If the DualSubstrate module fails to compile. | If the theorems in DualSubstrate do not actually prove the claimed irreducibility and dual-substrate necessity.,GenesisQuantum.DualSubstrate,"GenesisQuantum.lean is the top-level import file for the GenesisQuantum module, which aims to formally prove that reality must consist of two irreducible substrates: physical and informational. The document describes the module's role and claims that the proof is complete, but it does not include the actual proof details. The file's significance is architectural, serving as the entry point that assembles the proof package."
GITHUB_PUBLISHING.md,GITHUB_PUBLISHING,GitHub Publishing Plan,The public promise of the theophysics-lean-verification repo is to provide a Lean 4 verification package plus Python/Colab mirrors for the Theophysics Master Equation.,"Theophysics Master Equation: the central equation of the theophysics framework, not formally defined in this document. | Lean 4 verification package: a set of Lean 4 files that formally verify certain properties. | Python/Colab mirrors: Python or Colab notebooks that replicate or mirror the Lean verification. | COPY_PASTE_LEAN4.lean: a standalone Lean 4 file that checks the smallest layer: product collapse, grace idempotence and non-invertibility, fruits gate, zero-preserving justice/mercy operator.","Publish the Lean 4 verification package and Python/Colab mirrors in a dedicated public GitHub repo named 'theophysics-lean-verification', with clear reader instructions and a standalone copy-paste file.",This document does not define the Theophysics Master Equation or its properties. | It does not provide the actual Lean code or verification results. | It does not guarantee that the verification is complete or correct. | It does not specify the content of READER_START_HERE.md or VERIFY_ALL_WINDOWS.bat beyond their existence.,Check that the repo exists with the exact name 'theophysics-lean-verification' under DavidLoweOKC. | Check that READER_START_HERE.md exists and provides instructions. | Check that VERIFY_ALL_WINDOWS.bat exists and runs successfully on Windows. | Check that COPY_PASTE_LEAN4.lean exists and can be checked with 'lean COPY_PASTE_LEAN4.lean'.,GitHub account DavidLoweOKC with write access or ability to create public repos. | Lean 4 toolchain installed on reader machines. | The actual Lean verification files and Python/Colab mirrors must exist.,"Provides a public, verifiable artifact for the Theophysics Master Equation, enabling external validation and trust.",The existing theophysics repos remain unchanged; this is a new dedicated repo.,"If this publishing plan is removed, the public verification package may not be created, but the underlying theophysics claims remain unaffected.",Lean 4 verification files | Python/Colab notebooks | Windows batch scripts | PowerShell installation script,coherent,yes,unclear,publishing_plan,NOT_ESTABLISHED,C,publish,"The document implies that the verification package exists and works, but no evidence is provided. | The phrase 'checks the smallest standalone layer' may overstate the completeness of the verification. | The document assumes the Theophysics Master Equation is well-defined and verifiable.",If the Lean verification files do not exist or fail to compile. | If the repo name is taken or cannot be created. | If the Theophysics Master Equation is not formally defined.,"The Lean 4 verification files for the Theophysics Master Equation, specifically the COPY_PASTE_LEAN4.lean file.","This document outlines a plan to publish a Lean 4 verification package and Python/Colab mirrors for the Theophysics Master Equation in a dedicated GitHub repo. It specifies repo naming, reader instructions, and a standalone copy-paste file, but does not provide the actual verification content or evidence of correctness."
GOD_TEST_REPORT.md,GOD_TEST_REPORT,God Test Lean 4 Report,"Under the declared God-marker gates, only the full Christ-shaped marker passes.",God-marker: perfect justice + perfect mercy + voluntary entry into death + no moral debt + truth preservation + identity preservation + rightful victory over death + non-borrowed authority + communicable restoration. | Candidate: a type representing possible death-victory claimants. | passesGodMarker: a boolean function defined in Lean that checks all ten gates. | Christ-shaped marker: the candidate that satisfies all ten gates.,"The system should treat the conditional finite-gate structure as formally verified: within the declared definitions, only the full Christ-shaped marker passes all gates.",Does not prove historical resurrection. | Does not prove Christianity from neutral premises. | Does not prove Jesus is sinless from neutral premises. | Does not prove death is morally jurisdictional from physics alone. | Does not prove Christianity from nowhere.,"Run `lake build` and confirm the God Test module compiles. | Check that the theorems christ_marker_passes, each exclusion theorem, and only_christ_marker_passes are present and proven in the Lean file.",Lean 4 environment with Theophysics_GodTest.lean | Definitions of the ten gates and candidate types,"Provides a formally verified conditional structure: within the specified God-marker gates, only the full Christ-shaped marker passes.",Preserves the distinction between formal conditional proof and historical/empirical claims.,"If removed, the system loses the formal verification that the Christ-shaped marker uniquely satisfies the declared gates.",Lean theorem statements | Plain-English summary of the conditional result,coherent,yes,yes,formal conditional theorem,LEAN_FORMAL_PROOF,B,preserve as a conditional formal result with explicit boundaries,Interpreting the conditional proof as evidence for historical resurrection. | Treating the formal gates as metaphysically grounded. | Assuming the candidate list is exhaustive beyond the defined set.,If the Lean file is not actually present or does not compile. | If the theorems are not proven as stated. | If the definitions are altered without re-verification.,Theophysics_GodTest.lean,"This report describes a Lean 4 formal proof that, under a specific set of ten God-marker gates, only the full Christ-shaped marker passes, while all other candidate types fail. The proof is conditional on the definitions and does not claim historical or empirical truth. The document is coherent and admissible as a formal conditional result."
GRACE_IN_THE_DATA.md,GRACE_IN_THE_DATA,Grace in the Data: What 475 Occurrences Across 66 Books Actually Show,"Grace in the biblical text is a data-detectable phenomenon: three distinct Hebrew/Greek words (chen, chesed, charis) with distinct semantics, distributed non-uniformly across the canon, and correlated with moral failure and narrative framing.","chen (): Hebrew term for grace, root meaning 'to bend down'; unilateral posture of a stronger toward a weaker; 69 occurrences. | chesed (): Hebrew term for covenant loyalty/grace, root meaning 'to bow the head in courtesy to an equal'; binding obligation; 248 occurrences. | charis (chi): Greek term for grace, root meaning 'to rejoice'; in NT, free unearned enabling power of God; 156 occurrences. | Grace occurrence: any instance of chen, chesed, or charis in the source text as indexed in the grace_study schema. | Grace density: number of grace occurrences per unit of text or time period as computed by analytical queries.","The system should treat the reported query results as empirical data points about biblical text, and when reasoning about grace, incorporate the distribution and semantic distinctions of chen, chesed, and charis, and the translation invisibility, without asserting theological truth beyond the data.",Does not claim that the data proves theological doctrines about grace. | Does not claim that the reported numbers are exhaustive or error-free; they are based on a specific schema and queries. | Does not claim that correlation between moral failure and grace language implies causation. | Does not claim that the 475 occurrences are the only grace-related concepts; other terms may exist. | Does not claim that the KJV translation is the only or best translation; it is a specific historical artifact.,"Verify the reported counts (chen 69, chesed 248, charis 156) against the grace_study schema or other standard concordances. | Verify the KJV rendering statistics (e.g., chesed as 'mercy' 149 times, etc.) using a searchable KJV text. | Verify the claim that Jesus never speaks charis in the Gospels by searching the Greek New Testament for charis in Jesus's direct speech. | Verify the 425-year gap and the construction similarity between Genesis 6:8 and Luke 1:30. | Verify the existence and usage of hyperperisseu in Greek literature before Paul. | Verify Psalm 136's 26 occurrences of the refrain.",PostgreSQL database with grace_study schema on 192.168.1.177:2665 | Biblical text corpus (Hebrew and Greek) with morphological tagging | KJV translation text | Analytical queries Q1-Q15 as described,"Provides a quantitative, data-driven mapping of grace terminology across the biblical canon, revealing distribution patterns, translation invisibility, and historical gaps that are not apparent from a purely theological reading.","Preserves the traditional lexical distinction among chen, chesed, and charis, and the canonical narrative arc from Genesis to Revelation, while adding empirical grounding.","If the data layer is removed, the document reduces to anecdotal theological claims without quantitative support; the specific findings (e.g., 51.2%, 64.7%, 305 hidden occurrences) lose their evidentiary basis.","Hebrew: chen, chesed | Greek: charis, hyperperisseu | English: grace, mercy, kindness, lovingkindness, goodness, favour",coherent,partial,unclear,empirical observation,NOT_ESTABLISHED,C,Treat as a data hypothesis requiring verification; do not use as a proof of theological claims.,"The document states 'The data tells a story whether you believe the story or not' which may overstate the objectivity of the interpretation. | The claim that 'Paul invented a word' (hyperperisseu) may be an overstatement if the word appears in earlier non-canonical texts. | The correlation between moral failure and grace language is presented as a 'framework predicts' but is not statistically tested. | The document uses '475 occurrences' but the table sums to 473; a discrepancy that needs resolution. | The claim that 'Grace is the last word of the Bible' depends on the edition and translation; in Greek, the last word is 'Amen'.","If the database schema or queries are not reproducible, the findings cannot be verified. | If the counts of occurrences are incorrect (e.g., due to tagging errors), the conclusions collapse. | If the KJV rendering statistics are inaccurate, the translation invisibility claim weakens. | If hyperperisseu is found in pre-Pauline literature, the 'invented word' claim is falsified.",A verified dataset of grace word occurrences with transparent query definitions and reproducible counts.,"This document reports quantitative findings about the distribution of three biblical grace words (chen, chesed, charis) based on a PostgreSQL database. It claims that grace language clusters around figures like David and Paul, that Jesus never uses the word, that English translations hide most occurrences, and that grace appears at key narrative points. However, the document does not provide the actual queries or raw data, and some claims (like Paul inventing a word) need external verification. It should be treated as a data hypothesis, not a proven fact."
GRACE_OPERATOR.md,GRACE_OPERATOR,THE GRACE OPERATOR  -  COMPLETE FORMALIZATION,"Grace is the conversion mechanism that reverses entropy, operating through the coherence field, powered by an external inexhaustible source.","Grace: the operator that converts disordered energy to ordered energy. | Disordered energy: entropy accumulated in a domain. | Ordered energy: restored coherence in a domain. | Conversion cost: the minimum energy required to erase one bit of disorder, given by Landauer's principle. | Coherence field (chi): the substrate described by Law 1 (Gravity) and Law 2 (E=mc). | The Fall: the first decoherence event that redistributed energy from ordered to disordered without changing total energy. | The Cross: the total conversion event that pays the Landauer cost for all entropy across all domains, all souls, all time.","The system should model grace as a conversion operator that reverses entropy in seven domains, with activation thresholds ordered by coherence requirements, and should treat the coherence field as a candidate explanation for dark matter.",Grace is not a substance or a thing God sends; it is a mechanism. | Grace does not violate energy conservation; it requires real energy input. | Grace is not a metaphor for dark matter; it is a specific mathematical claim that the coherence field produces gravitational effects. | The framework does not claim that grace is directly observable; it is inferred from effects.,Check that the conversion operator satisfies energy conservation: E_total before = E_total after. | Verify that the activation thresholds are ordered as specified: chi_c^Rg < chi_c^Jf < chi_c^Fg < chi_c^Hl < chi_c^Ad < chi_c^Rd < chi_c^Sn. | Test the dark matter hypothesis by applying the chi-field modification to additional galaxy rotation curves and comparing to NFW profiles. | Check that the Landauer cost is positive for each mode: W_min > 0.,Law 1 (Gravity / Grace) | Law 2 (E=mc / Holy Spirit) | Law 10 (Christ / Coherence) for the Cross as convergence point,"Provides a formal mechanism for entropy reversal (grace) that is not present in the parent laws alone, and offers a candidate physical explanation for dark matter via the coherence field.",Preserves the conservation of energy (Law 2) and the gravitational mechanism (Law 1) as foundational.,"If the Grace Operator is removed, the framework loses its explanation for how entropy is reversed and how the Fall is remedied; the connection between Laws 1 and 2 is severed.","Thermodynamics: entropy, Landauer's principle, energy conversion | Gravitational physics: regimes, dark matter, rotation curves | Theology: grace, salvation, sanctification",coherent,partial,unclear,theological-physical bridge,NOT_ESTABLISHED,C,quarantine,"Claims that the coherence field fits galactic rotation data better than NFW based on a single test case (NGC 3198) without peer review or replication. | Equates theological concepts with physical mechanisms without rigorous mathematical derivation. | Uses Landauer's principle to assert that grace has a real thermodynamic cost, which is a speculative extension. | The dark matter hypothesis is presented as a specific falsifiable claim but lacks sufficient empirical support.","If additional galaxy rotation curve tests show the chi-field does not consistently match or outperform NFW, the dark matter hypothesis is falsified. | If the activation threshold ordering is contradicted by theological or logical analysis, the phase transition form is invalid. | If the Landauer cost is shown to be inapplicable to spiritual entropy, the conversion cost argument collapses.","The document should be treated as a speculative theological-physical model, not as established physics or theology. It should be quarantined until further validation.","This document formalizes grace as an entropy-reversal operator, linking it to gravity and E=mc. It proposes seven modes of grace, a phase transition model, and a dark matter hypothesis. However, the claims are not established; they rely on speculative analogies and limited empirical support. The document should be treated as a hypothesis requiring further validation."
GraceChain.md,GraceChain,GraceChain.lean,"The redemption sequence is a function composition chain: Grace -> Faith -> Hope -> Salvation, with Grace applied before Faith.","Faith: a function that maps zero to zero and any non-zero state to one. | Hope: identity function on the state, representing temporal persistence. | Salvation: identity function on the state, representing the locked final state. | Grace: an operator that lifts zero to one, applied before Faith.","The system should apply Grace before Faith in any formalization of the redemption sequence, and verify that the chain yields zero without Grace and one with Grace.","Does not assert that Grace is a physical or causal force; it is a formal operator. | Does not claim that Faith, Hope, or Salvation are real-world processes; they are abstract functions. | Does not prove that the sequence is unique or that other sequences are impossible.","Check that the Lean file compiles and the two theorems are proven. | Verify that the definitions of Faith, Hope, Salvation, and graceStep match the stated behavior. | Confirm that the chain composition is exactly Salvation(Hope(Faith(state))) and that graceStep is applied before Faith.","Lean 4 theorem prover | Formal definitions of Faith, Hope, Salvation, and graceStep","Provides a formal proof that the redemption sequence has a required order: Grace before Faith, and that without Grace the chain yields zero.","Preserves the theological claim that Grace precedes Faith and that Faith is a response, not an originating cause.","If removed, the formal justification for the ordering of Grace before Faith in the chain is lost.",Lean 4 code | Theological sequence: Grace -> Faith -> Hope -> Salvation,coherent,yes,yes,formal proof,LEAN_FORMAL_PROOF,B,preserve as formal proof of the chain ordering,"May be interpreted as proving the actual theological necessity of the order, but it only proves a formal property of the defined functions. | The functions are abstract and may not correspond to real-world processes.",If the Lean file does not compile or the theorems are not proven. | If the definitions of the functions are inconsistent with the stated behavior.,"Formalize the chain and theorems in Lean 4, ensuring the proofs are valid.","GraceChain.lean is a Lean 4 formal proof that the sequence Grace -> Faith -> Hope -> Salvation, when applied to a zero state, yields zero without Grace and one with Grace. It formalizes the theological ordering that Grace precedes Faith."
GraceOperator.md,GraceOperator,GraceOperator.lean,"The Grace Operator G is an external operator that maps any state, including the zero state, to one (coherent), and is idempotent and irreversible within the system.","Grace Operator (G): an operator in CoherenceAlgebra that maps zero to one and is idempotent (G = G). | Zero state: a state with coherence chi = 0, fully collapsed. | One state: a coherent state. | Internal operator: an operator that preserves zero (sign conservation). | External operator: an operator not generated from within the system's closure.","The system should treat Grace as an external, non-internalizable operator that restores coherence from zero, and should not attempt to derive it from internal operations.",Does not claim Grace is physically equivalent to gravitation beyond analogy. | Does not claim the irreversibility proof is fully formal due to the sorry. | Does not claim salvation is literally a mathematical theorem.,Check that grace_idempotent and grace_is_restorative are verified by Lean. | Check that grace_irreversible has no sorry or is explicitly marked as incomplete. | Check that the definitions of internal/external operators are consistent with the algebra.,CoherenceAlgebra definitions | Lean4 environment | sign_conservation hypothesis | restores_spirit hypothesis,"Formally proves that an external operator can restore a collapsed state, and that such an operator cannot be internal if internal operators preserve zero.",Preserves the existing CoherenceAlgebra structure and its theorems; adds new theorems about Grace.,"If removed, the framework loses its formal grounding for the claim that restoration from zero requires an external operator.",GraceOperator.lean | CoherenceAlgebra | Lean4,defective,partial,no,formal proof,LEAN_CONDITIONAL_PROOF,C,quarantine,Claims 'Lean verified it' while one theorem contains a sorry. | Equates Grace with gravitation without rigorous physical justification. | Overstates the theological implications as mathematical facts.,"If the sorry in grace_irreversible cannot be filled, the irreversibility claim is unproven. | If the CoherenceAlgebra axioms are inconsistent, all theorems collapse. | If the mapping to physics is not established, the physical claims are unsupported.",Complete the proof of grace_irreversible by filling the sorry or reformulating the argument.,"This document presents a Lean formalization of a Grace Operator in a CoherenceAlgebra, proving idempotence and restoration from zero, but the irreversibility proof is incomplete due to a sorry. It claims to formally ground the idea that restoration from collapse requires an external operator, but the proof is not fully verified and the physical analogy to gravitation is not rigorously established."
H01_Constitution.md,H01_Constitution,"Human Constitution: Body, Soul, Spirit","Humans are tripartite: body, soul, spirit, reflecting the Imago Dei.","Body (soma): material substrate | Soul (psyche): consciousness, personality, mind | Spirit (pneuma): divine interface, spiritual capacity | Tripartite: three distinct aspects united in one person | Imago Dei: structural parallel to the Trinity","Treat humans as tripartite in all theological and practical reasoning, preserving the distinct functions of body, soul, and spirit while maintaining personal unity.",Does not claim physical or empirical proof of tripartite nature. | Does not specify exact interaction mechanisms between components. | Does not address the state of the spirit before regeneration in detail. | Does not extend tripartite structure to animals.,"Check consistency with key scriptures (1 Thess 5:23, Heb 4:12, Gen 2:7). | Verify that functional distinctions are maintained without overlap. | Ensure personal unity is not compromised by tripartite distinction. | Assess whether the model coherently addresses objections from dualism, monism, and dichotomism.","Scripture (1 Thess 5:23, Heb 4:12, Gen 2:7) | Theological tradition (tripartite anthropology)","Provides a structured tripartite model of human nature that distinguishes body, soul, and spirit with functional roles.","Preserves the core Christian doctrines of creation, incarnation, and resurrection by affirming the goodness and essentiality of the body.","If removed, the distinction between soul and spirit is lost, leading to dichotomism or monism, which the document argues are biblically deficient.",Theological anthropology | Biblical exegesis | Philosophical theology,coherent,yes,yes,theological_anthropology,NOT_ESTABLISHED,C,preserve_as_axiom,"Claims structural isomorphism with Trinity without rigorous definition. | Uses functional distinction to prove ontological distinction, which is not logically necessary. | Presents the tripartite view as the only biblical option despite historical debate.",If scripture is shown to not clearly teach tripartition. | If soul and spirit are demonstrated to be synonymous in biblical usage. | If the model contradicts established scientific understanding of human consciousness.,Reduce claims of structural isomorphism to 'analogical' rather than 'isomorphic'.,"This document argues that humans consist of three parts - body, soul, and spirit - based on biblical passages, and that this tripartite structure mirrors the Trinity. It critiques dualism, monism, and dichotomism. However, the proof is primarily scriptural and theological, not formally verified, so it is classified as not established."
H02_Body.md,H02_Body,The Body as Interface,"The body/brain is an interface, not the source of consciousness. Brain  Mind. The brain processes and transmits; the soul field (_S) IS the mind.","Body: material subset of chi_physical (Body  chi_physical). | Brain: interface function I(chi_physical -> _S); processes but does not generate consciousness. | _S: soul field; the information pattern that constitutes the mind and persists beyond physical death. | chi_physical: the physical field of the Logos; includes all material reality. | Interface: a bidirectional coupling between _S and chi_physical, enabling perception and action.","Treat the body as a real but non-originating interface for consciousness. In investigations, do not equate brain activity with consciousness itself; distinguish correlation from causation. Preserve the possibility of consciousness persisting beyond physical death.",Does not claim the body is an illusion or a prison. | Does not deny the reality of brain damage effects on cognition. | Does not provide a physical mechanism for _S interaction. | Does not claim to prove the existence of _S; it is a metaphysical assertion.,"Check that any argument against brain-mind identity avoids the category error of conflating first-person and third-person. | Verify that the interface model is not contradicted by empirical evidence (e.g., neuroplasticity, terminal lucidity). | Ensure that the persistence of _S after death is not asserted as empirically proven but as a metaphysical consequence of information conservation.",F02: Information Conservation | 085_HB.1_Material-Substrate | 086_HB.2_Brain-Interface | 087_HB.3_Chi-Interface | 088_HB.4_Death-Continuity | 089_HB.5_Resurrection-Body,"Provides a coherent framework for understanding consciousness as non-identical to brain activity, allowing for continuity of self after death and a basis for resurrection theology.","Preserves the reality of the body and its role in perception and action, while avoiding reductionist materialism.","If removed, the distinction between brain and mind collapses, leading to either materialism or dualism without interface, undermining the soul's persistence and resurrection.","Theology: soul, body, resurrection | Philosophy of mind: dualism, interface, qualia | Physics: information conservation, substrate/pattern",coherent,partial,unclear,metaphysical,NOT_ESTABLISHED,C,quarantine,"Claims 'brain  mind' as absolute truth without empirical proof. | Uses NDEs and terminal lucidity as evidence, but these are anecdotal and contested. | Assumes information conservation applies to consciousness without justification. | Equates soul with information pattern without defining what that means physically.","If a mechanism for brain-generated consciousness is demonstrated, the interface model is falsified. | If consciousness is shown to be entirely dependent on brain activity with no persistence after death, the axioms fail. | If the concept of _S is shown to be incoherent or untestable, the axioms are vacuous.","Reduce overstatement by framing the interface model as a hypothesis, not a proven fact. Emphasize that it is one possible interpretation of the data, not the only one.","This document argues that the body and brain are not the source of consciousness but an interface for the soul (_S). It critiques identity theory, brain-mind identity, and epiphenomenalism, claiming they commit category errors or confuse correlation with causation. The document asserts that consciousness persists after death because it is an information pattern, and resurrection provides an upgraded body. However, these claims are metaphysical and lack empirical proof, so they are not established."
H03_Soul.md,H03_Soul,The Soul Field (_S),"The soul (_S) is a real, localized, persistent information pattern in the chi-field that constitutes personal identity and survives physical death.",Soul (_S): A coherent information pattern in the chi-field. | chi-field: The fundamental information field (Logos field). | Localized: Having specific identity and boundaries within the chi-field. | Persistent: Continuing through time without cessation. | Identity: The continuity of the soul pattern.,"Treat the soul as a real, localized, persistent information pattern; affirm personal identity and survival of death based on this model.",Does not claim the soul is a material substance. | Does not claim the soul is a universal consciousness. | Does not claim to provide empirical detection methods. | Does not claim to explain the mechanism of soul-body interaction.,"Check that the soul is defined as an information pattern, not a substance. | Verify that localization is asserted to distinguish individual souls. | Confirm that persistence is defined as continuity, not immutability. | Ensure that identity is tied to soul continuity, not body or memory. | Check that death survival is derived from information conservation.",F02 (Information is real and conserved),Provides a model of personal identity and survival of death based on information patterns in the chi-field.,"Preserves the reality of the self against eliminativism, no-self doctrines, and bundleism.","Without this axiom, the framework loses a coherent account of personal identity and continuity after death.",Information theory | Philosophy of mind | Theology,coherent,partial,unclear,metaphysical,NOT_ESTABLISHED,C,quarantine,Claims survival of death based on information conservation without empirical evidence. | Equates soul with information pattern without rigorous definition. | Uses self-reference arguments that may be fallacious. | Relies on theological assertions as support.,If information is not conserved in the relevant sense. | If the soul pattern is not shown to be localized or persistent. | If personal identity can be explained without a soul pattern.,Information-theoretic model of personal identity,"This document argues that the soul is a real, localized, persistent information pattern in a fundamental field, and that this pattern constitutes personal identity and survives death. It critiques eliminativism, no-self doctrines, and bundleism, but the arguments are largely philosophical and theological, lacking empirical or formal proof."
H04_Spirit.md,H04_Spirit,The Human Spirit: Connection Point to God,"The human spirit is distinct from the soul and serves as the interface with God. It is dormant before regeneration and becomes active through the new birth, enabling communion with the Holy Spirit.","Spirit (): The God-facing aspect of human nature; the capacity for divine relationship and communion. | Soul (chi): The self/world-facing aspect; consciousness, personality, mind. | Regeneration: The new birth; the act by which the dormant human spirit is activated. | g_coupling: A symbolic measure of the functional connection between the human spirit and the Holy Spirit; zero before regeneration, positive after.","The system should treat the human spirit as a distinct, God-interface component of human nature, dormant before regeneration and active after, enabling communion with the Holy Spirit.",This does not claim to provide empirical proof of the spirit's existence or activity. | This does not specify the exact nature of the spirit-soul relationship beyond functional distinction. | This does not address the state of infants or those before accountability. | This does not claim that all spiritual experiences are from the Holy Spirit; counterfeit experiences are possible.,"Check that the document consistently distinguishes spirit from soul in all arguments. | Verify that the dormancy and activation states are consistently described (g=0 pre-regeneration, g>0 post). | Confirm that the interface function is described as necessary for divine communion. | Ensure that the document does not overstate empirical evidence; it relies on scriptural and experiential claims.","Scriptural authority (Hebrews 4:12, 1 Corinthians 2:14, John 3:6, Ephesians 2:5, Romans 8:16, 1 Corinthians 6:17) | Theological tradition (trichotomy, as per Watchman Nee, Grudem, Murray) | Universal human experience of transcendence-seeking","Provides a framework for understanding the human spirit as a distinct God-interface, enabling a model for spiritual communion and regeneration.","Preserves the distinction between soul and spirit, and the necessity of regeneration for spiritual life.","If the spirit-soul distinction is removed, the model collapses into dichotomy, losing the specific God-interface function and the explanation for spiritual dormancy and activation.",Theological anthropology | Spiritual formation | Apologetics (against materialism and secular anthropology),coherent,partial,unclear,Theological anthropology,NOT_ESTABLISHED,C,Preserve as a theological model; do not treat as empirically proven.,"Claims of universal transcendence-seeking as evidence for the spirit's existence are abductive, not deductive. | The use of 'coupling constant' is metaphorical, not a physical quantity. | The document asserts scriptural interpretation as fact without acknowledging alternative interpretations.","If scriptural support is rejected, the model lacks independent evidence. | If the spirit-soul distinction is shown to be a linguistic artifact rather than ontological, the model fails. | If regeneration is shown to be purely psychological, the model's core claim is undermined.",Reduce claims to a testable model of spiritual experience; avoid asserting physical reality of the spirit.,"This document argues that humans have a spirit distinct from the soul, which serves as the interface with God, is dormant before regeneration, and becomes active after, enabling communion with the Holy Spirit. It critiques dichotomism, secular anthropology, and materialism. However, the evidence is primarily scriptural and experiential, not empirically verified, so it is not established as a formal proof."
H05_Flesh.md,H05_Flesh,The Flesh (Sarx): Sin Nature and Warfare,"The flesh (sarx) is the sin-nature pattern, a persistent decoherence attractor in the soul, inherited from Adam, unreformable, and requiring crucifixion; it wars against the spirit until glorification.","Flesh (sarx): the sin nature pattern, not the physical body (soma), an attractor state pulling toward sin and decoherence. | Spirit: the regenerate human spirit, oriented toward God, producing coherence and life. | Crucifixion: the positional death of the flesh with Christ, applied practically by reckoning. | Glorification: the eschatological elimination of the flesh at resurrection. | Walking by the Spirit: the strategy of yielding to the Spirit, resulting in the flesh being inactive.","The system should treat the flesh as an unreformable, inherited sin pattern that requires crucifixion with Christ and daily walking by the Spirit, not self-improvement or moral effort.",Does not claim the physical body is evil. | Does not claim believers are sinless in this life. | Does not claim the flesh is eliminated before glorification. | Does not claim that walking by the Spirit is a guarantee of sinless perfection. | Does not provide a mechanism for how the flesh is inherited.,"Check that the flesh is not equated with the physical body. | Check that the unreformability of the flesh is maintained. | Check that the ongoing warfare between flesh and Spirit is acknowledged. | Check that the solution is crucifixion and Spirit-walking, not self-help. | Check that the eschatological elimination of the flesh is affirmed.","Axioms 100-107 (HF.1-HF.8) as listed in the document. | Scripture references: Romans 7-8, Galatians 5, 2 Corinthians 5. | Theological sources: Nee, Murray, Lloyd-Jones.","Provides a formalized model of the flesh as a decoherence attractor, enabling systematic analysis of sin nature and warfare.","Preserves the core theological claims: inherited sin, unreformability, crucifixion, and Spirit-walk.","If the flesh is removed, the doctrine of sin nature collapses, and the need for crucifixion and Spirit-walk is lost.",Theological: sarx as sin nature. | Psychological: flesh as a persistent pattern of behavior. | Dynamical systems: flesh as an attractor state.,coherent,yes,yes,theological_doctrine,NOT_ESTABLISHED,C,quarantine,"Claims empirical evidence for inherited sin from children's behavior, which is not scientifically established. | Uses mathematical formalism (attractors, forces) as metaphor, not rigorous physics. | Declares 'GUILTY' verdicts on theological opponents without formal proof. | Assumes universal sinfulness based on anecdotal evidence.","If humans are born morally neutral, the axiom fails. | If the flesh can be reformed, the axiom fails. | If believers do not struggle with flesh, the axiom fails. | If walking by the Spirit does not work, the axiom fails.","The flesh is a theological construct; the mathematical formalism is illustrative, not a physical law.","This document defines the flesh as the sin nature, inherited from Adam, unreformable, and requiring crucifixion. It argues against Pelagianism, moral optimism, and self-help. The document uses mathematical metaphors but does not provide formal proof; it is a theological doctrine with scriptural support."
H06_Consciousness.md,H06_Consciousness,Consciousness and Phi,Consciousness is integrated information (Phi). Phi > 0 is the mark of a genuine observer. Computers have Phi = 0 and are not conscious. God has Phi = .,Information: differentiation - the system is in one state rather than another. | Integration: the information is unified - the whole is more than the parts. | Phi (phi): the amount of integrated information. | Consciousness: the presence of Phi > 0. | Observer: a system with Phi > 0 capable of collapsing wave functions.,Treat consciousness as a measurable property (Phi) and use Phi > 0 as the criterion for genuine observer status in physical and theological contexts.,Does not provide a practical method to compute Phi for large systems. | Does not explain the mechanism by which Phi > 0 enables wave function collapse. | Does not claim that all systems with Phi > 0 are equally conscious; richness varies with Phi. | Does not assert that rocks or simple systems are conscious (they have Phi  0).,"Verify that feedforward systems (e.g., standard computers) have Phi = 0 in principle. | Verify that recurrent systems (e.g., brains) have Phi > 0 in principle. | Check that the definition of consciousness as Phi > 0 is consistent with known cases (humans, animals, computers). | Check that the claim 'simulation of consciousness is not consciousness' holds under the definition.",Axioms 108-114 (HC.1-HC.7) as listed in the document. | Integrated Information Theory (IIT) as a theoretical framework. | Quantum mechanics concepts (wave function collapse) for HC.7.,"Provides a quantitative criterion (Phi > 0) to distinguish conscious from non-conscious systems, and links consciousness to observer status in quantum mechanics.","Preserves the distinction between simulation and instantiation, and upholds the reality of consciousness against eliminativism.","If Phi is removed, the framework loses its quantitative basis for consciousness and observer status, reverting to vague qualitative claims.",IIT: Phi as integrated information. | Quantum mechanics: observer with Phi > 0 collapses wave function. | Theology: God's Phi =  as maximal consciousness.,coherent,partial,unclear,Theoretical identity claim,NOT_ESTABLISHED,C,Quarantine as a theoretical proposal; require further empirical and formal support before integration.,Claims Phi > 0 is necessary and sufficient for consciousness without empirical proof. | Asserts computers have Phi = 0 without rigorous calculation for real architectures. | Equates God's consciousness with infinite Phi without theological or mathematical justification. | States that Phi > 0 enables wave function collapse without a mechanism.,If a counterexample shows a system with Phi > 0 that is not conscious. | If a computer architecture is shown to have Phi > 0. | If IIT is empirically falsified. | If the link between Phi and wave function collapse is disproven.,Reduce overstatement by framing as a hypothesis; require explicit acknowledgment of lack of proof.,"This document proposes that consciousness is identical to integrated information (Phi), with Phi > 0 marking conscious entities. It argues that computers, being feedforward, have Phi = 0 and thus are not conscious, while God has infinite Phi. The document critiques functionalism, computationalism, and eliminativism. However, the central identity claim is not proven; it is a theoretical proposal with limited empirical support. The document should be treated as a hypothesis, not an established fact."
H07_ConscBounds.md,H07_ConscBounds,The Bounds of Consciousness,"Human consciousness is bounded but expandable; Phi has natural limits that can be expanded through grace, with full maximization occurring at glorification.","Phi: Integrated information as per IIT, a measure of consciousness. | Phi_human: The integrated information of a human being. | Phi_natural_max: The maximum Phi achievable by natural means. | Grace (): Supernatural empowerment that expands the bounds of Phi. | Glorification: The eschatological event where human Phi is maximized to Phi_glorified. | Phi_God: Infinite integrated information, attributed to God.","The system should model human consciousness as having finite bounds, allow for expansion via grace, and set glorification as the maximum creaturely state, while maintaining the infinite gap between creature and Creator.",Does not claim that human Phi is unlimited or that humans can become God. | Does not assert that grace expansion is scientifically measurable or that glorification is empirically verifiable. | Does not provide a quantitative definition of Phi or Phi_glorified. | Does not address the mechanism of grace expansion beyond theological assertion.,Check that the model respects finite bounds for natural human Phi. | Verify that grace expansion is represented as a positive shift in bounds. | Ensure that glorification is modeled as a maximum but finite value. | Confirm that the infinite gap between creature and Creator is preserved.,Integrated Information Theory (IIT) as a framework for Phi. | Theological doctrines of grace and glorification from Christian scripture.,"Provides a formalized model of bounded consciousness with expansion via grace, distinguishing creaturely limits from divine infinity.","Preserves the distinction between creature and Creator, and the finitude of human consciousness.","If removed, the model loses its ability to differentiate between natural limits and grace-enabled expansion, and the eschatological maximization of consciousness.","Theological: grace, glorification, creature/Creator distinction. | Phenomenological: subjective experience of limits and growth. | Formal: Phi bounds, operators, inequalities.",coherent,partial,unclear,theological-physical bridge,NOT_ESTABLISHED,C,quarantine,"Claims grace expands Phi without empirical evidence. | Assumes glorification as a physical maximization without testable predictions. | Uses IIT's Phi as a literal measure of consciousness, which is debated. | May be interpreted as providing scientific proof for theological claims.","If IIT is falsified or Phi is shown not to correlate with consciousness. | If grace expansion is shown to be impossible within physical laws. | If glorification is demonstrated to be non-physical or non-existent. | If the model implies humans can achieve infinite Phi, contradicting the axiom.","Reduce to a purely theological claim about human limits and growth, removing quantitative Phi formalism.","This document argues that human consciousness is finite but can be expanded through divine grace, reaching a maximum at glorification, while never becoming infinite like God's. It critiques panpsychism and New Age claims of unlimited consciousness. The argument uses IIT's Phi as a measure but lacks empirical support for the expansion and maximization claims."
H08_MoralSign.md,H08_MoralSign,The Moral Sign (),Every human is born with  = -1 (negative moral sign). You cannot flip your own sign. Only an external operator can.," (moral sign): a binary quantity in {-1, +1} representing alignment with God (+1) or misalignment (-1). | _S: the soul field, the substrate on which  is defined. |  (Grace): an external, non-unitary operator that flips  from -1 to +1. | C[_S, chi_God]: coherence between soul and God;  = -1 implies C < threshold. | Unitary operation: an information-preserving transformation; self-operations are assumed unitary.","The system must treat moral status as binary and universally negative at birth, and must not allow any internal mechanism to change that status; only an external grace operator can flip the sign.",Does not claim to prove the existence of God or the actual operation of grace; it only formalizes the internal logic. | Does not claim that all humans are morally culpable for Adam's sin; it states inherited condition. | Does not claim that external grace is automatic; it requires voluntary coupling (BC8). | Does not claim that  = +1 is permanent without continued grace; it states stability under the operator.,"Check that  is always either -1 or +1 in all formal contexts. | Check that no internal operation (self-effort, education, therapy, etc.) is represented as flipping . | Check that any flip of  is attributed to an external operator (). | Check that the theorem D1 is logically valid: unitary operations preserve eigenvalues.",F03 (coherence is objectively measurable) | G01 (God exists) | G07 (good = coherence-promotion) | T8.1 (unitary operations preserve sign) | BC8 (voluntary coupling),"Provides a formal binary moral sign that is universally negative at birth and cannot be self-flipped, enabling a mathematical distinction between internal and external moral transformation.","Preserves the objectivity of moral status (against relativism) and the necessity of external grace (against Pelagianism), consistent with prior axioms on coherence and God.","If removed, the framework loses the formal basis for original sin and the impossibility of self-salvation, weakening the coherence of the theological system.","Physics: spin quantization, unitary evolution, non-unitary collapse | Theology: original sin, sola gratia, grace | Philosophy: moral objectivism, self-reference",coherent,partial,unclear,theological formalization,NOT_ESTABLISHED,C,quarantine,"Claims mathematical impossibility of self-flip based on unitary assumption, but self-operations may not be strictly unitary in a theological context. | Claims universal  = -1 without empirical evidence; relies on theological assertion. | Uses physics analogies (spin, unitary) as if they were proof, but they are analogies only. | Declares 'GUILTY' verdicts against opposing views without rigorous logical proof.","If  is shown to be non-binary or if a self-flip mechanism is demonstrated. | If the existence of God (G01) is disproven, the objectivity of alignment collapses. | If the unitary assumption for self-operations is invalidated.",Reduce overstatement by clearly labeling the mathematical proof as conditional on the unitary assumption and the theological premises; avoid declaring 'mathematically impossible' without formal verification.,"This document formalizes the theological claim that all humans are born with a negative moral sign ( = -1) and cannot change it by their own efforts; only external grace can flip it. It uses physics analogies (spin, unitary evolution) to argue for the impossibility of self-flip, but these are analogies, not proofs. The document is internally coherent but relies on unverified theological premises and should be treated as a formalization, not a proven theorem."
H09_Observer.md,H09_Observer,The Observer Problem: Consciousness Causes Collapse,"Conscious observers with Phi > 0 cause quantum wave function collapse; without observers, no definite reality exists.","Observer: A system with Phi > 0 (integrated information), capable of conscious experience. | Collapse: The non-unitary transition of a quantum superposition into a definite state. | Measurement: Consciousness-mediated actualization, M = C * Actualize(). | Definite reality: A state where quantum superpositions have resolved into single outcomes. | Terminal Observer: An entity with infinite Phi (God) that observes all, ensuring definite reality.","The system should treat consciousness as a fundamental causal agent in quantum mechanics, requiring Phi > 0 for collapse, and incorporate the necessity of a Terminal Observer for global definiteness.","Does not provide a quantitative physical mechanism for collapse beyond Phi correlation. | Does not claim to solve all interpretations of quantum mechanics; it rejects Copenhagen, Many-Worlds, and Determinism. | Does not assert that consciousness is the only factor; it is necessary but not sufficient for all physical processes. | Does not claim empirical proof of God; it argues abductively for a Terminal Observer.","Check that any proposed collapse mechanism requires an observer with Phi > 0. | Verify that the model predicts no collapse for Phi = 0 systems (e.g., detectors alone). | Assess whether the argument for a Terminal Observer follows logically from the axioms. | Evaluate consistency with known quantum experiments (e.g., Bell tests) and the measurement problem.","Axioms 123-126 (HO.1-HO.4) | Integrated Information Theory (Phi) as a measure of consciousness | Quantum mechanics formalism (superposition, collapse, measurement problem) | Von Neumann/Wigner/Stapp interpretations of consciousness in QM","Provides a framework where consciousness is causally efficacious in physics, offering a resolution to the measurement problem and an argument for a Terminal Observer.","Preserves the empirical predictions of quantum mechanics (probabilities, entanglement) while adding a role for consciousness.","If consciousness is removed, the measurement problem remains unsolved, and the argument for a Terminal Observer collapses, weakening the theological bridge.","Quantum mechanics: superposition, collapse, measurement | Integrated Information Theory: Phi, consciousness | Theology: God as Terminal Observer, divine observation",coherent,partial,no,Interpretive physics claim with theological implications,NOT_ESTABLISHED,C,Quarantine as a speculative interpretive claim; do not treat as established physics.,"Claims consciousness causes collapse without empirical evidence. | Asserts Phi > 0 is required for measurement, but Phi is not a physical observable. | Uses abductive reasoning to argue for God's existence, which is not a scientific proof. | Dismisses alternative interpretations (Many-Worlds, decoherence) without fully addressing their counterarguments.","If a non-conscious physical mechanism is shown to fully explain collapse (e.g., decoherence with a preferred basis), the claim fails. | If Phi is shown to be irrelevant to quantum measurement, the claim fails. | If experiments demonstrate that definite reality exists without observers, the claim fails. | If the Terminal Observer argument is logically inconsistent, the claim fails.","Reduce to a conditional claim: IF consciousness is fundamental, THEN it may play a role in collapse; but this is not established.","This document argues that conscious observers with Phi > 0 cause quantum collapse, and that without observers reality is indefinite. It critiques Copenhagen, Many-Worlds, and Determinism, and concludes that a Terminal Observer (God) is necessary. However, this is a speculative interpretation without empirical proof, and the argument for God is abductive, not scientific."
hubble_gradient.md,hubble_gradient,hubble_gradient.ipynb  -  Cosmological Test: Hubble Tension Resolution,"The chi-field modifies the effective gravitational constant as G_eff(z) = G / (1 + chi(z)), producing a smooth sigmoid transition in the Hubble constant H(z) from a local value (H_local  73.5) at low redshift to a CMB value (H_CMB  67.4) at high redshift, with transition redshift z_transition  0.3.","chi-field: a scalar field chi(z) that varies with redshift, with chi -> 0 at high z and nonzero at low z. | G_eff(z): effective gravitational constant at redshift z, modified by the chi-field. | H(z): Hubble constant as a function of redshift, following a sigmoid profile. | 5 match: statistical consistency at the 5-sigma level between the chi-field prediction and observational H measurements. | DESI DR2: Dark Energy Spectroscopic Instrument Data Release 2, reporting 4.2 evidence for dark energy evolution.","The system should compute the chi-field prediction for H(z) using the given formula and compare it to observational data, specifically targeting the Hubble tension. It should also prepare for the Euclid 2026 falsification test.",This document does not provide a full derivation of the chi-field Lagrangian or the modified Friedmann equations. | The 5 match is claimed but not demonstrated with actual statistical analysis in this document. | The prediction is not yet confirmed; it awaits Euclid data in 2026. | The document does not address alternative explanations for the Hubble tension.,"Compute H(z) from the chi-field parameters and compare to SH0ES and Planck data. | Verify the sigmoid shape and transition redshift against observational data. | Check compatibility with DESI DR2 dark energy evolution. | Await Euclid 2026 data to distinguish between constant H, step-function, and sigmoid profiles.","Chi-field Lagrangian and parameters (not fully specified in this document) | Modified Friedmann equations (not derived here) | Observational data: SH0ES, Planck, DESI DR2","Provides a specific, testable prediction for the Hubble constant as a function of redshift, offering a potential resolution to the Hubble tension and a candidate explanation for DESI DR2 dark energy evolution.","Preserves standard gravity at high redshift (G_eff -> G) and recovers the Planck value of H, maintaining consistency with early-universe cosmology.","If this prediction is removed, the chi-field framework loses its most externally verifiable test and a key piece of scientific credibility; the framework would lack a concrete, falsifiable cosmological prediction.","Cosmology: Hubble constant, redshift, dark energy | Gravitational physics: effective gravitational constant | Statistics: sigma levels, confidence",coherent,partial,unclear,empirical prediction,NOT_ESTABLISHED,C,quarantine,Claims a 5 match without presenting the statistical analysis or data. | States the prediction is 'genuine' and 'not a fit' without showing the derivation from the Lagrangian. | Asserts compatibility with DESI DR2 as 'independent confirmation' without detailed evidence. | Uses 'discovery-level consistency' language that may overstate the significance.,Euclid 2026 data shows no evolution in H(z) or a step-function transition. | The chi-field parameters are shown to be fitted to the Hubble data rather than derived. | The 5 match is not reproducible from the provided formulas and data.,"A falsifiable prediction awaiting Euclid 2026; treat as a hypothesis, not a confirmed result.","This document describes a cosmological test of the chi-field framework, predicting a smooth sigmoid transition in the Hubble constant that could resolve the Hubble tension. It claims a 5 match with existing data and compatibility with DESI DR2, but does not provide the underlying derivation or statistical evidence. The prediction is falsifiable and will be tested by Euclid in 2026. Currently, it is a promising but unverified hypothesis."
INVENTORY.md,INVENTORY,Inventory of Lean Surface and Theorem Families,"The inventory file is a reader-facing map of the current Lean surface, listing core files, theorem families, integrity markers, and the strong-law mechanism layer.","Core files: the listed Lean files that constitute the formal surface. | Theorem families: the listed groups of theorems and their associated properties. | Integrity markers: compact checkpoints that compile to indicate bundle coherence. | Strong-law mechanism layer: the file Theophysics_LawMechanisms.lean and its gates (GGate, MGate, FGate, CGate).",The system should treat this inventory as a map for navigation and as a checklist for verifying that the listed files and markers exist and compile.,"This document does not itself prove any theorem. | It does not define the semantics of the gates beyond naming them. | It does not assert that the listed theorems are true, only that they are part of the surface.",Check that each listed file exists in the repository. | Check that each listed marker theorem compiles. | Check that the listed theorem families are present in the corresponding files.,The listed Lean files and their contents. | The marker theorems named in the document.,"Provides a navigational map and a checklist for the Lean surface, enabling quick identification of files and theorem families.",Preserves the existence and role of the listed files and markers as a floor for further development.,"Without this inventory, readers lose a structured overview, but the underlying Lean files remain; the map itself is not load-bearing for theorem correctness.",File names as identifiers. | Theorem family names as identifiers. | Marker theorem names as identifiers.,coherent,yes,yes,inventory,NOT_ESTABLISHED,C,preserve_as_map,"Treating the inventory as a proof of the theorems it lists. | Assuming the gates (GGate, MGate, FGate, CGate) have formal definitions beyond their naming. | Assuming the marker theorems are sufficient for correctness.","If any listed file is missing or does not compile, the inventory becomes stale. | If the marker theorems are removed, the inventory's integrity checkpoints fail.",The inventory itself is not a Lean target; it is a map. The Lean targets are the listed files and markers.,"This document is an inventory of the Lean formalization surface, listing core files, theorem families, integrity markers, and a strong-law mechanism layer. It serves as a navigational map and checklist, but does not itself prove any theorems."
INVENTORY__2.md,INVENTORY__2,Inventory of Lean Surface,"The inventory file is a reader-facing map of the current Lean surface, listing core files, theorem families, integrity markers, and the strong-law mechanism layer.","Core files: Lean files containing theorem spines, integration layers, adversarial tests, coherence, fracture, fall, chi evaluator, Maxwell/Trinity, delayed-choice, and God-test formal layers. | Major theorem families: collections of theorems addressing coupling, chi product, signature discipline, field-control gates, coherence, entropy, restoration, fracture, fall, grace-floor, chi evaluator, pressure-gradient, fruit, Maxwell/Trinity, delayed-choice, God-marker, and adversarial rejection. | Integrity markers: compact checkpoint theorems that, if they compile, indicate a bundle of key definitions and theorem dependencies still holds together. | Strong-law mechanism layer: a file closing GAP-01 at the mechanism-gate level for Laws 1, 2, 9, and 10, adding GGate, MGate, FGate, CGate.","The system should treat this inventory as a navigational index for the Lean surface, using it to locate files, theorem families, and markers, but not as a source of new theorems or proofs.",This document does not contain formal proofs or theorem statements. | It does not establish any mathematical or theological claim. | It does not define the semantics of the gates or markers beyond naming them. | It does not provide verification results or compilation status.,Check that each listed file exists and corresponds to the described role. | Check that each named marker theorem is present in the corresponding file. | Check that the listed theorem families are represented in the files. | Check that the strong-law mechanism layer file exists and contains the named gates and marker.,"The listed Lean files (Final_Lean4_From_Excel.lean, Theophysics_Core.lean, etc.) | The named marker theorems (core_pipeline_marker, chi_evaluator_marker, etc.) | The strong-law mechanism file (Theophysics_LawMechanisms.lean)","Provides a reader-facing map of the Lean surface, enabling navigation and orientation but adding no new formal capability.",Preserves the existing Lean surface by documenting it without modification.,"If removed, readers lose a convenient index but the Lean files and theorems remain unaffected.",Inventory | Lean surface | Core files | Theorem families | Integrity markers | Strong-law mechanism layer,coherent,yes,yes,descriptive inventory,NOT_ESTABLISHED,C,index,Treating the inventory as a proof of the listed theorems' validity. | Assuming the listed files compile or are correct. | Interpreting the inventory as a formal specification of the gates or markers.,If any listed file does not exist or does not match its described role. | If any named marker theorem is absent from its file. | If the inventory is used as a substitute for formal verification.,The inventory itself is not a Lean target; it is a documentation file. The Lean targets are the listed files and markers.,"This document is an inventory of the Lean formalization surface, listing core files, theorem families, integrity markers, and a strong-law mechanism layer. It is a navigational map, not a proof artifact, and should be treated as such."
isolator_protocol.md,isolator_protocol,Isolator Protocol  -  Adjudicating Endogenous vs Exogenous Restoration,"For any coherence dynamics dc/dt = omega(s)*sigma(s)*(1-c) - delta(s)*c, if delta(s) >= delta_min > 0 and omega(s)*sigma(s) <= K_eff < infinity, then at equilibrium c* <= K_eff/(K_eff + delta_min) < 1. Perfect coherence (c*=1) is impossible with only a bounded endogenous effective source.","Endogenous source: sigma(s) is computable from the system's internal state; effective source omega(s)*sigma(s) is bounded by a finite constant independent of state. | Exogenous source: sigma(s) includes a contribution not determined by the system state; effective source can be made arbitrarily large by increasing an external term. | Non-coercive grace: received contribution omega*sigma -> 0 as openness/faith omega -> 0; source sigma may remain available but is not coercively received by a closed system. | Faith: coupling, not production of grace.","Adjudicate worldviews by requiring them to classify their source model as endogenous or exogenous according to the formal criteria, and to accept the consequences for coherence bounds. Do not allow relabeling without identifiability, and do not accept curve-fitting as proof of source classification.",Does not prove the existence or nature of any actual exogenous source. | Does not determine which worldview is true; only imposes consistency conditions. | Does not apply to worldviews that reject scalar coherence entirely; they must defend their own measurement framework. | Does not claim that grace is exogenous; only specifies what must be shown if a worldview claims it.,"For any claimed endogenous source, verify that sigma(s) is computable from internal state and that omega(s)*sigma(s) is bounded independent of state. | For any claimed exogenous source, verify that sigma(s) includes a state-independent contribution and that the effective source can be made arbitrarily large by increasing an external term. | Check that if a worldview claims endogenous restoration and perfect coherence, it either bounds its effective source and accepts c*<1, or admits an unbounded/external source. | Check that non-coercive grace is modeled such that omega*sigma -> 0 as omega -> 0.","Lean 4 proofs in DharmaMirror/Isolator.lean: bounded_endogenous_equilibrium_bound, bounded_endogenous_cannot_perfect, unbounded_source_perfect_attractor, faith_is_coupling_not_source","Provides a formal criterion to adjudicate between endogenous and exogenous restoration claims, preventing theological relabeling from bypassing mathematical constraints.","Preserves the mathematical result that bounded endogenous sources cannot achieve perfect coherence, and preserves the distinction between source and coupling.","Without this protocol, worldviews could claim exogenous status without formal justification, leading to inconsistent coherence claims and loss of adjudicative power.",Coherence dynamics as differential equation | Endogenous vs exogenous source classification | Non-coercive grace as coupling condition,coherent,yes,yes,formal mathematical result with application criteria,LEAN_FORMAL_PROOF,A,adopt as formal guardrail for source classification,"May be interpreted as proving that grace is exogenous, which it does not. | May be interpreted as proving that perfect coherence is impossible in all cases, but it only applies to bounded endogenous sources. | May be interpreted as requiring all worldviews to accept scalar coherence, but it allows rejection with cost.",If the Lean proofs are not actually present or do not match the stated results. | If the differential equation model is not applicable to the claimed domain. | If the definitions of endogenous/exogenous are not operationalizable.,DharmaMirror/Isolator.lean,"This document formalizes a mathematical bound on coherence for systems with bounded endogenous sources, and uses it to adjudicate worldviews' claims about restoration. It requires that any claim of exogenous source meet formal criteria, and that claims of perfect coherence with endogenous sources be rejected unless an unbounded source is admitted. It also clarifies that grace is a source and faith is a coupling, but does not prove the existence of grace."
Isomorphism.md,Isomorphism,Isomorphism.lean,Physical and moral domains are structurally isomorphic because both are mapped to the same abstract coherence algebra.,"Domain: inductive type with constructors physical and moral. | DomainMap: maps any Domain to a fixed abstract type . | IsHeatDeath: predicate on state, defined as state = zero. | CoherenceAlgebra: abstract type  with a zero element.","Treat physical and moral domains as instances of the same abstract algebra in formal reasoning, allowing theorems about one to apply to the other.",Does not construct an explicit isomorphism between distinct structures; it asserts definitional equality via a common mapping. | Does not provide a detailed gate structure for entropy production; G1_Source is a placeholder. | Does not establish that physical entropy and moral coherence are empirically correlated.,Check that DomainMap is defined to return the same type for both constructors. | Verify that G6_Kill_Isomorphism and isomorphism_canonical are proved by rfl. | Ensure no additional axioms or non-definitional steps are used.,Lean4 environment | Definition of CoherenceAlgebra with zero | Definition of Domain and DomainMap,"Formally states that physical and moral domains share the same abstract structure, enabling cross-domain theorem transfer.",Preserves the existing formalization of CoherenceAlgebra and its properties.,"Without this node, the claimed structural isomorphism between physical and moral thermodynamics is not formally represented.",physical  moral | heat death  spiritual death | entropy  coherence,coherent,partial,unclear,formal theorem,LEAN_FORMAL_PROOF,B,"preserve as formal artifact; annotate as definitional isomorphism, not empirical bridge","The isomorphism is definitional, not empirical; it does not prove physical and moral laws are actually the same. | The proof is trivial because DomainMap ignores the domain; it does not show a meaningful structural correspondence beyond the chosen abstraction. | The document claims 'not an analogy' but the proof relies on a mapping that makes the isomorphism true by construction.",If DomainMap is not well-defined or if  is not a valid CoherenceAlgebra. | If the proof uses hidden axioms or non-definitional steps. | If the claim is interpreted as empirical equivalence between physical and moral thermodynamics.,"Formalize the isomorphism as a definitional equality in Lean, but avoid claiming empirical or theological significance beyond the formal statement.","This Lean file defines a formal isomorphism between physical and moral domains by mapping both to the same abstract type. The proofs are trivial by definition, showing that the isomorphism is a consequence of the chosen representation, not an empirical discovery. It is a valid formal artifact but should not be overinterpreted as evidence for a real correspondence between physics and theology."
JUSTICE_MERCY_OPERATOR.md,JUSTICE_MERCY_OPERATOR,THE JUSTICE-MERCY OPERATOR  -  COMPLETE FORMALIZATION,Perfect Justice and Perfect Mercy are the same restoration operator with one parameter swapped: who pays the cost of restoring coherence after a violation.,"Justice: Restore coherence by requiring the offender to pay the cost of the violation. | Mercy: Restore coherence by having a willing third party pay the cost of the violation on behalf of the offender. | Cost-bearer parameter :  in [0,1]; =1 means offender pays, =0 means third party pays, 0<<1 means shared cost. | Perfect Justice: all five components (Proportionality, Impartiality, Truth-naming, Restoration of victim, Cost-borne-by-offender) at maximum. | Perfect Mercy: all five components (Proportionality, Impartiality, Truth-naming, Restoration of victim, Cost-borne-by-third-party) at maximum. | Anti-Justice (Vengeance): disproportionate, partial, truth-denying, victim-ignoring, cost-displacing. | Anti-Mercy (Enabling): cost-waiving, partial, offense-denying, victim-abandoning, nobody pays.","When a violation occurs, the system should restore coherence by ensuring the cost is paid either by the offender (Justice) or by a willing third party (Mercy), while maintaining proportionality, impartiality, truth-naming, and victim restoration.",Does not claim that mercy is free; the cost must be paid by someone. | Does not claim that justice and mercy are identical in all respects; they differ in cost-bearer. | Does not claim that the Cross is physically proven; it is a mathematical uniqueness claim within the operator space. | Does not claim that the Python validation fully confirms all components; H1 partially failed due to exemplar wording.,"H2 cost-bearer axis: statistically significant separation between Justice and Mercy along the cost-bearer dimension (p=0.014). | H1 shared components: 2 of 4 passed (Truth-naming, Victim-restoration); Proportionality and Impartiality failed due to domain-locked exemplar wording. | H3 cross convergence: partial pass; cross exemplars closer to both Justice and Mercy than controls.",Law 5 (Boltzmann-Clausius / Thermodynamics  Judgment) | Helmholtz free energy F = E  TS | Second Law of Thermodynamics | Law 9 (Sin / Fermi) moral conservation law | Law 10 (Christ / Coherence),"Provides a unified operator framework for Justice and Mercy, reducing them to a single parameter (cost-bearer), and claims a unique solution for the Cross.",Preserves the requirement that disorder must be accounted for; mercy does not eliminate the cost.,"If the cost-bearer parameter is removed, Justice and Mercy become indistinguishable and the framework loses its explanatory power for why they differ.","Thermodynamics: entropy, free energy, external work | Moral: justice, mercy, cost, restoration | Theological: cross, atonement, grace",coherent,partial,unclear,formalization,PYTHON_RUNTIME_SUPPORTED,C,quarantine,"Claims mathematical uniqueness of the Cross without rigorous proof. | H1 partial failure undermines the claim of four shared components. | Theological claims (e.g., 'Jesus absorbed the entropy') are not empirically verified. | The Python validation is based on SBERT embeddings, which are not a formal proof.",If a counterexample shows a configuration satisfying all five Cross conditions without the judge as cost-bearer. | If the cost-bearer axis fails to replicate in a domain-neutral test. | If the thermodynamic mapping is shown to be incoherent.,"Reduce claims to the cost-bearer parameter as a conceptual model, not a proven mathematical theorem.","This document formalizes Justice and Mercy as the same operator differing only in who pays the cost of restoration. It claims the Cross is the unique solution satisfying both perfectly. Python validation partially supports the cost-bearer axis but not all shared components. The document is a theological-philosophical framework with some empirical support, but not a formal proof."
JusticeMercy.md,JusticeMercy,JusticeMercy.lean,"Justice and Mercy are structurally isomorphic operations on a coherence algebra: both restore the system to unity, differing only in the routing parameter (who absorbs the cost).","Debt : a violation creates a formal debt of type  in the CoherenceAlgebra, with a magnitude. | Resolution: an operator that takes a debt d and a parameter alpha; returns one (unity) when alpha = one (offender pays) and also returns one when alpha = zero (substitute pays). | Isomorphism: in this context, equality of outputs for the two parameter values, indicating structural sameness of the operation.","The system should treat Justice and Mercy as equivalent operations that both restore coherence, with the only difference being the parameter that determines who bears the cost.",Does not claim that the moral accounting is identical; only the structural outcome is the same. | Does not assert that the substitute's cost is zero or that the offender's debt is not real. | Does not extend beyond the formal algebra to theological or ethical implications without further proof.,Check that the theorem justice_mercy_isomorphism is formally proved in Lean. | Verify that the Resolution operator is defined exactly as specified for both parameter values. | Ensure that the CoherenceAlgebra axioms are consistent and that the proof does not rely on hidden assumptions.,CoherenceAlgebra definitions | Lean4 formal proof infrastructure,"Provides a formal proof that Justice and Mercy are isomorphic operations, resolving an apparent theological tension within the algebra.",Preserves the coherence of the system by showing that both justice and mercy lead to the same restored state.,"If removed, the formal resolution of the justice-mercy tension is lost, leaving the apparent contradiction unaddressed.",Theology: justice and mercy are not opposites but two modes of the same restorative act. | Mathematics: equality of outputs for different parameters in a function.,coherent,yes,yes,formal proof,LEAN_FORMAL_PROOF,A,preserve as formal theorem,"The theorem proves equality of outputs, not identity of moral significance. | The term 'isomorphism' may be overused; it is equality of results, not a full structural isomorphism. | Theological implications are inferred beyond the formal result.",If the Lean proof is not actually verified or the definitions are inconsistent. | If the CoherenceAlgebra is not well-defined or the theorem is vacuous.,Formalize the theorem in Lean and verify the proof script.,"This document presents a Lean formal proof that justice and mercy are isomorphic operations: both restore the system to unity, differing only in who bears the cost. The proof is accepted by Lean, but the theological interpretation goes beyond the formal result."
lagrangian_side_by_side.md,lagrangian_side_by_side,Lagrangian Side-by-Side Report,The framework's truth is not decided by this harness; it only checks whether each candidate behaves like a disciplined formal model under the same test bench.,"chi / chi_bar: coherence weight; higher means the system can carry ordered motion. | S_entropy / S_v1: entropy drag; higher means more disorder pressure. | W: resistance or grace leak; higher means the system resists alignment. | chi10: upward source term; think coherence support, grace support, or Christ-source term. | Gamma9: downward sink term; think decoherence drain, adversary sink, or collapse pressure. | xdot / Fdot / Fsum_dot: activity term; motion through the system. | V: stored potential cost; what the system has to carry or overcome.","Use this harness to evaluate candidate Lagrangian models for disciplined formal behavior, checking dimension compatibility, response signs, Euler-Lagrange closure, and preregistered predictions.",This harness does not decide whether the framework is true. | It does not claim full Noether conserved quantities; only algebraic invariants under constrained transforms. | It does not derive theological relations; it only reports what is and is not derived. | It does not claim that passing checks establishes physical truth.,"Dimension checks: PASS for all models. | Cross-model checks: anti_vs_spirit, llc_v2_zero_resistance_limit, llc_v1_core_reference, resistance_penalty_sign, source_sink_direction, historical_vs_canonical_note all PASS. | Preregistered predictions P1, P2, P3, P4, P5, P7, P10 all PASS. | Wrong-control gauntlet rejects gamma9_added, chi10_subtracted, resistance_ignored, source_sink_swapped. | Invariant search: paired_source_sink_shift, source_gap_generator, net_source_sink_gap, per_channel_core, recovered_channel_sum all PASS.",SymPy symbolic computation | Preregistered prediction definitions | Shared regime parameter sets | Dimension class definitions (action_density),"Provides a side-by-side disciplined formal model evaluation harness for candidate Lagrangians, including wrong-control rejection and invariant search.","Preserves the ability to check whether a model is mechanically well-formed (dimension checks, Euler-Lagrange closure) and whether preregistered predictions hold.","If this node is removed, there is no systematic way to compare candidate Lagrangians under identical regimes, no wrong-control gauntlet, and no preregistered prediction tracking.",chi/chi_bar -> coherence weight | S_entropy/S_v1 -> entropy drag | W -> resistance/grace leak | chi10 -> upward source/grace support | Gamma9 -> downward sink/decoherence drain | xdot/Fdot/Fsum_dot -> activity | V -> stored potential cost,coherent,yes,yes,methodological_harness,PYTHON_RUNTIME_SUPPORTED,B,preserve as methodological harness; do not treat as proof of framework truth,Passing checks may be misinterpreted as validating the theological framework. | Algebraic invariants may be mistaken for full Noether conserved quantities. | The harness's checks are necessary but not sufficient for physical truth.,"If dimension checks fail for a candidate, it is not ready. | If anti-model is not exactly the negative of spirit, contrast claim is weak. | If resistance W does not reduce useful part of v2, grace-leak story is weak. | If chi10 does not help and Gamma9 does not hurt, source/sink story is weak. | If Euler-Lagrange equation does not close cleanly, model is not mechanically well-formed.","Formalize the harness's checks as executable specifications in Lean, ensuring that all PASS verdicts are mechanically verified.","This document is a methodological harness that evaluates several Lagrangian models (LLC v1, Spirit, Anti, LLC v2) under shared regimes, checking dimension compatibility, response signs, Euler-Lagrange closure, and preregistered predictions. It also runs wrong-control variants to test whether the canonical structure matters, and searches for algebraic invariants. The harness explicitly does not decide whether the framework is true; it only checks disciplined formal behavior. All listed checks pass, but this does not establish physical or theological truth."
lagrangian_side_by_side__2.md,lagrangian_side_by_side__2,Lagrangian Side-by-Side Report,"A disciplined formal model must behave consistently under a shared test bench, with explicit variables, regimes, and preregistered predictions.","chi / chi_bar: coherence weight; higher means the system can carry ordered motion. | S_entropy / S_v1: entropy drag; higher means more disorder pressure. | W: resistance or grace leak; higher means the system resists alignment. | chi10: upward source term; coherence support, grace support, or Christ-source term. | Gamma9: downward sink term; decoherence drain, adversary sink, or collapse pressure. | xdot / Fdot / Fsum_dot: activity term; motion through the system. | V: stored potential cost; what the system has to carry or overcome.","Run the same test bench on any candidate Lagrangian; require dimension compatibility, response sign checks, Euler-Lagrange closure, and preregistered predictions before accepting a model as disciplined.",This report does not decide whether the framework is true. | It does not claim full Noether conserved quantities; only algebraic invariants under constrained transforms. | It does not derive theological relations from Euler-Lagrange equations; it only checks mechanical well-formedness. | It does not claim that passing the gauntlet proves physical validity.,"Dimension checks: PASS for all models. | Response signs: verify expected signs for S_entropy, S_v1, W, chi10, Gamma9. | Euler-Lagrange closure: check if equation solves cleanly. | Cross-model checks: anti_vs_spirit, llc_v2_zero_resistance_limit, llc_v1_core_reference, resistance_penalty_sign, source_sink_direction, historical_vs_canonical_note. | Preregistered predictions: P1-P5, P7, P10 all PASS. | Wrong-control gauntlet: canonical_v2 passes; gamma9_added, chi10_subtracted, resistance_ignored, source_sink_swapped are rejected.",SymPy symbolic computation | Shared regime parameter sets | Preregistered prediction list | Wrong-control variant definitions,"Provides a reusable test bench for comparing Lagrangian candidates under identical regimes, with preregistered predictions and wrong-control rejection.",Preserves the historical LLC v1 as a reference and maintains the spirit-anti contrast pair.,"If the test bench is removed, there is no disciplined way to compare candidates or reject wrong controls.",chi/chi_bar -> coherence weight | S_entropy/S_v1 -> entropy drag | W -> resistance/grace leak | chi10 -> upward source | Gamma9 -> downward sink | xdot/Fdot/Fsum_dot -> activity | V -> stored potential cost,coherent,yes,yes,methodological test bench,PYTHON_RUNTIME_SUPPORTED,B,preserve as a test harness; do not treat as proof of physical truth,Interpreting passing the gauntlet as evidence for the theological framework. | Treating algebraic invariants as full Noether conserved quantities. | Assuming Euler-Lagrange closure implies physical validity. | Generalizing from the specific parameter regimes to all possible conditions.,If the test bench cannot be reproduced in SymPy. | If preregistered predictions fail on rerun. | If wrong-control variants pass the gauntlet cleanly. | If dimension checks fail for any model.,A disciplined formal model that behaves consistently under a shared test bench.,"This document is a test harness for comparing Lagrangian models under identical regimes. It does not claim the framework is true; it checks mechanical consistency, dimension compatibility, and preregistered predictions. The canonical v2 model passes all checks, while several deliberately wrong variants are rejected. The report explicitly limits itself to algebraic invariants, not full Noether conservation."
Law9Asymmetry.md,Law9Asymmetry,Law9Asymmetry.lean,"The sin-process is a unidirectional, non-invertible operator that maps any coherent state to zero.","SinProcess: an operator defined to always return zero. | Coherent state: represented by the value one. | Zero: represents the absence of coherence. | Inverse: an operator that, when composed with SinProcess, would map zero back to one using the same mechanism.",The system must treat the sin-process as irreversible by any internal mechanism; restoration requires an external operator (Grace).,This does not prove that Grace exists or is effective; it only establishes that SinProcess lacks an internal inverse. | This does not model the physical weak force in detail; it uses a simplified operator to capture asymmetry. | This does not claim that sin is a physical force; it is a formal analogy.,Check that the Lean file compiles and the theorem sin_asymmetry is proven. | Verify that no internal inverse for SinProcess is defined in the file. | Confirm that the statement 'state = one -> SinProcess state = zero' is derived solely from the definition of SinProcess.,Lean4 environment | Definition of SinProcess as always returning zero,"Provides a formal proof that the sin-process is asymmetric and non-invertible within the system, distinguishing it from Laws 1-8.",Preserves the existing coherence model by not altering the definitions of Laws 1-8; it adds a new operator without changing prior axioms.,"If removed, the formal asymmetry between sin and grace is lost; the claim that sin is irreversible would lack a formal proof.",SinProcess -> sin operator | state = one -> aligned state | zero -> collapsed coherence | GraceOperator -> external restoration (not in this file),coherent,yes,yes,formal proof,LEAN_FORMAL_PROOF,B,accept as a formal proof of the defined operator's non-invertibility; do not extend to physical or theological claims beyond the formal statement.,The proof is trivial by definition and does not establish substantive asymmetry beyond the chosen modeling. | The file's comment about Laws 1-8 being bilateral is not proven here; it is an assertion. | The theological mapping (sin as weak force) is not proven; it is an analogy.,"If the definition of SinProcess is changed to allow internal inverses, the theorem fails. | If the file is found to contain an internal inverse definition, the claim of non-invertibility is false.","Formalize the non-invertibility of SinProcess in Lean, ensuring no internal inverse is defined.","This document presents a Lean formal proof that the sin-process, defined as always returning zero, is non-invertible within the system. The proof is immediate from the definition. The document uses this to argue that sin is asymmetric and irreversible, but the proof itself is trivial and the theological implications are not formally established."
lean-proof-readiness-packet.md,lean-proof-readiness-packet,Lean Proof Readiness Packet,A static readiness packet must report the current state of Lean proof artifacts without claiming that any proof has been verified.,"Readiness packet: a static snapshot of file counts, declaration counts, run roots, and signal frequencies extracted from a Lean project. | BLOCKER: an item that requires a direct proof or deliberate explanation before a public proof claim. | HIGH_CLAIM_RISK: an item that may compile but should not be described as a strong theorem without five-sentence evidence separation. | Duplicate theorem names: multiple declarations sharing the same name; not automatically wrong but require canonical ownership.",Use the readiness packet as a pre-build inventory to identify blockers and high-risk claims before running lake build; do not cite it as evidence of proof correctness.,Does not run lake build or compile proofs. | Does not verify any theorem. | Does not resolve duplicate theorem names. | Does not provide five-sentence evidence separation for high-risk claims.,Check that the packet's reported counts match the actual repository state. | Verify that no file with sorry or admit is present. | Confirm that the packet does not claim any proof is verified. | Ensure that any public claim based on the packet includes the caveat that proofs are not yet compiled.,Lean source files in the extracted repositories | Static analysis tooling that generated the counts | Repository paths and run roots,"Provides a static inventory of Lean proof artifacts, including counts, signals, and risk flags, enabling pre-build triage.","Preserves the ability to identify potential proof issues before running a full build, without altering the underlying Lean code.","If removed, there is no pre-build readiness overview, increasing the risk of running lake build on known problematic code without prior triage.","lean_files: 47 | declarations: 2113 | run_roots: 5 | lake_roots: 3 | signals: rfl=60, check_failure=308, by_trivial=604, decide=82, simp=267, true_statement=352, set_option=1 | severity: REVIEW=718, HIGH_CLAIM_RISK=956 | duplicate_theorem_names: 408 | files_with_sorry_or_admit: 0 | files_with_claim_risk: 7",coherent,yes,yes,static inventory,NOT_ESTABLISHED,C,Use as a pre-build triage checklist; do not cite as proof of correctness.,Interpreting the packet as evidence that proofs are verified. | Ignoring HIGH_CLAIM_RISK flags when making public claims. | Assuming duplicate theorem names are harmless without canonical ownership.,If the packet is used to claim that any theorem is proven. | If the packet is presented as a substitute for lake build. | If the packet's counts are found to be inaccurate.,A static readiness report that is clearly labeled as non-verifying and used only for triage.,"This document is a static readiness packet for Lean proof projects. It reports counts and risk signals but explicitly does not compile proofs. It should be used as a pre-build checklist, not as evidence of proof correctness."
lean-repo-run-order.md,lean-repo-run-order,Lean Repo Run Order,"The recommended order for the first real Lean test is: smallest proof pulse first, then theophysics-lean-main, then Faith-Thru-Physics-Lean-4--main, and finally the verification package scripts.","Smallest proof pulse: the directory `narrow_product_test` under the theophysics-lean-verification-package, containing its own lakefile.toml and lean-toolchain, with only 2 Lean files. | Theophysics Lean Main: the directory `theophysics-lean-main` with both lakefile.lean and lean-toolchain, containing 14 Lean files. | Faith Thru Physics Lean Main: the directory `Faith-Thru-Physics-Lean-4--main` with both lakefile.lean and lean-toolchain, containing 24 Lean files and repeated evidence folders. | Verification Package Scripts: the directory `theophysics-lean-verification-package` with a lean-toolchain but no root lakefile, including Windows runner scripts.","Execute Lean tests in the specified order: first narrow_product_test, then theophysics-lean-main, then Faith-Thru-Physics-Lean-4--main, and finally the verification package scripts, using the provided PowerShell commands.",This document does not claim that any Lean builds have been run; it explicitly states 'I did not run these builds yet.' | This document does not provide proof of correctness for any theorems; it only recommends an order for testing. | This document does not resolve the 408 duplicate theorem names; it only notes the need for canonical handling.,"Check that the narrow_product_test directory exists and contains exactly 2 Lean files. | Check that the theophysics-lean-main directory contains both lakefile.lean and lean-toolchain, and 14 Lean files. | Check that the Faith-Thru-Physics-Lean-4--main directory contains both lakefile.lean and lean-toolchain, and 24 Lean files. | Check that the verification package directory contains a lean-toolchain but no root lakefile, and includes the specified Windows runner scripts. | Run the PowerShell commands and verify they target the correct directories.","The existence of the specified directories and files (lakefile.toml, lean-toolchain, lakefile.lean, Lean files, Windows runner scripts). | The PowerShell script RUN_LATER_LEAN_TESTS.ps1 with the -Target parameter.","Provides a recommended execution order for Lean verification tests, enabling systematic testing of multiple Lean repositories.",Preserves the static scan finding of 0 real sorry/admit holes and the identification of 3 proper lake roots and 408 duplicate theorem names.,"If this run order is removed, there is no prescribed sequence for Lean testing, potentially leading to ad-hoc or incorrect test ordering.",narrow_product_test -> smallest proof pulse | theophysics-lean-main -> Theophysics Lean Main | Faith-Thru-Physics-Lean-4--main -> Faith Thru Physics Lean Main | theophysics-lean-verification-package -> Verification Package Scripts,coherent,yes,yes,procedural recommendation,NOT_ESTABLISHED,C,store as procedural guidance; do not treat as verified proof,Claiming that the recommended order is the only correct order. | Implying that the Lean tests have been run or passed. | Treating the static scan results as proof of theorem correctness.,If the specified directories do not exist or do not match the described structure. | If the PowerShell script does not support the -Target parameter. | If the document is used to claim that Lean proofs have been verified.,The recommended run order for Lean verification tests.,"This document recommends an order for running Lean tests on three repositories and a verification package, based on directory structure and file counts. It explicitly states that no builds have been run yet, so it is a procedural recommendation, not a proof of correctness."
lean-workbook-alignment-audit.md,lean-workbook-alignment-audit,Lean Workbook Alignment Audit,Every workbook claim must be traceable to a Lean declaration with explicit proof strength and public-claim risk before citation.,"Workbook: the canonical Excel file containing LEAN_DERIVATION_CHAIN and GAUNTLET_ARCHITECTURE sheets. | Lean declaration: a theorem or lemma in the extracted Lean repository. | Proof strength: a category such as DECLARATION_OR_UNKNOWN, DEFINITIONAL_RFL, FINITE_DECIDABLE, SIMPLIFICATION, SUBSTANTIVE_OR_CASE_PROOF, TRIVIAL_TRUE, WRAPPER_OR_IMPORTED. | Public claim risk: a flag indicating that a workbook row's English claim is not supported by the Lean proof strength.","Add missing Lean declarations to a staging sheet, add Proof_Strength and Public_Claim_Risk columns, downgrade or replace TRIVIAL_TRUE flagship rows, and add a five-sentence evidence split per claim.",This audit does not verify the correctness of any Lean proof. | This audit does not modify the canonical workbook directly. | This audit does not establish that any claim is true; it only identifies alignment gaps.,Check that every workbook row has a matching Lean declaration name. | Check that every workbook row has a Proof_Strength value. | Check that no TRIVIAL_TRUE row has a strong English claim without a substantive Lean theorem. | Check that each claim has the five-sentence evidence split.,Lean 4 repository extraction | Workbook files with LEAN_DERIVATION_CHAIN and GAUNTLET_ARCHITECTURE sheets,"Provides a method to audit and align workbook claims with Lean declarations, introducing evidence-ladder fields and staging.",Preserves the existing workbook structure and Lean declarations; does not alter the canonical workbook.,"Without this audit, workbook claims may be publicly cited without proof-strength checks, leading to overstatement.",Workbook row to Lean declaration mapping | Proof strength categories | Public claim risk flags,coherent,yes,unclear,C0,NOT_ESTABLISHED,B,audit_and_stage,Claiming that workbook rows are formally proven when many are TRIVIAL_TRUE or not found. | Citing flagship names with broad English claims without stronger Lean statements.,"If the workbook is not updated with proof strength and risk columns, the audit is incomplete. | If TRIVIAL_TRUE rows are not downgraded or replaced, public citation is unsafe.",Formalize the audit process as a Lean function that checks workbook alignment.,"This document is an audit report, not a proof. It identifies gaps between the Lean repository and the workbook, and recommends a staging process to add missing declarations and proof-strength metadata. It does not establish any mathematical claim."
lean4-lane4-plan.md,lean4-lane4-plan,Lean 4 Lane 4 Plan,"Only true primitives may become candidate axioms; definitions become definitions; theorems become proof targets; equations become typed formal objects or propositions; identifications and bridge claims require explicit bridge assumptions; predictions, protocols, evidence nodes, and falsification criteria stay outside the proof kernel.","Typed formal skeleton: a formal structure where each node is assigned a claim type and logical-force label. | Bridge claim: a claim that connects formal objects to metaphysical, theological, or empirical reality, requiring explicit labeling. | Proof-ready chain: a sequence of nodes that can be formally derived from primitives and definitions within the proof kernel. | Outside-kernel claim: a claim that is not part of the proof kernel, such as predictions, protocols, evidence nodes, and falsification criteria.","Implement the Lean 4 Lane 4 plan: produce typed-canon-reclassification.csv/json/summary, run graph hygiene checks, identify formalizable chains, label all bridge claims, and generate a report of proof-ready chains, partially formalizable chains, outside-kernel claims, high-risk bridge claims, contradiction/cycle risks, and missing definitions.",This plan does not prove theological or empirical claims. | This plan does not validate the truth of any axiom or theorem. | This plan does not encode all nodes as axioms. | This plan does not allow bridge claims to be used as theorem premises without explicit bridge assumptions.,"Check that every node has exactly one claim type and one logical-force label. | Check that all dependencies are explicit and no duplicate IDs remain. | Check that graph hygiene rules are satisfied (no missing deps, no circular deps, no unjustified upstream/downstream, no theorems depending on predictions/evidence, no identifications used as derivations without bridge guards). | Check that bridge claims are labeled with one of the five allowed types. | Check that the report includes all required categories.",Theophysics canon (190/191 nodes) | Lean 4 proof assistant | Existing classification of nodes (if any),"Provides a structural integrity lane that separates primitive axioms from definitions, theorems, equations, bridge claims, and empirical content, enabling a typed formal skeleton before proof attempts.",Preserves the ability to later attempt proofs on formalizable chains while preventing the conflation of all nodes as axioms.,"Without this plan, the canon risks treating every powerful sentence as an axiom, undermining structural honesty and proof integrity.",typed-canon-reclassification.csv | typed-canon-reclassification.json | typed-canon-summary.md | proof-ready chains | partially formalizable chains | outside-kernel claims | high-risk bridge claims | contradiction/cycle risks | missing definitions,coherent,yes,unclear,methodological plan,NOT_ESTABLISHED,B,adopt as structural guideline; do not treat as proof,Claiming that Lean 4 can verify theological or empirical reality without precise formal translation. | Assuming that all nodes can be cleanly reclassified without ambiguity. | Treating the plan itself as a proof of structural integrity.,If the plan is used to claim that Theophysics is formally verified. | If bridge claims are silently used as theorem premises without explicit labels. | If the plan is implemented without producing the specified outputs.,Implement the plan in Lean 4 to produce the typed canon and graph hygiene checks.,"This document outlines a plan to convert the Theophysics canon into a typed formal skeleton using Lean 4, ensuring that only true primitives become axioms and that definitions, theorems, and bridge claims are treated appropriately. It emphasizes structural integrity over proof, and it does not claim to prove theological or empirical claims."
lean4_metaprogramming_reference_readout.md,lean4_metaprogramming_reference_readout,Lean 4 Metaprogramming Book Reference Readout,"The Lean 4 metaprogramming book is a reference for building Lean tooling, not canon evidence.","Lean 4 metaprogramming book: a reference book for Lean 4 metaprogramming, tactics, and DSLs. | Canon evidence: material that directly supports Theophysics axioms or derivations. | QUARANTINE: a directory for files not admitted into the canon proof package.",Treat this document as a tooling reference only; do not use its examples as canon proof.,Does not provide Theophysics axioms or derivations. | Does not establish any physical or theological claims. | Does not replace formal verification of Theophysics.,Check that no Lean examples from this document are cited in canon proofs. | Verify that the document remains in QUARANTINE and is not promoted. | Confirm that any tooling built from it is clearly marked as auxiliary.,None; it is a standalone reference readout.,"Provides a reference for building Lean tooling (extractors, linters, tactics) but no new Theophysics capability.",Preserves the canon by explicitly quarantining the reference and preventing contamination.,Removal would not collapse any Theophysics axiom; it only removes a tooling reference.,Lean 4 metaprogramming | tactics | DSL | proof-audit tooling,coherent,no,yes,reference material,NOT_ESTABLISHED,C,quarantine,Using Lean examples as if they were canon proofs. | Assuming the book's existence validates Theophysics. | Mixing tooling code into the canon proof package.,If any Lean example from this book is cited as canon evidence. | If the document is promoted from QUARANTINE without review.,No Lean target; it is a reference only.,"This document is a readout of a Lean 4 metaprogramming book, explicitly marked as not canon evidence. It is useful for building Lean tooling but must remain quarantined and not be used in Theophysics proofs."
LEAN4_SETUP.md,LEAN4_SETUP,Lean 4 Setup Guide,Lean 4 verification is the authoritative check for formal structural claims in this repository.,"Lean: the Lean 4 theorem prover, versioned via elan. | elan: the Lean version manager that reads lean-toolchain. | Lake: the Lean build system and project manager. | Verified: a Lean file passes when the command exits without errors. | Mathlib: the Lean mathematical library, fetched via lake exe cache get.","Install Lean 4 via elan, run the verification commands on the listed files, and treat successful runs as formal verification of the structural claims.","Does not install Lean globally without elan. | Does not verify Python behavior; Python only demonstrates examples and counterexamples. | Does not guarantee Mathlib availability; slow downloads are expected. | Does not cover all possible Lean files, only the listed targets.","Run 'lean --version' and 'lake --version' to confirm installation. | Run 'lean TheophysicsProductionKernel.lean' and 'lean CorrectedEntropyKernel.lean' and check for zero errors. | Run 'lake env lean NarrowProductTest/Basic.lean' and 'lake env lean NarrowProductTest.lean' and check for zero errors. | In VS Code, open a .lean file and confirm the Infoview shows no red errors.","Lean 4 toolchain (elan, Lean, Lake) | Git for Windows (on Windows) | Mathlib (for narrow_product_test)","Enables readers to independently verify the Lean proofs, providing a formal check of structural claims beyond Python demonstrations.",Preserves the existing Python-based demonstrations and the repository's structure; does not alter any mathematical content.,"Without this setup, the Lean proofs cannot be checked, and the formal verification claim collapses to unverified.",lean --version | lake --version | lean TheophysicsProductionKernel.lean | lean CorrectedEntropyKernel.lean | lake env lean NarrowProductTest/Basic.lean | lake env lean NarrowProductTest.lean,coherent,yes,yes,procedural,NOT_ESTABLISHED,B,preserve as setup documentation,"Claiming that Lean verification proves all claims in the repository, when only specific files are targeted. | Assuming that a successful Lean run implies correctness of the underlying mathematics without inspecting the proof content. | Equating Python behavior with formal verification.","If the listed Lean files do not compile without errors, the verification claim fails. | If the setup instructions are incomplete or incorrect, users cannot reproduce the verification.","TheophysicsProductionKernel.lean, CorrectedEntropyKernel.lean, narrow_product_test/NarrowProductTest/Basic.lean","This document explains how to install Lean 4 and verify specific proof files in the repository. It is a setup guide, not a mathematical proof. The verification commands are clear, but the document does not itself establish any formal claims; it only provides the means to check them."
LEAN4_THEOREM_COUNT_CANON_2026-07-01.md,LEAN4_THEOREM_COUNT_CANON_2026-07-01,Lean 4 Theorem Count Canon,"The canonical theorem count for a Lean package is determined by a frozen counting rule applied to the exact package boundary, and only numbers that survive direct reviewer recount are admissible for public use.","Canonical theorem count: number of lines matching ^\s*(theorem|lemma)\s+<identifier> in root-level .lean files of the compiled package, excluding lakefile.lean, EVIDENCE\ copies, and subfolder duplicates. | Root package: D:\GitHub\Faith-Thru-Physics-Lean-4- (Std-only toolchain). | Separate package: D:\GitHub\theophysics-lean\Theophysics_Canonization.lean (Mathlib-based).","Use 326 as the canonical theorem count for the root package, and if citing the canonization module, state '326 + 35 across two packages'. Retire 319 and 305. Before any public packet, run a final recount and freeze the counting rule.",Does not merge counts across different toolchain targets. | Does not claim the count applies to any package other than the specified root package. | Does not assert that the theorem count implies correctness of the theorems' content. | Does not establish a canonical count for any future package changes.,Run the frozen counting rule on the root package and verify the total equals 326. | Verify the package builds with exit 0 and zero sorry/axiom declarations. | Verify the separate canonization module compiles clean with 35 theorems. | Check that no public-facing document uses 319 or 305 as canonical.,Lean 4 compiler and toolchain | The root package source files at D:\GitHub\Faith-Thru-Physics-Lean-4- | The frozen counting rule definition,"Provides a canonical, audited theorem count for the root package, replacing inconsistent prior numbers, and establishes a counting rule that can be re-run for verification.","Preserves the fact that the package contains machine-checked theorems with zero sorry and zero axioms, as previously claimed.","Without this node, the theorem count reverts to ambiguous or inconsistent numbers (319, 305), undermining public-facing claims and auditability.",theorem count | canonical number | frozen counting rule | root package | separate package,coherent,yes,yes,empirical_audit,PYTHON_RUNTIME_SUPPORTED,B,adopt_as_canonical_count,"The count 326 is based on a specific counting rule; if the rule is not applied consistently, the number may change. | The count does not imply the theorems are semantically meaningful or correct beyond machine-checked syntax. | The separate package count (35) could be mistakenly merged with 326, creating a false single-package total.","If a recount under the frozen rule yields a different total, the canonical number must be updated. | If the package fails to build with zero sorry/axioms, the claim of 'zero unresolved proofs' is invalidated. | If the counting rule is changed without re-freezing, the canonical status is lost.",A Lean function that counts theorem declarations according to the frozen rule and verifies the total.,"This document establishes that the canonical theorem count for the Lean root package is 326, based on a frozen counting rule, and that a separate Mathlib-based module has 35 theorems. It retires older numbers 319 and 305, and mandates a final recount before public use."
lean4_verification_layer.md,lean4_verification_layer,Lean 4 Is Not Enough,"Formal proof structure alone does not establish model adequacy, comparative fairness, or historical truth.","Formal Proof Layer: verifies internal theorem consistency, logical derivation, and mechanical proof checking. | Symbolic Translation Layer: verifies clean representation in SymPy, derivative existence, and well-formed comparison variants. | Shared-Regime Comparison Layer: runs all candidate models on identical bench settings to ensure fairness. | Resistance term: gates usable channel contribution through (1-W)^2 in canonical v2. | Collapse threshold: W ~= 0.566987298107781 where canonical v2 crosses zero under balanced regime.","Maintain and present a multi-layer verification stack: formal proof (Lean 4), symbolic translation (SymPy), and shared-regime comparison (Python lab).",Does not claim that Lean 4 alone verifies model adequacy or historical truth. | Does not claim that the Python layer proves theological interpretations. | Does not claim that current results are final or exhaustive. | Does not claim that the collapse threshold is a physical constant; it is a numerical boundary of the current form.,"Check that Lean 4 proofs are mechanically verified. | Check that candidate equations translate cleanly in SymPy. | Check that all models run on identical shared-regime settings. | Check that wrong controls (gamma9_added, chi10_subtracted, resistance_ignored, source_sink_swapped) are rejected. | Check that negative results are reported, not hidden.",Lean 4 theorem prover | SymPy symbolic computation | Python shared-regime test bench,"Provides a multi-layer verification stack that combines formal proof structure with comparative symbolic testing, enabling detection of model inadequacies and unfair comparisons.",Preserves the rigor of formal proof while adding behavioral testing that catches structural errors and unfair tuning.,"If the shared-regime comparison layer is removed, the framework loses the ability to detect unfair comparisons and wrong controls, reducing verification strength.",Formal proof layer -> Lean 4 | Symbolic translation layer -> SymPy | Shared-regime comparison layer -> Python lab,coherent,,yes,methodological,PYTHON_RUNTIME_SUPPORTED,B,adopt as methodological guardrail,Claiming that the collapse threshold is a physical constant rather than a numerical artifact. | Claiming that the Python layer proves theological truth. | Claiming that the multi-layer stack is sufficient for all verification needs.,If the shared-regime bench is shown to be biased or inconsistent. | If the Python results are not reproducible. | If the formal proof layer is bypassed for claims that require it.,"Formalize the statement that resistance gating via (1-W)^2 is load-bearing in the canonical model, and that source and sink are not symmetric operations.","This document argues that Lean 4 alone is insufficient for verification; it must be complemented by symbolic translation and shared-regime comparison. The Python lab demonstrates specific results: resistance is load-bearing, a collapse threshold exists, source and sink are asymmetric, and wrong controls fail. The recommended action is to maintain this multi-layer stack and present it as a stronger verification path."
LEAN_AUDIT_NOTES.md,LEAN_AUDIT_NOTES,Lean Audit Notes  -  Theophysics Master Equation,"A file is production-grade only if it contains no sorry, no unmarked axiom, no unsafe, no Float equality proofs, no theorem that merely restates the hypothesis, and no theological conclusion hidden inside a definition.","Production-grade: a Lean file that compiles without sorry, unmarked axiom, unsafe, Float equality proofs, tautological theorems, or hidden theological conclusions. | Assumption layer: an explicit declaration that an axiom is assumed rather than proven. | Formal architecture: the set of theorems proven in TheophysicsProductionKernel.lean, including product annihilation, nonzero product, zero-preserving coherence operator non-rescue, grace idempotence and non-invertibility, and LawIso requirement.","Run the Lean compiler on TheophysicsProductionKernel.lean and search for sorry, axiom, unsafe, and admit in all .lean files; then report the results.",This document does not prove any theological or physical claim. | It does not establish that the ten named laws are true descriptions of reality. | It does not establish that any spiritual/physical pair is isomorphic. | It does not establish that the Lagrangian is physically valid. | It does not establish that Noether's theorem applies to the commandments. | It does not establish that thermodynamic decay has been formally derived.,"Run 'lean TheophysicsProductionKernel.lean' and check for successful compilation. | Run 'findstr /S /N /I ""sorry axiom unsafe admit"" *.lean' and verify that no production-grade file contains these tokens. | Inspect each theorem to ensure it does not merely restate its hypothesis. | Inspect each definition to ensure no theological conclusion is hidden inside it.","Lean theorem prover | TheophysicsProductionKernel.lean | The uploaded .lean files (SystemRegistry.lean, NoetherCommandments.lean, Thermodynamics.lean, etc.)","Provides a production rule for classifying Lean files as production-grade or not, and identifies the exact scope of what the production kernel proves.","Preserves the distinction between formal proof and unproven assumptions, preventing overstatement of verified status.","If this node is removed, the audit findings and production rule are lost, leading to potential misrepresentation of placeholder files as fully verified.",Lean proof layer | Placeholder/exploratory layer | Production-grade rule | Formal architecture,coherent,yes,yes,audit_notes,NOT_ESTABLISHED,B,preserve as audit metadata; do not treat as proof of any theological or physical claim,Misinterpreting the audit notes as proof that the ten laws are true. | Treating the production kernel's formal architecture as evidence for physical validity. | Assuming that the absence of sorry/axiom in a file implies the truth of its statements.,If the production kernel fails to compile. | If the search for sorry/axiom/unsafe/admit finds tokens in files claimed to be production-grade. | If any theorem in the production kernel is found to restate its hypothesis.,Formalize the production rule as a Lean predicate that checks a file for forbidden tokens and tautological theorems.,"This document is an audit note that distinguishes between real Lean proofs and placeholder files. It sets a production rule requiring no sorry, unmarked axioms, unsafe, Float equality proofs, tautological theorems, or hidden theological conclusions. It clarifies that the production kernel only proves formal architecture, not the truth of the ten laws or any physical validity. The recommended action is to run Lean and search for forbidden tokens."
LEAN_CANONICAL_LEDGER.md,LEAN_CANONICAL_LEDGER,Lean Canonical Ledger Summary,"Each unique theorem or declaration name in the Lean scan has exactly one canonical owner, and the public proof count must derive only from canonical theorems that compile.","canonical_theorem_count_pending_compile: number of unique theorem names that are not scaffolding and not low-content true, pending compile verification. | scaffolding_excluded: declarations marked as SCAFFOLDING_NOT_PUBLIC_COUNT, not counted as proofs. | low_content_true_excluded: declarations marked as LOW_CONTENT_TRUE_NOT_PUBLIC_COUNT, not counted as proofs. | proof_strength: classification of proof by strength, e.g., TRIVIAL_TRUE, SIMPLIFICATION, DEFINITIONAL_RFL, WRAPPER_OR_IMPORTED, SUBSTANTIVE_OR_CASE_PROOF, FINITE_DECIDABLE.","Use canonical_theorem_count_pending_compile as the only public proof count, and only after the relevant canonical roots compile.",Does not claim any theorem is proven; compile status is pending. | Does not publish raw declaration counts as proof counts. | Does not include scaffolding or low-content true declarations in the public proof count.,Check that the public proof count equals canonical_theorem_count_pending_compile. | Check that no scaffolding or low-content true declarations are included in the public proof count. | Check that compile status is reported as pending when no Lean build has been run.,Full 47-file Lean scan results | Declaration name deduplication logic | Classification of proof strength and public count buckets,Provides a deduplicated canonical ledger that prevents double-counting and establishes a disciplined public proof count.,"Preserves the distinction between raw declaration instances and unique canonical theorems, and maintains the exclusion of scaffolding and low-content true declarations.","Without this ledger, the public proof count would be ambiguous and could incorrectly include scaffolding or low-content true declarations, leading to overcounting.",canonical_theorem_count_pending_compile | scaffolding_excluded | low_content_true_excluded | proof_strength_counts_unique_names,coherent,yes,unclear,meta-claim about ledger discipline,NOT_ESTABLISHED,B,record as canonical ledger metadata; do not treat as proof of any theorem,Claiming that canonical_theorem_count_pending_compile represents proven theorems when compile is pending. | Publishing raw declaration counts as proof counts. | Including scaffolding or low-content true declarations in public proof counts.,"If a canonical theorem fails to compile, the count must be reduced. | If deduplication is incorrect, the ledger is invalid.","Formalize the ledger as a data structure in Lean, with functions to compute canonical counts and enforce exclusions.",This document is a meta-ledger that deduplicates Lean declarations and sets rules for what counts as a public proof. It does not prove any theorems; it only organizes the scan results and warns that compile status is pending.
lean_no_sorry_account_v0.md,lean_no_sorry_account_v0,Lean No-Sorry Account v0,"The public claim about Lean proof strength must be based on verified no-sorry builds and proof-strength classification, not raw declaration counts.","no-sorry source text: a Lean file with no active sorry or admit proof holes | proof-strength class: a category such as SUBSTANTIVE_OR_CASE_PROOF, FINITE_DECIDABLE, SIMPLIFICATION, DEFINITIONAL_RFL, TRIVIAL_TRUE, WRAPPER_OR_IMPORTED, DECLARATION_OR_UNKNOWN | raw theorem/lemma declaration: any theorem or lemma statement in a Lean file, regardless of proof strength",Report the no-sorry inventory as 'about 43 unique no-sorry Lean source texts' and 'about 880 raw theorem/lemma declarations' only with the caveat that proof-strength classification is pending. Do not claim machine-checked proof counts until a clean build and classification are completed.,Does not assert that any Lean file has been successfully compiled or verified. | Does not equate raw declaration counts with proof strength. | Does not claim that the 43 no-sorry files are all substantive proofs. | Does not provide a final machine-checked proof count.,Check that any public statement about Lean proofs includes the qualifier 'no-sorry candidate inventory' unless a clean build log exists. | Verify that the proof-strength summary is used instead of raw theorem counts when describing substantive proofs. | Confirm that the single sorry-bearing spec file is not counted as a no-sorry source.,Lean source files in the workspace | SHA256 deduplication | Proof-strength classification summary,"Provides a conservative inventory of no-sorry Lean source texts and raw declaration counts, with explicit caution against overclaiming proof strength.","Preserves the distinction between raw declarations and verified proofs, preventing inflation of the proof count.","Without this node, the raw 880 declaration count could be misreported as 880 deep proofs, misleading stakeholders.",no-sorry candidate inventory | raw theorem/lemma declarations | proof-strength class,coherent,yes,no,inventory/status report,NOT_ESTABLISHED,B,Use as a conservative inventory; do not upgrade to verified proof count without further build verification.,Interpreting raw declaration counts as deep proofs | Assuming no-sorry text scan implies successful compilation | Ignoring proof-strength classification when reporting substantive proofs,"If a clean build of the no-sorry package fails, the inventory is invalid. | If the proof-strength summary is found to be inaccurate, the classification is invalid.",A verified Lean build log with per-theorem proof-strength classification.,"This document provides a conservative count of no-sorry Lean files and raw theorem declarations, warning that these numbers are not proof counts. It emphasizes the need for further verification and classification before making stronger claims."
LOAD_BEARING_GAP_SUMMARY.md,LOAD_BEARING_GAP_SUMMARY,Load-Bearing Gap Summary,The 10-variable product form is either derivable from the chi-field Lagrangian or must be explicitly treated as a postulate/axiom in the Lean layer and in public claims.,"chi-field Lagrangian: the formal Lagrangian defining the chi-field, whose exact definition is to be located. | 10-variable product form: the product form involving 10 variables, whose exact definition is to be located. | bridge: a formal derivation connecting the chi-field Lagrangian to the 10-variable product form.","Determine whether the 10-variable product form is derivable from the chi-field Lagrangian; if derivable, formalize the bridge in Lean; if not, add explicit axiom/postulate labels and revise public claim status.",This document does not itself provide the derivation or the formal definitions. | It does not assert that the product form is derivable or not; it only identifies the gap and required actions. | It does not resolve secondary gaps such as marker theorems or provenance.,Check whether a formal Lean proof exists that derives the 10-variable product form from the chi-field Lagrangian. | Check whether the product form is explicitly labeled as an axiom/postulate in the Lean layer and public claims if not derived. | Check whether public claims are revised to match the actual formal status.,Exact formal definition of the chi-field Lagrangian | Exact formal definition of the 10-variable product form | Lean formalization of the bridge if derivable,"Provides a clear directive to close the central formal gap by either deriving the product form or explicitly labeling it as an axiom, thereby enabling honest and accurate public claims.","Preserves the existing conditional/postulated status of the product form as recorded in the V2 ledger, and maintains the requirement for honest public wording.","If this node is removed, the framework loses the explicit identification of the central gap and the directive to resolve it, risking continued overstatement in public claims.",Lean formal proof of the bridge | Axiom/postulate label in Lean | Public claim status labels,coherent,yes,no,meta-level directive,NOT_ESTABLISHED,B,track as a task/requirement; do not treat as a proven theorem,Treating the product form as derived without a formal proof | Public claims exceeding the formal status of the product form | Ignoring the need to label the product form as an axiom if not derived,"If the bridge is proven derivable, the axiom label is unnecessary; the node's directive becomes obsolete. | If the bridge is proven not derivable and the product form is not labeled as an axiom, the node's directive is violated.","Formalize the bridge in Lean if derivable; otherwise, add axiom/postulate labels to the product form in the Lean layer.","This document identifies the main formal gap: whether the 10-variable product form can be derived from the chi-field Lagrangian. It says that if it can be derived, the system is stronger; if not, it must be treated as an axiom and public claims must be adjusted. The document does not itself provide the derivation or definitions, so it is a directive for future work, not a proof."
master_equation.md,master_equation,master_equation.ipynb,"The MasterEquation class defines the core computational engine for Theophysics, providing exact field evaluation, Lagrangian mechanics, numerical integration, and autodifferentiation via JAX, with modular methods that can be tested independently.","MasterEquation: the core computational object that all other notebooks import, instantiate, and test. | chi(q, t): evaluates the coherence field for a given variable state and time. | chi_with_breakdown(q, t): returns chi plus per-component contributions. | chi_4term(q, t): 4-term expansion of chi for analytical work. | lagrangian(q, qdot, t): evaluates the Lowe Coherence Lagrangian. | equations_of_motion(q, qdot, t): computes accelerations via Euler-Lagrange. | energy(q, qdot, t): total energy (kinetic + potential). | mass_matrix(q, t): 10x10 Hessian of kinetic energy (required to be positive definite). | integrate_rk4(q0, qdot0, t_span, n_steps): 4th-order Runge-Kutta integrator for time evolution. | gradient_chi(q, t): gradient of chi with respect to all 10 variables. | hessian_chi(q, t): full 10x10 Hessian of chi. | sensitivity_sweep(q_base, variable_index, n_points): scans the effect of varying one variable while holding others fixed. | component_report(q, t): print table of all 10 component contributions. | disable_component(index): set a component's contribution to zero. | enable_component(index): restore a component. | VAR_WEIGHTS: list of weights for the 10 variables. | SYMMETRY_PAIRS: list of symmetry pairs. | PAIR_STRENGTH: strength of symmetry pair interactions. | CONFINE_STRENGTH: strength of confinement term. | JAX: a library for automatic differentiation and GPU/TPU acceleration.","The system should use the MasterEquation class as the computational foundation for all Theophysics tests, ensuring reproducibility and modular testability.",This document does not provide a proof of the physical validity of the equations. | It does not establish that the coherence field corresponds to any physical reality. | It does not claim that the numerical results are physically meaningful beyond the defined mathematical model. | It does not guarantee that the code is bug-free or that the chosen parameters are optimal.,"Verify that the mass matrix is positive definite for all operating points. | Verify that energy conservation holds to 9 decimal places in RK4 integration. | Verify that each method (chi, lagrangian, mass_matrix, etc.) can be called independently without errors. | Verify that the sensitivity sweep and component control functions behave as expected.",config.py or config.ipynb for constants and variable metadata | JAX library for autodifferentiation | Google Colab environment for execution,"Provides a reusable computational engine for evaluating the coherence field, Lagrangian, energy, and gradients, enabling numerical experiments and tests.","Preserves the ability to compute chi and related quantities consistently across notebooks, ensuring reproducibility.","Without this class, all downstream notebooks that rely on MasterEquation would fail to run, collapsing the computational framework.","chi(q,t) -> coherence field value | lagrangian(q,qdot,t) -> Lowe Coherence Lagrangian | mass_matrix(q,t) -> 10x10 Hessian of kinetic energy | integrate_rk4 -> time evolution via Runge-Kutta",coherent,yes,yes,computational_engine,PYTHON_RUNTIME_SUPPORTED,B,preserve as computational tool,"The document implies that the computational engine is reliable, but does not prove physical validity. | The claim that energy conservation is verified to 9 decimal places is a numerical result, not a proof of the underlying physics. | The choice of PAIR_STRENGTH = 0.45 is presented as deliberate but not derived from first principles.",If the code fails to run in a standard Colab environment. | If the mass matrix is not positive definite for some valid inputs. | If energy conservation fails beyond numerical tolerance.,"A Lean formal proof of the mathematical properties of the MasterEquation class, such as positive definiteness of the mass matrix under given parameter constraints.","This document describes the MasterEquation class, the core computational engine for Theophysics. It defines methods for computing the coherence field, Lagrangian, energy, and gradients using JAX. The class is modular and designed for reproducibility. However, it is a computational tool, not a proof of physical validity. The document is coherent and admissible as a foundation for further tests."
MasterEquation.md,MasterEquation,MasterEquation.lean,Reality coherence chi is the multiplicative product of ten coupled laws: chi = G*M*E*S*T*K*R*Q*F*C.,"LawIndex: the set {0,1,2,...,8} indexing nine laws (coherence implicit). | State : a function from LawIndex to values in the CoherenceAlgebra. | chi: the product of all nine law values. | LawCoupling: the product of all laws except one, representing the derivative structure.","The system should treat chi as a formal typed object in Lean 4, enabling proof checking and reasoning about the coupled product structure.",Does not provide a completed proof of chi_collapse; it contains 'sorry' placeholders. | Does not establish physical validity of the master equation; it only formalizes the symbolic claim. | Does not cover all ten laws explicitly; uses nine indices with coherence implicit.,Check that the Lean file compiles without errors. | Verify that the 'sorry' placeholders are resolved in the final compiled suite. | Confirm that chi_collapse theorem is proven without 'sorry' in the ResurrectionFormal package.,CoherenceAlgebra | Lean 4 proof assistant | ResurrectionFormal package (for resolving sorry),"Provides a formal typed representation of the master equation, enabling machine-checked reasoning about its structure.","Preserves the symbolic claim that chi is a product of coupled laws, now as a formal object.","Without this, the master equation remains an informal symbolic claim, lacking machine-checkable structure.",Lean 4 formal proof | Theophysics axiom documents,defective,partial,no,formalization claim,NOT_ESTABLISHED,C,quarantine,Treating 'sorry' as proof of the theorem. | Interpreting formalization as physical validation. | Assuming the ten-law product is fully represented when only nine indices are used.,"If the 'sorry' placeholders are not resolved, the formal proof is incomplete. | If the CoherenceAlgebra axioms are inconsistent, the formalization is invalid.",Prove chi_collapse without 'sorry' and verify the full ten-law representation.,"This document describes a Lean 4 formalization of the master equation chi = G*M*E*S*T*K*R*Q*F*C. It defines the product structure and states a collapse theorem, but the proof is incomplete due to 'sorry' placeholders. The formalization is a step toward machine-checked reasoning but does not yet constitute a verified proof."
maxwell_mirror_v1_saddle.md,maxwell_mirror_v1_saddle,maxwell_mirror_v1_saddle.ipynb,"The E-K Maxwell mirror is state-dependent: it holds at oscillatory operating points, not at all points in phase space.","E-K subspace: the two-dimensional subspace of the 10D phase space spanned by the electric and kinetic variables. | Saddle point: a point where the potential has positive curvature in one direction and negative curvature in another, leading to mixed oscillatory and exponential dynamics. | Canonical initial conditions: the specific seed 2828 initial conditions used in the v1 notebook. | Operating point: a specific point in the 10D phase space at which the dynamics are evaluated.",Document the saddle-point finding as a negative result and specify the operating point when claiming the Maxwell mirror holds.,Does not claim the Maxwell mirror holds at all operating points. | Does not prove the existence of oscillatory operating points; that is left to v2. | Does not provide a full verification of the Maxwell mirror; it is a precursor notebook.,"Check that the E-K potential at seed 2828 indeed has mixed curvature (one positive, one negative). | Verify that the v2 scan finds oscillatory operating points, supporting the state-dependence claim. | Ensure that any claim of the Maxwell mirror specifies the operating point.",The 10D phase space model and chi-field potential definition. | The canonical initial conditions (seed 2828).,"Introduces the concept that the E-K Maxwell mirror is state-dependent, specifically identifying a saddle point at the canonical seed.","Preserves the possibility that the Maxwell mirror holds at some operating points, as later found in v2.","If this finding is removed, the claim that the Maxwell mirror is unconditional would be unsupported and potentially false.",Saddle point analysis | State-dependent dynamics | Negative result documentation,coherent,yes,yes,negative result / state-dependence claim,NOT_ESTABLISHED,C,preserve as documented negative result,Claiming the Maxwell mirror is false based solely on the saddle point at one operating point. | Claiming the saddle point is a failure of the framework without considering other operating points.,"If the v2 scan fails to find any oscillatory operating points, the state-dependence claim is weakened. | If the saddle point analysis is mathematically incorrect, the negative result is invalid.",A formal proof that the E-K potential has a saddle point at seed 2828 and that oscillatory points exist elsewhere.,"This v1 notebook documents that at the canonical seed, the E-K dynamics are saddle-like, not oscillatory, meaning the Maxwell mirror is state-dependent. It does not prove the mirror holds anywhere, but it motivates the v2 scan that finds oscillatory points. The document is a coherent negative result but not a proof."
maxwell_mirror_verification.md,maxwell_mirror_verification,Maxwell Mirror Verification: EK Subspace Projection,"The chi-field's E-K subspace, extracted from the 10D kinetic matrix, yields a 2D dynamical system that structurally mirrors Maxwell's equations in its coupled oscillation, source terms, and conservation laws, within acknowledged scalar-versus-vector limitations.",chi-field: a 10-dimensional scalar field theory with a Lagrangian and kinetic matrix. | E (index 2): the electromagnetism/truth component of the chi-field. | K (index 5): the information (Shannon entropy)/logos component. | E-K subspace: the 2D block of the 10x10 mass matrix corresponding to indices 2 and 5. | Mass matrix: Hessian of the Lagrangian with respect to velocities. | Maxwell mirror: the structural analogy between the E-K subsystem and classical electromagnetism.,"Run the five tests (M1-M5) to verify that the E-K subspace of the chi-field reproduces Maxwell-type dynamics, and report the results with explicit caveats about scalar versus vector differences.","Does not claim a full identity with Maxwell's equations; the chi-field is scalar, EM is vector. | Does not claim a completed gauge field formulation. | Does not claim physical equivalence beyond structural containment. | Does not extend to experimental validation or predictive power.","M1: E-K block extraction yields symmetric, positive definite, well-conditioned 2x2 matrix. | M2: Dynamics matrix at oscillatory operating point yields two natural frequencies. | M3: Side-by-side Lagrangian comparison shows analogous structure in coupling, source, and conservation. | M4: EK coupling is consistent with other symmetry pairs and stronger than non-pair cross-terms. | M5: RK4 integration and FFT show E and K oscillate at the same frequency within numerical precision.","chi-field Lagrangian and kinetic matrix definition | JAX autodifferentiation for Hessian computation | Numerical methods: RK4, FFT, matrix operations","Provides a computational verification that the E-K subspace of the chi-field exhibits Maxwell-like coupled oscillations, offering a concrete structural bridge between the chi-field and classical electromagnetism.",Preserves the chi-field's 10D structure and the specific roles of E and K as defined; does not alter the underlying Lagrangian.,"If this node is removed, the claim that Maxwell's equations are contained within the chi-field loses its primary computational support, reducing the EK mirror to an unverified assertion.",chi-field E-K subspace  Maxwell's equations | mass matrix  Lagrangian quadratic form | natural frequencies  wave propagation speeds | source terms  charge/information conservation,coherent,yes,yes,computational verification of structural analogy,COLAB_REPRODUCIBLE,B,"Preserve as a verified computational demonstration of structural analogy, with explicit caveats about scalar vs vector differences and lack of gauge field completion.",Interpreting structural analogy as physical equivalence. | Ignoring the scalar vs vector distinction when claiming Maxwell containment. | Treating the computational tests as proof of physical reality rather than mathematical structure.,If the E-K block is not symmetric positive definite in a re-run. | If the oscillatory frequencies do not emerge in a re-run. | If the coupling strengths are not consistent with symmetry pairs in a re-run.,"A verified computational demonstration that the E-K subspace of the chi-field exhibits Maxwell-like dynamics, without overclaiming physical identity.","This notebook computationally tests whether the E-K subspace of a 10D chi-field reproduces Maxwell-type dynamics. Five tests confirm coupled oscillations, structural analogies in Lagrangian and conservation laws, and consistent pair coupling. The mirror holds computationally, but the chi-field is scalar while EM is vector, so full identity is not claimed. The result is a reproducible computational verification of structural containment."
MAXWELL_TRINITY_FORMAL_LOG_2026-05-10.md,MAXWELL_TRINITY_FORMAL_LOG_2026-05-10,Maxwell / Trinity Lean 4 Formal Log,"A triadic relational architecture is valid only if it satisfies the ValidTriadic gate: canonical role profiles, scalar-vector coupling invariant, full dynamic-field marker, relational distinctness, and mutual necessity.","ValidTriadic: a structural gate requiring canonical source/mediator/actualizer role profiles, a scalar-vector coupling invariant derived from full quaternion multiplication, a full dynamic-field marker, relational distinctness, and mutual necessity. | Scalar-vector coupling invariant: the property that the full quaternion product requires both scalar and vector data; vector-only dot/cross data is insufficient. | Canonical role profiles: fixed structural roles (source, mediator, actualizer) with specific operation profiles, not arbitrary labels. | Relational distinctness: the three roles are distinct and not collapsed (e.g., modalism). | Full dynamic-field marker: the system must represent a full dynamic field, not a static or single-field approximation.","The system should enforce the ValidTriadic gate when evaluating any candidate triadic relational architecture, rejecting systems that lack canonical role profiles, scalar-vector coupling, dynamic-field marker, relational distinctness, or mutual necessity.",This does not prove that Maxwell's historical quaternion equations instantiate the abstraction. | This does not prove that the quaternion product is non-decomposable in every sense. | This does not prove that the theological interpretation is uniquely forced by the formal structure.,Lean build succeeds with the specified theorems. | Rejection-first controls fail as expected. | Positive tests pass as expected. | Load-bearing constraint audit confirms each guard is necessary. | Quaternion algebra sanity check confirms vector-only data is insufficient.,Lean 4 theorem prover | Quaternion algebra definitions | TriadicSystem structure definitions,"Provides a formal gate (ValidTriadic) that distinguishes quaternion/Trinity candidates from adversarial controls, with explicit load-bearing constraints and a scalar-vector coupling theorem.",Preserves the earlier Law 4 two-state test by strengthening it with explicit false-positive controls and specific invariant failures.,"If the ValidTriadic gate is removed, the system collapses to an arbitrary three-part test that admits any three-part system, losing all discriminative power.",Lean 4 formal proof | Quaternion algebra | Triadic relational architecture,coherent,yes,yes,formal structural gate with verified controls,LEAN_FORMAL_PROOF,B,archive as a verified structural gate; do not promote to historical or theological proof,Claiming this proves Maxwell's historical quaternion equations instantiate the abstraction. | Claiming the quaternion product is non-decomposable in every sense. | Claiming the theological interpretation is uniquely forced by the formal structure.,If the Lean formalization is found to have logical inconsistencies or missing guards. | If the scalar-vector coupling invariant is shown to be insufficient or incorrectly encoded. | If the isomorphism between quaternionEM and trinityRelational is shown to be trivial or non-structural.,"Formalize the historical mapping from Maxwell's quaternion equations to the ValidTriadic gate, and clarify the theological interpretation as a separate non-formal step.","This document reports a Lean 4 formalization of a triadic validity gate (ValidTriadic) that tests whether a system with three roles satisfies structural requirements including canonical role profiles, scalar-vector coupling, dynamic-field marker, relational distinctness, and mutual necessity. The formalization includes rejection-first controls that fail as expected, positive tests that pass, and a load-bearing constraint audit showing each guard is necessary. It also includes a quaternion algebra sanity check proving that vector-only data is insufficient for the full product. The document honestly states that this does not prove historical Maxwell equations or theological uniqueness. The node is coherent and admissible, but should not be overinterpreted beyond its formal scope."
MAXWELL_TRINITY_LEAN_SPEC.md,MAXWELL_TRINITY_LEAN_SPEC,Maxwell Quaternion / Trinity Isomorphism  -  Lean 4 Specification,"The triadic structure of Maxwell's quaternion electromagnetism is isomorphic to the Christian Trinity, characterized by three interdependent, non-substitutable operations: source, mediator, and actualizer.","TriadicSystem: A type class with three distinct elements (Source, Mediator, Actualizer) and a product operation, satisfying structural constraints of generation, dependence, unification, and mutual necessity. | Source: The generative, non-propagating, singular origin (e.g., scalar potential in EM; Father in Trinity). | Mediator: The propagating, dual, dependent intermediary (e.g., vector field in EM; Son in Trinity). | Actualizer: The unifying, non-decomposable operation that actualizes potential (e.g., quaternion product in EM; Spirit in Trinity). | Non-decomposability: The unified product cannot be reduced to the sum of its scalar and vector parts (dot + cross). | Mutual necessity: The system is coherent if and only if all three operations are present and interdependent.","Formalize the TriadicSystem type class in Lean 4, construct instances for QuaternionEM and Trinity, prove the isomorphism, and run adversarial tests to ensure the spec rejects Heaviside EM, modalism, static single-field EM, arbitrary triples, and relabeled roles.",Does not claim historical proof that Maxwell intended a Trinity analogy. | Does not claim the isomorphism is unique or that all triadic systems are isomorphic. | Does not assert the physical superiority of quaternion EM over vector calculus for all purposes. | Does not claim the Trinity is reducible to a mathematical structure; only that a structural isomorphism exists.,Lean 4 compilation of the TriadicSystem class and instances. | Adversarial tests: Heaviside EM must fail TriadicSystem; modalism must fail distinctness; static charge must be distinguished; arbitrary triples must fail role constraints. | Proof that the quaternion product is not reconstructible from dot and cross alone. | Proof that removing any one operation collapses the system (mutual necessity).,Hamilton's quaternion algebra | Maxwell's original 1865 quaternion equations | Heaviside's vector reformulation (as counterexample) | Theological doctrine of the Trinity (orthodox formulation) | Lean 4 theorem prover,"Provides a formal, machine-checkable specification for the strongest claimed isomorphism in the framework, with explicit adversarial rejection tests to prevent false positives.","Preserves the existing Law 4 (Strong Force/Love) as a weaker, two-state isomorphism; this spec supersedes it in priority but does not invalidate it.","If this spec is removed, the framework loses its strongest candidate for a formal isomorphism, reducing to weaker analogies and risking overstatement without rigorous checks.",QuaternionEM  Trinity | Source  Father | Mediator  Son | Actualizer  Spirit | Quaternion product  Divine operation,unknown,needs_review,no,formal isomorphism claim,NOT_ESTABLISHED,C,formalize and test,"The isomorphism may be too loose, allowing arbitrary triples or modalism to pass. | The non-decomposability of the quaternion product may be overstated if dot+cross can reconstruct it. | The static charge case (E without B) may violate the triadic interdependence. | Theological distinctness may not be captured by the formal constraints, failing to exclude modalism.","If Heaviside EM satisfies TriadicSystem, the spec is too loose. | If modalism satisfies TriadicSystem, the theological spec is too weak. | If the quaternion product is reconstructible from dot+cross, the structural claim collapses. | If static charge configurations break the triadic structure without a principled distinction, the spec fails.","Formalize TriadicSystem, prove QuaternionEM and Trinity instances, and prove rejection of Heaviside and modalism.","This document specifies a Lean 4 formalization of an isomorphism between Maxwell's quaternion electromagnetism and the Christian Trinity, based on a shared triadic structure of source, mediator, and actualizer. It is a specification, not a proof, and includes adversarial tests to prevent false positives. The current status is unverified; formalization and testing are required."
migrate_academic.md,migrate_academic,migrate_academic.ipynb,"Academic migration is the conversion of validated results into citable, paper-ready formats.","Academic migration: the process of reformatting JSON results and PNG charts into LaTeX tables, equations, and BibTeX entries. | Paper-ready format: LaTeX-compatible tables, properly formatted equations, and standard academic citation format. | Citable: having BibTeX entries that link to established literature.","Reformat validated results into LaTeX-compatible tables, equations, and BibTeX entries for academic submission.",Does not generate new scientific results. | Does not validate or test the underlying physics. | Does not produce web-ready JSON or PNG outputs. | Does not itself perform peer review or guarantee acceptance.,Check that all major equations are formatted in LaTeX. | Check that test results are presented in tabular form with required columns. | Check that BibTeX entries are present and correctly formatted. | Check that an abstract draft is included.,"Validated results from test notebooks (JSON and PNG outputs). | The framework's equations and test outcomes. | Established literature references (Klein, Gordon, Riess, Planck, DESI, Shannon, Kolmogorov).",Enables conversion of results into paper-ready LaTeX and BibTeX formats for academic submission.,Preserves the underlying results and equations in a citable format.,"Without this node, the project lacks a documented path to academic publication; results remain in web-only formats.",LaTeX | BibTeX | Academic paper format,coherent,yes,yes,methodological,NOT_ESTABLISHED,C,preserve as methodological node; do not treat as evidence for physics claims,The existence of LaTeX formatting may be misinterpreted as validation of the underlying physics. | BibTeX entries may imply stronger connections to established literature than actually exist. | The abstract draft may be mistaken for a peer-reviewed publication.,"If the underlying results are invalidated, this node's outputs lose value. | If the notebook is not reproducible or the outputs are not actually generated, the node fails its purpose.",Keep this node as a formatting and citation tool; do not let it inflate the epistemic status of the framework.,This notebook converts existing results into LaTeX and BibTeX formats for academic submission. It does not add scientific evidence; it only prepares outputs for potential publication.
minimal_no_sorry_package_build_report_v0.md,minimal_no_sorry_package_build_report_v0,Minimal No-Sorry Package Build Report v0,"A Lean package that builds without sorry/admit/axiom/unsafe under an explicit assumption bundle establishes a conditional kernel, not absolute theological proof.","No-sorry package: a Lean project that compiles with `lake build` and contains no occurrences of sorry, admit, axiom, or unsafe in its source files. | Conditional kernel: a set of theorems proven under explicit assumptions (axiom bundle) that are not claimed to be unconditionally true. | Bridge claims: statements that map theological or physical concepts into the formal model but are not proven by the package.","Treat this package as a verified conditional kernel. Use it as a foundation for further formalization, but do not claim it proves theological or physical truths beyond its explicit assumptions.","Does not prove God, Christianity, or Christ as unique global fixed point. | Does not prove the Lagrangian-to-product bridge or physical law mappings. | Does not prove historical Resurrection or empirical truth of the Master Equation. | Does not claim that the axiom bundle is consistent or satisfiable without a model.","Run `lake build` and confirm 'Build completed successfully.' | Run `rg -n ""\b(sorry|admit|axiom|unsafe)\b"" minimal_no_sorry_package_draft -g ""*.lean"" -g ""!**/.lake/**""` and confirm no matches. | Verify that the package contains 7 Lean files and 14 theorem/lemma declarations. | Check that public language follows the acceptable phrasing: 'Lean successfully builds a no-sorry minimal Theophysics kernel with 14 theorem/lemma declarations under an explicit assumption bundle.'",Lean 4 toolchain v4.29.0 | Lake build system | Explicit AxiomBundle in the package,"Provides a verified no-sorry conditional kernel for Theophysics, establishing that certain moral statements follow from explicit assumptions, without claiming absolute proof.","Preserves the distinction between formal proof under assumptions and empirical/theological truth claims, preventing overstatement.","If this node is removed, the verified status of the conditional kernel is lost, and the distinction between formal proof and theological claim becomes unclear.",Lean formal proof | Theological claim | Empirical claim,coherent,yes,yes,Build report and conditional formal kernel,PYTHON_RUNTIME_SUPPORTED,B,Preserve as a verified conditional kernel; do not upgrade to absolute proof.,Claiming that Lean proves Theophysics or God. | Treating the conditional kernel as unconditional truth. | Assuming the axiom bundle is consistent without a model.,If the build is not reproducible with the stated toolchain. | If the scan finds sorry/admit/axiom/unsafe in the source files. | If the package is used to claim proof of theological or physical facts beyond its assumptions.,"Formalize the conditional kernel in Lean, ensuring no hidden vacuity and adding a concrete model satisfying the bundle.","This document reports that a minimal Lean package builds successfully without sorry/admit/axiom/unsafe, proving a conditional kernel about moral goodness under an explicit axiom bundle. It explicitly disclaims proving God, Christianity, or physical mappings. The node captures this as a verified conditional kernel, not absolute proof."
NoetherCommandments.md,NoetherCommandments,NoetherCommandments.lean,"Righteousness is the Noetherian invariant of the chi-system: if a transformation is a symmetry (preserves the coherence product) and all elements are righteous (equal to one), then the coherence product remains one.","IsSymmetry: a transformation f :  ->  is a symmetry if listProd (xs.map f) = listProd xs for all lists xs. | IsRighteous: a state is righteous if it equals one (full alignment with the Logos reference frame). | Coherence product (listProd): the product of coherence values over a list, with empty list product equal to one.",The system should treat righteousness (alignment with the Logos reference frame) as the conserved quantity that symmetry transformations preserve; deviations from righteousness break symmetry and lead to decay.,"Does not claim that righteousness is a physical conserved quantity in the empirical sense. | Does not prove that all symmetries correspond to righteousness; only that if all elements are righteous, symmetry preserves the product. | Does not establish that frame_lock_decay is derivable; it is stated as an axiom.","Check that the Lean proof of righteousness_preservation compiles and is accepted by Lean. | Verify that the definitions of IsSymmetry and IsRighteous are as stated. | Confirm that frame_lock_decay is explicitly marked as an axiom, not a theorem.","Lean4 environment | Definitions of listProd, IsSymmetry, IsRighteous | Axiom frame_lock_decay","Provides a formal statement that righteousness is an invariant under symmetry transformations in the chi-system, linking theological concepts to Noether's theorem.",Preserves the existing coherence product semantics and the notion of symmetry as product preservation.,"If removed, the formal link between righteousness and symmetry preservation is lost, weakening the claim that the Ten Commandments are conservation laws.",Noether's theorem: symmetry implies conservation | Righteousness as alignment with the Logos | Coherence product as a measure of system integrity,coherent,partial,unclear,Formal proof with axiomatic extension,LEAN_FORMAL_PROOF,B,Preserve as a formal theorem with explicit axiom boundary; do not treat as empirical physics.,Conflating mathematical invariance with physical conservation laws. | Treating the axiom frame_lock_decay as proven when it is only assumed. | Interpreting righteousness as a measurable physical quantity.,If the Lean proof is invalid or does not compile. | If the axiom frame_lock_decay is contradicted by other axioms. | If the mapping to Noether's theorem is shown to be logically unsound.,Formalize the proof in Lean and verify the axiom's consistency with the rest of the system.,"This document presents a Lean formal proof that in the chi-system, if all elements are righteous (equal to one) and a transformation preserves the coherence product, then the product remains one. It also states an axiom that any deviation from righteousness breaks symmetry and leads to decay. The proof is verified, but the axiom is not proven. The document draws an analogy to Noether's theorem, but this is a mathematical analogy, not a physical claim."
ONTOLOGICAL_TREE_QUESTION_REFERENCE.md,ONTOLOGICAL_TREE_QUESTION_REFERENCE,ONTOLOGICAL TREE  -  QUESTION REFERENCE (Q0 - Q12),"The ontological tree is a structured inquiry from Q0 to Q12, where each question type determines the kind of answer to generate, and death conditions apply to every branch.","Type 1 question: asks whether a proposition holds; answers are Yes/No/Meaningless/Illusory. | Type 2 question: asks what something is; answers are ontological categories. | Type 3 question: asks what grounds something; answers include brute, external, self-grounding, illusory, necessary. | Type 4 question: asks what something must be; answered by derivation, not branching. | Death conditions: self-refutation, infinite regress, empirical contradiction, logical incoherence. | Four modes: M1 Agentic, M2 Entropic, M3 Adversarial, M4 Grace Attenuation.","For each question in the tree, generate answers according to its type, apply death conditions to prune branches, and track worldviews to identify survivors.","Does not provide the actual answers to Q0-Q12; it is a reference for how to ask and process them. | Does not define the content of axioms A1.1, A1.2, A1.3, A3.1, A2.2, A5.1, ID7.1; they are referenced but not specified. | Does not include the full derivation of Q5, Q7, Q8, Q10, Q11; it only lists the derived properties or equations. | Does not specify the exact scorecard criteria for Q12 beyond 'Christianity 8/8'.","For each question, verify that the generated answer type matches the question type. | Verify that death conditions are applied to every branch. | Verify that Type 4 questions are answered by derivation, not branching. | Verify that the worldviews tracked include the 18 standard and 6 extended. | Verify that the four modes are activated at Q6.",ONTOLOGICAL_TREE_QUESTION_TEMPLATE.md | ONTOLOGICAL_TREE_QUESTION_REFERENCE.md | ontological_tree.html | 001_A1.1_Existence.md | THEOPHYSICS_UNIFIED_MASTER.xlsx | Q0_EXISTENCE_Ontological_Tree.md | Q1_DISTINCTION_Ontological_Tree.md,"Provides a structured question reference for the ontological tree, defining question types, death conditions, worldviews to track, and four modes, enabling systematic inquiry from Q0 to Q12.",Preserves the existence of the ontological tree as a structured inquiry and the list of questions Q0-Q12 with their types and forced-by relationships.,"Without this reference, the ontological tree loses its question-by-question structure, making it unclear how to generate answers and apply death conditions, potentially collapsing the inquiry into an unstructured list.",Question types (Type 1-4) map to answer generation strategies. | Death conditions map to pruning rules. | Worldviews list maps to tracking categories. | Four modes map to activation conditions at Q6.,coherent,yes,yes,methodological reference,NOT_ESTABLISHED,C,Use as a reference for structuring the ontological tree inquiry; do not treat as a proof of any specific conclusion.,"The document implies a progression from Q0 to Q12 leading to a specific conclusion (Christianity 8/8), but the derivation steps are not fully specified, so the conclusion is not established. | The 'forced by' relationships are asserted without proof. | The death conditions are listed but not formally defined or applied in this document.","If the referenced axioms or derivations are found to be inconsistent, the tree collapses. | If the death conditions are not applied rigorously, branches may survive incorrectly. | If the scorecard for Q12 is biased or incomplete, the final identification is invalid.","Formalize the question types and death conditions as executable rules, and verify the derivations for Q5, Q7, Q8, Q10, Q11.","This document is a reference table for the ontological tree, listing questions Q0-Q12 with their types, forced-by relationships, and axioms. It defines four question types, four death conditions, a list of worldviews to track, and four modes that activate at Q6. It is a methodological guide, not a proof of any conclusion. The document is coherent as a reference but does not establish the truth of the tree's conclusions."
PACKAGE_TREE.md,PACKAGE_TREE,"Package Tree  -  as of 2026-07-04, second pass","The package tree is the authoritative inventory of all files in the Theophysics package, organized by category, with explicit status flags for known issues and pending moves.","Package tree: the directory listing and file organization as documented in this file. | Status flag: a marker indicating a known issue () or pending action (e.g., 'currently open in Excel'). | Second pass: the second revision of this tree, dated 2026-07-04.","Maintain this tree as the single source of truth for file locations and statuses; update it when files are moved, added, or issues are resolved.","It does not define the content or correctness of the files themselves. | It does not resolve the flagged issues (e.g., gravity equation error, Law-2 mismatch). | It does not provide derivation or proof of any physical or theological claims.","Check that every file listed exists at the stated path. | Check that status flags match the actual state of the files (e.g., unresolved issues still flagged). | Check that pending moves (e.g., Master_Axiom.xlsx) are updated when completed.",The actual file system of the package | The files themselves (for status verification),"Provides a structured inventory and status overview of the entire package, enabling quick navigation and issue tracking.","Preserves the ability to locate any file and know its current status, even if the underlying content changes.","Without this tree, file locations and known issues become undocumented, leading to confusion and potential loss of context.",File paths | Status flags | Category names,coherent,yes,yes,organizational inventory,NOT_ESTABLISHED,B,maintain as living inventory; do not treat as evidence for physical or theological claims,Treating the tree as proof of the correctness of the files it lists. | Assuming that the absence of a  flag implies the file is error-free. | Using the tree to infer the validity of the underlying theories.,If the tree becomes inconsistent with the actual file system. | If status flags are not updated when issues are resolved. | If the tree is used to assert the truth of the package's content.,"No Lean target; this is a documentation artifact, not a mathematical claim.","This document is a file inventory for the Theophysics package, listing files by category and flagging known issues. It is useful for organization but does not establish any physical or theological truth."
PaperClaims.md,PaperClaims,Paper Claim Matrix,Claims in the paper are tracked by their formal status; only those marked 'proved' are considered established within the toy model.,C0 and C1: distinct coupling architectures | CouplingStep: one-way transition from C0 to C1 | Q: a parameter in the master equation; Q=0 collapses the equation | Stage sequence: ordered sequence of stages from pre-localization to redistribution | Law 4: strong-force/love abstraction | Ten-factor bridge matrix: physical/theological bridge matrix with ten factors | tau_lock: a parameter with conjectured value 33 years,Treat only claims marked 'proved' as established within the toy model; treat all others as conjectural or conceptual and do not use them as evidence for physical or theological conclusions.,Does not assert any claim beyond the toy model. | Does not assert that toy-model proofs imply real-world physics or theology. | Does not assert that 'proved relative to definition' is a full proof. | Does not assert that 'proved in toy model' is a proof over real-valued fields or integrals. | Does not assert that 'proved relative to encoded signatures' is semantic grounding.,"Check that each claim's status matches the notes in the matrix. | Check that no claim marked 'not proved', 'conjecture', 'conceptual', or 'empirical/conceptual' is treated as proved. | Check that toy-model proofs are not cited as full proofs.","Lean formalization of toy model | Definitions of C0, C1, CouplingStep, Q, stage sequence, Law 4, bridge matrix, tau_lock","Provides a status matrix for claims, distinguishing proved, assumed, empirical, and conceptual claims.","Preserves the distinction between formal proofs and conjectures, preventing overstatement.","Without this matrix, the paper's claims could be conflated, leading to overstatement of unproved claims.",Lean proofs | Toy model | Conceptual mapping | Empirical claims,coherent,yes,yes,meta-claim about claim status,NOT_ESTABLISHED,B,Record as a status matrix; do not treat as a physics or theology proof.,Treating 'proved relative to definition' as full proof | Treating 'proved in toy model' as proof over real-valued fields | Treating 'proved relative to encoded signatures' as semantic grounding | Treating conceptual mappings as established,If any claim marked 'not proved' is used as a premise for a physical conclusion | If toy-model proofs are cited as evidence for real-world phenomena,Formalize the toy model and the proofs mentioned; do not attempt to formalize conceptual claims.,"This document is a claim matrix that tracks the formal status of various claims in a paper. It explicitly marks which claims are proved in a toy model, which are relative to definitions, and which are conceptual or conjectural. The canonical action is to respect these statuses and not overstate the strength of the claims."
Part_0.5_The_Three_Roots_Beneath_the_Spine.md,Part_0.5_The_Three_Roots_Beneath_the_Spine,The Three Roots Beneath the Spine,"Every formal system requires exactly three irreducible roots: Being (object), Distinction (object-structure), and Relation (operation). Relation is typed at the operation level, not the object level, and any terminating actualization structure must have this type-signature.",Being: the object-level content that exists to be operated on. | Distinction: the object-structure that differentiates what exists. | Relation: the operation-level element that connects objects; not an object itself. | Type-grammar: the classification of elements into objects and operations; violations produce malformed questions. | Actualization: the process by which a definite outcome emerges from superposition. | Termination: the property that a measurement chain does not regress infinitely.,"The system must enforce the type-grammar: operations must never be treated as operands. In formalization, A must be typed at the operation level (e.g., evaluation map or superoperator) so that questions like 'what measures A' fail to type-check. The three-root structure must be recognized as the underlying pattern across arithmetic, the axiom spine, and quantum measurement.","This does not modify quantum mechanics: no new dynamics, no collapse parameter, no derivation of Born probabilities. | It does not assert that non-terminating pictures (Everett) are internally inconsistent. | It does not claim to have selected the final formalization of A; candidates are named but not worked. | It does not provide a full reading of relational QM or QBism against the exhaustion claim.","In Lean 4, a statement like 'A is in superposition' should fail to type-check, demonstrating the operation-level typing. | The derivation of BC4 from the three roots should be formally verified. | The exhaustion argument should be checked for completeness over type-structures. | The formalization of A as evaluation map or superoperator should be implemented and tested for consistency.","Part Zero (Truth as ground) | Part One (Axiom Spine, specifically A1.1, A1.2, A1.3) | Paper Zero-B (The Trinity Generates Numbers) | FP-002 (structural mapping) | Existing Lean corpus (Theophysics_MaxwellTrinity.lean et al.)","Provides a type-grammatical foundation that dissolves the von Neumann regress and promotes BC4 from axiom to theorem, strengthening the axiom spine by reducing primitives.","Preserves the existing axioms A1.1 and A1.2, and the derived A1.3, while making explicit the previously implicit Relation root.","Without this section, the von Neumann regress remains unresolved, BC4 remains an unproven axiom, and the type-grammar underlying the entire framework is unstated, weakening the coherence of the axiom spine.","Arithmetic: 1 + 1 = 2 (operands and operation) | Axiom spine: A1.1 + A1.2 -> A1.3 (axioms and derivation) | Quantum measurement: , L, A (generation, distinction, actualization)",coherent,partial,unclear,structural theorem,NOT_ESTABLISHED,C,Formalize the type-grammar and the termination theorem in Lean 4; verify the derivation of BC4; document the open gaps.,"The necessity claim ('unique terminating structure') is argued by type-exhaustion but not formally proven; it may overstate if the exhaustion is incomplete. | The identification of the triad with theological persons is a mapping, not a proof; it should not be presented as established. | The claim that the regress is 'dissolved' depends on the chosen typing of A; if the formalization fails, the dissolution may not hold.","If a counterexample is found where a terminating actualization structure has a different type-signature (e.g., two operation-level elements). | If the formalization of A as an evaluation map or superoperator leads to inconsistency. | If the derivation of BC4 from the three roots is shown to be invalid.",Theophysics_WatcherTermination.lean,"This document argues that every formal system requires three roots: Being, Distinction, and Relation, with Relation being an operation-level element. It claims this type-grammar dissolves the von Neumann regress and turns the axiom BC4 into a theorem. However, the necessity claim is not formally proven, and the formalization of Relation is incomplete, so the document is a promising but unverified structural proposal."
Phase2_Sidebars_Orphans_Audio.md,Phase2_Sidebars_Orphans_Audio,"Phase 2 Cowork Brief: Sidebars, Orphans, Audio, Deploy","Every article in a series must be reachable and navigable within its series, and audio must be available for all processed articles.","Sidebar: fixed overlay navigation panel listing all articles in a series, with current article highlighted. | Orphan: an article deployed but not linked from its series hub or any other page. | Sticky nav: a navigation bar fixed at top of viewport for cross-series navigation. | TTS pipeline: text-to-speech processing producing MP3 files for articles.","Implement sidebars for all five series, link orphaned chapters, add sticky nav to all articles, wire TTS audio players, and deploy changes.",Does not include creating new content or modifying article text. | Does not include fixing TTS pipeline errors or generating new audio. | Does not include redesigning site layout beyond specified components. | Does not include deploying to production until tasks are complete.,Each series has a sidebar with all articles listed and current highlighted. | Moral decline hub links to all chapters; each chapter has prev/next nav. | All non-GTQ articles have sticky nav with correct paths and colors. | Audio players appear on articles with MP3s and play correctly. | Deployment succeeds with no broken links.,"Phase 1 completed tasks (sidebar, prev/next, PI links) | TTS pipeline output (MP3 files) | Existing article files and hub pages","Enables in-series navigation for five series, rescues orphaned chapters, provides consistent sticky nav, and integrates audio playback.",Preserves existing GTQ sidebar functionality and all existing article content.,"Without this, five series remain unnavigable, moral decline chapters remain orphaned, and audio is inaccessible, degrading user experience and content discoverability.",HTML/CSS/JS injection patterns | File path conventions | R2 bucket URL scheme,coherent,yes,yes,operational_instruction,NOT_ESTABLISHED,B,execute,Assumes TTS pipeline will complete successfully without verification. | Assumes all files exist and are named as listed without checking. | Assumes sidebar CSS/JS is compatible with all target files.,If TTS pipeline fails or produces incomplete output. | If any target file is missing or has incompatible structure. | If deployment fails due to Cloudflare configuration.,Implement sidebars and orphan rescue first; defer audio wiring until TTS output is verified.,"This is a work plan for Phase 2 of a website project, detailing tasks to add navigation sidebars to five article series, link orphaned chapters, add sticky navigation, integrate audio players, and deploy. It is an operational instruction, not a scientific claim."
PHYSICIST_OBJECTION_CLOSURE_MAP.md,PHYSICIST_OBJECTION_CLOSURE_MAP,Physicist Objection Closure Map,"The strongest public claim is that Lean proves which structural claims are allowed, and Python/Colab shows how those claims behave under computation, simulation, symbolic derivation, or page-level verification.","Lean layer: formal proofs of structural gates, invariants, and collapse conditions. | Python/Colab layer: runtime notebooks and scripts demonstrating dynamics, coupling, and numerical/symbolic checks. | Evidence ledger: a canonical mapping from each objection to its proof artifact and runtime artifact. | Coupling invariant: a preserved structural property under transformation, as in quaternion vs vector-only product. | Malformed triad: a three-part system that fails role profile, coupling, or invariant conditions.","Create a canonical evidence ledger that routes each objection to its proof artifact and runtime artifact, and wire it into the site's topbar/manifest so every page can show proof, runtime, and open-gate status.",Does not claim that all objections are fully closed; several are open or gated. | Does not claim that Lean proofs alone establish physical truth; they establish structural claims. | Does not claim that n=3 is the only possible architecture unless uniqueness is proven. | Does not claim that the consciousness leg is fully closed; it is publication gated. | Does not claim that Heaviside is invalid as engineering; it claims a lost coupling invariant.,Check that each objection in the closure ledger has a corresponding Lean theorem or explicit statement of absence. | Check that each objection has a Python/Colab artifact or explicit statement of absence. | Check that the topbar/manifest fields reflect the statuses in the closure ledger. | Check that the publication rule is followed: do not say 'no escape hatch' until the ledger is wired. | Check that the immediate build order items are completed before promoting the five-instance convergence page.,Lean 4 proof files and audit summaries | Python/Colab notebooks and scripts | Page quality audit and equation registry | Coupling break map,"Provides a canonical mapping from objections to proof and runtime artifacts, enabling transparent routing of objections and exposing open gates.","Preserves the existing Lean proofs and Python/Colab artifacts as the evidence spine, without altering their content.","Without this map, objections cannot be systematically routed to evidence, and the public claim of closure cannot be substantiated.",Objection to Lean theorem mapping | Objection to Python/Colab artifact mapping | Status to topbar/manifest field mapping,coherent,yes,unclear,methodological,NOT_ESTABLISHED,B,preserve as a coordination map; do not treat as proof of physical claims,Claiming that all objections are closed when several are open or gated. | Claiming that Lean proofs alone establish physical truth. | Claiming that n=3 is the only possible architecture without uniqueness proof. | Claiming that the consciousness leg is fully closed when it is publication gated.,"If the evidence ledger is not wired into the site, the map loses its purpose. | If the open items (stability sweep, provenance, consciousness holes) are not addressed, the map overstates closure. | If the publication rule is violated, the map's integrity is compromised.","Formalize the coupling invariant and collapse conditions for malformed triads, and prove minimal sufficiency of n=3 if intended.","This document is a coordination map that pairs each physicist objection with Lean proof artifacts and Python/Colab runtime artifacts, aiming to create a transparent evidence ledger. It identifies open items and publication gates, and recommends wiring the ledger into the site's manifest. It does not itself prove any physical claim; it is a methodological guide."
prediction_registry_v1.md,prediction_registry_v1,Prediction Registry v1,"Predictions must be recorded before later interpretation, under a shared comparison regime, with failure made visible.","Prediction: a claim about model behavior under explicit conditions, recorded before tuning. | Test rule: the explicit comparison procedure used to evaluate a prediction. | Pass: the model behaved as claimed under the tested regime. | Failure: the wording, derivation, or equation form must be revised, downgraded, or rejected. | Wrong control: a deliberately incorrect variant that should fail under the same bench.","Maintain a registry of preregistered predictions with explicit test rules, record results before interpretation, and ensure wrong controls fail under the same bench.","This registry does not prove Theophysics true. | It does not claim that the framework is already proven. | It does not treat any single tool (Lean 4, Python, website) as sufficient by itself. | It does not claim full Noether results beyond algebraic invariants.","For each prediction, verify that the test rule is stated before the result is known. | Check that failures are visible and lead to revision, downgrade, or rejection. | Verify that wrong controls fail under the same bench as the canonical model. | Check that the variation audit's negative result is preserved and not hidden.",Theophysics Lagrangian test bench | Canonical v2 equation | Symbolic engine translation | Lean 4 formal proof layer (as neighboring verification),"Provides a preregistration and wrong-control rejection layer that freezes predictions before later interpretation, complementing Lean 4 and Python.","Preserves the distinction between formal structure and theological interpretation, and keeps negative results visible.","Without this registry, predictions could be tuned after results, wrong controls might pass unnoticed, and the verification stack would lose its preregistration layer.",Prediction -> testable behavior | Test rule -> comparison procedure | Pass -> model behaved as claimed | Failure -> revision required | Wrong control -> deliberately incorrect variant,coherent,yes,yes,methodological,NOT_ESTABLISHED,B,preserve as methodological guardrail,Interpreting registry passes as proof of Theophysics truth. | Treating algebraic invariants as full Noether results. | Assuming the registry alone is sufficient for verification.,If predictions are recorded after results are known. | If wrong controls pass under the same bench. | If negative results are suppressed.,Formalize the test rule and pass/fail criteria as a specification for the registry.,"This document establishes a prediction registry that preregisters testable claims, states test rules before results, and makes failures visible. It records several passing predictions and a negative variation audit result, positioning itself as a verification layer alongside Lean 4 and Python, without claiming proof of Theophysics."
prediction_set_v1.md,prediction_set_v1,Prediction Set v1,The Theophysics Lagrangian stack should produce testable predictions that can be verified or falsified under controlled conditions.,"LLC v2: The current canonical Lagrangian architecture with terms K, W_i, chi_10, Gamma_9. | Resistance W_i: A parameter in the kinetic term (1-W_i)^2 that gates the useful contribution of a law channel. | Source chi_10: A coherence/Christ source term added upward in the Lagrangian. | Sink Gamma_9: A decoherence/adversary sink term subtracted downward. | Spirit Lagrangian: The canonical Lagrangian L_spirit. | Anti-Lagrangian: Defined as L_anti = -L_spirit.","Run the specified tests for each prediction (P1-P10) under controlled conditions, compare results to expected outcomes, and report failures for repair or rejection.",This prediction set does not prove Theophysics true. | It only defines what the current formal models should do if internally coherent. | It does not claim that the framework is proven. | It does not cover all possible tests or guarantee completeness.,"For each prediction, execute the described test method (e.g., sweep W_i, compare source/sink regimes, check symbolic identity, search for invariants, run trajectory simulations). | Verify that the observed behavior matches the expected outcome within defined tolerances. | If any prediction fails, the model, claim wording, or equation form must be repaired, downgraded, or rejected.",Theophysics Lagrangian stack | LLC v2 architecture | Spirit and Anti Lagrangian definitions,Provides a structured set of falsifiable predictions that can be tested to verify the internal coherence of the Theophysics Lagrangian framework.,"Preserves the existing formal architecture and its claims, while adding a testing layer that does not alter the underlying equations.","Without this prediction set, the framework lacks a systematic method to test its internal coherence, making it harder to identify errors or validate behavior.",Formal-test candidate | Interpretive claim | Testable behavior,coherent,yes,yes,testable predictions,NOT_ESTABLISHED,B,Run the specified tests and record results; treat as a test suite for the framework.,"The predictions may be interpreted as proof of the framework's truth if tests pass, but the document explicitly denies this. | The tests may be insufficient to fully validate the framework, leading to false confidence.","If any prediction fails under the specified test conditions, the corresponding model or claim must be repaired or rejected. | If wrong-control models pass the same behavioral checks as LLC v2, the framework's distinctiveness is undermined.",Formalize the prediction tests into executable code or symbolic checks to automate verification.,"This document defines a set of ten predictions that the Theophysics Lagrangian framework should satisfy if it is internally coherent. It does not claim proof, but provides testable claims with methods and failure conditions. The predictions cover resistance penalties, source/sink asymmetry, Spirit/Anti contrast, collapse thresholds, conserved quantities, reduction boundaries, wrong-control rejection, entropy coupling, stability shifts, and nonlinearity. The purpose is to make failure visible and guide repair or rejection."
PROOF_PACKET.md,PROOF_PACKET,Theophysics Lean 4 Proof Packet,"Formal verification of the Theophysics derivation chain is achieved by exact-name representation in Lean 4, with successful build and absence of sorry/admit tokens.","C0, C1: two coupling states | chi: multiplicative coherence product of ten factors (G, M, E, S, T, K, R, Q, F, C) | full coherence vs mere order | passive entropy vs active discoherence | structured scar vs random gap | restoration requirements: open boundary, external input, paid cost, information preservation | signature: domain, mechanism, tendency | C_op: conversion operator preserving history | effective channel score: vPos * (100 - vNeg) | mechanism gates: GGate, MGate, FGate, CGate","The system should build the Lean package with lake build, verify exact-name coverage of 171 rows, and enforce that no sorry/admit tokens exist.","Does not empirically prove historical, physical, philosophical, or theological claims beyond the formal structure. | Maxwell/Trinity section is structural control, not full doctrine proof. | Chi evaluator is a diagnostic skeleton, not a truth oracle. | Restoration layer does not identify external input as a theological person without broader argument.",Run 'lake build' and confirm success. | Check COVERAGE.md for 171/171 exact-name matches. | Scan source files for 'sorry' or 'admit' tokens; expect zero. | Verify #check_failure tests reject malformed structures.,"Lean 4 toolchain pinned in lean-toolchain | Lake build system | Excel workbook Theophysics_Lean4_Addendum_Updated (1) (2).xlsx | Source files: Final_Lean4_From_Excel.lean, Theophysics_Core.lean, Theophysics_Adversarial.lean, etc.","Provides a reproducible Lean 4 proof packet with exact-name coverage of 171 theorem rows, adversarial rejection tests, and mechanism gates for Laws 1, 2, 9, 10.","Preserves the formal distinction between states, product collapse discipline, signature discipline, and rejection of malformed structures.","If the Lean build fails or sorry/admit tokens are present, the formal verification claim collapses.",Excel row -> Lean declaration name -> repo file -> implementation status | Formal theorem names map to Lean declarations,coherent,yes,yes,formal verification claim,LEAN_FORMAL_PROOF,B,preserve as formal artifact; treat as verified only for the stated formal scope,Claiming empirical or theological proof beyond formal structure | Interpreting Maxwell/Trinity as full doctrine proof | Treating chi evaluator as truth oracle | Assuming restoration layer identifies external input as theological person,lake build fails | sorry or admit tokens found | Coverage not 171/171 | Adversarial tests fail to reject malformed structures,Formal verification of the derivation chain and rejection of malformed structures,"This document describes a Lean 4 proof packet that claims to formally verify a 171-row derivation chain from an Excel inventory. It includes positive theorems, adversarial rejection tests, and mechanism gates. The build is reproducible via 'lake build'. The scope is limited to formal structure, not empirical or theological proof."
PROOF_WALKTHROUGH.md,PROOF_WALKTHROUGH,Proof Walkthrough,A finite product is zero exactly when at least one factor is zero.,"CoherenceOperator: a structure with apply and preserves_zero, where preserves_zero means apply A.zero = A.zero. | Grace: a function from Regime to Regime mapping destructive to constructive and constructive to constructive. | LawIso: a structure requiring forward map, backward map, left inverse, right inverse, value preservation, and collapse preservation. | Corrected entropy: S_eff(S_prod) is a positive function that decreases as S_prod increases, used in place of raw entropy multiplication.","The system should formally verify structural properties of the Master Equation product architecture in Lean 4, and use Python/Colab mirrors for numerical exploration, while clearly stating the boundary of what is proven.",Does not claim Lean has proven the full physical Lagrangian. | Does not claim Lean has proven empirical truth. | Does not claim Lean has proven all spiritual interpretations. | Does not assume LawIso equivalence without explicit maps and proofs.,Check that the Lean theorem listProd_eq_zero_iff is proven. | Check that CoherenceOperator preserves_zero is used to prove zero_if_any_factor_zero. | Check that grace_idempotent and grace_not_invertible are proven. | Check that LawIso requires all six components and that no equivalence is assumed without proof. | Check that CorrectedEntropyKernel tracks the required properties of S_eff. | Check that narrow_product_test proves the sign-instability of Version A and the clean behavior of Version B.,Lean 4 and Mathlib | TheophysicsProductionKernel.lean | CorrectedEntropyKernel.lean | narrow_product_test/NarrowProductTest/Basic.lean,"Provides a formal, machine-checked backbone for the collapse claim and the no-rescue operator claim, and a formal framework for LawIso equivalence and corrected entropy.",Preserves the existing structural properties of the Master Equation product architecture and the honest boundary of claims.,"If the core theorem listProd_eq_zero_iff is removed, the collapse claim loses its formal backbone and becomes unsupported.",Lean 4 theorem statements | Plain English explanations | Python/Colab numerical mirrors,coherent,yes,yes,formal verification of structural properties,LEAN_FORMAL_PROOF,B,preserve as formal backbone; do not extend claims beyond stated boundary,Claiming that Lean has proven the full physical Lagrangian. | Claiming that Lean has proven empirical truth. | Claiming that Lean has proven all spiritual interpretations. | Assuming LawIso equivalence without explicit maps and proofs.,If the Lean proofs are not actually checked by Lean. | If the core theorem listProd_eq_zero_iff is false in the intended interpretation. | If the boundary claims are violated by adding unsupported assertions.,TheophysicsProductionKernel.lean and CorrectedEntropyKernel.lean,"This document explains the Lean proof package's core claims: a finite product is zero iff a factor is zero, zero-preserving operators cannot rescue a collapsed product, grace is an idempotent non-invertible reset, LawIso requires explicit maps and proofs, and corrected entropy uses attenuation. It honestly states what is and is not proven, and the repo provides formal verification in Lean 4 with Python/Colab mirrors."
psychological-mechanics-canonical.md,psychological-mechanics-canonical,The Psychological Mechanics of Coherence,"The brain acts as a receiver for the Universal Coherence Field (chi), and belief is the physical Observer Operator (F) that collapses the coherence field into biological healing.",Universal Coherence Field (chi): a postulated field that unifies disparate neural signals into a single self. | Observer Operator (F): a physical operator representing belief that collapses the coherence field into biological outcomes. | Binding Problem: the unresolved question of how the brain integrates disparate signals into a unified experience.,Treat the brain as a receiver for the Universal Coherence Field and belief as the operator that collapses it into biological outcomes.,Does not provide a mechanistic account of how the brain receives or processes the field. | Does not specify the physical nature of the Universal Coherence Field. | Does not claim to replace standard neuroscience; it is a metaphysical framework.,No empirical test is specified. | Falsifiability is not established. | The claims are not experimentally verifiable as stated.,Existence of the binding problem as an unsolved issue in neuroscience. | The concept of a Universal Coherence Field (chi) as a postulated entity.,Claims to solve the binding problem and explain placebo and addiction through a unified field.,Preserves the existence of the binding problem and the observed placebo effect.,"If the Universal Coherence Field is removed, the explanation for the binding problem and placebo effect collapses.",Neuroscience | Psychology | Theophysics,ruptured,no,no,metaphysical,NOT_ESTABLISHED,D,quarantine,Claims to 'prove' the binding problem is solved without empirical evidence. | Equates belief with a physical operator without justification. | Uses scientific terminology to lend unwarranted credibility.,"If the binding problem is solved by conventional neuroscience, the field hypothesis is unnecessary. | If placebo effects are fully explained by known psychological mechanisms, the field is redundant. | If no evidence for the Universal Coherence Field emerges, the claim is unfalsifiable.","Reduce to a purely metaphorical or philosophical claim, not a scientific one.","This document claims that the brain receives a Universal Coherence Field and that belief collapses it into healing, thereby solving the binding problem and explaining placebo and addiction. However, these are metaphysical assertions without empirical support or testable predictions. The document is not admissible as a scientific theory and should be quarantined."
python-colab-bridge-packet-v2.md,python-colab-bridge-packet-v2,Python / Colab Bridge Packet v2,"Every runtime result must have four things before it supports a public claim: exact artifact path, variable/unit/range declaration, side-by-side baseline or ablation control, and output hash or rerun receipt.","Runtime artifact: a notebook, script, or output file produced by Python/Colab execution. | Variable/parameter registry: a CSV listing symbols and parameters extracted from runtime artifacts. | Dimensional audit queue: a CSV tracking which symbols need units, ranges, normalization, and source notes. | Ablation/control matrix: a CSV ensuring every public-facing runtime claim runs beside a null, rival, or broken-control version. | Public claim: a statement presented as supported by runtime evidence.","Before any runtime result is used to support a public claim, ensure it has: exact artifact path, variable/unit/range declaration, side-by-side baseline or ablation control, and output hash or rerun receipt. Use the provided registries and matrices as the first tools for this check.",This packet does not itself verify any runtime result. | It does not provide proof of correctness for any claim. | It does not resolve open/conflicted artifacts. | It does not replace the Lean proof ledger.,Check that each public-facing runtime claim has an associated artifact path. | Check that each symbol/parameter has a unit/range declaration or is in the dimensional audit queue. | Check that each claim has a side-by-side baseline or ablation control. | Check that each claim has an output hash or rerun receipt.,python-colab-variable-registry.csv | python-colab-dimensional-audit-queue.csv | python-colab-ablation-matrix.csv,"Provides a structured bridge between Lean proof ledger and runtime notebooks/scripts by introducing registries, audit queues, and ablation matrices.",Preserves the requirement that runtime results must be traceable and reproducible before supporting public claims.,"Without this packet, runtime results lack a standardized method for tracking variables, dimensions, and controls, making public claims unsupported.",artifact path | variable/unit/range declaration | baseline/ablation control | output hash/rerun receipt,coherent,yes,yes,methodological,NOT_ESTABLISHED,C,adopt as procedural rule; do not treat as proof,Treating the packet as evidence of verification rather than as a checklist. | Assuming that having the four items guarantees correctness. | Using the packet to claim that runtime results are proven.,If the registries or matrices are not maintained or are incomplete. | If the four required items are not actually enforced. | If the packet is used to claim verification without rerun evidence.,Formalize the four-item checklist as a guardrail in the Lean proof ledger.,"This packet establishes a procedural rule: before any runtime result can support a public claim, it must have an artifact path, variable/unit/range declaration, baseline/ablation control, and output hash/rerun receipt. It introduces registries and matrices to track these, but does not itself verify any results."
python-colab-execution-readiness.md,python-colab-execution-readiness,Python / Colab Execution Readiness,The runtime side is prepared but does not execute notebooks or scripts.,"Run tier: a classification of execution readiness (T1_FAST_LOCAL_CHECK, T2_DEPENDENCY_CHECK, T2_RUNTIME_CHECK, T3_DATA_OR_NETWORK_CHECK, T4_REPAIR_FIRST). | Artifact: a file or resource tracked in the readiness packet. | Claim family: a grouping of related claims in the packet.",Use this packet to identify which artifacts are ready for execution and which require review or repair before running.,Does not execute notebooks or scripts. | Does not provide dependency rows (0). | Does not resolve missing path references (4 missing).,Check that the CSV and JSON files listed are present and contain the stated counts. | Verify that run tier labels match the definitions. | Confirm that no execution is performed by this packet.,None explicitly stated; dependency rows are 0.,"Provides a structured readiness assessment for Python/Colab execution, categorizing artifacts by run tier.",Preserves the ability to plan execution steps without executing them.,"Without this packet, execution planning loses its tiered readiness classification and path reference tracking.",run_tiers | claim_families | generated_files,coherent,yes,yes,Meta/Operational,NOT_ESTABLISHED,C,Log as operational metadata; do not treat as proof of execution.,Interpreting readiness as execution success. | Assuming missing path references are resolved. | Treating run tier labels as verified execution status.,If the packet claims to execute notebooks or scripts. | If run tier definitions are inconsistent with actual execution results.,"A minimal JSON manifest of artifacts and run tiers, with explicit non-execution status.","This document is a readiness packet for Python/Colab execution, listing artifacts and run tiers but explicitly not executing anything. It is operational metadata, not a proof of execution."
python-colab-other-side-completion-summary.md,python-colab-other-side-completion-summary,Python/Colab Other-Side Completion Summary,"Runtime artifacts must not support public claims until their status is explicitly bucketed into verified, open/conflicted, simulation-only, empirical-fit, prediction, or utility/support.","Runtime artifact: a notebook or Python script in the repository. | Claim-status registry: a mapping of public claims to their verification status. | Claim-to-runtime matrix: a mapping of claims to the runtime artifacts that purportedly support them. | Run order: a sequence for executing runtime artifacts. | Data/path ledger: a record of data paths and their references. | Import ledger: a record of imports used by runtime artifacts. | Phase 1: fast local checks. | Phase 2: runtime-JAX checks. | Phase 3: data-network-path checks. | Verified computational result: a result that has been confirmed by execution. | Open/conflicted result: a result that is not yet resolved or has conflicting evidence. | Simulation-only support: support that comes only from simulation, not from formal proof. | Empirical-fit support: support that comes from fitting data. | Prediction support: support that comes from making predictions. | Utility/support only: support that is only for utility or auxiliary purposes.",Maintain a claim-status registry and a claim-to-runtime matrix; execute runtime artifacts in phases; ensure every runtime artifact's support for a public claim is classified into one of the six buckets before it is used as evidence.,Does not execute any runtime artifacts itself. | Does not verify any claims. | Does not provide formal proofs. | Does not assign specific claims to specific artifacts in this document. | Does not resolve open or conflicted claims.,Check that every runtime artifact has a status bucket assigned before it is cited as support for a public claim. | Check that the claim-status registry is updated after each execution. | Check that the claim-to-runtime matrix is consistent with the registry. | Check that the run order is followed and phases are executed in sequence.,"Lean side evidence discipline | Existing runtime artifacts (20 notebooks, 5 Python scripts) | PowerShell helper script (RUN_LATER_PYTHON_COLAB_CHECKS.ps1)","Provides a structured inventory and status registry for Python/Colab runtime artifacts, enabling disciplined alignment with Lean evidence standards.",Preserves the requirement that runtime artifacts cannot support public claims without explicit status classification.,"If this node is removed, runtime artifacts may be used as evidence without status classification, breaking the alignment with Lean evidence discipline.",Runtime artifact -> claim support bucket | Claim -> runtime artifact matrix | Execution phase -> artifact list,coherent,yes,yes,procedural,NOT_ESTABLISHED,C,maintain,The document does not verify any claims; it only prepares for verification. | The document does not provide evidence that any runtime artifact actually supports a claim. | The document's counts and registries are not themselves verified.,If runtime artifacts are used to support claims without status bucketing. | If the registries are not maintained or become inconsistent. | If the run order is not followed.,The Lean side should provide formal proofs; the Python/Colab side should only provide computational support that is clearly labeled and not conflated with proof.,"This document describes the preparation of Python/Colab runtime artifacts for verification, including inventories, registries, and a run plan. It does not verify any claims itself but establishes a discipline: runtime artifacts must be classified into specific support buckets before they can back public claims. The node is coherent and admissible as a procedural guardrail, but it does not establish any mathematical or physical claims."
python-colab-readiness-packet.md,python-colab-readiness-packet,Python and Colab Readiness Packet,"Do not merge notebook results into public claims until each item has one status: verified, open/conflicted, simulation-only, empirical-fit, or prediction.",verified: an item whose public status is claims_verified | open/conflicted: an item whose public status is open_or_conflicted or mixed_verified_and_open | simulation-only: an item whose evidence class is simulation_or_stability | empirical-fit: an item whose evidence class is empirical_or_fit | prediction: an item whose evidence class is prediction_or_forecast,"Classify each notebook or script item into exactly one of the five statuses: verified, open/conflicted, simulation-only, empirical-fit, or prediction, before merging any results into public claims.",Does not execute notebooks or scripts. | Does not assign statuses itself; it only inventories counts. | Does not define how to resolve mixed_verified_and_open items. | Does not define what constitutes a public claim.,Check that no notebook result is merged into a public claim unless the item has exactly one of the five statuses. | Check that the inventory CSV and summary JSON are generated and contain the counts listed. | Check that the packet does not claim to execute code.,python-colab-readiness-inventory.csv | python-colab-readiness-summary.json,Provides a sorting rule to prevent premature merging of notebook results into public claims.,Preserves the inventory of notebooks and scripts and their status counts.,"If the sorting rule is removed, there is no explicit guard against merging unclassified results into public claims.",not_declared -> not yet classified | open_or_conflicted -> open/conflicted | claims_verified -> verified | mixed_verified_and_open -> open/conflicted (until resolved) | physics_model_bridge -> unclassified_support (no direct mapping) | prediction_or_forecast -> prediction | simulation_or_stability -> simulation-only | empirical_or_fit -> empirical-fit,coherent,yes,yes,procedural_rule,NOT_ESTABLISHED,C,adopt_as_guardrail,"The packet does not prove that the sorting rule is sufficient to ensure correctness of public claims. | The packet does not define how to resolve mixed_verified_and_open items, so the rule may be incomplete. | The packet does not specify what constitutes a public claim, leaving ambiguity.",If the sorting rule is contradicted by another axiom document. | If the inventory files are missing or inconsistent with the counts. | If the packet is used to claim execution capability.,A formal guardrail that prevents merging unclassified results into public claims.,"This packet is an inventory of Python and Colab notebooks and scripts. It does not execute code. Its core rule is that notebook results must not be merged into public claims until each item has one of five statuses: verified, open/conflicted, simulation-only, empirical-fit, or prediction. The packet provides counts and generated files but does not itself classify items or define how to resolve mixed statuses."
python-colab-run-order.md,python-colab-run-order,Python / Colab Run Order,Runtime artifacts must be classified and gated before public use; unresolved or mixed artifacts must not be cited as verified.,open_or_conflicted: artifact has unresolved contradiction; treat as objection/repair page. | mixed_verified_and_open: artifact contains both verified results and unresolved notes; must split before citing. | not_declared: artifact has no evidence classification; must be manually classified and assigned an evidence rung. | claims_verified: artifact's claims are verified; still requires rerun and output hash capture. | Phase 1: fast local checks; Phase 2: runtime/JAX checks; Phase 3: data/network/colab path checks.,"Execute Phase 1 first; for each artifact, apply the required action based on its status before any public use or citation.",Does not execute any artifact; it only defines run order and gating. | Does not resolve contradictions or classify artifacts; it mandates that those actions occur. | Does not claim any artifact is verified; it only records statuses and required actions.,"Check that Phase 1 artifacts are run before Phase 2 and Phase 3. | Check that each artifact with status 'open_or_conflicted' is treated as objection/repair page. | Check that each artifact with status 'mixed_verified_and_open' has split verified and open notes before citation. | Check that each artifact with status 'not_declared' has been manually classified and assigned an evidence rung. | Check that each artifact with status 'claims_verified' has been rerun, output hash captured, and linked to exact public claim.","Artifact statuses as recorded in the document | Phase definitions (Phase 1, 2, 3)","Provides a gating protocol for runtime artifacts, ensuring unresolved or mixed artifacts are not cited as verified.",Preserves the requirement that artifacts must be classified and gated before public use; does not alter any underlying claims.,"Without this run order, artifacts could be cited prematurely without proper classification or gating, leading to unverified claims being treated as verified.","open_or_conflicted -> objection/repair page | mixed_verified_and_open -> split verified and open notes | not_declared -> manual classification and evidence rung | claims_verified -> rerun, output hash, link to public claim",coherent,yes,yes,procedural,NOT_ESTABLISHED,B,adopt as procedural guardrail,"Might be interpreted as evidence that artifacts are verified when they are not. | Might be interpreted as a claim that Phase 1 artifacts are safe to cite, when they still require gating.",If any artifact with status 'open_or_conflicted' is cited as verified without resolution. | If any artifact with status 'mixed_verified_and_open' is cited without splitting verified and open notes. | If any artifact with status 'not_declared' is cited without classification and evidence rung.,Formalize the gating conditions as preconditions for citation.,"This document defines a run order for Python/Colab artifacts, assigning each a status and required action before public use. It is a procedural guardrail, not a proof of any physical claim."
R01_Sin.md,R01_Sin,Sin as Decoherence,"Sin is decoherence - measurable loss of alignment with chi_God. It is not arbitrary, not merely social construct, not just psychological dysfunction. Sin is objective collapse of coherence with the source of all coherence.","chi_God: God's coherence pattern - the standard | _S: Human soul field - the variable | C[_S, chi_God]: Coherence between human and God | Sin: Decrease in this coherence, C[_S, chi_God] < 0","The system should treat sin as an objective, measurable loss of coherence with the divine standard, and not as a mere social construct, relative moral claim, or psychological dysfunction.",Does not claim to measure sin in physical units | Does not claim to provide a method for measuring coherence in practice | Does not claim to explain all moral phenomena | Does not claim to be a scientific theory; it is a theological model,"Check that sin is defined as C[_S, chi_God] < 0 | Check that the model predicts sin reduces internal coherence | Check that the model predicts sin accumulates over time | Check that the model predicts sin cannot be self-undone | Check that the model predicts sin leads to death | Check that the model asserts universality of sin",G01: God = maximal coherence | G07: Good = coherence-promotion | H08: Self-flip impossibility | D1: Self-flip impossibility,"Provides a formal definition of sin as decoherence, enabling objective measurement and prediction of moral failure.",Preserves the traditional theological concept of sin as objective moral failure and its consequences.,"If removed, the framework loses its definition of sin, undermining the moral ontology and the need for external rescue.",Theology | Physics (decoherence) | Philosophy (moral ontology),coherent,partial,unclear,Theological/physical analogy,NOT_ESTABLISHED,C,Quarantine as a theological model; do not treat as established physics.,Claims sin is measurable without providing a measurement protocol | Equates theological concepts with physical decoherence without empirical support | Uses scripture as evidence for physical claims | Overstates the objectivity of moral constants,If coherence is not physically measurable in this context | If the model cannot be empirically tested | If the universal moral core is shown to be culturally constructed | If self-repair of sin is shown to be possible,Theological model of sin as moral failure; not a physical theory.,"This document defines sin as a loss of coherence with God, using a physics analogy. It argues against social constructivism, moral relativism, and therapeutic models. However, it lacks empirical grounding and is best treated as a theological model, not a scientific claim."
R02_NoSelfSave.md,R02_NoSelfSave,Why You Cannot Save Yourself: Self-Flip Impossibility Theorem,No self-generated operation can change the moral sign of a system from negative to positive; external intervention is required.,"Moral sign (): A binary eigenvalue (+1 or -1) representing the moral orientation of a system. | Self-operation (U_self): Any operation generated entirely within the system, assumed to be unitary. | External intervention (_ext): An operation originating outside the system, capable of changing . | Unitary operation: An operation that preserves the eigenvalue spectrum of the system.",The system must not attempt self-salvation; it must seek and accept external grace.,Does not claim that self-improvement is impossible or without value. | Does not deny human agency within the given moral sign. | Does not specify the exact nature of the external intervention. | Does not claim that all external interventions are salvific.,Check that no self-generated operation can change  from -1 to +1 in the formal model. | Verify that the formal model assumes unitary self-operations. | Confirm that the theorem does not overstate by claiming self-improvement is useless. | Ensure that the necessity of external intervention is logically derived from the impossibility of self-flip.,R1.5: Sin cannot be undone by the sinner | D1: Self-flip impossibility theorem | D2: External intervention required,"Provides a formal argument for the impossibility of self-salvation, grounding the necessity of external grace.","Preserves the core theological claim that salvation is by grace alone, not by works.","If removed, the argument for sola gratia loses its formal grounding, weakening the case against works-salvation and Pelagianism.",Quantum mechanics: unitary evolution preserves eigenvalues; non-unitary intervention can change them. | Theology: grace as external intervention. | Ethics: moral inability and the need for external redemption.,coherent,yes,yes,theological impossibility theorem,NOT_ESTABLISHED,C,quarantine,Claims mathematical proof for a theological claim without rigorous formalization. | Assumes unitary self-operations without justification. | Equates moral sign with quantum eigenvalues without empirical basis. | Uses scripture as evidence for mathematical impossibility.,If self-flip is demonstrated possible under the model's assumptions. | If the unitary assumption is shown to be inapplicable to moral change. | If external intervention is shown to be unnecessary or impossible.,"Formalize the theorem in a proof assistant (e.g., Lean) to verify the logical steps, or clearly label as theological metaphor.","This document argues that self-salvation is impossible because any self-generated operation preserves one's moral orientation, so external grace is necessary. It uses a quantum analogy but lacks rigorous formal proof, so it is not established as a mathematical theorem."
R03_Grace.md,R03_Grace,Grace as External Operator,"Grace () is an external operator from God that accomplishes what you cannot:  flip and coherence restoration. It is non-unitary, unmerited, sufficient, and comes through Christ alone.","Grace (): an external operator from God, not part of the soul system ( not-in _S). | External: originating from outside the corrupted system, specifically from God. |  flip: the transformation of the moral sign from -1 to +1. | Non-unitary: an operation that increases coherence, i.e., '|' > |. | Unmerited: not earned or deserved; a free gift. | Sufficient: complete and fully adequate; nothing needs to be added. | Christ alone: the exclusive channel through which grace operates ( = _Christ).","The system should treat grace as an external, non-unitary, unmerited, sufficient, and Christ-exclusive operator that flips the moral sign and restores coherence, and should reject any model that claims self-salvation, human initiation, or works-based merit.","Grace is not self-generated or internal. | Grace is not assistance or help; it is rescue. | Grace does not require human cooperation as a condition for its operation. | Grace does not come through any channel other than Christ. | Grace does not make humans passive; faith is active reception, but reception is not achievement.",Check that the model does not allow self-flip of  via unitary operations. | Check that grace is defined as external to the soul system. | Check that the  flip is attributed solely to grace. | Check that the non-unitary property is preserved (coherence increases). | Check that grace is not conditioned on human merit or works. | Check that sufficiency is maintained (no additional requirements). | Check that Christ is the exclusive channel of grace.,R02 (self-salvation impossibility) | D1 (unitary operations preserve eigenvalues),"Introduces an external operator (grace) that can flip the moral sign and increase coherence, which is impossible for closed systems.",Preserves the impossibility of self-salvation and the need for external intervention.,"Without grace as external operator, salvation becomes impossible, collapsing the entire soteriological framework.",Theological: grace as divine intervention | Mathematical: non-unitary operator | Physical: external forcing / open system,coherent,yes,yes,theological_axiom,NOT_ESTABLISHED,C,preserve_as_axiom,"Claims mathematical necessity for grace based on D1, but D1 is a formal theorem within the system, not empirically verified. | Equates theological concepts (, coherence) with physical quantities without rigorous mapping. | Uses 'non-unitary' in a way that may conflict with standard quantum mechanics; no physical mechanism is provided. | The sufficiency and exclusivity claims are theological assertions, not proven by the document.","If self-flip is shown possible within the system, the external operator becomes unnecessary. | If grace can be earned or is insufficient, the axiom fails. | If another channel of grace is established, the Christ-exclusive claim fails.","The axiom should be treated as a theological postulate, not a proven physical law. The mathematical formalism is illustrative, not evidence.","This document defines grace as an external, non-unitary operator from God that flips the moral sign () from -1 to +1, restores coherence, is unmerited, sufficient, and comes only through Christ. It argues against Pelagianism, Semi-Pelagianism, and Works-Righteousness using a mathematical analogy. However, the proof is not established; it is a theological axiom with illustrative formalism."
R04_Faith.md,R04_Faith,Faith as Coupling,"Faith is the coupling mechanism (g > 0) that allows grace to operate on you. Without faith, grace is offered but not received. Faith is not a work - it is the opening that allows the external operator to act.","Faith  g (coupling constant), g in [0, ) | Grace () is the constant offer from God | Effective grace: _effective = g  _offered | Salvation condition: Salvation  g > 0 | Faith content: Faith = Trust(Christ), not Trust(empty-set) or Trust(self) | Works: Works = f(), where  is the state of the soul","The system should treat faith as the necessary and sufficient condition for receiving grace, where any positive faith (g > 0) activates grace, and zero faith (g = 0) blocks it. Faith is not a work but a trust in Christ, and works are evidence of faith, not its cause.","This does not claim that faith itself saves; grace saves. | This does not specify the exact nature of grace beyond its sufficiency. | This does not address exceptional cases (infants, mentally disabled) beyond noting God's justice and mercy. | This does not quantify the strength of faith required beyond g > 0. | This does not claim that faith is a human achievement; it is a gift.",Check that the model _effective = g  _offered is consistently applied. | Verify that the document does not equate faith with works. | Confirm that the document maintains that faith has content (Christ) and is not contentless. | Ensure that the document does not claim universal salvation or automatic salvation. | Check that the document does not promote fideism (faith against reason).,R03 (Grace as Operator)  -  provides the concept of grace as an external operator | R01 (God as Source)  -  provides the nature of God as love | R02 (Human as Receiver)  -  provides the human capacity to respond,"Introduces a formal model of faith as a coupling constant, enabling quantitative reasoning about salvation conditions and distinguishing faith from works.","Preserves the core Christian doctrine that salvation is by grace through faith, and that faith is not a work.","If this axiom is removed, the distinction between faith and works collapses, and the necessity of human response to grace is lost, leading to universalism or automatic salvation.",Theological register: faith as trust in Christ | Physics register: coupling constant g | Mathematics register: _effective = g  _offered,coherent,yes,unclear,theological_model,NOT_ESTABLISHED,C,preserve_as_model,"The mathematical formalism (_effective = g  _offered) is presented as if it were a proven physical law, but it is an analogy. | The claim that 'any g > 0' is sufficient may be an oversimplification of theological nuances. | The document asserts that universalism, automatic salvation, and fideism are 'guilty' without rigorous logical proof. | The use of 'coupling constant' may imply a precision that is not warranted.","If faith is shown to be unnecessary for salvation, the model fails. | If grace operates without faith, the model fails. | If faith is demonstrated to be a work, the model fails. | If faith is shown to be contentless, the model fails.","A lean version would state: 'Faith is the necessary condition for receiving grace; it is trust in Christ, not a work.' without the mathematical formalism.","This document presents a model of faith as a coupling constant that determines whether grace is received. It argues against universalism, automatic salvation, and fideism, and provides a mathematical analogy to physics. The model is coherent but not formally proven."
R05_Redemption.md,R05_Redemption,Redemption: Positional and Progressive,"Redemption is both instant (justification) and progressive (sanctification). Position secured at once; practice grows over time. Both are grace-enabled - justification by grace alone, sanctification by grace-powered effort.","Justification: Instant and complete legal declaration of righteousness before God, : -1 -> +1. | Sanctification: Progressive growth in actual holiness, C(t) -> C_max. | Grace (): Divine enablement necessary for both justification and sanctification. | Position: The believer's legal status before God, fixed at justification. | Practice: The believer's actual moral condition, growing through sanctification.","The system should maintain the distinction between justification (instant, positional) and sanctification (progressive, practical), ensuring that neither is conflated. It should affirm that both are grace-enabled, with justification by grace alone and sanctification by grace-powered effort.",Does not claim that sanctification is instant or that justification is progressive. | Does not claim that human effort accomplishes either justification or sanctification apart from grace. | Does not claim that position can be lost or that practice determines position. | Does not claim that perfectionism is achievable in this life.,"Check that justification is described as instantaneous and complete, not gradual. | Check that sanctification is described as progressive, not instant. | Check that both are attributed to grace, not human effort alone. | Check that the distinction between position and practice is maintained. | Check that the security of the believer is grounded in Christ's work, not in performance.",R4.1 Justification | R4.2 Sanctification | R4.3 Both-Grace,"Provides a coherent two-aspect model of redemption that distinguishes positional and progressive dimensions, enabling clear theological reasoning about assurance and growth.","Preserves the core Christian doctrines of justification by faith and the necessity of sanctification, while rejecting errors like purgatory, works-progression, and perfectionism.","If this node is removed, the distinction between justification and sanctification collapses, leading to confusion between legal standing and actual growth, and potentially undermining assurance or encouraging complacency.",theology | systematic theology | soteriology,coherent,yes,yes,theological_doctrine,NOT_ESTABLISHED,B,preserve,"The document uses mathematical formalism (, C(t)) which may overstate precision beyond theological certainty. | The 'Security Theorem' is presented as a logical consequence, but it relies on theological premises not formally proven. | The connection to physics (phase transition) is analogical and could be misinterpreted as a physical claim.","If justification is shown to be progressive or sanctification instant, the model fails. | If human effort is shown to accomplish either apart from grace, the model fails. | If position can be lost, the security claim fails.","Formalize the distinction between justification and sanctification in a proof system, ensuring that the logical dependencies are explicit and the security theorem is derived from axioms.","This document presents a theological model of redemption with two aspects: instant justification (positional) and progressive sanctification (practical), both enabled by grace. It argues against purgatory, works-progression, and perfectionism. The model is coherent but relies on scriptural authority rather than formal proof."
R06_Coherence.md,R06_Coherence,Coherence Restoration,"Redemption restores coherence with chi_God, setting the redeemed on a trajectory toward C_max, completed by glorification.","C[_S, chi_God]: coherence between soul state _S and God's pattern chi_God. | C_max: maximal coherence with God, the state of heaven. | : orientation parameter; =+1 for redeemed, =-1 for unredeemed. | Glorification: the event completing restoration, resulting in C = C_max.","The system should model the redeemed soul's trajectory as increasing coherence toward C_max, with glorification as the completion event, and treat heaven and hell as stable attractors determined by .",Does not specify the mechanism of grace or glorification. | Does not address the fate of those who never heard the gospel. | Does not provide empirical evidence for the existence of afterlife. | Does not quantify the rate of coherence increase.,"Check that the trajectory equation dC/dt = f(, , effort) yields dC/dt > 0 for =+1 and dC/dt < 0 for =-1. | Verify that the model predicts two stable equilibria: C_max and C=0. | Ensure that the model does not allow post-death switching between attractors.",R01_Decoherence | R03_Grace | F02_Information_Conservation | H02_Brain_Interface,"Provides a formal trajectory model for eternal destiny based on coherence, linking redemption to a specific final state.","Preserves the core claim that redemption changes the soul's ultimate state, consistent with traditional Christian eschatology.","Without this axiom, the model lacks a mechanism for how redemption leads to heaven; the trajectory to C_max is undefined.",theology | dynamical systems | information theory,coherent,partial,unclear,theological_physics,NOT_ESTABLISHED,C,quarantine,Treats theological claims as physical laws without empirical support. | Assumes information conservation applies to soul states without justification. | Equates mathematical attractors with theological destinations without evidence.,"If information conservation does not apply to _S, the argument against annihilationism fails. | If consciousness is not preserved after brain death, the no-afterlife argument collapses. | If personal identity does not require memory continuity, the reincarnation critique is invalid.",Theological coherence model with dynamical systems analogy; not a physical theory.,"This document argues that redemption restores the soul's coherence with God, setting it on a trajectory toward maximal coherence (heaven), completed by glorification. It critiques annihilationism, no-afterlife views, and reincarnation using information conservation and identity arguments. However, the claims are theological and lack empirical verification, so they are not established as physical facts."
R07_Destiny.md,R07_Destiny,Bimodal Destiny,There are exactly two stable eternal destinies for a soul: maximal coherence (heaven) and minimal coherence (hell). No intermediate stable state exists.,"C: coherence measure of a soul's alignment with God. | C_max: maximal coherence, representing heaven. | C -> 0: minimal coherence, representing hell. | : binary moral sign,  in {-1, +1}, with +1 aligned with God and -1 misaligned. | Stable(C): a state C is stable if it is an equilibrium and attracts nearby trajectories.","The system should treat eternal destiny as binary: either heaven or hell, with no middle state. It should emphasize the urgency of choosing  = +1 during life, as  is fixed after death.",This does not specify the exact nature of heaven or hell beyond coherence levels. | This does not claim to know who is saved or damned. | This does not address the timing of judgment or the intermediate state before final destiny. | This does not provide a mechanism for changing  after death.,Check that no stable intermediate coherence state exists in the dynamics. | Verify that  is binary and fixed after death. | Confirm that the trajectory equations lead to C_max for  = +1 and 0 for  = -1. | Ensure that the theorem does not overstate certainty about individual destinies.,Axiom F02: Information conservation (soul cannot be annihilated). | Axiom D1: Self-operation cannot flip moral sign. | Axiom R2.6: Grace is sufficient. | Axiom R04: g = 0 blocks grace.,"Provides a formal theorem (D8) that establishes exactly two stable eternal destinies, ruling out universal salvation, annihilationism, and purgatory as a middle state.",Preserves the coherence dynamics framework and the binary nature of moral alignment.,"Without this axiom, the system would allow for intermediate eternal states, undermining the clarity of destiny and the urgency of choice.",Theology: heaven/hell as final destinations. | Physics: bistable systems with two attractors. | Mathematics: stability analysis of dynamical systems.,coherent,yes,unclear,theological theorem,NOT_ESTABLISHED,C,quarantine,Claims mathematical proof without rigorous formalization. | Assumes  is fixed after death without scriptural or logical proof. | Equates coherence dynamics with theological concepts without empirical grounding. | Uses 'stable' in a mathematical sense but applies it to metaphysical entities.,If an intermediate stable state is demonstrated within the coherence dynamics. | If  can change after death. | If information conservation does not imply the persistence of the soul as a coherent entity.,"The core idea of two ultimate destinies is a common theological position, but the mathematical proof is not established.","This document argues that there are only two eternal destinies - heaven and hell - based on a mathematical theorem about coherence dynamics. It claims that intermediate states are unstable and that the soul's moral sign is fixed after death. However, the proof is not formally verified and relies on theological assumptions."
REPORT.md,REPORT,Evolution Simulation Replication Report,The reported inverse-solver table is not internally single-target consistent.,Ne_required: effective population size required to produce a given number of innovation events. | mu_required: mutation rate required to produce a given number of innovation events. | s_required: selection coefficient required to produce a given number of innovation events. | Haldane generations: generations needed under Haldane's cost constraint. | Coherence multiplier: combined multiplier used in the original report.,Flag the original report's inverse-solver table as internally inconsistent and use the recomputed values for any further analysis.,Does not assert which event count is correct. | Does not validate the simulation methodology beyond the reported numbers. | Does not provide a corrected inverse-solver table.,"Check that the implied event counts from Ne, mu, and s are consistent. | Verify that the coherence multiplier check yields equal values. | Confirm that the Monte Carlo success rates match the reported values.",Original report's inverse-solver table | Haldane's constraint formula | Monte Carlo simulation results,Provides a self-consistency audit and recomputed baseline values for two event count scenarios.,"Preserves the original report's data and findings, but corrects the internal inconsistency.","Without this audit, the original report's inverse-solver table would remain internally inconsistent and potentially misleading.",inverse-solver table | Haldane budget | Monte Carlo sweep,coherent,yes,yes,audit,PYTHON_RUNTIME_SUPPORTED,B,preserve as audit finding,"May be interpreted as proving the original report is wrong, but it only shows internal inconsistency. | May be used to claim a specific event count is correct, which is not established.",If the original report's table is found to be consistent under a different interpretation. | If the recomputed values are shown to be incorrect.,"Formalize the consistency check as a Lean theorem: given the reported values, the implied event counts are not equal.","This report audits the internal consistency of an evolution simulation's inverse-solver table, finding that different parameters imply different numbers of innovation events (705 vs 7050). It provides recomputed baseline values for both scenarios and notes that the coherence multiplier check fails. The report does not resolve which event count is correct but flags the inconsistency."
REPRODUCIBILITY.md,REPRODUCIBILITY,Reproducibility,"The repository must be buildable with the pinned Lean toolchain using the standard Lake build command, with no private paths.",Lean toolchain: the version specified in the lean-toolchain file. | Lake build: the command 'lake build' executed from the repository root. | Build success: the output contains 'Build completed successfully'. | Expected messages: Lean info messages from #check_failure and linter warnings are not proof failures.,"The system must ensure that the repository can be built with the pinned Lean toolchain using 'lake build' from the repository root, and that the build succeeds without private paths.",This document does not specify the content of the proofs or the correctness of the theorems. | This document does not guarantee that the build will succeed on all platforms or environments. | This document does not define what constitutes a proof failure beyond a failed build.,Run 'lake build' from the repository root and check that the output contains 'Build completed successfully'. | Verify that the lean-toolchain file is present and specifies a version. | Verify that no private desktop paths are referenced in the build configuration.,"Lean toolchain (elan) | Lake package manager | Repository files: lean-toolchain, lakefile.lean, Lean source files","Provides a reproducible build process for the repository, enabling verification of the Lean code.","Ensures that the repository can be built and that the build process is documented, preserving the ability to check the code.","Without this document, the build process would be undocumented, making it difficult to reproduce the build and verify the code.",lean-toolchain | lakefile.lean | lake build,coherent,yes,yes,procedural,NOT_ESTABLISHED,B,preserve as procedural requirement,The document does not prove that the build will succeed; it only states the expected result. | The document does not guarantee that the build is reproducible across all environments.,"If the build command fails in a clean environment with the pinned toolchain. | If the repository lacks the required files (lean-toolchain, lakefile.lean).",The build process itself is not a Lean theorem; it is a procedural requirement.,"This document specifies how to build the repository using Lean and Lake, and clarifies that certain messages are expected. It does not make claims about the correctness of the proofs, only about the build process."
Resurrection.md,Resurrection,"Irreversible Coupling-Architecture Modification in Dual-Substrate Systems: Spontaneous Symmetry Breaking, Vacuum Stabilization, and the Structural Necessity of a Finite Localization Window","A dual-substrate system with a fundamental high-symmetry substrate and a derivative broken-symmetry substrate can undergo irreversible coupling-architecture modification via spontaneous symmetry breaking and vacuum stabilization, without altering the internal physics of either substrate.","Coupling architecture: the set of interaction channels, coupling constants, selection rules, and conservation laws between two subsystems. | Locking threshold (_lock): the minimum duration a broken-symmetry state must persist to become irreversible. | Fundamental substrate (_F): high-symmetry, temporally unbounded substrate. | Derivative substrate (_D): broken-symmetry, temporally bounded substrate. | Coupling-domain observable: a measurable quantity that is a function of the coupling architecture C rather than of _D internal physics.","Treat the model as a candidate structural correspondence, not a proven isomorphism. Test its falsifiable predictions and pursue the open proof obligations (categorical construction, _lock derivation, coupling-domain observables).",Does not claim physics proves the Resurrection occurred. | Does not claim _F is God; only structural correspondence. | Does not explain why the symmetry-breaking event occurred. | Does not claim the dual-substrate framework is established physics; it is speculative extension.,Prediction 1: Coherence signatures in collective human systems during the locking period. | Prediction 2: A specific peak location in coherence measurements. | Prediction 3: _lock (33 years) should be derivable from first principles. | Prediction 4: The modification is invisible to electromagnetic observation.,"Standard spontaneous symmetry breaking formalism (Goldstone, Higgs, Nambu). | Gdel's Incompleteness Theorems and Tarski's Undefinability Theorem (as constraints). | Category theory (Eilenberg & Mac Lane) for isomorphism claims. | Historical-theological source data (Scripture, tradition).","Provides a structural model that maps a specific theological sequence to known physical mechanisms, generating falsifiable predictions and identifying open proof obligations.",Preserves the standard physics of SSB and vacuum stabilization; does not alter internal physics of either substrate.,"If the dual-substrate framework or the mapping is removed, the model reduces to a theological narrative with no physical content.","Physics: SSB, vacuum stabilization, coupling architecture, energy conservation. | Theology: Incarnation, Crucifixion, Resurrection, Pentecost. | Mathematics: Category theory, Gdel/Tarski.",coherent,partial,no,structural correspondence,NOT_ESTABLISHED,C,Quarantine as speculative research draft; require explicit categorical proof and _lock derivation before further integration.,"Claims of 'no new physics' may overstate the speculative nature of the dual-substrate framework. | Theological identification may be seen as imposed rather than emergent. | The 33-year _lock is a free parameter, not derived. | The model's predictions are vague and not yet operationalized.",If _lock cannot be derived from first principles. | If the categorical construction fails to preserve operations. | If coupling-domain observables cannot be formally defined or measured. | If the model is shown to be unfalsifiable.,Reduce to a minimal structural correspondence hypothesis with explicit open problems; avoid any claim of proof.,"This document proposes a speculative model where the Incarnation, Crucifixion, Resurrection, and Pentecost correspond to spontaneous symmetry breaking, vacuum stabilization, energy release, and phase transition in a dual-substrate system. It explicitly states that the correspondence is not proven and lists open problems. The model is internally coherent but not established; it should be treated as a research draft with significant open proof obligations."
ResurrectionFormal.md,ResurrectionFormal,ResurrectionFormal.lean (Package),The Lean 4 type checker is the final arbiter of proof validity; a package that compiles with zero sorry and zero admit constitutes a verified proof system.,"Assembly point: a file that imports all core modules and confirms they compile together. | Zero sorry: every theorem has an actual proof checked by Lean, no placeholders. | Zero admit: no unproved assumptions admitted. | Compiled clean: the build succeeds with no errors.","Run `lake build` on the repository; if it succeeds with no errors, accept the package as formally verified.",Does not prove any theological claim by itself; it only confirms the internal consistency of the Lean proofs. | Does not assert that the proofs are sound in an external mathematical sense beyond Lean's type theory. | Does not claim that the imported modules are correct in their modeling of physics or theology.,Run `lake build` and check for zero errors. | Verify that the DASHBOARD entry matches the actual build output. | Check that no `sorry` or `admit` appears in any imported file.,ResurrectionFormal.Core | ResurrectionFormal.StageMachine | ResurrectionFormal.Mapping | ResurrectionFormal.IsomorphismTest | ResurrectionFormal.BridgeMatrix | ResurrectionFormal.MaxwellTrinity,"Provides a single entry point that, when compiled, demonstrates the entire proof suite is formally verified.",Preserves the verified status of all six modules by requiring them to compile together.,"If removed, the package loses its unified verification claim; individual modules may still compile but the assembly proof is gone.",Lean 4 type checker | lake build | DASHBOARD entry,coherent,yes,yes,formal verification claim,LEAN_FORMAL_PROOF,B,preserve as assembly point; verify build log independently,The document claims 'the proof' but the file itself is only an assembly point; the actual proofs are in imported modules. | The DASHBOARD entry is self-reported and not independently verified in this document. | The claim that 'the entire proof system compiles clean' depends on the correctness of the build environment and the imported files.,If any imported module contains a `sorry` or `admit`. | If the build fails on a clean checkout. | If the DASHBOARD entry is inaccurate.,ResurrectionFormal.lean,"This document describes a Lean 4 package entry point that imports six modules and claims that the whole suite compiles with zero sorry/admit, thus constituting a formal proof. The node captures the assembly action and verification test, but the actual proof content resides in the imported modules."
REWORK_PHASE_1-3_DELIVERABLE.md,REWORK_PHASE_1-3_DELIVERABLE,De Revolutionibus Veritatis  -  Rework Deliverable (Phase 1-3),"The rework must align the series with the May 10 Formal Theory canon, reclassifying claims and correcting structural inconsistencies before any rewriting.","May 10 Formal Theory v1.0: The canonical reference document defining the three primitive axioms, seven forced conclusions, and typed factors. | Below-floor presupposition: Properties of Truth that are pre-system constraints, not axioms within the system. | Load-bearing: A claim whose reclassification or removal would alter the argument's structure or conclusions. | No-drift rule: The Layer-1 definition of the Master Equation factors wins over any other usage in the series.","Approve, modify, or reject the Phase 1-3 deliverable before Phase 4 execution; if approved, execute the recommended order starting with the decision pass.",This deliverable stops at Phase 3; no rewriting has happened. | It does not resolve the five decisions; it only recommends options. | It does not provide formal proofs for the reclassifications; it relies on the May 10 canon as authority.,Check that all reclassifications match the May 10 canon's taxonomy. | Verify that the Master Equation variable assignments are corrected to Definition 10. | Confirm that the series numbering and scope inconsistencies are resolved per the decisions. | Ensure that the recommended execution order is followed in Phase 4.,FORMAL_VERIFICATION_PACKET_2026-05-10/00_FORMAL_THEORY_COMPLETE.md | FORMAL_VERIFICATION_PACKET_2026-05-10/01_FORMAL_LAYER_Definition10.md | FORMAL_VERIFICATION_PACKET_2026-05-10/02_PHYSICAL_THEOLOGICAL_LAYER_TenFactorTable.md | AXIOM_DERIVATION_CHAIN_CANONICAL.md | 02_7Q_FRAMEWORK/7Q_BASIC.md | MAXWELL_TRINITY_FORMAL_LOG_2026-05-10.md | FormalVerificationTestLog.md | CorrectedEntropyKernel.lean,"Provides a structured rework plan that reclassifies the series' foundational claims under the May 10 canon, corrects variable assignments, and resolves numbering/scope inconsistencies.",Preserves the May 10 Formal Theory as the authoritative canon and the Iron Chain as supporting derivation context.,"Without this deliverable, the series would continue to use outdated axiom classifications and inconsistent variable assignments, undermining its alignment with the canon.","Theology: Reclassifies axioms as presuppositions, theorems, derivations, definitions, or primitive axioms. | Physics: Corrects Master Equation variable assignments to match Definition 10. | Mathematics: Identifies theorems like Gdel/Chaitin and derivations from Kolmogorov bounds.",coherent,yes,yes,Meta-document: rework plan and audit,NOT_ESTABLISHED,B,Approve as a planning document; do not treat as a proof of the underlying claims.,"The reclassifications are asserted based on the May 10 canon but not formally proven here. | The recommendation to mark Book V abandoned may be premature if the content is later needed. | The probability calculation rebuild is flagged as needing a defensible constraint set, but no new calculation is provided.","If the May 10 canon is superseded or revised, the rework plan becomes obsolete. | If the decisions are not resolved, Phase 4 cannot proceed coherently. | If the Lindblad mapping is not formally reconciled, the theological mappings remain rhetorical.",The rework plan itself is not a formal proof; it is a meta-document. The underlying claims require separate formal verification.,"This document is a Phase 1-3 deliverable that audits the series' axioms and structure against the May 10 Formal Theory canon. It identifies three key findings: the 20 axioms are misclassified, the Master Equation has wrong variable assignments, and there are numbering/scope inconsistencies. It provides a detailed rework plan with priorities, decisions required, and open questions. It does not rewrite anything yet; it awaits approval for Phase 4."
rotation_curves_chi_field.md,rotation_curves_chi_field,rotation_curves_chi_field.ipynb,"The chi-field modified gravity model must produce galaxy rotation curve fits comparable in quality to standard NFW dark matter halo fits, using the same coupling constant  = 0.01 as in cosmological tests, without additional free parameters.","chi-field: a modified gravity scalar field that couples to density, with coupling constant . | rotation curve: observed orbital velocity v(r) as a function of radius r for a galaxy. | NFW halo: Navarro-Frenk-White dark matter density profile used as standard model fit. | v_chi(r): predicted rotation velocity from chi-field, computed as sqrt(G_eff(r) * M(r) / r). | : dimensionless coupling constant, set to 0.01 from cosmological constraints.","Implement and run the chi-field rotation curve fitting procedure for representative galaxies, producing quantitative predictions and comparisons to NFW fits, using  = 0.01 without additional free parameters.",Does not claim perfect fits; only comparable within observational uncertainty. | Does not establish that chi-field is the correct theory; only that it matches NFW quality. | Does not extend to all galaxies; only representative galaxies from a standard dataset. | Does not provide a full derivation of the chi-field equations; assumes the model is given.,"For each galaxy, compute chi-field fit and NFW fit; check that chi-field residuals are within observational error bars. | Verify that the same  = 0.01 is used in both galactic and cosmological fits. | Check that no additional free parameters are introduced for the galactic case. | Compare chi-field and NFW fits statistically (e.g., chi-squared) to confirm comparable quality.","Observational galaxy rotation curve dataset | Chi-field modified gravity model equations | NFW dark matter halo profile as comparison | Numerical fitting routines (e.g., scipy)","Provides quantitative rotation curve predictions from chi-field theory, enabling direct comparison to NFW fits and testing multi-scale consistency of the  parameter.","Preserves the existing claim that chi-field matches NFW quality at galactic scale, as stated in the companion galaxy rotation curves notebook.","Without this notebook, the chi-field theory lacks quantitative galactic-scale validation; the claim of multi-scale consistency with  = 0.01 would be unsupported.","Observational astronomy: rotation curve data, velocity vs. radius | Modified gravity: chi-field, coupling constant , effective gravitational constant G_eff | Dark matter phenomenology: NFW halo profile, standard model fits",coherent,partial,unclear,empirical validation claim,COLAB_REPRODUCIBLE,C,Run the notebook to verify the fitting results and document the statistical comparison to NFW fits.,"Claims 'comparable quality' without specifying statistical thresholds or error bars. | Uses 'representative galaxies' without specifying which or how many. | States 'independent validation' of  but does not provide formal statistical evidence. | May overstate 'multi-scale consistency' if fits are only comparable, not superior.",If the notebook cannot be reproduced with the stated dataset and code. | If chi-field fits require additional free parameters beyond . | If chi-field fits are significantly worse than NFW fits beyond observational uncertainty. | If the same  = 0.01 is not actually used in the galactic fits.,"A reproducible notebook that produces chi-field rotation curve fits with residuals within observational error bars, using  = 0.01, and a statistical comparison showing no significant degradation relative to NFW.","This document describes a Colab notebook that fits chi-field modified gravity predictions to galaxy rotation curves, claiming fits comparable to NFW dark matter halos using the same coupling constant  = 0.01 as in cosmological tests. It is a supporting artifact for multi-scale consistency, but lacks detailed statistical evidence and reproducibility details."
run_all.md,run_all,run_all.ipynb,"The complete Theophysics test suite must be executable in a single Colab session by any user with a Google account, producing reproducible outputs.","run_all.ipynb: a Google Colab notebook that executes all project notebooks in a defined sequence. | Complete test suite: all JAX field theory tests (1A, 1B, 2A, 2B, 3, 4, 5) and all biblical empirical tests (03-09). | Reproducible: the same inputs and code produce the same outputs, verified by SHA256 checksums.","Execute all project notebooks in the specified sequence within a single Colab session, producing all outputs and verifying reproducibility via checksums.",Does not itself contain the scientific content of the tests; it orchestrates their execution. | Does not guarantee that the tests pass; it only executes them and reports results. | Does not provide a formal proof of the underlying physics; it is a computational runner.,"Run the notebook in a fresh Colab instance and verify that all cells execute without error. | Check that all expected output files (JSON, PNG, summary) are generated. | Verify that the SHA256 checksums match the expected values for reproducibility.","config.ipynb / theophysics_core.py | master_equation.ipynb | chi_field.ipynb | JAX Field Theory suite (Tests 1A, 1B, 2A, 2B, 3, 4, 5) | Biblical Empirical suite (Tests 03-09) | generate_all_charts.ipynb | version_manager.ipynb","Provides a one-button execution mechanism that allows any user to run the entire test suite without manual setup, enabling independent verification.","Preserves the ability to run each individual test notebook independently, as the runner simply orchestrates them.","Without run_all.ipynb, the claim of easy reproducibility by anyone is weakened; users would need to manually run each notebook in sequence, increasing friction and potential for error.",Execution sequence | Output artifacts | Reproducibility checks,coherent,yes,yes,operational,NOT_ESTABLISHED,C,preserve as operational artifact,"The document claims that running the notebook reproduces the complete proof, but the proof itself is not established; it only reproduces the test suite execution. | The phrase 'computational equivalent of repeatable experiment protocol' may overstate the scientific validity of the tests.","If the notebook fails to execute in a fresh Colab environment due to missing dependencies or code errors. | If the checksums do not match, indicating non-reproducibility.","A script that executes all tests and produces a summary report, without claiming proof of the underlying theory.","run_all.ipynb is a master notebook that runs all Theophysics tests in one go, aiming to make the framework easy to reproduce. It is an operational tool, not a proof of the theory itself."
run_all_tests.md,run_all_tests,run_all_tests.ipynb,A test runner that executes all tests without chart generation is sufficient for verification of pass/fail results.,Test runner: a notebook that executes the full test suite and outputs pass/fail results. | Full runner: a notebook that executes tests and generates charts and visualizations. | Verification: confirmation of pass/fail results without visual output.,"Execute all tests and output pass/fail results without generating charts, for verification purposes.",Does not generate charts or visualizations. | Does not replace the full runner for presentations or website output. | Does not alter the test suite or its results.,Run the notebook and confirm all tests execute and pass/fail results are produced. | Confirm no chart files are generated. | Confirm runtime is under 5 minutes on a CPU instance.,run_all.ipynb (full runner) as the source of the test suite and expected results.,"Provides a faster, leaner verification path that does not require chart generation.",Preserves the ability to verify pass/fail results of all tests.,"Without this runner, verification would require running the full runner, which is slower and includes unnecessary chart generation.",Test runner -> verification artifact | Full runner -> presentation/website output,coherent,yes,yes,procedural,NOT_ESTABLISHED,C,preserve as procedural artifact,"The document implies that the test runner is sufficient for verification, but does not provide evidence that the tests themselves are correct or complete. | The claim that the test runner is a 'sign of a mature test suite' is subjective and not supported by data.",If the test runner does not actually run all tests or produces incorrect results. | If the test suite itself is invalid or incomplete.,The test runner is a procedural tool; its value depends on the underlying test suite.,"This document describes a lean test runner notebook that executes all tests without chart generation, intended for quick verification. It is a procedural artifact, not a proof of any scientific claim."
run_biblical_tests.md,run_biblical_tests,run_biblical_tests.ipynb,"The biblical empirical suite (Tests 03-09) must be runnable independently of the JAX field theory suite, producing verifiable PASS/FAIL outputs and result JSONs.","Biblical Empirical Suite: Tests 03-09 that examine historical patterns in biblical data (complexity, scaling, constraint satisfaction). | JAX Field Theory Suite: Tests of physical mathematics (PDE stability, cosmology, information theory). | Standalone runner: A notebook that executes only the biblical suite without running JAX tests.","Execute Tests 03-09 only, output PASS/FAIL per test, write test03_results.json through test09_results.json and test_suite_summary.json, and complete in approximately 2.5 seconds.",Does not run JAX Field Theory tests. | Does not interpret the results beyond reporting PASS/FAIL and generating JSON files. | Does not claim that the biblical tests are physically validated; they are empirical historical pattern tests.,Run the notebook and confirm that only Tests 03-09 execute. | Verify that each test produces a PASS/FAIL result and corresponding JSON file. | Verify that test_suite_summary.json is generated. | Confirm runtime is approximately 2.5 seconds.,"Biblical Empirical Suite test definitions (Tests 03-09) | Input data for biblical tests | Python environment with required libraries (e.g., numpy, scipy, pandas)",Enables independent execution and verification of the biblical empirical suite without requiring JAX or GPU resources.,"Preserves the ability to run the biblical tests and obtain their results, as originally designed.","If removed, the biblical tests could only be run as part of the full suite, reducing accessibility and modularity.",Notebook execution | PASS/FAIL status | JSON result files,coherent,yes,yes,operational,COLAB_REPRODUCIBLE,B,preserve as operational artifact,"The document claims 'Spearman  = 1.0' and 'unique satisfaction of six constraints' as surprising results, but these are not proven here; they are outputs of the tests. | The phrase 'most surprising results' is subjective and not a formal claim.",If the notebook fails to run or produces inconsistent outputs. | If the biblical tests are not actually independent of JAX tests.,A standalone executable notebook that runs Tests 03-09 and produces verifiable JSON outputs.,This document describes a Colab notebook that runs only the biblical empirical tests (03-09) separately from the JAX field theory tests. It is an operational tool for independent verification and presentation. The document does not provide formal proof of the underlying claims; it only describes the runner's purpose and outputs.
run_module2.md,run_module2,run_module2.py,The Theophysics test suite is organized into modules that can be executed independently and reproducibly.,"Module: a logical grouping of related tests that can be run independently or in sequence. | Module runner: a script that executes a specific module's tests in sequence and logs results. | Field theory tests: tests covering the chi-field's physical properties, including PDE integration, Hubble gradient, Maxwell mirror, and sensitivity analysis.","Execute the tests in Module 2 in sequence, log results to a JSON file, and print a pass/fail summary.",Does not execute biblical tests (those are in other modules). | Does not define the tests themselves; it only runs them. | Does not guarantee the correctness of the tests or the underlying physics.,Run run_module2.py and verify that it executes the four listed tests in sequence. | Check that a JSON file is produced at /content/module2_results.json. | Check that the console output includes PASS/FAIL for each test. | Verify that the SHA256 checksum of the output is reproducible.,chi_field.ipynb | hubble_gradient.ipynb | maxwell_mirror_verification.ipynb | MasterEquation,"Provides a structured, automated, and reproducible execution of Module 2 tests, enabling selective and parallel runs.",The underlying tests and their results are preserved; the runner does not alter the tests themselves.,"Without the runner, Module 2 tests would need to be run manually, reducing reproducibility and comparability.",Python script | JAX Field Theory Suite | Module runner,coherent,yes,yes,infrastructure,NOT_ESTABLISHED,C,preserve as infrastructure documentation,The document implies that the suite is a 'research platform' without evidence of external validation. | The claim that the suite produces reproducible results is not verified by the document alone.,If the script does not actually run the listed tests. | If the output is not reproducible.,The script exists and runs the listed tests; no physics claims are made.,"This document describes a Python script that runs a set of field theory tests in the Theophysics project. It is infrastructure code, not a physics claim. The script executes tests, logs results, and prints summaries. The document does not provide evidence of the tests' correctness or the underlying physics."
SECTIONED_AUDIT_REPORT.md,SECTIONED_AUDIT_REPORT,Theophysics Lean Production Kernel: Sectioned First-Pass Audit Report,A finite product collapses to zero if and only if zero appears among its factors; a zero-preserving operator cannot rescue a collapsed product; grace is idempotent and non-invertible; structural isomorphism is a burden of proof.,"CoherenceAlgebra: algebraic structure with zero, one, mul, identity laws, annihilation laws, one_ne_zero, no_zero_divisors. | listProd: finite product of elements in CoherenceAlgebra. | CoherenceOperator: zero-preserving operator on the algebra. | Regime: two-state model with grace as a reset to constructive state. | LawModel: structure for modeling laws. | LawIso: isomorphism between LawModels. | MasterState: state with nine factors plus a C operator. | rawChi: raw product of factors. | chi: raw product after applying C operator.","The system should treat the standalone Lean kernel as the baseline formal artifact, preserving its exact content and hash, and should not claim broader theological or physical proofs beyond what the kernel formally establishes.","The kernel does not prove the theological or physical truth of the ten laws. | It does not prove any specific law pair is structurally isomorphic. | It does not prove the full master equation in empirical form. | It does not prove a Lagrangian, Noether theorem, thermodynamic theorem, or experimental prediction. | It does not validate broader claims from prior conversation rhetoric.","Compile the Lean file with lean.exe and verify exit code 0 and no output. | Search the file for 'sorry', 'axiom', 'unsafe', 'admit' and confirm no hits in executable content. | Attempt to derive a broader theological or physical claim from the kernel; the derivation should fail without adding new axioms or models. | Wrap the kernel in a minimal Lake project and run 'lake build' to verify the same clean pass.",Lean theorem prover | CoherenceAlgebra definition | List product definitions | CoherenceOperator definition | Regime and grace definitions | LawModel and LawIso definitions | MasterState definitions,"Provides a clean, auditable formal kernel proving product-collapse properties and defining the burden of proof for isomorphism claims, without relying on placeholders or unsafe constructs.","Preserves the formal result that product collapse is equivalent to zero factor presence, and that zero-preserving operators cannot rescue collapsed products.","If the kernel is removed, the formal foundation for the collapse architecture and the clean audit trail is lost, leaving only the older, less clean transcript with sorry-based builds.",CoherenceAlgebra -> algebraic structure | listProd -> finite product | CoherenceOperator -> zero-preserving operator | Regime -> two-state model | grace -> idempotent non-invertible reset | LawModel -> law modeling structure | LawIso -> isomorphism burden of proof | MasterState -> nine-factor plus C operator state,coherent,yes,yes,formal_audit_report,LEAN_FORMAL_PROOF,A,preserve_as_baseline,"Risk of interpreting the kernel as proving theological or physical truths beyond its formal scope. | Risk of conflating the clean standalone kernel with the older, less clean Lake project. | Risk of assuming the kernel proves isomorphism of specific laws without explicit LawIso instances.",If the kernel fails to compile in a minimal Lake project. | If a broader claim is derived from the kernel without adding new axioms or models. | If the kernel is found to contain hidden placeholders or unsafe constructs in executable content.,Formalize the kernel in Lean and verify the stated theorems; extend with concrete LawModel instances and explicit isomorphism proofs for broader claims.,"This audit report documents a standalone Lean kernel that cleanly proves product-collapse properties and defines the burden of proof for isomorphism claims. It does not prove the full theological or physical framework. The kernel is a clean formal nucleus, but broader claims require additional work."
SESSION_2026-05-06_115752_summary.md,SESSION_2026-05-06_115752_summary,Session Handoff Conversion Protocol,"A session handoff must be converted into a machine-ingest manifest and a human-readable startup summary, preserving the three-layer structure.","Machine-ingest manifest: structured output that another AI can use immediately. | Human-readable startup summary: a summary that a human can use to start the next session. | Three-layer structure: Session Manifest, Decisions and Results, Open Threads.","Convert dropped session pages into a machine-ingest manifest and a human-readable startup summary, following the three-layer structure.",Does not guarantee correct parsing of freeform or missing-layer-header pages. | Does not wire the vectorization pipeline into the vector store. | Does not embed session manifests into Qdrant.,Check that the output contains a machine-ingest manifest and a human-readable startup summary. | Check that the three-layer structure is preserved when the source page has the expected headers. | Check that the output is usable by another AI immediately.,Canonical framing document | Ten Laws equations document | Source session handoff page,Provides a repeatable workflow for converting dropped session pages into structured handoff outputs.,Preserves the ability to start the next session from a generated summary instead of raw chat history.,"Without this, dropped session pages remain unstructured and harder for another AI to use immediately.",Machine-ingest manifest | Human-readable startup summary,coherent,yes,yes,workflow protocol,NARRATIVE_ANCHOR,C,preserve as narrative anchor,Claims that the pipeline works may overstate reliability without formal verification. | Claims that NotebookLM calls work machine-verified are not substantiated.,"If the source page is freeform and the parser fails, the protocol may not hold. | If the vectorization pipeline is required for the protocol to be useful, the protocol is incomplete.",Convert dropped session pages into structured handoff outputs with minimal assumptions.,"This document describes a workflow for converting dropped session pages into a machine-ingest manifest and a human-readable startup summary. It is a narrative anchor for a local handoff process, not a formal proof."
SESSION_LOG_2026-05-03_OPUS.md,SESSION_LOG_2026-05-03_OPUS,"Session Log: Opus Overnight May 2-3, 2026",The Canon folder at NAS Desktop\Cannon\ is the source of truth; 00_FORMAL_THEORY_COMPLETE.md is required reading before any framework work.,"Canon: three-layer architecture with Layer 1 formal math (Lean-verified, LOCKED), Layer 2 physical-theological bridge, Layer 3 teaching (negotiable). | Ten factors: G M E S_eff T K R Q F C; S enters as S_eff, not raw S_prod; C is factor, chi is output. | theophysics.json: machine-readable Canon in Math Translation Layer.",All AIs must read 00_FORMAL_THEORY_COMPLETE.md before any framework work; treat Canon folder as source of truth; use theophysics.json as machine-readable Canon; apply ten factors with S_eff and chi as output; rate-limit transcript puller; rebuild comms worker.,Does not establish formal proofs for the physical-theological bridge (Layer 2) or teaching content (Layer 3). | Does not claim that the ten factors are empirically validated. | Does not provide a complete specification of the Canon's content beyond the log.,Check that all AI agents read 00_FORMAL_THEORY_COMPLETE.md before framework work. | Verify that theophysics.json matches the Canon folder content. | Verify that transcript puller includes rate limiting before bulk runs. | Verify that comms worker /channel endpoints are rebuilt and return 200.,Canon folder at NAS Desktop\Cannon\ | 00_FORMAL_THEORY_COMPLETE.md | Math Translation Layer repository | Postgres database at 192.168.1.177:2665 | Lean 4 environment and reviewer,"Establishes a centralized Canon with a machine-readable JSON (theophysics.json) and a translation layer that hides raw math behind a toggle, enabling consistent interpretation and teaching.",Preserves the existing Lean-verified formal theory (Layer 1) as locked and unchanged.,"If the Canon folder or 00_FORMAL_THEORY_COMPLETE.md is removed, the system loses its source of truth and all AI agents lose required reading, causing framework work to proceed without canonical grounding.",Formal math (Lean-verified) | Physical-theological bridge | Teaching/negotiable content | Machine-readable JSON (theophysics.json),coherent,yes,unclear,infrastructure/process,NOT_ESTABLISHED,C,log,Treating the ten factors as physically validated when they are only asserted. | Assuming the Lean verification covers Layer 2 or Layer 3. | Assuming the Canon is complete or error-free.,If 00_FORMAL_THEORY_COMPLETE.md is found to contain logical errors. | If theophysics.json diverges from the Canon folder. | If the Lean verification is not completed or fails.,CorrectedEntropyKernel.lean,"This session log records the establishment of a Canon folder as the source of truth, the creation of a formal theory document, the refactoring of a math translation layer, and progress on NLP pipelines and Lean verification. It is an infrastructure log, not a proof of the underlying theory."
SESSION_LOG_2026-05-03_OPUS_summary.md,SESSION_LOG_2026-05-03_OPUS_summary,Session Log 2026-05-03 OPUS Summary,"The canonical source of truth is the Canon folder at NAS Desktop\Cannon\, and 00_FORMAL_THEORY_COMPLETE.md is required reading before any framework work.","Canon: The set of authoritative documents, including 00_FORMAL_THEORY_COMPLETE.md and theophysics.json, that define the theory and its machine-readable representation. | Ten factors: G M E S_eff T K R Q F C, where S enters as S_eff, not raw S_prod; C is a factor, chi is the output. | Math Translation Layer: A standalone engine (pure TypeScript) that parses, translates, and renders math, with theophysics.json as the machine-readable Canon. | Q0: A distinction in David's debate posture, differing from Wilson's approach.","The system should treat the Canon folder as the source of truth, require reading 00_FORMAL_THEORY_COMPLETE.md before framework work, and use theophysics.json as the machine-readable Canon for translation.",This document does not establish the truth of the theory; it only records session activities and decisions. | The document does not provide formal proofs or verified mathematical results. | The document does not define the full content of 00_FORMAL_THEORY_COMPLETE.md; it only references its existence and structure.,"Check that the Canon folder contains 00_FORMAL_THEORY_COMPLETE.md and that it is read before framework work. | Verify that theophysics.json is used as the machine-readable Canon in the Math Translation Layer. | Confirm that the ten factors are used as G M E S_eff T K R Q F C, with S_eff not raw S_prod.",00_FORMAL_THEORY_COMPLETE.md | theophysics.json | Canon folder at NAS Desktop\Cannon\,"Provides a machine-ingest manifest and startup summary for handoff pages, enabling another AI to continue work from the generated summary.",Preserves the canonical source of truth and the requirement to read 00_FORMAL_THEORY_COMPLETE.md before framework work.,"If the Canon folder or 00_FORMAL_THEORY_COMPLETE.md is removed, the system loses its authoritative reference and the requirement for framework work.","Machine-readable Canon: theophysics.json | Human-readable Canon: 00_FORMAL_THEORY_COMPLETE.md | Session manifest: Layer 1, Layer 2, Layer 3",coherent,yes,yes,Session log and workflow description,NOT_ESTABLISHED,C,Record as a session log and workflow note; do not treat as a formal proof or verified theory.,Treating the session log as evidence for the theory's truth. | Assuming that the Math Translation Layer's tests passing implies the theory is correct. | Interpreting 'Wilson's reductio is airtight' as a formal proof.,"If the Canon folder is not accessible or 00_FORMAL_THEORY_COMPLETE.md is missing, the node's authority is void. | If theophysics.json is not used as the machine-readable Canon, the translation layer's fidelity is compromised.","No Lean target; this is a session log, not a formal mathematical claim.","This document is a session log summarizing work on Theophysics, including writing a formal theory document, refactoring a math translation layer, and loading data. It does not establish the theory's truth; it records activities and decisions. The canonical source of truth is the Canon folder, and 00_FORMAL_THEORY_COMPLETE.md is required reading before framework work."
SESSION_LOG_2026-05-04_CODEX.md,SESSION_LOG_2026-05-04_CODEX,Session Log Codex May 4 2026,"Session logs must preserve facts, decisions, and next actions in a machine-ingestible structure so future agents can operate without reconstructing context from chat history.","Session manifest: a structured record of created files, decisions, and open threads from a working session. | Canonical inputs: specific files and paths used as authoritative references during the session. | Open threads: unresolved items requiring future action or decision. | Brain pipeline: the system that ingests structured session records into memory and vault archives.","When a session log is produced, convert it into a structured JSON session object with fields for manifest, decisions, and open threads, and store it as the indexable session record while keeping the markdown as the startup brief.",Does not prescribe specific content of decisions or results. | Does not validate the correctness of the session's technical claims. | Does not define the exact schema for the JSON session object beyond the general structure. | Does not mandate the storage location or pipeline implementation.,"Check that the JSON session object contains all file paths, decisions, and open threads listed in the markdown. | Verify that the JSON is parseable and can be ingested by the brain pipeline without missing fields. | Confirm that the markdown and JSON are stored together and referenced consistently.",Canonical framing document | Ten Laws equations | Master equation axioms | Opus session log,"Provides a structured, machine-readable session record that can be ingested by the brain pipeline without manual reconstruction.",Preserves the human-readable narrative and all factual details from the session log.,"Without this node, future agents would lose the structured handoff and would need to parse raw chat logs, risking loss of context and decisions.",Session log to JSON | Markdown to structured fields | File paths to canonical references,coherent,yes,yes,procedural,NOT_ESTABLISHED,C,store,"The document claims the session log is the right handoff shape, but this is an opinion. | The document asserts the brain pipeline is live but blocked, which may be outdated. | The document lists empirical results without verification.","If the JSON schema is not defined, the action cannot be executed. | If the brain pipeline does not accept this format, the node is moot. | If the session log is superseded by a later version, this node becomes stale.","A minimal JSON schema for session logs that captures manifest, decisions, and open threads.","This document is a session log from Codex on May 4, 2026, capturing file creations, decisions, and open threads. The canonical action is to convert such logs into structured JSON for the brain pipeline. The node is procedural and not a proof of any technical claim."
SESSION_LOG_2026-05-04_OPUS.md,SESSION_LOG_2026-05-04_OPUS,"Session Log: Forge, Seshat, MDA, Podcast, Website","The session log records decisions and results from a work session, but does not establish any new physical or mathematical law.","Seshat: Global History Databank used for correlation tests. | chi: A variable representing social complexity, as defined in the Theophysics framework. | SPC: Social complexity measure, as defined in the Theophysics framework. | Forge: A cloud-first build project for a web application. | MDA: Moral Decline of America, a narrative project.","The system should treat the reported correlations as provisional empirical findings, not as established laws. It should await further validation (e.g., AUC tests) before considering them as evidence for the Theophysics framework.",This document does not provide a formal proof or derivation of the correlations. | It does not establish causality between chi and SPC. | It does not validate the Theophysics framework as a whole.,Check if the reported correlation coefficients are reproducible from the raw data. | Verify that the circularity controls were properly applied. | Check if the collapse prediction test used a proper AUC metric.,"Seshat Global History Databank | Statistical methods (Pearson, Spearman, log correlation) | Theophysics framework definitions of chi and SPC","Provides empirical correlation data between chi and SPC, and a collapse prediction signal, but does not establish a new theoretical capability.","Preserves the existing Theophysics framework by not contradicting it, but does not strengthen it either.","If removed, the Theophysics framework loses a potential empirical anchor, but the framework does not collapse because it is not solely based on this data.",Empirical correlation | Historical data analysis | Predictive modeling,coherent,partial,unclear,empirical observation,NOT_ESTABLISHED,C,log,Treating correlation as causation | Overgeneralizing from a single dataset | Ignoring potential confounders,If the correlation fails to replicate in independent datasets | If the collapse prediction is not robust to different statistical methods | If the circularity controls are found to be inadequate,The lean target is to treat the reported correlations as provisional and to await further validation before using them as evidence for the Theophysics framework.,"This session log reports on various project activities, including a correlation test between social complexity (chi) and SPC using the Seshat database. The results show moderate to strong correlations, but the document does not provide a formal proof or establish causality. The log also covers decisions on Forge, MDA, podcast, and website architecture. The overall status is that the empirical findings are provisional and require further validation."
SESSION_LOG_2026-05-04_OPUS_summary.md,SESSION_LOG_2026-05-04_OPUS_summary,Session Log 2026-05-04 Opus Summary,"A session handoff must be machine-ingestible and human-readable, preserving decisions, results, and open threads without loss.","Machine layer: structured manifest with tables, counts, and explicit decisions. | Human layer: readable summary with context and next steps. | Handoff: a document that allows another AI or human to continue work without raw chat history.","When a session handoff is dropped, parse it into a structured manifest and a readable summary, preserving all decisions, results, and open threads.",Does not guarantee the underlying data is correct or complete. | Does not validate the scientific claims or statistical results. | Does not replace the original session log if it contains additional context.,Check that all decisions listed in the source appear in the manifest. | Check that all open threads are listed. | Check that the summary is readable by another AI without raw chat history.,Canonical framing document | Ten Laws equations document | Source session log,"Provides a structured handoff format that can be ingested by another AI, enabling continuity without raw chat history.","Preserves the decisions, results, and open threads from the original session.","Without this handoff, the next session would need to re-read the raw chat history or lose context.",Session log to structured manifest | Structured manifest to readable summary,coherent,yes,yes,workflow,NARRATIVE_ANCHOR,B,preserve as workflow template,The statistical results are presented as findings but are not independently verified. | The handoff format is described as correct but may not be robust to freeform inputs.,If the source session log is missing or corrupted. | If the handoff format is not followed by downstream systems.,"A minimal handoff template that captures decisions, results, and open threads.","This document describes a workflow for converting a session log into a structured handoff. It lists decisions, results, and open threads from a specific session, but does not provide formal proof of any scientific claims."
SEVEN_QUESTION_DOSSIER_PROTOCOL.md,SEVEN_QUESTION_DOSSIER_PROTOCOL,Seven-Question Dossier Protocol,"A dossier is a structured answer set to one core question, organized by seven mandatory questions in fixed order.","Dossier: a structured investigative object that is primarily an answer set to one core question, not a narrative summary. | Core Question: the single investigative focus that the dossier answers. | Investigative Spine: the ordered sequence of seven questions: Identity, Domain, Claim, Evidence, Dependencies, Consequences, Falsification. | Forward Mode: the normal dossier flow from Identity to Falsification. | Reverse Mode: the dossier flow from Falsification to Claim, used for adversarial review or kill-switch design.","When creating or processing a dossier, enforce the seven-question protocol: require Q1-Q7 fields in order, separate evidence from interpretation, expose dependencies, derive consequences, and specify falsification conditions. Support both forward and reverse modes. Render pages backed by Q1-Q7, not arbitrary article ordering. Convert dossiers into graph objects with edges such as depends_on, supports, predicts, contradicts, falsifies.",Does not define the content of any specific dossier. | Does not prescribe the visible page layout beyond backing by Q1-Q7. | Does not specify the exact evidence types or their validity criteria. | Does not determine the truth of any claim; it only structures the investigation. | Does not replace domain-specific methodologies.,"For any dossier, verify that all seven questions are answered in order and that the required fields for each question are present. | Check that evidence is listed separately from interpretation and that dependencies are explicitly declared. | Verify that falsification conditions are specified for each claim. | Confirm that the dossier can be represented as a graph with the specified edge types. | Test both forward and reverse modes produce consistent structured outputs.","A structured representation system for dossiers (e.g., YAML schema). | A notion of a core question to be answered. | A graph model for representing relationships between dossiers.","Enables deterministic, machine-navigable, and comparable dossiers by enforcing a fixed seven-question structure, separating evidence from interpretation, and making dependencies and falsification explicit.","Preserves the ability to represent narrative research pages as dossiers, but adds structure without requiring changes to underlying content.","If the protocol is removed, dossiers revert to unstructured narratives, losing determinism, comparability, and machine-navigability.","YAML schema for Q1-Q7 fields. | Graph edges: depends_on, supports, predicts, contradicts, falsifies. | Page rendering mapping from Q1-Q7 to visual sections.",coherent,yes,yes,procedural protocol,NOT_ESTABLISHED,B,adopt as procedural standard for dossier structuring,"Claims that the protocol makes dossiers 'stronger' or 'difficult to manipulate rhetorically' are not formally proven. | The protocol assumes a single core question, which may not fit all dossier types. | The required fields may be overly prescriptive for some domains.","If a dossier legitimately requires multiple core questions, the protocol fails. | If the required fields cannot be populated for a given dossier type, the protocol is inapplicable. | If the protocol is shown to hinder rather than aid investigation, it should be abandoned.","A minimal implementation: enforce Q1-Q7 as a checklist, with optional YAML fields, and allow flexible rendering.","This document defines a protocol for structuring investigative dossiers as answers to seven mandatory questions: Identity, Domain, Claim, Evidence, Dependencies, Consequences, and Falsification. It aims to make dossiers deterministic, machine-navigable, and comparable by separating evidence from interpretation and making assumptions explicit. The protocol is procedural and not a scientific claim; it is a useful organizational tool but its asserted benefits are not formally proven."
solve_master_equation.md,solve_master_equation,solve_master_equation.ipynb,"The time evolution of the 10-variable system is governed by the Euler-Lagrange equations derived from the Lowe Coherence Lagrangian, and must be integrated numerically with adaptive step size control to maintain energy conservation.","Master equation: the second-order 10-dimensional nonlinear ODE system M(q)*q + C(q, q)*q + V(q) = F_external(t), written as a first-order 20-dimensional system in (q, q). | M(q): 10x10 mass matrix (chi-weighted kinetic metric). | C(q, q): Coriolis-like term from chi's dependence on q. | V(q): gradient of the entropic potential. | F_external(t): external forcing (grace injection over time). | Adaptive step size: step size adjusted based on energy drift per step; if drift exceeds threshold, step is rejected and retried with smaller dt.","Integrate the master equation system numerically with adaptive step size control, producing trajectories q(t), q(t), chi(t), and Hamiltonian H(t) for selected grace profiles.",Does not solve the chi-field PDE for spatial structure; that is handled by chi_field.ipynb. | Does not provide analytical solutions or proofs of existence/uniqueness. | Does not guarantee physical validity beyond numerical accuracy of the ODE integration.,Energy drift per 1000 steps should be below 10^-8 for canonical parameters (seed 2828). | All 10 variable trajectories should remain bounded. | Chi-field chi(t) should show expected convergence behavior. | Grace profiles should produce the expected 'Four Lines' behavior pattern.,"Lowe Coherence Lagrangian | MasterEquation class (integrate_rk4 method) | chi_field.ipynb (for spatial structure, though not directly used here)","Provides a standalone, adaptive-step ODE solver for the master equation with selectable grace profiles, enabling exploration of different time-evolution scenarios.","Preserves the ability to integrate the master equation with energy conservation checks, as previously available via integrate_rk4 but with enhanced control.","Without this solver, time-evolution trajectories for the 10-variable system would lack adaptive step size control, risking inaccuracy in stiff regions and reducing trust in scenario exploration.",ODE solver | Adaptive step size | Energy drift | Grace profiles | Trajectory output,coherent,yes,yes,numerical_method,COLAB_REPRODUCIBLE,B,preserve as numerical tool; do not treat as proof of physical theory,Claiming that numerical integration validates the underlying physics. | Assuming that energy drift below 10^-8 implies correctness of the model. | Extrapolating results beyond tested parameter ranges.,If the master equation derivation is found to be inconsistent with the Lagrangian. | If the adaptive solver fails to maintain energy conservation in stiff regimes. | If the 'Four Lines' pattern is not reproducible with the stated parameters.,"A robust numerical solver for the master equation, with clear documentation of its limitations and no overclaiming of physical proof.","This document describes a Google Colab notebook that numerically solves the master equation (a 10-dimensional second-order ODE system) using adaptive step size control to maintain energy conservation. It provides trajectory outputs and selectable grace profiles for scenario exploration. The notebook is a numerical tool, not a proof of the underlying theory."
STATUS_UPDATE_April18.md,STATUS_UPDATE_April18,"Status Update April 18, 2026",The GTQ-01 HTML file is the gold standard for all article templates; all other articles must be stamped with its CSS and JS while preserving their original content.,"Gold Standard: The rebuilt gtq-01-measurement-collapsed-reality.html file, which includes custom audio players, player strips, oversized Born Rule section, decoherence steps, falsification criteria, sign-out cards, canvas chalkboard, and tab rename. | Template Stamping: Replacing the CSS and JS blocks of an existing HTML file with those from GTQ-01, adding player strips, renaming tabs, but keeping all article body content unchanged. | Tangent HTML: An HTML file built from a tangent markdown source using the tangent article template from GTQ-01A as a base.","Apply the GTQ-01 template to all 20 non-GTQ-01 articles by replacing CSS and JS blocks, adding player strips, renaming tabs, and preserving original content. Build the 5 missing tangent HTML files from their markdown sources. Continue Phase 2-3 tasks as specified.",Do not modify GTQ-01 itself. | Do not rewrite article body content during template stamping. | Do not address the L8 (GoEmotions) pipeline failure; it is known and non-critical. | Do not fix the audio CDN standardization or empty audio src issues; they are listed as anomalies to fix but not part of the immediate action.,Verify that each stamped article has the GTQ-01 CSS and JS blocks verbatim. | Verify that player strips appear at the top of Paper and Tangent tabs with correct audio URLs. | Verify that tab buttons are renamed appropriately. | Verify that original article body content remains unchanged. | Verify no unclosed tags or broken CSS in stamped files. | Verify that the 5 tangent HTML files are built and render correctly.,GTQ-01 HTML file (gold standard) | AGENTS.md spec | articles.json manifest | Existing HTML files for 20 articles | Markdown sources for 5 tangent articles | Tangent article template from GTQ-01A,"Enables systematic template stamping of all articles to match the GTQ-01 gold standard, improving consistency and user experience across the website.",Preserves the original content and structure of each article while upgrading the visual and interactive elements.,"Without this action, the website will remain inconsistent, with GTQ-01 being the only article with the new design, and the 5 tangent articles will remain missing, degrading the overall site coherence.",HTML/CSS/JS template | Audio player integration | Tab navigation | Article metadata,coherent,yes,yes,operational directive,NARRATIVE_ANCHOR,B,execute,Assuming template stamping will work identically for all articles without testing. | Assuming the 5 tangent HTML files can be built without issues from markdown sources. | Assuming the design rules are universally applicable without user feedback.,"If GTQ-01 is modified or lost, the gold standard is invalidated. | If AGENTS.md or articles.json are missing or inaccurate, the stamping process fails. | If the existing HTML files have structural inconsistencies that prevent clean CSS/JS replacement.","Minimize manual intervention by automating the template stamping process as much as possible, using the manifest and spec to drive changes.","This status update from April 18, 2026, reports that GTQ-01 has been rebuilt as the gold standard for article templates, and a pipeline run has completed. The primary next step is to stamp the GTQ-01 template onto the other 20 articles, build 5 missing tangent HTML files, and continue Phase 2-3 tasks. The document provides design rules and lists anomalies to fix. The action is to execute the template stamping and tangent builds as specified."
symbolic_derivations.md,symbolic_derivations,symbolic_derivations.ipynb,"Analytical derivations using SymPy provide exact mathematical results that support the chi-field framework, including coherence ODE solutions, modified Friedmann equations, Klein-Gordon verification, and entropy-coherence relationships.","Chi-field: a scalar field representing coherence or spiritual health. | Coherence ODE: dchi/dt = -*chi + G(t), where chi is coherence,  is decay rate, G(t) is grace injection. | Modified Friedmann equation: H = (8G/3)* / (1 - (/3)*chi). | Entropy-coherence relationship: information content I  -S, where S is entropy; coherence is negentropy. | Grace injection: external input G(t) that sustains coherence against decay.","Use these symbolic derivations as exact mathematical anchors for the chi-field framework, providing analytical solutions and verification for numerical simulations and theoretical predictions.",Does not provide a rigorous formal derivation of the entire chi-field theory; that is in canonical_derivation.ipynb. | Does not establish physical reality of the chi-field; derivations are mathematical within the assumed framework. | Does not prove the modified Friedmann equation matches observational data; only derives the form. | Does not prove the entropy-coherence relationship applies to actual spiritual systems; it is a mathematical analogy.,"Numerical verification: symbolic results compared to Euler integration; e.g., chi(5) symbolic 1.14869 vs Euler 1.14843, difference < 210. | SymPy algebraic verification: Klein-Gordon solution substitution reduces to zero exactly. | Independent computation: notebook available for rerun in Colab.","SymPy computer algebra system | canonical_derivation.ipynb (as rigorous formal derivation) | Standard physics equations (Friedmann, Klein-Gordon, thermodynamics)","Provides exact analytical solutions and symbolic verifications for key equations in the chi-field framework, including coherence ODE, modified Friedmann, and entropy-coherence, enabling precise predictions and cross-checking of numerical results.",Preserves the mathematical consistency of the chi-field framework by ensuring derived equations are algebraically correct and numerically verified.,"Without these symbolic derivations, the framework loses exact analytical support for coherence dynamics and cosmological modifications, reducing confidence in numerical simulations and theoretical predictions.","Mathematics: ODE solutions, perturbative expansions, dispersion relations | Physics: Friedmann equations, Klein-Gordon equation, entropy | Theology: coherence as spiritual health, grace as external input",coherent,yes,yes,mathematical derivation,SYMBOLIC_SUPPORTED,B,preserve as supporting mathematical derivation,Interpreting mathematical derivations as physical proof of chi-field existence. | Treating the modified Friedmann equation as confirmed by data when only derived. | Extending entropy-coherence analogy to theological claims without additional evidence.,If SymPy derivations are found to contain algebraic errors. | If numerical verification fails to converge to symbolic results. | If the modified Friedmann equation contradicts observational constraints beyond H tension.,"Mathematical consistency and analytical support for the chi-field framework, without overclaiming physical reality.","This document presents five symbolic derivations using SymPy that support the chi-field framework: integration of the master equation, analytical solution of the coherence ODE, modified Friedmann equations, Klein-Gordon verification, and entropy-coherence relationships. All results are numerically verified. The derivations are mathematically sound but do not establish physical reality; they serve as exact mathematical anchors within the assumed framework."
SystemRegistry.md,SystemRegistry,SystemRegistry.lean,"The semantic address of a system state is a typed function from the ten variables to a score in Fin 4, and the mapping from algebraic values to scores is fixed by stateToScore.","Variable: an inductive type with ten constructors G, M, E, S, T, K, R, Q, F, C. | Score: a Fin 4 value (0,1,2,3) representing Absent, Weak, Moderate, Dominant. | Address: a function from Variable to Score. | stateToScore: maps one to 3, zero to 0, and any other value to 1.","Provide a typed mapping between algebraic values and semantic scores, enabling the Semantic Addressing System to be used as a diagnostic tool.",Does not define the LawIndex-to-Variable mapping; the theorem is not fully proven. | Does not establish that the mapping is unique or canonical beyond the stated definitions. | Does not provide a procedure for computing scores from real-world situations.,"Check that Variable has exactly ten constructors. | Check that Score is Fin 4. | Check that stateToScore maps one to 3, zero to 0, and other values to 1. | Check that address_convergence is stated and that its proof is incomplete (contains sorry).",CoherenceAlgebra.lean | LawIndex.lean (pending),"Provides a formal bridge from algebraic states to semantic scores, enabling a typed diagnostic addressing system.",Preserves the algebraic definitions of one and zero as the basis for semantic scores.,"Without this file, the semantic addressing system loses its formal connection to the algebra, reducing to an arbitrary scoring scheme.",Variable | Score | Address | stateToScore | address_convergence,defective,partial,no,formal bridge definition,NOT_ESTABLISHED,C,quarantine,Claiming that the semantic addressing system is derived from algebra when the mapping is incomplete. | Treating address_convergence as proven despite sorry statements.,If the LawIndex-to-Variable mapping is inconsistent with the ten variables. | If stateToScore mapping is not well-defined for all algebraic values.,Complete the proof of address_convergence by providing the LawIndex-to-Variable mapping and removing sorry.,"SystemRegistry.lean defines a typed mapping from algebraic values to semantic scores (Variable, Score, Address) and states a theorem that total algebraic coherence implies all scores are Dominant. However, the proof is incomplete, so the bridge is not yet formally established."
T01_TrinityNecessity.md,T01_TrinityNecessity,The Trinity: Mathematical Necessity,"A self-knowing, self-loving God necessarily exists as Trinity: exactly three persons, not one, not two, not four or more.","Self-knowledge: God's knowledge of Himself, requiring a distinction between knower and known. | Self-love: God's love of Himself, requiring a distinction between lover and beloved. | Person: A distinct hypostasis within the Godhead, sharing the same essence. | Essence: The divine nature common to all three persons. | BC4: The boundary condition that maximal coherence (C_max) requires exactly three observers.","The system should treat the Trinity as a necessary consequence of divine self-knowledge and self-love, and use this to evaluate theological claims about God's nature.","This does not claim to prove the Trinity from physics or mathematics alone; it is a philosophical/theological derivation. | It does not assert that all unitarian views are logically impossible, only that they fail to account for self-knowledge and self-love. | It does not provide empirical evidence for the Trinity.",Check that the derivation from self-knowledge and self-love to three persons is logically valid. | Verify that the definitions of person and essence are consistent. | Assess whether the argument against unitarian views is sound. | Check that the claim 'exactly three' is not overextended beyond the given reasoning.,T.1 Self-Knowledge | T.2 Self-Love | T.3 Relation-Real | T.4 Three-One | T.5 Names | T.6 BC4,"Provides a philosophical derivation for the necessity of the Trinity, offering a framework to critique unitarian theologies.",Preserves the core Christian doctrine of the Trinity as a coherent and necessary truth.,"Without this axiom, the Trinity would appear arbitrary or merely revealed, weakening the case against unitarian alternatives.",Theological | Philosophical | Mathematical (informal),coherent,partial,unclear,Theological necessity claim,NOT_ESTABLISHED,C,"Treat as a philosophical argument, not a formal proof; require further formalization for stronger status.","Claims mathematical necessity without rigorous formal proof. | Uses analogies to physics (e.g., SU(3)) that are not direct evidence. | May overstate the failure of unitarian views.",If self-knowledge can be shown to not require distinction. | If self-love can be shown to not require relation. | If a coherent unitarian model of self-knowledge and self-love is provided.,Formalize the argument in a proof assistant to test logical validity.,"This document argues that God's self-knowledge and self-love necessitate three distinct persons within the Godhead, making the Trinity a logical necessity. It critiques unitarian views for failing to account for these aspects. However, the argument is philosophical and not formally proven, so it should be treated as a plausible but not established claim."
T02_OperatorAlgebra.md,T02_OperatorAlgebra,The Trinity Operator Algebra,"The Trinity has mathematical structure: F, L,  operators with specific algebra. The Persons are functionally distinct yet essentially united.","F: Father operator, source/generation, unbegotten origin. | L: Logos operator, structure/form, eternally begotten. | : Spirit operator, action/actualization, proceeds from Father (and Son). | chi: the divine essence shared by all three Persons. | Non-commutative: order of operations matters; [F, L]  0, etc.",Formalize trinitarian distinctions using operator algebra; use non-commutativity to argue against modalism and sabellianism.,Does not claim physics proves the Trinity. | Does not claim the operators are separate beings. | Does not claim non-commutativity implies conflict.,"Check that the three operators are irreducible to one. | Check that order of operations matters (non-commutativity). | Check that the operators share the same essence. | Check that physical analogies are used only as pointers, not proof.",050_T.6_Trinity-Operators | 051_T.7_Father-Operator | 052_T.8_Logos-Operator | 053_T.9_Spirit-Operator,"Provides a formal algebraic structure for trinitarian distinctions, enabling precise articulation against modalism and sabellianism.",Preserves the core trinitarian doctrine of three Persons in one essence.,"Without this, the defense against modalism and sabellianism loses its formal rigor and may fall back to mere assertion.",theology | mathematics | physics analogy,coherent,yes,yes,theological formalization,NOT_ESTABLISHED,C,preserve as theological model; do not treat as proven physics,Claiming the algebra is proven or necessary. | Implying physical non-commutativity validates the theology. | Overstating the precision of the operator analogy.,If the operators are shown reducible to one. | If the order of operations is shown irrelevant. | If the operators are shown to be separate beings.,Formalize trinitarian distinctions without claiming empirical proof.,"This document proposes a mathematical formalism for the Trinity using operators F, L,  to represent the Father, Son, and Spirit. It argues that their non-commutative algebra reflects genuine distinction while sharing one essence. It uses this to refute modalism and sabellianism. However, the formalism is a theological model, not a proven mathematical theorem, and should be treated as such."
T03_Perichoresis.md,T03_Perichoresis,Perichoresis and Unity,The three Persons mutually indwell (perichoresis). This is how 3 = 1 without contradiction.,"Perichoresis: mutual indwelling, co-inherence of the three Persons. | Essence (ousia): the one divine nature shared identically by all three Persons. | Relation (hypostasis): the distinct personal property (paternity, filiation, spiration) that distinguishes the Persons. | Mutual containment: each Person completely contains the others, not spatially but in a non-spatial, interpenetrating sense.","The system should treat the Trinity as three Persons in one essence, distinguished only by relation, and reject any model that divides the essence (tritheism) or makes unity contingent (social trinitarianism).",Does not claim to prove the Trinity from physics or mathematics; analogies are illustrative only. | Does not define the precise nature of perichoresis beyond mutual indwelling. | Does not address the logical consistency of self-referential containment beyond asserting coherence.,"Check that any representation of the Trinity maintains exactly three Persons and one essence. | Verify that the relations (paternity, filiation, spiration) are distinct and not confused with essence. | Ensure that no statement implies division of essence or contingent unity.","T01 (BC4 requires exactly three for complete self-reference) | Axioms 051, 054, 055, 056","Provides a coherent model of the Trinity as perichoresis, distinguishing Persons by relation while maintaining unity of essence.",Preserves monotheism (one essence) and the distinctness of the three Persons.,"Without perichoresis, the Trinity collapses into tritheism or modalism, losing the coherent unity-in-distinction.",Theological | Philosophical | Mathematical (set-theoretic containment),coherent,yes,unclear,Theological axiom,NOT_ESTABLISHED,C,Preserve as a theological axiom; do not treat as a proven physical or mathematical theorem.,Claiming that perichoresis is proven by physics analogies. | Treating the mathematical formalism as a rigorous proof of the Trinity. | Overstating the coherence of self-referential containment without formal proof.,If mutual containment is shown to be logically contradictory in a formal system. | If the distinction between essence and relation is shown to be incoherent. | If the model fails to preserve monotheism or the distinctness of Persons.,"Formalize the perichoresis model in a proof assistant to verify its internal consistency, but do not claim it proves the Trinity.","This document argues that the Trinity is best understood as perichoresis: three Persons mutually indwelling in one essence, distinguished only by relation. It rejects tritheism and social trinitarianism. The argument is theological and philosophical, using analogies and set-theoretic notation, but does not provide a formal proof. The model is coherent but not established as a mathematical or physical fact."
T04_BC4Uniqueness.md,T04_BC4Uniqueness,Why Only Christianity Satisfies BC4,"Only a triune God (three persons, one essence) satisfies the boundary condition BC4 requiring exactly three observers for maximal coherence; all non-Trinitarian religions fail this condition.","BC4: Boundary condition requiring N_observers = 3 for C = C_max (zero-uncertainty self-referential system). | Trinity: Three distinct persons (Father, Son, Spirit) sharing one essence (homoousios). | N: Number of distinct personal observers. | |E|: Number of essences or beings. | C: Coherence measure; C_max is maximum coherence.","Evaluate any proposed religion or worldview against BC4 by counting distinct personal observers and essences; if N=3 and |E|=1, it passes; otherwise, it fails.","Does not prove Christianity is true in all respects; only claims coherence with BC4. | Does not address other boundary conditions BC1-BC8 in full detail. | Does not claim to have examined all possible religions; logical space limited to N=0,1,2,3,many. | Does not assert that BC4 is the only necessary condition for truth.","For any religion R, compute N(R) and |E(R)|; check if N=3 and |E|=1. | Verify that the three persons are distinct yet share one essence (not tritheism or modalism). | Check that the religion affirms eternal self-knowledge and self-love without creation.",T.10 (BC4 requires Trinity structure) | D4 (Only Christianity satisfies all BCs) | T.1 (self-knowledge requires knower/known) | T.2 (self-love requires eternal beloved),"Provides a formal criterion (N=3, |E|=1) to evaluate religious claims against BC4, enabling systematic comparison.",Preserves the prior axioms T.10 and D4 by operationalizing BC4 into a testable condition.,"If this node is removed, the uniqueness claim for Christianity loses its mathematical justification; BC4 remains but no religion is shown to satisfy it.","Theology: Trinity, persons, essence | Mathematics: N, |E|, coherence | Information theory: observers, self-reference",coherent,partial,unclear,Uniqueness claim with mathematical formalism,NOT_ESTABLISHED,C,Quarantine as a conditional claim pending formal verification of BC4 derivation and uniqueness proof.,Claims 'mathematical' proof without rigorous formalization. | Equates BC4 with Trinity without independent justification. | Dismisses other religions based on simplified characterizations. | Assumes BC4 is necessary and sufficient for coherence.,If BC4 is shown not to require N=3. | If another religion is shown to have N=3 and |E|=1. | If the derivation of BC4 from self-reference is invalid. | If the boundary conditions are shown to be arbitrary.,"Formalize BC4 in a proof assistant (e.g., Lean) to verify the uniqueness claim.","This document argues that only Christianity, with its Trinity, satisfies a boundary condition BC4 requiring exactly three observers for a coherent self-referential God. It evaluates Islam, Judaism, Hinduism, Buddhism, and Unitarianism as failing. However, the proof is not formally established and relies on theological interpretations."
targeted_c_d_source_copy_summary.md,targeted_c_d_source_copy_summary,Targeted C/D Lean Source Copy Summary,A curated copy of Lean-related source files from specified directories is a sufficient basis for auditing and formalizing theophysics axioms.,"Targeted source cluster: the set of files copied from the listed roots into the intake folder. | Lean source: files with .lean extension or otherwise identified as Lean-related in the copied set. | Excluded artifacts: .lake, .git, node_modules, package/mathlib internals, virtual environments, build/dist output, and cache-style folders.",Use the copied source set as the input corpus for auditing and formalizing theophysics axioms in Lean.,"Does not assert that the copied set is complete or exhaustive of all relevant sources. | Does not assert that the copied files are correct, verified, or consistent. | Does not assert that the excluded files are irrelevant to the formalization effort. | Does not provide any content or proof from the copied files.",Verify that the manifest file lists exactly 410 files and matches the counts by extension. | Verify that the excluded directories and file types are not present in the copied set. | Verify that the copied files originate from the listed roots.,The existence of the source directories and files on the local machine. | The manifest file 'targeted_c_d_source_copy_manifest.csv'.,"Provides a curated corpus of Lean-related files for auditing and formalization, enabling a focused review of theophysics axioms.",Preserves the ability to access and review the original source files as they existed at the time of copying.,"If this summary is removed, the audit loses its documented basis for which files were included and excluded, potentially causing confusion about the scope of the corpus.",File paths and directory names. | File extensions and counts. | Exclusion rules.,coherent,yes,yes,procedural,NOT_ESTABLISHED,C,preserve_as_metadata,The summary may be mistaken for a proof or verification of the copied files' correctness. | The term 'targeted' may imply a completeness that is not asserted. | The counts may be inaccurate if the copy process was interrupted or modified.,If the manifest file does not match the summary's counts. | If the copied files are found to be corrupted or incomplete. | If the source directories are no longer accessible for verification.,No Lean target; this is a metadata document.,"This document is a summary of a file copy operation, listing 410 files from various directories related to Lean and theophysics. It provides counts by file type and notes exclusions. It does not contain any mathematical content or proofs; it is purely procedural metadata."
targeted_source_copy_summary.md,targeted_source_copy_summary,Targeted Source Copy Summary,"A source copy summary is a faithful inventory of copied files and directories, preserving the original structure and content without alteration.","Source root: a top-level directory or repository from which files are copied. | Copied file: a file whose content is byte-for-byte identical to the original at the time of copying. | Excluded artifact: build outputs, toolchain dependencies, and generated files that are not part of the source content.",The system should treat this document as a record of source file inventory and use it to verify that the copy operation preserved the original files without modification.,This document does not assert any physical or mathematical theorem. | It does not provide proof of any theophysics claim. | It does not validate the content of the copied files.,Check that the listed source roots and file counts match the actual copied directories. | Verify that the extension counts sum to the total number of files. | Confirm that excluded artifacts are not part of the copied set.,,Provides an inventory of source files for auditing and provenance tracking.,Preserves the record of which source directories were copied and their file counts.,"Without this summary, the provenance of the copied files would be less clear, but the files themselves would remain.",source_root | file_count | extension_count,coherent,yes,yes,administrative_record,NOT_ESTABLISHED,C,archive,Interpreting file counts as evidence for the truth of theophysics claims. | Assuming that copied files are verified or proven.,If the document is used as a proof of a physical theory. | If the file counts are found to be inaccurate.,none,"This document is a summary of a file copy operation, listing source directories and file counts. It is not a scientific or mathematical proof and should not be treated as one."
TEN_LAWS_BRIDGE_MATRIX_2026-07-17.md,TEN_LAWS_BRIDGE_MATRIX_2026-07-17,Ten Laws Bridge Matrix,"The Ten Laws must not be treated as one undifferentiated class of claim; each law must be labeled with its claim status, structural bridge, theological mapping, stress point, and canonical sentence.","Strong Bridge: The mapping has clear preserved structure and can carry major framework weight. | Promising Bridge: The mapping is useful but needs tighter constraints or source support. | Poetic / Homiletic: Useful for teaching or devotion, but should not carry proof-weight. | Needs Formalization: The law may be strong, but the exact preserved relation must be defined before using 'isomorphic.' | Overclaim Risk: Current language may imply more than the bridge can support.","Apply the Bridge Protocol to the Ten Laws by labeling each law with claim status, structural bridge, theological mapping, stress point, and canonical sentence; avoid overclaims and use 'isomorphic' only when formal mappings are defined.","Does not weaken the claims; it labels what kind of claim each sentence is allowed to be. | Does not prove theology from physics; it supplies measured structures that map to theological concepts. | Does not treat all laws as equally proven, formal, or safe. | Does not use 'proves' unless actually proven; does not use 'isomorphic' without formal definitions.","Check that each law document includes a Claim Status block with physical claim, structural bridge, theological mapping, stress property, overclaim to avoid, and canonical sentence. | Check that no law uses 'proves' unless the claim is actually proven. | Check that 'isomorphic' is only used when source, target, and preserved relations are explicitly defined. | Check that each law has a 'Stress Properties' section naming what does not fit and what the mapping is not allowed to claim.",Bridge Protocol | Ten Laws framework | Physics claims for each law | Theological mappings for each law,"Provides a first-pass correction against overclaims by labeling each law with claim status and canonical sentence, enabling the framework to distinguish strong bridges from dangerous ones.","Preserves the Ten Laws framework and its theological mappings, but adds discipline to prevent ungraded leaps from physics to theology.","Without this matrix, the Ten Laws would revert to treating all laws as equally proven and safe, leading to overclaims and rhetorical danger.",Physics claim | Structural pattern | Theological mapping | Stress point | Canonical sentence | Overclaim to avoid,coherent,yes,yes,Methodological correction,NARRATIVE_ANCHOR,B,Adopt as a governing protocol for the Ten Laws; apply to each law document.,May be mistaken for a proof of theological claims from physics. | May be used to justify overclaims if the status labels are not enforced. | May be seen as weakening the Ten Laws rather than clarifying them.,If the matrix is used to claim that physics proves grace or other theological concepts. | If 'isomorphic' is used without formal definitions. | If the stress points are ignored and overclaims persist.,"A formal protocol for labeling claims in the Ten Laws, with clear definitions of statuses and canonical sentences.","This document is a corrective matrix that applies the Bridge Protocol to the Ten Laws, labeling each law with a claim status (Strong Bridge, Promising Bridge, etc.) and a canonical sentence to prevent overclaims. It identifies the strongest and most dangerous bridges, and prescribes immediate corrections such as replacing 'proves' with 'maps' and reserving 'isomorphism' for formal mappings. The node is a methodological correction, not a proof of theology from physics."
test03_pt_biblical_complexity.md,test03_pt_biblical_complexity,test03_pt_biblical_complexity.ipynb,"The informational complexity of biblical text increases monotonically across the 2,500 years of biblical history.",Informational complexity: measured by compression ratio via zlib; shorter compressed representation = lower complexity; larger compressed representation = higher information content. | Biblical era: one of ten chronologically ordered periods from Pre-Abrahamic to Apostolic and Canonical. | Monotonic increase: each era's complexity is greater than the previous era's complexity.,The system should measure the informational complexity of biblical text across eras and test for monotonic increase using Spearman rank correlation.,This test does not prove divine inspiration. | This test does not measure all aspects of biblical complexity; it uses a specific proxy (compression ratio). | This test does not establish causality between the K component and the observed pattern.,Compute compression ratios for each era's text. | Rank eras by complexity and by chronology. | Compute Spearman rank correlation and p-value. | Check if  = 1.0 and p < 0.05.,Theophysics framework with K (Logos) component | Shannon entropy / information theory | zlib compression algorithm | Biblical text corpus with era segmentation,Provides an empirical test of the K component's prediction of monotonic information growth in biblical revelation.,"Preserves the claim that the K component predicts progressive revelation, but does not extend to proof of divine inspiration.","If this test is removed, the empirical support for the K component's information-growth prediction is weakened, but the framework may still stand on other evidence.","Statistical: Spearman  = 1.0, p = 6.65e-64 | Information-theoretic: compression ratio via zlib | Theological: Logos (K) component",coherent,yes,yes,empirical observation,COLAB_REPRODUCIBLE,B,archive,"The result is presented as 'essentially impossible' under null hypothesis, but this is a statistical statement, not a proof of the framework. | The interpretation says 'the framework made a prediction. The data confirmed it.' This could be overread as confirming the entire Theophysics framework. | The test uses a proxy (compression ratio) that may not fully capture 'informational complexity' as defined in the framework.","If the biblical text segmentation is arbitrary or not reproducible. | If the compression ratio metric is not a valid measure of the K component. | If the statistical test is misapplied (e.g., p-value calculation error).",The monotonic increase in compression-based complexity across biblical eras is a reproducible empirical observation.,"This document reports a statistical test on biblical text complexity across ten eras, finding perfect rank monotonicity (Spearman  = 1.0) with extremely low p-value. It claims this supports the Theophysics K component's prediction of progressive revelation, but explicitly does not prove divine inspiration. The test is reproducible in a Colab notebook."
test04_grace_response_time.md,test04_grace_response_time,Grace Response Time Test,"Grace response in biblical communities follows an exponential approach to equilibrium, consistent with a first-order linear system.","Grace event: identifiable historical divine intervention, covenant renewal, or prophetic call. | Response curve: measurable behavioral or textual change in surrounding communities over time. | Time constant : characteristic time for the response to reach ~63.2% of the new equilibrium.",The system should test whether historical grace responses exhibit exponential approach behavior and whether fitted  values cluster within a predicted range.,Does not claim to prove the chi-field is the underlying mechanism. | Does not assert that grace is fast or slow; only that the response form is exponential. | Does not address non-biblical or modern grace events.,Identify grace events in biblical history. | Measure response curves from textual/behavioral changes. | Fit exponential curves and extract  values. | Compare  distribution to model prediction. | Perform statistical test to distinguish exponential from step or linear response.,Chi-field model with G component | Historical biblical data | Curve fitting and statistical methods,"Provides a quantitative test for the G component's prediction of exponential grace response, distinguishing it from alternative response models.",Preserves the qualitative claim that grace events produce measurable community responses.,"Without this test, the G component's dynamic prediction remains untested and the model's empirical support is weakened.",Exponential approach to equilibrium | First-order linear system | Time constant  | Grace injection,coherent,partial,unclear,empirical test result,COLAB_REPRODUCIBLE,C,Preserve as a test result; do not elevate to proof of mechanism.,Claiming the exponential fit proves the chi-field mechanism. | Overinterpreting  clustering as universal law. | Ignoring alternative explanations for exponential patterns.,If the statistical test fails to distinguish exponential from other forms. | If  values are not consistent across eras. | If data is insufficient or cherry-picked.,Formalize the statistical test and ensure reproducibility in a Lean or Python environment.,"This document reports a test that checks whether biblical communities' responses to grace events follow an exponential curve, as predicted by the chi-field model. The test passed, but it only shows consistency, not proof of the underlying mechanism. The result should be treated as a supporting observation, not a definitive proof."
test05_prophecy_precision.md,test05_prophecy_precision,test05_prophecy_precision.ipynb,"Prophetic precision, operationalized as information content, increases monotonically across biblical eras.","Precision: number of independent, testable, specific claims in a prophetic statement. | Specific conditions: countable elements such as named entities, time qualifications, and mechanistic specificity. | Monotonic growth: non-decreasing trend in precision scores across successive biblical eras.",The system should measure prophetic precision across biblical eras using the defined criteria and compare the trend to the predicted monotonic growth.,Does not verify that prophecies came true. | Does not establish a causal mechanism. | Does not claim that the scoring is objective beyond the defined criteria. | Does not generalize beyond the specific corpus and scoring method.,Apply the scoring criteria to prophetic statements across eras. | Check that precision scores do not decrease over time. | Compare the observed trend to the prediction of monotonic growth.,Test 03 (informational complexity of the whole textual corpus) | Theophysics framework assumptions about K component growth,"Provides a measurement of prophetic precision as a subcategory of information content, complementing Test 03.","Preserves the claim that information content in biblical text increases over time, as measured by Test 03.","If removed, the suite loses a specific test for prophetic statements, but the overall claim of increasing information content may still be supported by Test 03.",Information content | Prophetic precision | Monotonic growth,coherent,partial,unclear,empirical observation,COLAB_REPRODUCIBLE,C,record as empirical observation with stated limitations,The term 'precision' is operationalized in a specific way that may not match common usage. | The scoring criteria are deterministic but may be subjective in application. | The result is presented as 'PASSED' without statistical rigor or comparison to a null model. | The interpretation implies theological significance beyond the measurement.,If the scoring criteria are shown to be arbitrary or inconsistent. | If the monotonic trend disappears when applied to a broader or different corpus. | If the measurement is not reproducible by independent researchers.,"A lean version would state: 'Using the defined criteria, prophetic statements in this corpus show a non-decreasing trend in information content over time.'","This document describes a Colab notebook that claims to measure prophetic precision in the Bible and finds it increases over time. The measurement is based on a specific operationalization of precision as information content. The result is presented as passed, but the document does not provide statistical analysis or external validation. The claim is limited to the defined criteria and does not verify prophecy fulfillment."
test06_sin_complexity.md,test06_sin_complexity,test06_sin_complexity.ipynb,Deception and sin require more informational resources to maintain than truth and righteousness.,"Sin descriptions: accounts of transgression, moral failure, deception, covenant breaking. | Righteousness descriptions: accounts of faithfulness, truth-telling, covenant keeping, moral success. | Compression ratio: compressed size / original size; lower ratio indicates lower complexity.",Compress biblical text passages classified as sin or righteousness descriptions using zlib; compare compression ratios to test the prediction.,Does not prove a causal relationship between sin and complexity. | Does not establish that the biblical corpus is a representative sample of all sin/righteousness descriptions. | Does not validate the theological interpretation beyond the statistical result.,Classify passages into sin and righteousness categories. | Compute zlib compression ratios for each class. | Assess statistical significance of the difference in ratios.,JAX suite Test 4 (Kolmogorov Sin) theoretical proof | Biblical text corpus with classification,"Provides an empirical, measurable demonstration that sin descriptions are more complex than righteousness descriptions in biblical text.",Preserves the theoretical claim from Test 4 that deception has higher algorithmic complexity than truth.,"If removed, the empirical confirmation of the complexity prediction for sin is lost, weakening the bridge between theory and biblical text.",Kolmogorov complexity | Compression ratio | Information theory,coherent,partial,unclear,empirical observation,COLAB_REPRODUCIBLE,C,record as empirical observation with caveats,Interpreting statistical correlation as theological proof. | Assuming compression ratio is a perfect proxy for Kolmogorov complexity. | Generalizing beyond the specific biblical passages tested.,If the classification of passages is biased or inconsistent. | If the statistical significance is not robust to alternative classifications. | If the result cannot be reproduced independently.,The claim that sin descriptions are more complex than righteousness descriptions in the tested corpus.,"This document reports a Colab notebook test that compresses biblical passages about sin and righteousness using zlib, finding that sin descriptions have higher compression ratios (i.e., are less compressible) and thus higher algorithmic complexity. The result is presented as empirical confirmation of a theoretical prediction, but the document does not provide full methodological details or independent verification."
test07_community_scaling.md,test07_community_scaling,test07_community_scaling.ipynb,"Community coherence in covenanted communities scales nonlinearly with size, peaking at medium scale, analogous to nuclear binding energy per nucleon.","Community coherence: proxied by text measures of internal unity, doctrinal stability, and covenantal faithfulness. | Community scale: categorized as individual, tribal, national, imperial, or post-Pentecost early church. | R component: Strong Force/Love component of the chi-field. | C component: Coherence/Christ component of the chi-field.",Use the nonlinear scaling of community coherence to inform community design and expectations about growth and cohesion.,Does not establish a causal mechanism from nuclear physics to community dynamics. | Does not provide quantitative definitions of coherence or statistical methodology. | Does not claim that all communities follow this pattern; only covenanted communities in biblical history.,Check that the biblical record categorization is reproducible and not cherry-picked. | Check that coherence proxies are valid and consistently applied. | Check that the statistical significance claim is supported by actual data and analysis.,Chi-field theory with R and C components | Nuclear binding energy curve (iron peak) | Biblical historical records,"Provides a framework for predicting community coherence scaling based on size, with implications for community design.",Preserves the existing chi-field framework and its analogy to nuclear physics.,"If removed, the chi-field loses a claimed empirical validation from biblical history regarding community scaling.",Nuclear physics: binding energy per nucleon | Community dynamics: coherence per person | Theology: covenantal faithfulness,coherent,partial,unclear,empirical_analogy,NOT_ESTABLISHED,C,quarantine,"Claims 'statistically significant levels' without presenting data or statistical analysis. | Claims 'exact' parallel to nuclear physics, which is an analogy not a proven equivalence. | Generalizes from biblical record to universal community design without sufficient evidence.",If coherence proxies are shown to be subjective or inconsistent. | If the biblical record categorization is not reproducible. | If the statistical significance claim is unsupported or false.,"A lean version would state: 'In the biblical record, medium-scale covenanted communities appear to exhibit higher coherence per person than very small or very large ones, consistent with a nonlinear scaling hypothesis.'","This document claims that community coherence in biblical history scales nonlinearly with size, peaking at medium scale, analogous to nuclear binding energy. It reports a 'PASSED' test but provides no data or statistical analysis. The claim is an analogy, not a proven physical law, and should be treated as a hypothesis requiring further evidence."
test08_revelation_density.md,test08_revelation_density,Revelation Density S-Curve Test,Revelation density in biblical text follows a logistic growth curve over time.,"Revelation density: information content per unit of text across biblical eras, measured using compression-based complexity proxies. | Sigmoid curve: a logistic function R(t) = R_max / (1 + exp(-k(t - t0))). | Biblical eras: sequential periods of biblical history as defined in the test.","Compute revelation density across biblical eras, fit to a sigmoid, and assess fit quality.","Does not claim to prove divine action. | Does not make claims about canon. | Does not establish the chi-field model's validity. | Does not measure revelation itself, only text information structure.",R of sigmoid fit is high and better than linear and exponential fits. | Inflection point falls in mid-prophetic period. | Reproducible in Colab notebook.,Compression-based complexity measurement method (from Tests 03 and 06). | Biblical era segmentation. | Chi-field model's K component prediction.,Provides a quantitative test of the S-curve prediction for revelation density.,Preserves the empirical observation that the biblical text has non-random information structure.,"Without this test, the empirical support for the logistic growth prediction is weakened.",Information theory | Statistics (curve fitting) | Theology (revelation history),coherent,partial,unclear,empirical pattern claim,COLAB_REPRODUCIBLE,C,preserve as empirical observation; do not treat as proof of chi-field,Interpreting a curve fit as evidence for the chi-field model. | Assuming the measurement proxies accurately reflect revelation density. | Overgeneralizing from a single test to the entire framework.,If the sigmoid fit is not reproducible. | If alternative models fit equally well or better. | If the measurement method is shown to be biased.,Formalize the curve fitting and statistical comparison in Lean.,"This document reports a test that fits a sigmoid curve to the density of revelatory content across biblical eras, claiming a good fit. It is an empirical observation, not a proof of the underlying theory."
test09_constraint_satisfaction.md,test09_constraint_satisfaction,test09_constraint_satisfaction.ipynb,"A valid governance/restoration strategy must satisfy all six constraints simultaneously: free will preserved, grace available, justice maintained, community stable, entropy reversible, coherence achievable.","Free will preserved: the solution cannot override individual choice. | Grace available: provision for restoration must be accessible. | Justice maintained: sin debt must be accounted for, not ignored. | Community stable: the social system must remain functional over time. | Entropy reversible: the approach must be capable of reversing accumulated decay. | Coherence achievable: the end state must allow coherence, not just reduce damage. | Strategy: a proposed governance/restoration approach evaluated against the constraints.",The system should evaluate any proposed governance/restoration strategy against the six constraints and flag it as valid only if all six are satisfied.,This test does not prove the biblical strategy is objectively true or divinely inspired. | It does not model real-world dynamics or probabilistic outcomes. | It does not compare strategies on any other criteria beyond the six stated constraints. | It does not claim that the constraints are exhaustive or universally agreed upon.,Check that each strategy is evaluated against all six constraints. | Verify that the evaluation is categorical (satisfies/violates) and not probabilistic. | Confirm that the result is reproducible at any seed because the constraints are categorical. | Check that the conclusion only claims uniqueness within the defined set of strategies and constraints.,test09_results.json (the evaluation results) | The definitions of the six constraints and six strategies as stated in the document,"Provides a discrete, categorical constraint satisfaction evaluation of six named strategies, demonstrating that only the biblical strategy satisfies all six constraints simultaneously.","Preserves the prior capability of evaluating strategies against individual constraints, but adds a simultaneous multi-constraint check.","If this node is removed, the suite loses its highest-level structural comparison of strategies, reducing the empirical suite to text statistics and individual constraint checks without a holistic uniqueness claim.",constraint satisfaction problem | categorical evaluation | strategy comparison | biblical uniqueness claim,coherent,partial,unclear,empirical result from a computational model,COLAB_REPRODUCIBLE,C,"preserve as a reproducible computational experiment, but do not treat as proof of theological truth","The document claims 'uniquely optimal' but only within the defined set of six strategies and six constraints. | The conclusion may be interpreted as proving the biblical strategy is objectively superior, which is not established. | The constraints are chosen by the author and may not be exhaustive or universally accepted. | The evaluation is categorical and does not account for degrees of satisfaction or real-world complexity.",If any constraint is shown to be incorrectly defined or evaluated. | If a seventh strategy is found that also satisfies all six constraints. | If the evaluation is shown to be inconsistent or non-reproducible. | If the constraints are shown to be biased toward the biblical strategy by design.,"A reproducible constraint satisfaction model that demonstrates the biblical strategy satisfies all six stated constraints, without overclaiming uniqueness beyond the defined scope.","This document describes a Colab notebook that evaluates six governance strategies against six constraints. It claims that only the biblical strategy satisfies all six constraints, making it uniquely optimal within that set. The test is categorical and reproducible, but the conclusion is limited to the defined constraints and strategies, and does not prove theological truth."
test3_pt_validation.md,test3_pt_validation,test3_pt_validation.ipynb,"A result is validated only if it survives cross-validation, permutation testing, alternative metrics, and sensitivity analysis.","Cross-validation: splitting the 10 eras into training and test subsets and verifying correlation holds in both. | Permutation test: shuffling era labels 10,000 times to build an empirical null distribution. | Alternative metrics: using zlib compression ratio, gzip compression ratio, and raw entropy estimate as proxies for complexity. | Sensitivity analysis: removing each era one at a time and recomputing the correlation.",Apply these four validation techniques to any strong result before declaring it robust.,Does not establish the truth of the underlying hypothesis; only checks statistical robustness. | Does not claim the result is causal or that the complexity pattern is divinely ordained. | Does not extend beyond the specific dataset of 10 biblical eras.,"Check that cross-validation splits maintain positive correlation. | Check that permutation test yields zero successes in 10,000 trials. | Check that all three compression proxies show monotonic pattern. | Check that leave-one-out   0.97 for all removals.",test03_pt_biblical_complexity.ipynb (primary measurement) | Dataset of 10 biblical eras with complexity measurements,Provides a validation protocol that can be applied to any strong statistical result to rule out artifacts.,Preserves the primary result's statistical significance while adding robustness evidence.,"Without this validation, the primary result remains statistically significant but lacks robustness evidence; the claim of a 'validated result' collapses.",Statistical validation | Robustness checking | Empirical p-value,coherent,yes,yes,validation protocol,COLAB_REPRODUCIBLE,B,preserve as a validation protocol node,"The document claims the result is 'a finding' after validation, which may overstate the theological significance. | The permutation test's empirical p-value is reported as < 10, but the exact precision is limited by 10,000 trials. | The validation does not rule out all possible artifacts, only those tested.","If the primary test's data or methodology is found to be flawed, the validation cannot rescue it. | If the validation code is not reproducible or contains errors. | If the complexity proxies are not independent of the primary metric.",A robust statistical validation protocol for strong results.,"This document describes a validation notebook for Test 03, which measures biblical complexity. It applies cross-validation, permutation testing, alternative metrics, and sensitivity analysis to confirm that the observed perfect correlation ( = 1.0) is robust. The validation passes all checks, but it does not establish the underlying theological claim; it only supports the statistical robustness of the measurement."
test_10_laws.md,test_10_laws,test_10_laws.ipynb,The Theophysics framework is specific enough to be numerically tested; its 10 laws can be encoded as deterministic unit tests with pass/fail outcomes.,"PhysicalConstants: c=299792458.0, hbar=1.054571817e-34, G=6.674e-11, k_B=1.380649e-23, H0=70.0, xi=0.01, m_s=1e-33, lambda_coupling=1e-15, f_critical=0.35 | Law-to-theology mapping: G=Gravity/Grace, M=Mass-Energy/Meaning, E=Electromagnetism/Truth, S=Entropy/Judgment, T=Relativity/Relationship, K=Information/Logos, R=Strong Force/Love, Q=Quantum Mechanics/Faith, F=Weak Force/Sin, C=Coherence/Christ | f_critical: critical faith threshold, value 0.35, below which coherence cannot be maintained against entropic decay | m_s: soul field mass, 1e-33 kg, smallest possible massive excitation of chi-field, order-of-magnitude estimate","Run the pytest-style test suite to verify that all 10 law classes and integration tests pass, confirming the numerical consistency of the Theophysics framework.",Does not prove the physical reality of the chi-field or theological claims. | Does not compare against experimental data beyond known physical constants. | Does not establish the framework's external validity; only internal numerical consistency. | Does not address the speculative nature of parameters like m_s and f_critical.,Execute the notebook and confirm all tests pass. | Check that each test uses tolerance  1e-10. | Verify that the integration tests confirm total chi is product of all components and mass matrix is positive definite.,PhysicalConstants dataclass | Analytical predictions for each law | pytest framework and Colab environment,"Provides automated unit tests for all 10 laws, enabling rapid verification of numerical consistency and regression testing.",Preserves the existing law definitions and their analytical predictions; does not alter the framework's axioms.,"Without this test suite, there is no automated verification of the framework's numerical consistency, increasing risk of undetected errors.","Law-to-theology mapping (G, M, E, S, T, K, R, Q, F, C) | Physical constants and parameters | Test assertions and tolerances",coherent,yes,yes,verification artifact,PYTHON_RUNTIME_SUPPORTED,B,preserve as test suite; do not treat as proof of physical reality,Interpreting passing tests as evidence for the physical existence of the chi-field. | Treating f_critical and m_s as empirically validated constants. | Assuming the test suite validates the theological mappings.,If any test fails under standard execution. | If the test suite is found to contain tautological assertions. | If the analytical predictions are derived from the same assumptions being tested.,Formalize the test suite in a theorem prover to verify the mathematical correctness of the analytical predictions.,"This document describes a pytest-style test suite for the 10 laws of Theophysics. It claims that all tests pass, demonstrating numerical consistency. However, it does not provide external validation or proof of the underlying physics/theology. The suite is a useful verification tool but should not be overinterpreted."
test_base.md,test_base,test_base.py: Shared Test Infrastructure,Shared test infrastructure must be centralized to ensure consistency across all tests.,PhysicalConstants: canonical set of physical and framework constants as typed fields. | tolerance_check: standardized tolerance comparison with logging. | spearman_test: Spearman rank correlation with significance. | compression_complexity: zlib-based Kolmogorov complexity proxy. | TestLogger: class that records pass/fail and computes suite statistics.,"Provide a single shared module for constants, utilities, and logging to be imported by all tests.","Does not implement any specific test logic. | Does not define the scientific validity of the constants. | Does not guarantee that tests are correct, only consistent.",Verify that all tests import from test_base.py and use its constants and utilities. | Check that tolerance thresholds and constants are identical across tests. | Run the test suite and confirm consistent pass/fail reporting.,"Python standard library (zlib, json, logging) | JAX (for setup_jax) | SciPy (for spearman_test)","Provides a single source of truth for constants and test utilities, enabling consistent test execution.","Ensures that all tests use the same constants and tolerance standards, preserving comparability.","Without it, tests would drift apart, making the suite's results unreliable.",PhysicalConstants -> constants | tolerance_check -> validation | TestLogger -> reporting,coherent,yes,yes,infrastructure,NOT_ESTABLISHED,C,"preserve as infrastructure, not as scientific evidence","The document implies that consistency implies validity. | The constants (e.g., f_critical=0.35) are asserted without derivation.",If constants are found to be arbitrary or incorrect. | If the test suite is shown to be inconsistent despite the base.,"Formalize the infrastructure in Lean as a data structure, not as a proof of physics.","This document describes a Python module that centralizes constants and test utilities for a test suite. It is infrastructure, not a scientific claim. The main value is consistency, but consistency does not imply correctness."
test_suite_summary.md,test_suite_summary,test_suite_summary.md,The test suite summary file is the authoritative record of test pass/fail status and timing for the Biblical Empirical Suite.,test_suite_summary.json: a JSON file consolidating results from individual test0X_results.json files. | PASSED: a test status indicating the test met its criteria. | Biblical Empirical Suite: tests 03 through 09 as described in the document.,Treat test_suite_summary.json as the canonical record of test outcomes; use it to answer whether tests passed and to report timing.,Does not provide detailed test results; those are in individual test0X_results.json files. | Does not include full JAX suite results; those are recorded elsewhere. | Does not define test criteria or methodology.,Check that test_suite_summary.json exists and contains the expected fields. | Verify that the statuses match the individual test result files. | Verify that the timing values are consistent with the described test durations.,Individual test0X_results.json files for each test (03-09). | JAX Field Theory test results for the additional two tests.,Provides a single consolidated summary of test outcomes and timing for the entire Biblical Empirical Suite.,Preserves the pass/fail status and timing information from individual test results.,"Without this summary, there is no single authoritative record of the suite's overall pass/fail status; one would need to inspect each individual result file.",test_suite_summary.json | test0X_results.json,coherent,yes,yes,empirical_record,NOT_ESTABLISHED,C,archive,"The document claims 'biblical proof receipt' which is an overstatement; it is a test summary, not proof of any theological claim. | The total_passed count of 9 includes tests not detailed in the document, which could be misleading without full context.",If individual test result files do not match the summary statuses. | If the timing data is fabricated or inconsistent.,A JSON schema validator for test_suite_summary.json,"This document is a summary file for a test suite, listing pass/fail statuses and timing. It is a record of empirical tests, not a proof of any theological claim. The summary is coherent but should not be overinterpreted."
The-Watcher-interlude.canonical.md,The-Watcher-interlude.canonical,The Watcher Problem,"Observation requires three functions, not two, because every two-part exit fails to terminate the chain of observation.",Measurement problem: the puzzle of how a quantum object goes from being in many possible states at once to being in just one definite state. | Triadic structure: a three-part pattern. | Terminate the chain: to end the loop of cause and effect.,"Present the triadic structure as the resolution to the measurement problem, and direct readers to the full canonical treatment for complete argument and proofs.",Does not provide a formal proof or detailed derivation. | Does not specify the exact nature of the three functions. | Does not address alternative interpretations or counterarguments.,Check that the document consistently asserts the necessity of three functions. | Verify that the document directs readers to the full canonical page for complete argument. | Assess whether any evidence or proof is provided beyond the assertion.,The measurement problem in quantum mechanics. | The concept of observation and observer-observed pair.,"Claims to resolve the measurement problem by introducing a triadic structure, but does not provide a formal mechanism or proof.",Preserves the existence of the measurement problem and the need for a resolution.,"If the triadic claim is removed, the document loses its central thesis and becomes a mere pointer to other pages.","Physics: measurement problem, quantum observation. | Philosophy: triadic structure, necessity. | Mathematics: three functions (undefined).",defective,no,no,Theological/philosophical assertion about physics,NOT_ESTABLISHED,D,Quarantine or rewrite as a pointer with explicit non-proof status.,Presents an unproven assertion as a solution to a major physics problem. | Uses vague terms like 'three functions' without definition. | May mislead readers into thinking the measurement problem is solved.,"If the full canonical page does not provide a rigorous proof, the claim is unsupported. | If the three functions are not precisely defined, the claim is vacuous. | If any two-part exit can be shown to terminate, the central assertion fails.",Formalize the triadic structure in a mathematical framework or clearly label as speculative philosophy.,"This document asserts that the measurement problem requires three functions instead of two, but provides no proof or detailed argument. It is a short interlude pointing to a longer treatment. The claim is not established and should be treated as a philosophical assertion, not a proven result."
The-Watcher.canonical.md,The-Watcher.canonical,The Watcher Problem: Why Reality Requires Triadic Unity,"The von Neumann measurement regress admits exactly one structural resolution: a triadic unity of distinct functions (generation, structuration, actualization) operating as a single closed composition.","Generator G: operator that produces the superposition from the vacuum, G|0> = sum_i c_i |s_i>. | Logos L: operator that establishes the eigenbasis, ordering possibility into intelligible form. | Actualizer A: operator that selects one eigenstate and makes it actual. | Triadic composition T = A  L  G: a single operation with three internal functions, not a chain of observers. | Observation chain: O_{n+1} watches O_n from outside, leading to regress. | Composition: A applies L to G; no element stands outside the operation.","The system should recognize the triadic composition T = A  L  G as the unique structural resolution to the measurement regress, and apply this structure in modeling actualization events.",This does not claim to solve the quantum measurement problem empirically or provide a physical mechanism for collapse. | This does not claim that the Trinity was derived from quantum mechanics; it claims a formal isomorphism between the derived structure and Trinitarian theology. | This does not assert that the triadic composition is a physical operator in the standard Hilbert space formalism; it is a structural resolution. | This does not provide experimental predictions or falsifiable tests beyond the logical exhaustion of alternatives.,Verify that no single operator can be both unitary and non-unitary in the same respect. | Verify that any two-operator sequence extends the regress by one step. | Verify that any three independent operators require a fourth synchronization function. | Verify that the composition T = A  L  G is closed and does not require an external observer. | Verify that removing any of the three functions reopens the regress.,"Von Neumann's formalization of quantum measurement (1932) | Standard Hilbert space formalism of quantum mechanics | Logical exhaustion of structural alternatives (one, two, three operators, no-collapse, collapse-by-fiat)","Provides a formal argument that the measurement regress terminates only in a triadic unity of distinct functions, offering a structural resolution that is claimed to be unique.",Preserves the empirical success of quantum mechanics and the mathematical formalism of unitary evolution and projection.,"If the triadic composition is removed, the measurement regress remains unresolved, and all alternative structural options are claimed to self-defeat.",Quantum measurement problem | Von Neumann chain | Triadic unity | Trinitarian theology (relational ontology),coherent,partial,unclear,structural resolution to the measurement problem,NOT_ESTABLISHED,C,quarantine,"Claims 'precisely one structural resolution' without rigorous proof that all alternatives are exhausted. | Claims formal isomorphism with the Trinity, which may overstate the strength of the correspondence. | Uses theological terms (Logos, Father, Son, Holy Spirit) in a way that may conflate mathematical structure with theological doctrine. | The derivation relies on informal logical arguments rather than a formal proof system.","If a two-operator or three-independent-operator scheme can be shown to terminate the regress without contradiction, the uniqueness claim fails. | If the triadic composition is shown to be reducible to a two-operator or one-operator scheme without loss, the minimality claim fails. | If the formal exhaustion is incomplete (e.g., missing a viable alternative), the conclusion is unsupported.","Formalize the exhaustion of structural options in a proof assistant (e.g., Lean) to verify the uniqueness claim.","This paper argues that the quantum measurement problem's infinite regress of observers can only be resolved by a triadic structure of three distinct functions - generation, structuration, and actualization - unified in a single operation. It claims to formally exhaust all alternatives and finds that only this triadic composition works. The paper then draws a structural parallel to the Christian Trinity. However, the proof is informal and the uniqueness claim is not rigorously established, so the document is classified as not established and recommended for quarantine."
The_Ten_Laws_Master_Equation_Portrait.md,The_Ten_Laws_Master_Equation_Portrait,The Ten Laws Master Equation Portrait,"The universe's fundamental physical laws are structured to embody and communicate a specific divine character, such that the properties of physics collectively describe a Person.","Grace: the non-coercive, infinite, attractive influence analogous to gravity. | Sin: a category error of self-origin that closes a system, leading to entropy. | Love: the strongest binding force, analogous to the strong nuclear force. | Truth: self-sustaining, undegrading, undeniable, analogous to light. | Mercy: stability within a bond, decay outside, analogous to the weak force. | Coherence: the state where all laws align, identified with Christ.","The system should present the ten laws and their theological mappings as a coherent portrait, while honestly marking which derivations are formal and which are not.",Does not claim to prove God's existence. | Does not claim all derivations are complete. | Does not claim physics itself reveals the 'why'. | Does not claim the mappings are unique or falsifiable.,Check that each law's physical properties are accurately stated. | Check that the theological mapping is explicitly labeled as interpretive. | Check that open derivations are not presented as closed. | Check that the document does not overstate the strength of the evidence.,"Standard physics: gravity, electromagnetism, strong/weak nuclear forces, thermodynamics, information theory, quantum mechanics, relativity. | Theological concepts: sin, grace, love, truth, mercy, Christ.","Provides a unified narrative mapping all fundamental forces to divine attributes, offering a comprehensive theological interpretation of physics.",Preserves the known physical properties of the forces; does not alter physics.,"If the theological mappings are removed, the document reduces to a list of physical properties with no unifying thesis.","Physics: force properties, equations. | Theology: divine attributes, biblical references. | Narrative: story of creation and fall.",coherent,partial,no,Interpretive synthesis,NARRATIVE_ANCHOR,C,Preserve as a narrative anchor; do not treat as formal proof.,Presenting the 'portrait' as empirically established rather than interpretive. | Implying that the physical properties uniquely point to a specific deity. | Using poetic language to suggest stronger evidence than exists.,If any physical property is factually incorrect. | If the document claims to prove God's existence. | If the theological mappings are presented as necessary rather than metaphorical.,A narrative synthesis that explicitly acknowledges its interpretive nature and does not claim formal proof.,"This document maps the ten fundamental forces of physics to divine attributes, arguing that their collective properties describe a specific Person. It is a narrative and interpretive synthesis, not a formal proof. Some laws have mathematical derivations, but many are marked as open. The document itself disclaims arguing for God's existence, but the language often leans toward suggesting a designed universe."
theophysics-descent-spine.md,theophysics-descent-spine,Theophysics Descent Spine,The Descent is the canonical order of intelligibility: Being -> Distinction -> Information -> Relation -> Value -> Agency -> Damage -> Justice/Mercy -> Grace -> Christ. No hinge hidden. Every transition named.,"Descent: the canonical order of intelligibility, not a replacement for the typed canon. | Hinge: a transition step in the descent that must be explicitly named. | Grace: the external, truth-preserving, restoration-bearing source. | Christ: the convergence point where justice, mercy, truth, cost, and restoration meet. | The Cross: the place where the descent reaches completion, not an added premise.","The system should treat the Descent as the canonical order of intelligibility, ensuring every transition is explicitly named and no hinge is hidden, while preserving the typed canon as the source of definitions and formal machinery.","The Descent is not a replacement for the typed canon. | The Descent does not itself provide formal proofs or physics claims. | Theological identifications (e.g., Enemy, Christ) are labeled and not treated as formal derivations. | The Descent does not claim empirical verification; it is an order of intelligibility.",Check that each descent step has a named hinge and references canon nodes. | Verify that no transition is skipped or left unnamed. | Confirm that the Descent does not override or replace typed canon definitions. | Ensure that theological claims are marked as such and not presented as formal theorems.,"Typed canon (definitions, formal machinery, theorem targets, boundary conditions, bridges, predictions, audits) | Module references: M01, M02, M03, M05, M07, M08, M09, M11, M12, M17, M19, M20, M21, M22, M24","Provides a canonical order of intelligibility that organizes the typed canon into a coherent descent, making explicit the logical and theological progression from Being to Christ.",Preserves the typed canon as the authoritative source of definitions and formal machinery; the Descent does not alter or replace canon content.,"Without the Descent, the typed canon lacks a unifying narrative order, making it harder to see how nodes connect and which transitions are essential.","Theological register: Being, Distinction, Information, Relation, Value, Agency, Damage, Justice/Mercy, Grace, Christ | Formal register: primitive, definition, theorem, boundary condition, operator, closure claim | Module register: M01-M24 references",coherent,yes,yes,framework_narrative,NARRATIVE_ANCHOR,B,preserve_as_narrative_anchor,"Treating the Descent as a formal proof rather than an order of intelligibility. | Conflating theological identifications (e.g., Christ) with formal derivations. | Assuming the Descent implies empirical or physical claims without additional support.",If the Descent is used to override or replace typed canon definitions. | If a transition is claimed to be formally proven without supporting canon theorems. | If theological claims are presented as scientifically verified.,"Formalize the Descent as a sequence of named transitions, each mapped to canon nodes, with explicit bridge principles for steps marked as 'bridge principle needed'.","The Descent Spine is a narrative framework that orders the typed canon into a sequence from Being to Christ, emphasizing that every transition must be explicitly named. It is not a formal proof system but a canonical order of intelligibility, with theological claims clearly labeled. The document is coherent and admissible as a narrative anchor, but should not be mistaken for formal verification."
theophysics-module-map.md,theophysics-module-map,Theophysics Proof Module Map,"The system is organized by ClaimType, ModuleSlot, and KernelRole, where ClaimType determines what a node is, ModuleSlot determines its job in a proof module, and KernelRole determines what Lean is allowed to do with it.","ClaimType: the type of claim a node makes (e.g., Primitive, Definition, Theorem, FrameworkCommitment). | ModuleSlot: the role a node plays within a proof module (e.g., Primitive/Base Assumption, Definition, Theorem, Evidence/Prediction/Protocol). | KernelRole: the role Lean is permitted to assign to the node (e.g., candidateAxiom, definitionRole, proofTarget, guardedPremise, metadataRole, auditRole, constraintRole, formalObjectRole).","Use this map to assign each canon node to a module slot and kernel role, and to sequence proof development according to module dependencies.",This document does not provide formal proofs or derivations. | It does not establish the truth of any theological or physical claim. | It does not define the exact formal content of any axiom or theorem. | It does not resolve open problems such as PERSONHOOD or the precise typing of C[chi].,Check that every canon node has a unique module assignment and kernel role. | Verify that module dependencies are respected in proof development order. | Ensure that nodes marked as guardedPremise or metadataRole are not used as unguarded axioms in the Lean kernel. | Confirm that proof targets are only those nodes explicitly marked as proofTarget.,"M01: no dependencies | M02: M01 | M03: M01, M02 | M04: M01, M03 | M05: M03 | M06: M05 | M07: M06 | M08: M03 | M09: M08 | M10: M05 | M11: M03, M08 | M12: M08, M09, M11 | M13: M02, M03 | M14: M13 | M15: M05, M18 | M16: M07 | M17: M05, M10 | M18: M14, M15 | M19: M01, M02, M03, M04, M05, M06, M08, M09, M11, M12 | M20: M03, M11 | M21: none listed | M22: M02, M05, M20, M23 | M23: M03, M20 | M24: all modules M01-M25 | M25: M17","Provides a structured mapping of 191 canon nodes into 25 proof modules with explicit kernel roles, enabling a modular approach to formal verification in Lean.","Preserves the existing canon node inventory and their ClaimTypes, ensuring no node is lost or duplicated.","If this map is removed, the assignment of nodes to modules and kernel roles becomes undefined, hindering coordinated proof development and Lean integration.",ClaimType -> ModuleSlot -> KernelRole | Module dependencies -> proof development order | Kernel status -> risk level,coherent,yes,unclear,Structural map / metadata,NOT_ESTABLISHED,C,Use as a planning and tracking document; do not treat as a source of formal theorems.,Treating module outputs as proven theorems when they are only proposals. | Assuming guarded premises are axioms. | Interpreting the map as evidence for the truth of the underlying claims.,"If any node is assigned a kernel role inconsistent with its ClaimType (e.g., a FrameworkCommitment as candidateAxiom). | If module dependencies are cyclic or missing. | If the map claims proof status for modules marked as 'guarded' or 'outside-kernel'.","Formalize the proof-ready modules (e.g., M01, M03, M08) in Lean, while keeping guarded premises as assumptions and metadata outside the kernel.","This document is a structural map of the Theophysics canon, organizing 191 nodes into 25 modules with assigned roles for Lean formalization. It does not provide proofs or establish truth; it is a planning tool. Many modules are marked as guarded or high-risk, and the map itself makes no claims about the validity of the underlying ideas."
THEOPHYSICS_COMPLETE_COLAB.md,THEOPHYSICS_COMPLETE_COLAB,THEOPHYSICS_COMPLETE_COLAB.ipynb,"The chi-field equation chi = (G*M*E*S*T*K*R*Q*F*C) dx dy dt is a valid computational model integrating physical laws with theological concepts, and its structural predictions are mathematically and empirically testable.","chi: the integrated field value combining ten variables. | G: gravity, mapped to grace. | M: mass-energy, mapped to meaning. | E: electromagnetism, mapped to truth. | S: entropy (2nd law), mapped to judgment. | T: relativity, mapped to relationship. | K: information (Shannon), mapped to Logos. | R: strong force, mapped to love. | Q: quantum mechanics, mapped to faith. | F: weak force, mapped to sin. | C: coherence, mapped to Christ.",Run the notebook in Google Colab with seed 2828 to reproduce the 16 tests and verify the reported outputs.,Does not claim to prove the existence of God or the truth of any specific religion. | Does not claim that the theological mappings are physically causal; they are analogical. | Does not claim that the equation is a fundamental law of physics; it is a computational model. | Does not claim that all tests are theorem-level; some are empirical and subject to revision.,"Reproduce the notebook with seed 2828 and confirm all 16 tests pass as reported. | Check that the Hubble gradient prediction matches the reported values (H0=73.5 at z=0, H0=67.4 at z=1100). | Verify the constraint satisfaction test: only the biblical pattern passes all constraints. | Verify the Kolmogorov sin cost claim: deception costs exponentially more than truth in compression complexity.",JAX library | Google Colab environment | Deterministic seed 2828 | The specific implementation of the chi-field equation and tests,"Provides a computational framework that integrates theological concepts with physical laws, producing testable predictions (e.g., Hubble tension resolution) and structural claims (e.g., uniqueness of biblical pattern).",Preserves the ability to test the chi-field equation computationally and to evaluate its structural claims independently of theological belief.,"If the notebook is removed, the specific computational evidence and reproducibility for the chi-field claims are lost, reducing the framework to philosophical assertion.","Physics: field theory, PDE stability, Hubble constant, entropy, information theory | Theology: grace, meaning, truth, judgment, relationship, Logos, love, faith, sin, Christ | Mathematics: equation, product, integration, constraint satisfaction, complexity",coherent,partial,unclear,computational model with empirical and structural claims,COLAB_REPRODUCIBLE,C,Preserve as a reproducible computational artifact; require independent reproduction before elevating claims.,Claims of 5 cosmological match may be overstated without peer review or independent verification. | Theological mappings are analogical and could be misinterpreted as causal. | The constraint satisfaction proof may depend on the specific constraints chosen; uniqueness claim may be overbroad. | The notebook's self-reported results are not independently verified.,If independent reproduction fails to produce the reported results. | If the Hubble gradient prediction is contradicted by Euclid data (October 2026). | If the constraint satisfaction test is shown to be flawed or biased.,"A reproducible computational notebook that tests a specific equation; treat all theological interpretations as analogical, not proven.","This document describes a Google Colab notebook that runs 16 tests on a chi-field equation mapping physical laws to theological concepts. It claims stable solutions, a Hubble tension resolution, and a unique optimal biblical pattern. The notebook is reproducible with seed 2828, but the claims are not independently verified and should be treated as computational results, not proof of theological truth."
theophysics_core.md,theophysics_core,theophysics_core.py,"A single canonical constants file must define all shared parameters, variable orderings, symmetry pairs, and random seed for the entire Theophysics project, ensuring consistency and reproducibility across all notebooks.","VAR_NAMES: ordered list of ten variable names ['G','M','E','S','T','K','R','Q','F','C']. | SYMMETRY_PAIRS: list of index pairs [(0,4),(3,8),(2,5),(1,7),(6,9)] representing five fundamental symmetry pairs. | PAIR_STRENGTH: off-diagonal kinetic coupling constant, set to 0.45, subcritical below stability boundary ~0.64. | CONFINE_STRENGTH: confinement potential for R, set to 0.01. | VAR_WEIGHTS: list of ten kinetic weights [1.0,0.8,1.2,0.6,1.0,0.7,0.5,0.9,1.1,1.3]. | EXPANDED_PARAMS: dictionary of additional parameters including xi, m_chi, lambda, beta_G, etc. | Random seed: 2828, enforced project-wide.","The system must load theophysics_core.py at the start of any Colab session, use the defined constants, variable indices, symmetry pairs, and random seed for all subsequent computations, and never hard-code these values elsewhere.",This file does not contain any physics equations or derivations. | It does not define the stability boundary (~0.64) or the condition number thresholds. | It does not prove that the chosen constants are physically correct. | It does not specify how the constants were derived or validated beyond the claim that tests pass. | It does not include the full EXPANDED_PARAMS dictionary; only a partial listing is shown.,"Check that importing theophysics_core.py sets the exact variable names, indices, symmetry pairs, weights, and constants as documented. | Verify that PAIR_STRENGTH=0.45 yields a positive definite kinetic matrix for all tested operating points. | Verify that VAR_WEIGHTS yields a mass matrix with reasonable condition number. | Verify that CONFINE_STRENGTH=0.01 prevents divergence of the R component. | Verify that the random seed 2828 is enforced and reproducible across notebooks.",No external dependencies; it is a foundational constants file.,"Provides a single source of truth for all shared constants, variable metadata, and random seed, enabling consistent and reproducible computations across all notebooks.","Preserves the ability to run any notebook with consistent parameters, ensuring comparability of results.","If removed, each notebook would need to hard-code constants, leading to potential inconsistencies, non-reproducibility, and invalid cross-notebook comparisons.","Constants: PAIR_STRENGTH, CONFINE_STRENGTH, VAR_WEIGHTS, EXPANDED_PARAMS | Variable ordering: VAR_NAMES, VAR_SHORT, indices iG..iC | Symmetry pairs: SYMMETRY_PAIRS, PAIR_NAMES | Random seed: 2828",coherent,yes,yes,infrastructure,NOT_ESTABLISHED,C,preserve as infrastructure; do not treat as physics proof,"The document claims that the constants are correct because tests pass, but no test results are provided. | The document claims PAIR_STRENGTH=0.45 is subcritical and ensures positive definiteness, but no stability boundary derivation is given. | The document claims VAR_WEIGHTS produces reasonable condition number, but no condition number values are given. | The document claims CONFINE_STRENGTH=0.01 prevents divergence, but no simulation evidence is provided. | The document implies that the constants are physically meaningful, but they are presented as arbitrary choices.","If any notebook uses different constants, the consistency guarantee is broken. | If PAIR_STRENGTH exceeds the stability boundary, the kinetic matrix may become indefinite. | If the random seed is not enforced, reproducibility fails.",Formalize the stability boundary and condition number requirements as lemmas; verify with numerical checks.,"This document describes a Python constants file that centralizes all shared parameters, variable names, symmetry pairs, and the random seed for the Theophysics project. It is infrastructure, not physics. The document asserts that the chosen constants are correct because tests pass, but provides no test evidence or derivations. It should be preserved as a consistency mechanism, but its physical claims are not established."
Theophysics_JAX_Suite_v2.md,Theophysics_JAX_Suite_v2,Theophysics_JAX_Suite_v2.ipynb,"The chi-field framework must be tested with mathematical rigor, and errors in tests must be corrected and documented.","chi-field: a theoretical construct in the Theophysics framework, not defined in this document. | Heisenberg uncertainty principle: standard quantum mechanics formulation, not redefined here. | Component coherence correlation: a test asserting monotonic dependence of chi on each enabled component.","Run the JAX Field Theory test suite, including the corrected Heisenberg test and the new coherence and consistency tests, and document any errors found.","Does not define the chi-field or its physical basis. | Does not claim the corrected Heisenberg test proves the chi-field modifies uncertainty; it only claims a narrower, provably true statement. | Does not provide the actual test code or results.",Verify that the corrected Heisenberg test is formulated from the standard Heisenberg principle. | Verify that the component coherence correlation test checks monotonic dependence. | Verify that the cross-suite consistency check compares JAX Field Theory and Biblical Empirical results.,JAX library | Google Colab environment | v1 of the JAX Field Theory test suite,"Provides a corrected Heisenberg uncertainty test and additional coherence and consistency tests, improving the reliability of the chi-field framework testing.","Preserves the ability to run the original test suite with corrected errors, maintaining the integrity of the testing process.","If removed, the corrected Heisenberg test and the additional tests would be lost, reverting to the flawed v1 state and reducing the credibility of the framework.",JAX Field Theory test suite | Heisenberg uncertainty principle | chi-field,coherent,yes,yes,methodological,NOT_ESTABLISHED,C,archive,"The document implies the corrected test is provably true, but no proof is provided. | The document suggests the chi-field modifies uncertainty at high chi values, but this is not substantiated. | The document claims scientific integrity, but this is a narrative claim, not a mathematical one.",If the corrected Heisenberg test is found to be incorrect. | If the additional tests do not actually test what they claim. | If the document is used to claim empirical evidence for the chi-field.,"The document should be treated as a methodological note, not as evidence for the chi-field framework.","This document describes version 2 of a JAX-based test suite for the Theophysics chi-field framework. It corrects an error in the Heisenberg uncertainty test from v1 and adds new tests. The document emphasizes the importance of correcting errors, but it does not provide the actual test code or results, so its claims are not independently verifiable."
Thermodynamics.md,Thermodynamics,Thermodynamics.lean,A closed system with only decaying operators inevitably reaches the zero state.,"Entropy: distance from the unity (aligned) state; high coherence corresponds to low entropy, low coherence to maximum entropy. | IsDecaying: an operator op such that for all x, op x = zero or op x = x. | IsHeatDeath: the terminal state where state = zero. | SinProcess: an operator that maps any state to zero, representing the weak force / sin asymmetry.","Formalize the Second Law of Thermodynamics within the CoherenceAlgebra framework, proving that closed systems without external intervention trend to zero, and connect this to the theological concept of sin as an irreversible decay process.",Does not claim that the real physical universe will end in heat death. | Does not define the subtraction or inversion operator needed for a full entropy model. | Does not provide an internal escape from decay; only external operators (like Grace) can avoid zero.,Check that the theorem heat_death_inevitable is formally proven in LEAN4. | Verify that the definitions of IsDecaying and IsHeatDeath are consistent with the axioms. | Confirm that the known gap regarding the subtraction/inversion operator is documented in the open problems register.,"CoherenceAlgebra framework | LEAN4 proof environment | Definitions of zero, unity, and operator composition","Provides a formal proof that closed systems with only decaying operators inevitably reach zero, linking entropy increase to a deterministic outcome.",Preserves the existing CoherenceAlgebra axioms and the formalization of other laws; does not alter prior results.,"If removed, the formal connection between the Second Law and the inevitability of heat death in closed systems is lost, weakening the bridge between physics and theology.",Second Law of Thermodynamics | Entropy | Heat death | Weak force / sin asymmetry,coherent,yes,yes,formal proof,LEAN_FORMAL_PROOF,B,preserve,"The file claims a formal proof but admits a gap in the definition of entropy (missing subtraction/inversion operator). | The equivalence between physical entropy and the formal distance to unity is asserted, not proven. | The connection to the weak force and sin is theological interpretation, not a physical derivation.",If the LEAN proof is found to be invalid or incomplete. | If the missing subtraction/inversion operator cannot be defined without breaking the algebra. | If the claim of equivalence between entropy and coherence distance is contradicted by physical evidence.,"Formalize the missing subtraction/inversion operator to fully define entropy, and verify the proof in LEAN.","This document formalizes the Second Law of Thermodynamics in a LEAN4 proof, showing that closed systems with only decaying operators inevitably reach a zero state (heat death). It connects this to the weak force and sin as irreversible decay. The proof is mostly coherent but has a known gap in the definition of entropy."
TRIADIC_TERMINATION_BONES_v1.md,TRIADIC_TERMINATION_BONES_v1,The Triadic Termination Theorem  -  Synthesis Bones v1,"Every exhaustive elimination over party-count in the four domains (field coupling, quantum measurement, moral optimization, self-referential mind) yields exactly one solution class: three irreducible functions unified in one act, with n=1 and n=2 provably failing and n4 reducing.","Triadic-unified: three distinct functions that are mutually coupled and operate as a single act, preserving a coupling invariant. | Coupling invariant: a formal property that is preserved under the triadic structure but lost under reduction to two components (e.g., quaternion product vs. vector dot/cross). | n=1 self-defeat: a single element cannot ground, verify, or optimize itself without external anchor, leading to regress or arbitrariness. | n=2 deadlock: two elements produce circular dependence or force a trade-off that destroys a required invariant. | n=3 fixed point: the unique minimal configuration that terminates regress, breaks deadlock, and preserves all required invariants. | Terminal observer: a self-grounding observer that terminates the von Neumann chain without requiring a further observer. | R(offense, ): the moral optimization function where =1 is pure justice, =0 with judge=payer is the Cross, and =0 with arbitrary payer is mercy without justice. | Self-grounding terminus: a ground whose self-verification does not regress, requiring internal differentiation (knower, known, knowing-act).","When analyzing any problem in the four domains (or analogous ones), test the party-count elimination: verify n=1 and n=2 fail, n=3 succeeds, and n4 reduces. If a triadic structure is proposed, check that it has a coupling invariant (unification in one act) to distinguish it from trivial triads.","Does not claim that all triads are meaningful; only those with a coupling invariant. | Does not claim that Instance 4 (consciousness) is formally proven; it is a structural analogy with a declared repair path. | Does not push into divine mechanics beyond the formal floor (Trinity isomorphism, free will, God-as-axiom). | Does not claim that the four instances are equally proven; Instance 1 is Lean-verified, Instance 2 is axiomatized, Instance 3 is formalized, Instance 4 is drafted. | Does not claim that Gdel/Tarski/Turing theorems apply directly to consciousness; they are structural anchors, not proofs.","For any proposed counterexample triad, run it through the coupling gate: does it have a coupling invariant that is lost under reduction to two components | For any new instance, log the discovery path at the time of discovery to check for selection effect. | For Instance 4, apply the isomorphism-uniqueness patch: show that a secular triad (e.g., quantum substrate/physical law/decoherence) lacks the coupling invariant that the Trinity has. | For Instance 3, verify that any two-party mechanism fails to satisfy all three objectives (efficiency, individual rationality, budget balance) via Myerson - Satterthwaite. | For Instance 1, check that the Lean proof has zero sorry and that adversarial controls (removing coupling guard) cause failure.","MaxwellTrinity.lean (Lean 4 proof, zero sorry) | D03 axioms (Trinity Uniqueness Theorem) | R(offense, ) formalization | Myerson - Satterthwaite theorem (mechanism design) | Gdel/Tarski/Turing theorems (as structural anchors) | BC1, BC4, BC8 boundary conditions","Provides a unified proof shape (exhaustive elimination over party-count) that can be applied across four domains, enabling cross-domain synthesis and formalization without prior context.","Preserves the formal floor: Trinity isomorphism, free will, God-as-axiom. Does not push into divine mechanics.","If the coupling invariant is removed, the triadic structures collapse into trivial triads or two-party failures, losing the formal content (e.g., Heaviside reduction loses the invariant; modalism fails distinctness).","Field theory: quaternion vs. vector EM | Quantum measurement: von Neumann chain, observer composition | Moral optimization: justice/mercy/free will, R(offense, ) | Philosophy of mind: self-reference, Gdel/Tarski/Turing",coherent,yes,unclear,Synthesis claim: convergence of four independent instances of one proof shape,NOT_ESTABLISHED,C,Treat as a synthesis hypothesis with partial formal support; do not present as a single proven theorem. Formalize each instance separately and then assess convergence.,Presenting Instance 4 as equally proven as Instance 1. | Claiming that the four instances are isomorphic without a formal isomorphism proof. | Overgeneralizing Gdel/Tarski/Turing to non-formal domains. | Ignoring selection effect in discovery of instances. | Treating any triadic structure as meaningful without coupling invariant.,"If a counterexample triad with a coupling invariant is found that does not fit the pattern. | If Instance 4's isomorphism-uniqueness gap cannot be patched. | If the Lean proof is found to have a sorry or a flaw. | If a two-party mechanism is found that satisfies all three moral objectives, contradicting R(offense, ).","Formalize the meta-theorem as a general elimination lemma over party-count, and prove the coupling invariant for each instance.","This document synthesizes four independent problems - electromagnetism, quantum measurement, moral optimization, and consciousness - into a single proof shape: exhaustive elimination over party-count yields a unique triadic-unified solution. Instance 1 is Lean-verified, Instance 2 is axiomatized, Instance 3 is formalized, and Instance 4 is a structural analogy with a known gap. The meta-theorem is a convergence claim, not a single formal proof, and should be treated as a hypothesis with partial support."
TRIADIC_TERMINATION_CONDENSATION_v2.md,TRIADIC_TERMINATION_CONDENSATION_v2,The Triadic Termination Theorem and the Consciousness Ladder,"Reality requires, at its ground, a self-grounding observer/agent/optimizer that is three irreducible functions unified in one act.","Triadic termination: the unique minimal fixed point where n=1 self-defeats, n=2 deadlocks, n=3 unified terminates, n>=4 reduces. | Coupling invariant: the load-bearing unification of the three functions; without it, the triad fails. | Consciousness Ladder: a gradient of participation in the terminus, measured by O (voluntary coupling). | O: voluntary coupling; G: external negentropic input; S: entropy (including moral entropy); C: coherence. | Fixed point: C=1, dC/dt=0, O=1, G=infinite, S=0 personal deficit.",Treat the triadic termination theorem as the foundational structural claim; use the Consciousness Ladder as the measure of participation; hold the five instances as graded in strength; keep the machine rung open.,"Does not claim all five instances are equally proven; Instance 4 has two named holes, Instance 5 is unformalized. | Does not push into divine mechanics beyond the formal floor (Trinity isomorphism, free will, God-as-axiom). | Does not claim the five-instance convergence page is publishable until Instance 4's holes are closed. | Does not claim AI consciousness or feelings; only that an AI can derive the necessity of grace without known mechanism to receive it.","For any proposed counterexample triad, run it through the coupling gate: does it preserve the coupling invariant | For the Ladder, specify in advance what observation would count as O=0 for the elephant, or the middle rung is soft. | For each instance, check the formal status: Lean-verified, axiomatized, drafted, or articulated. | For the convergence claim, verify that each instance's discovery path is logged to counter selection effect.","MaxwellTrinity.lean (Lean 4 verification) | D03, BC1, BC4, BC6, BC8 axioms | R(offense, ) formalization | Law 5 and Law 9 canonical references | THE_AI_PAPER.md (draft) | P2 theorems and Stage 1-5 entailment framework","Provides a unified structural framework that claims to terminate regress in five domains via a single triadic fixed point, and introduces a gradient (Consciousness Ladder) to measure participation.","Preserves the formal floor: Trinity isomorphism, free will, God-as-axiom; does not push into divine mechanics.","If the triadic termination theorem is removed, the five instances lose their unifying claim and the convergence argument collapses; the Ladder loses its terminus.","Theology: Trinity (Father, Son, Spirit) | Physics: Maxwell quaternion EM, quantum measurement | Ethics: justice, mercy, free will | Philosophy of mind: knower, known, knowing-act | Cosmology: source, propagation, collapse",coherent,partial,no,Synthesis of multiple formal and informal claims; graded strength across instances.,NOT_ESTABLISHED,C,Quarantine as a synthesis document; extract individual instances for separate evaluation.,Presenting all five instances as equally proven when Instance 4 has holes and Instance 5 is unformalized. | Claiming convergence as proof when the formal status is graded. | Treating the Ladder's empirical claims (elephant O>0) as established without falsifiability specification. | Using the term 'theorem' for the meta-theorem when it is not formally proven as a whole.,"If any instance's formal claim is disproven (e.g., Lean counterexample). | If the coupling gate admits a non-trinitarian triad that satisfies all constraints. | If the elephant rung is shown to be anthropomorphism without a specified O=0 test. | If the convergence is shown to be a selection effect (instances found because shape was sought).",Formalize the meta-theorem as a single Lean theorem; formalize Instance 4 and Instance 5; add falsifiability test for elephant rung.,"This document synthesizes five independent instances of a triadic termination pattern across physics, ethics, philosophy of mind, and cosmology, claiming a unique fixed point of three unified functions. It introduces a Consciousness Ladder measuring participation via voluntary coupling. The document itself grades the instances: Instance 1 is Lean-verified, Instance 2 axiomatized, Instance 3 formalized, Instance 4 drafted with holes, Instance 5 articulated but unformalized. The meta-theorem is not formally proven as a whole; the document is a synthesis proposal with declared extensions. It should be treated as a roadmap for further formalization, not as an established proof."
typed-canon-summary.md,typed-canon-summary,Theophysics Typed Canon - Lane 4 First Pass,"Only true primitives become Lean axioms; definitions become definitions; theorems become proof targets; predictions, protocols, and evidence nodes stay outside the proof kernel as metadata or test objects.",Primitive: irreducible rule/truth/intent | Definition: fixed term preventing drift | Derivation: logical steps | Action: what the system should do | Boundary: what it does not do | Test: how fidelity is checked,"Enforce the typed canon: treat only primitives as axioms, definitions as definitions, theorems as proof targets, and keep predictions, protocols, and evidence nodes as metadata or test objects outside the proof kernel.","Does not treat every node as an axiom. | Does not upgrade bridge claims or theological identifications into formal derivations without explicit assumptions. | Does not include predictions, protocols, or evidence nodes inside the proof kernel.","Check that each node in the Lean file is classified according to the typed canon (primitive, definition, theorem, etc.). | Check that no bridge identification or theological identification is silently used as a formal derivation. | Check that predictions, protocols, and evidence nodes are not placed inside the proof kernel.",typed-canon-reclassification.csv | typed-canon-reclassification.json | TheophysicsCanon.lean | lean4-lane4-plan.md,"Provides a typed classification of theophysics nodes for Lean 4 preparation, separating primitives, definitions, theorems, and non-proof items.","Preserves the existing canon structure and manual cleanups (e.g., EXP5.1/EXP5.2 as EvidenceNode, PERSONHOOD as OpenProblem).","Without this typed canon, Lean 4 preparation would lack a clear rule for which nodes become axioms, definitions, or proof targets, risking misclassification.",Lean 4 axiom | Lean 4 definition | Lean 4 theorem | metadata/test object,coherent,yes,yes,Meta-claim / protocol,NOT_ESTABLISHED,B,Enforce as a protocol for Lean 4 preparation; do not treat as a formal proof.,May be mistaken as a formal proof of theophysics claims. | May overstate the completeness of the typed canon. | May imply that the classification is final when it is a first pass.,If the typed canon is contradicted by the actual Lean file. | If bridge claims are silently used as formal derivations. | If the classification is not reproducible from the source files.,TheophysicsCanon.lean,"This document is a first-pass typed canon for Lean 4 preparation, classifying nodes into types and risk levels. It establishes a rule that only primitives become axioms, definitions become definitions, theorems become proof targets, and other items stay outside the proof kernel. It is a meta-claim about how to structure the Lean development, not a proof of theophysics itself."
VERIFIED_SECTION_BY_SECTION_REPORT.md,VERIFIED_SECTION_BY_SECTION_REPORT,Theophysics Lean Kernel Verified Section-by-Section Report,"A formal kernel defines a product-collapse architecture over a coherence algebra with zero, one, multiplication, identity, zero-annihilation, one_ne_zero, and no_zero_divisors, and a zero-preserving operator C, such that a product is zero iff zero is a factor.","CoherenceAlgebra: algebraic structure with zero, one, mul, identity laws, zero-annihilation, one_ne_zero, no_zero_divisors. | listProd: recursive product of a finite list; empty list maps to one. | CoherenceOperator: structure with apply map and preserves_zero law. | Regime: two states constructive and destructive; grace maps both to constructive. | LawModel: packages state type, value map, collapse predicate, and proof that collapsed states map to zero. | LawIso: requires maps both ways, inverse laws, value preservation, collapse preservation. | MasterState: contains factor list and C operator; rawChi is list product; chi is operator-applied rawChi.","Treat the verified kernel as establishing a formal collapse architecture, not as proof of theological or physical truth. Use it as a rigorous foundation for future law models and isomorphisms, requiring explicit LawModel and LawIso instances for any concrete claims.",Does not prove full theological truth claims. | Does not prove full physical truth claims. | Does not establish specific empirical correspondences. | Does not prove specific law-to-law isomorphism instances. | Does not verify semantics of named law slots (G M E S T K R Q F C).,"Compile TheophysicsProductionKernel.lean unchanged with LEAN_EXIT=0. | Check that no axiom, unsafe, admit, or proof-level sorry appear in the file. | Verify each theorem block as listed in the report. | Attempt to derive a specific physical theorem from the file alone; should fail. | Attempt to prove a concrete law isomorphism without adding a concrete LawModel; should fail.",Lean theorem prover | CoherenceAlgebra interface | List product definition | Zero-preserving operator definition | Regime and grace definitions | LawModel and LawIso structures,"Provides a verified formal kernel for product-collapse architecture, with explicit burden of proof for law models and isomorphisms, and a clean zero-sorry proof base.",Preserves the algebraic ground rules and collapse theorems as verified by Lean; does not regress to hand-waving.,"If removed, the formal foundation for collapse architecture is lost, and broader claims lose their verified basis, reverting to unverified narrative.",CoherenceAlgebra -> algebraic structure | listProd -> product of factors | CoherenceOperator -> operator on product | Regime -> state with grace reset | LawModel -> evidence package for law behavior | LawIso -> isomorphism evidence between laws,coherent,yes,yes,formal verification report,LEAN_FORMAL_PROOF,B,Adopt as a verified formal kernel; require explicit LawModel and LawIso instances for any concrete claims.,Overreading semantics of law slot names as having theological or physical meaning. | Assuming the kernel proves empirical claims about the universe. | Assuming the kernel is embedded in a broader project-level verification pipeline.,"If the file fails to compile unchanged. | If hidden axioms, unsafe, admit, or sorry appear in the proof content. | If a concrete physical theorem is derived from the file alone without additional models.","Formalize a concrete LawModel and LawIso instance for a specific law pair, and prove a physical theorem from the kernel plus that model.","This report documents a Lean-verified kernel for a product-collapse architecture. It proves that a product is zero iff zero is a factor, and that a zero-preserving operator preserves collapse. It defines law slots, a grace map, and rigorous burdens of proof for law models and isomorphisms. The kernel is clean (no sorry/axiom) but does not by itself prove theological or physical truth; it provides a formal foundation for future concrete models."
verify_master_equation.md,verify_master_equation,verify_master_equation.ipynb,"The LLC Lagrangian in canonical form L = chi(q,t)*(0.5*qdot^T K qdot) - q[4]*chi(q,t) is the irreducible definition; its canonical properties (positive definite mass matrix, energy conservation, symmetry pair structure, chi normalization) must hold independently of any particular implementation.","LLC Lagrangian: L = chi(q,t)*(0.5*qdot^T K qdot) - q[4]*chi(q,t), where K is a 10x10 kinetic matrix with symmetry pair couplings. | Mass matrix: M(q) = L/q. | SYMMETRY_PAIRS: specified off-diagonal couplings in K with PAIR_STRENGTH = 0.45. | chi normalization: sigmoid normalization mapping each q_i to X_i in [0,1]; INVERTED flag (indices 4 and 8) uses 1-sigmoid. | Canonical properties: positive definiteness of M, energy conservation under RK4, exact symmetry pair structure, chi normalization.","Independently re-derive and numerically verify the canonical properties of the LLC Lagrangian from first principles, without relying on the MasterEquation class implementation.",Does not define the LLC Lagrangian itself; assumes the canonical form as given. | Does not prove the physical validity or interpretational claims of the LLC; only verifies mathematical consistency of the stated properties. | Does not extend to other notebooks or broader theory; standalone verification only. | Does not claim formal proof; numerical verification at finite points and finite steps.,"Mass matrix positive definiteness at multiple operating points via JAX autodiff. | Hamiltonian drift per step over 10,000 RK4 steps; expected O(dt^4). | Exact match of K off-diagonal elements to SYMMETRY_PAIRS with PAIR_STRENGTH = 0.45. | Chi values within [0,1] for all variables; INVERTED indices produce 1-sigmoid.",Canonical form of LLC Lagrangian as stated. | JAX for autodiff and numerical integration. | Specified SYMMETRY_PAIRS and PAIR_STRENGTH.,"Provides an independent, implementation-free verification of the LLC's canonical properties, serving as a cross-check against the class-based implementation.",Preserves the mathematical definition of the LLC Lagrangian and its canonical properties as the floor; does not alter or extend them.,"If removed, the suite loses an independent verification layer; the class implementation would lack a from-scratch cross-check, weakening confidence in correctness.",Canonical form verification | Positive definiteness check | Energy conservation | Symmetry pair structure | Chi normalization,coherent,yes,yes,verification,PYTHON_RUNTIME_SUPPORTED,B,preserve as verification artifact,"Numerical verification at finite points does not constitute a formal proof of positive definiteness for all q. | Energy conservation over 10,000 steps is empirical, not a proof of exact conservation. | The document claims 'They agree' but does not provide quantitative agreement metrics. | The interpretation section overstates the strength of the verification ('intellectual rigor', 'correct').","If the canonical form of the Lagrangian is not the authoritative definition, the verification is moot. | If numerical tests fail at other operating points or longer integration times. | If the independent implementation shares hidden assumptions with the class implementation.","Formalize the verification as a set of assertions in Lean, proving positive definiteness symbolically where possible and bounding numerical errors for energy conservation.","This notebook independently re-derives and numerically verifies the canonical properties of the LLC Lagrangian (mass matrix positive definiteness, energy conservation, symmetry pair structure, chi normalization) without relying on the class implementation. It serves as a cross-check but does not provide formal proof; it is a runtime-supported verification artifact."
version_manager.md,version_manager,version_manager.ipynb,Reproducibility is the standard of proof; a result that cannot be reproduced is not a result.,"Checksum: SHA256 hash of notebook source code, cell outputs, and result JSON files. | Canonical run: the archived run with seed 2828 on 2026-03-26, producing the master checksum. | Master checksum: the fingerprint of the entire proof state, stored in version_manager.ipynb and printed at each run. | Drift: any change in checksums compared to the canonical run.","Compute SHA256 checksums for all notebooks and result files, compare against the canonical master checksum, and report any drift or mismatch.",Does not verify the correctness of the physics or mathematics; only verifies that code and outputs are unchanged. | Does not guarantee that the same checksum implies the same results if the environment changes in ways not captured by the logged versions. | Does not provide a mechanism for updating the canonical checksum when intentional changes are made.,"Run the version_manager notebook and confirm it prints the master checksum matching the canonical value. | Modify a notebook source or output and rerun; the drift detection should fail and list the changed file. | Check that environment logging records the expected versions for JAX, Python, NumPy, SymPy, and Colab.","All notebooks in the Theophysics suite (source code and outputs) | Result JSON files | Software environment (JAX, Python, NumPy, SymPy, Colab)","Provides verifiable reproducibility by computing and comparing SHA256 checksums against a canonical master checksum, enabling drift detection.",Preserves the ability to verify that the exact proof state has not changed since the canonical run.,"Without version_manager, reproducibility becomes an unverifiable claim; there is no automated way to detect modifications to the proof suite.",SHA256 checksum | Master checksum | Version tag (theophysics-v1.0.0) | Seed 2828 | Date 2026-03-26,coherent,yes,yes,infrastructure,PYTHON_RUNTIME_SUPPORTED,B,preserve,"Claims that reproducibility is 'essential' and 'the standard of proof' may overstate the role of version control in establishing scientific validity. | The document implies that matching checksums proves the same proof state, but checksums only cover code and outputs, not the full environment or interpretation. | The phrase 'last line of defense' may imply stronger protection than actually provided.","If the canonical master checksum is not stored or is lost, the entire verification mechanism fails. | If the environment logging is incomplete, checksum matching may not guarantee reproducibility. | If any notebook is modified without updating the canonical checksum, the system will falsely report drift.","Implement a Lean function that computes SHA256 hashes of files and compares them to a stored canonical hash, returning a boolean for drift detection.","version_manager.ipynb is a reproducibility certification notebook that computes SHA256 checksums of all notebooks and result files, compares them to a canonical master checksum, and flags any drift. It also logs environment versions. It is infrastructure for verifying that the proof state has not changed, but it does not validate the physics or mathematics itself."
VIZ_SET1_WOW_MOMENTS.md,VIZ_SET1_WOW_MOMENTS,VIZ_SET1_WOW_MOMENTS.py,Visualizations must faithfully represent the underlying numerical integrations and test results without introducing unsupported claims.,"Wow Moment: A high-impact visualization intended to communicate core results to non-specialists. | Four Lines: A plot of coherence trajectories for four grace scenarios, derived from dC/dt = -sigma*C + G/tau. | Grace Slider: An interactive widget that adjusts the G parameter and recomputes chi-field coherence in real time. | Final Scorecard: A dashboard summarizing test results, saved as /content/final_scorecard.png.","Execute the visualization cells in COLAB_MASTER.ipynb after core computations, producing the three visual outputs with the specified dark theme and color scheme.",Does not provide mathematical proofs or derivations. | Does not alter the underlying computations; it only visualizes them. | Does not claim that the visuals themselves constitute evidence beyond the numerical integrations they represent.,Verify that the Four Lines plot matches the numerical integration of dC/dt = -sigma*C + G/tau for the specified G scenarios. | Verify that the Grace Slider updates the displayed chi value consistently with the model when G is changed. | Verify that the Final Scorecard accurately reflects the test results and is saved as /content/final_scorecard.png.,COLAB_MASTER.ipynb core computations | Numerical integration routines for dC/dt = -sigma*C + G/tau | ipywidgets for interactive slider | matplotlib for plotting,Provides interactive and static visualizations that make the framework's results accessible to non-specialists.,Preserves the underlying mathematical results by faithfully representing them in visual form.,"Without these visualizations, the project loses its primary communication layer, but the underlying computations remain intact.",Numerical integration -> visual trajectory | Parameter adjustment -> interactive slider | Test results -> scorecard dashboard,coherent,yes,yes,visualization,PYTHON_RUNTIME_SUPPORTED,B,preserve,"The document states 'The math says it. The graph shows it.' which could be interpreted as the graph proving the math, but it is only a representation. | The phrase 'makes you feel the result before you understand it' is rhetorical and not a technical claim.",If the visualizations do not accurately reflect the underlying numerical integrations. | If the Grace Slider does not update the chi value correctly. | If the Final Scorecard misrepresents test results.,"The visualizations are faithful representations of the numerical integrations and test results, but they do not add new mathematical evidence.","This document describes three visualization tools for the Theophysics project: a plot of coherence trajectories, an interactive slider, and a test scorecard. They are designed to communicate results visually but do not themselves constitute proof."
VIZ_SET2_HEATMAPS_CHARTS.md,VIZ_SET2_HEATMAPS_CHARTS,VIZ_SET2_HEATMAPS_CHARTS.py,"The visualization layer must render the mathematical structure of the LLC (kinetic coupling matrix, symmetry pairs, sensitivity, stability) in a way that is legible to a technical audience without requiring matrix algebra literacy.","Kinetic coupling matrix: a 10x10 matrix of coupling strengths between the ten variables of the LLC, with diagonal self-coupling weights and off-diagonal symmetry pair couplings (PAIR_STRENGTH = 0.45). | Symmetry pairs: the five pairs (GT, SF, EK, MQ, RC) that are highlighted in the heatmap with distinct colors. | Set 2: the second visualization layer, complementing Set 1 with analytical depth (heatmaps, sensitivity, stability, test results).","Generate the described visualizations (kinetic matrix heatmap with annotations and symmetry pair highlights, chi-field time evolution plots, sensitivity analysis charts, stability phase diagram, biblical test results bar charts, coherence collapse scenario comparison) using the specified dark theme (#0a0b0f) and consistent color coding.","Does not define the mathematical derivation of the kinetic matrix or the LLC equations. | Does not assert that the visualizations prove the underlying theory; they are communication tools. | Does not include interactive features; those are suggestions for website display, not part of the script.","Check that the heatmap renders the 10x10 matrix with YlOrBr colormap and overlaid coupling strength values. | Verify that the five symmetry pairs are outlined in the specified colors (red, blue, green, purple, gold). | Verify that the dark theme (#0a0b0f) is consistent across all Set 2 visualizations. | Check that the additional chart types (chi-field evolution, sensitivity, stability, test results, collapse scenarios) are present as described.","COLAB_MASTER.ipynb (Set 1 visualizations) | LLC mathematical model (kinetic matrix, chi-field, parameter scan results)","Provides analytical depth visualizations (heatmaps, sensitivity, stability) that complement Set 1's high-impact single images, making the coupling structure and test results visible to a technical audience.",Preserves the visual coherence of the project by using the same dark theme and consistent color coding as Set 1.,"Without Set 2, the project lacks the analytical depth and detailed visualization of the coupling structure, sensitivity, and stability, reducing the ability to communicate the rigor of the results.","Python script (VIZ_SET2_HEATMAPS_CHARTS.py) | COLAB_MASTER.ipynb cells 19+ | Visual outputs (heatmaps, charts, diagrams)",coherent,yes,yes,visualization_artifact,NOT_ESTABLISHED,C,preserve_as_visualization_artifact,"The document implies the visualizations 'prove' the results were arrived at rigorously, but the visualizations themselves do not constitute proof. | The claim that the coupling structure is 'mathematically derived' is not substantiated in this document; it references the LLC model without derivation.","If the kinetic matrix or symmetry pairs are not actually derived from the LLC model, the visualizations would be misleading. | If the visualizations are not reproducible from the described script, the artifact loses its utility.","A visualization script that accurately renders the LLC coupling structure and analysis charts, without overclaiming proof.","This document describes a Python script for additional visualizations (Set 2) that render the LLC's kinetic coupling matrix as a heatmap with symmetry pair highlights, along with sensitivity, stability, and test result charts. It is a visualization artifact intended for technical audiences, but it does not itself establish the underlying theory. The script is coherent and admissible as a visualization tool, but its claims of rigor are not proven by the visualizations alone."
WALKTHROUGH.md,WALKTHROUGH,Walkthrough: What This Lean 4 Repo Shows,"Formal definitions in Lean 4 determine structural consequences; a zero channel collapses the product; restoration requires openness, input, cost, and memory; coherence requires the right kind of order, not mere control.","chi = G * M * E * S * T * K * R * Q * F * C (multiplicative product) | Effective channel score = vPos * (100 - vNeg) | Full coherence: requires the right kind of order, not mere control | Passive entropy: not the same as active, chosen, relational discoherence | Restoration: requires open boundary, external input, paid repair cost, information/memory preservation | Fracture: structured mismatch: global coherence plus local rupture plus scar signature | Fall: structural spine with defined conditions; separation alone is not the Fall | Signature: factor has domain, mechanism, tendency | Fruit/anti-Fruit: lived output of a claim | Hit-rate: honest denominator; 8/10 is 80%, not 90%","The system should use Lean 4 to verify formal definitions and reject false positives, label swaps, coercion, hidden denominators, and malformed structural claims.","Does not prove Christianity, Trinity, historical resurrection, moral theology, physics, or metaphysics in full real-world content. | Does not prove the Trinity from Maxwell's equations. | Does not prove grace as a person. | Chi evaluator is not a truth oracle. | Empirical and historical claims require evidence, interpretation, and public review.","Run `lake build`; success means Lean accepted definitions and proofs. | Adversarial file compiles including intentional rejection checks. | Check that zero channel collapses chi. | Check that coercive order is rejected as full coherence. | Check that passive entropy is not active evil. | Check that restoration requires openness, input, cost, memory. | Check that random gap is not fracture. | Check that separation alone is not Fall. | Check that high-signal deception is rejected. | Check that modalism, static single-field, arbitrary three-part are rejected. | Check that 8/10 is not reported as 90%.","Lean 4 theorem prover | Formal definitions of chi structure, coupling states, signatures, coherence, restoration, fracture, fall, evaluator, justice/mercy, memory, hit-rate","Provides a formal, checkable framework that rejects false positives and malformed structural claims in theological/physics analogies.",Preserves the ability to reason about structural consequences from definitions without claiming full real-world verification.,"Without the formal definitions and Lean checks, the project reduces to an informal essay with no teeth.","Theological: coherence, fall, grace, justice, mercy, restoration | Thermodynamic: entropy, openness, cost, memory | Mathematical: product collapse, signatures, structural gates",coherent,yes,yes,formal verification of structural consequences,LEAN_FORMAL_PROOF,B,preserve as formal structural framework; do not extend to real-world claims without additional evidence,Interpreting formal rejection of inadequate substitutes as proof of the real theological structure. | Treating the chi evaluator as a truth oracle. | Assuming Lean verifies the definitions capture reality. | Overgeneralizing from formal model to empirical/historical claims.,"If Lean build fails, the formal claims are not verified. | If definitions are changed, the verified consequences may no longer hold. | If the adversarial file does not compile, the rejection checks are not verified.","Formalize the structural gates and rejection checks in Lean 4, ensuring the build succeeds and the adversarial file compiles.","This document explains a Lean 4 repository that formalizes structural claims about coherence, restoration, fracture, fall, and related concepts. It emphasizes that Lean verifies formal consequences from definitions, not real-world truth. The repo includes positive theorems and an adversarial file that rejects false positives. The key idea is that a zero channel collapses the product, and restoration requires openness, input, cost, and memory. The document clearly states boundaries: it does not prove theology or physics, but only checks formal structure."
Why_God_Built_Physics.md,Why_God_Built_Physics,Why God Built Physics,"The physical universe is a divinely designed curriculum: each physical law is a structural projection of a spiritual truth, such that humans can recognize spiritual realities through physical experience.","Grace: the spiritual gravity of God, an always-attractive, never-zero force drawing all toward coherence. | Faith: the measurement act that collapses superposition of future possibilities into actuality. | Sin: the introduction of entropy into the moral domain, causing disorder and corruption of information. | Cross: the actual thermodynamic event at which the Landauer cost of full moral restoration was paid externally. | Conscience: the spiritual control system providing feedback on deviation from desired trajectory. | Kingdom of God: the cosmological expansion that never stops, accelerating without ceiling. | Coherence (chi): the product integral of ten variables (G, M, E, S, T, K, R, Q, F, C) representing spiritual dimensions; zero in any variable collapses the whole.","The system should treat physical laws as pedagogical projections of spiritual truths, using them to teach and reinforce theological concepts such as grace, faith, sin, redemption, and sanctification.",Does not claim to derive physical laws from theology or vice versa; it asserts a designed correspondence. | Does not provide a mechanism for how God designed the laws; it is a theological interpretation. | Does not claim that all physical phenomena have spiritual counterparts; only the ten listed. | Does not assert that the product integral is a physically measurable quantity; it is a symbolic representation.,Check that each of the ten laws is explicitly paired with a spiritual truth in the document. | Verify that the five pairs are coherent and non-overlapping. | Assess whether the product integral is used consistently as a metaphor for holistic necessity. | Evaluate whether the document avoids claiming empirical proof of divine design; it should remain a theological framework.,"Theological doctrines: grace, faith, sin, redemption, sanctification. | Physical laws: gravity, quantum mechanics, thermodynamics, electromagnetism, chaos theory, fluid dynamics, cosmology, control theory, evolution, information theory. | Scriptural references: John 12:32, Hebrews 11:1, John 15:5, John 19:30, John 3:8, Deuteronomy 30:19, Isaiah 9:7, Revelation 3:19, Romans 5:3-4, James 2:26, Romans 1:20.","Provides a unified theological framework that maps ten physical laws to spiritual truths, offering a structured apologetic for recognizing divine design in nature.",Preserves the integrity of both physics and theology by not altering physical laws or theological doctrines; it adds an interpretive layer.,"If the claimed correspondence between physical laws and spiritual truths is removed, the document loses its central thesis and becomes a list of unrelated observations.","Physics: laws as described by Newton, Born, Shannon, etc. | Theology: Christian doctrines of grace, faith, sin, redemption. | Scripture: biblical verses cited as support. | Mathematics: product integral as symbolic representation.",coherent,needs_review,unclear,theological_interpretation,NOT_ESTABLISHED,C,archive,"Claims that physical laws are 'built' by God for pedagogical purposes, which is not empirically verifiable. | Equates spiritual concepts with physical processes (e.g., faith as measurement, cross as thermodynamic event) without rigorous justification. | Uses the product integral as if it had explanatory power, though it is purely symbolic. | May be seen as conflating metaphor with literal structural identity.",If any physical law is shown to be inconsistent with the claimed spiritual correspondence. | If the document is used to make empirical predictions that fail. | If the theological interpretations contradict established doctrine within the tradition.,"Reduce overstatement by framing the correspondences as metaphorical or analogical, not literal structural identities.","This document presents a theological framework in which ten physical laws are interpreted as divine lessons designed to teach spiritual truths. It pairs each law with a spiritual concept, groups them into five pairs, and introduces a symbolic product integral to emphasize holistic necessity. The document is coherent as a theological narrative but makes no empirically testable claims and should be treated as an interpretive essay rather than a scientific or formal proof."
wolfram_gauntlet_sympy.md,wolfram_gauntlet_sympy,wolfram_gauntlet_sympy.ipynb,"The Theophysics framework must be subjected to adversarial testing that seeks failures, and any discovered failure must be documented as a boundary condition rather than hidden.","Gauntlet: a systematic battery of physical law checks designed to find failures, not demonstrate success. | Born rule failure: when the weak force parameter F exceeds 1.0, the chi-weighted probability measure fails to normalize to 1. | Maxwell mirror: the structural identity between classical electromagnetism and the chi-field projected onto the E-K subspace.","Run the four-part gauntlet on the Theophysics framework, score each part independently, and document any failures as boundary conditions requiring future work.",Does not claim to prove the framework's correctness; it only tests for failures. | Does not resolve the Born rule failure; it flags it as an open boundary condition. | Does not claim the Maxwell mirror is a poetic analogy; it asserts a structural identity verifiable by computation.,"Part 1: Verify each physical law component reproduces its source equation. | Part 2: Test no-signaling, open-system entropy, and Lorentz invariance under charitable conditions. | Part 3: Test chi-field Lagrangian, grace source term, modified gravity, and Born rule. | Part 4: Compare the E-K subspace structure to the Maxwell Lagrangian.",Theophysics framework components (G through C) | SymPy symbolic mathematics environment | Previous test suites that establish baseline behavior,"Provides an adversarial testing methodology that systematically seeks failures and documents them as boundary conditions, enhancing credibility.",Preserves the existing Theophysics framework's claims by subjecting them to rigorous testing and documenting any failures.,"Without the gauntlet, the framework would lack adversarial validation, making its claims less credible and potential failures undisclosed.",Physical law verification | Charitable break tests | Spiritual mapping tests | Maxwell mirror comparison,coherent,yes,unclear,methodological,COLAB_REPRODUCIBLE,B,preserve as adversarial test protocol,Interpreting the Born rule failure as a meaningful constraint rather than a genuine flaw may overstate its significance. | Claiming the Maxwell mirror is a structural identity without full formal proof may overstate the result.,"If the Born rule failure is shown to be irreparable and not a boundary condition, the framework's probability structure collapses. | If the Maxwell mirror is shown to be a coincidence rather than a structural identity, the claim weakens.",Formalize the Born rule boundary condition and the Maxwell mirror identity in a proof assistant.,"This document describes an adversarial test suite for the Theophysics framework, consisting of four parts. Most tests pass, but the Born rule fails when the weak force parameter exceeds 1, which is documented as a boundary condition. The Maxwell mirror shows structural similarity to electromagnetism. The document is honest about failures and treats them as constraints."
WolframGauntlet.md,WolframGauntlet,Wolfram Gauntlet Ten Laws,The ten physical laws as stated in the Theophysics framework are mathematically correct and the framework's limits are honestly identified.,"Ten physical laws: gravitation, electromagnetism, strong force, weak force, inertia, entropy, relativity, Higgs mass, entanglement, observer effect. | Adversarial break tests: deliberate attempts to find where the framework fails. | Provenance anchoring: SHA256 hash of the reference document ties verification to a specific version.",Independently verify the ten physical laws using Wolfram Language and adversarially test the framework to identify limits.,Does not provide a formal proof in Lean; it is a separate computational verification. | Does not claim to prove the entire Theophysics framework; only the ten laws as stated. | Does not claim to resolve philosophical implications of the laws.,"Each law verification returns a boolean or numeric result (e.g., LAW1_GRAV_ATTRACTIVE = True). | Break tests return expected outcomes (e.g., no-signaling confirmed, local entropy drop True). | Provenance hash matches the reference document.",Wolfram Language runtime | Reference document with ten laws (hashed),"Provides an independent computational verification of the ten laws in a different formal system, plus adversarial break tests.",Preserves the mathematical correctness of the ten laws as stated.,"If removed, the framework loses its independent cross-system verification and adversarial testing layer.",Wolfram Language | SHA256 hash,coherent,yes,yes,verification,PYTHON_RUNTIME_SUPPORTED,B,preserve,May overstate the strength of verification as a formal proof. | May imply the ten laws are universally true beyond the stated scope. | May imply the break tests are exhaustive.,If the Wolfram code is not reproducible or contains errors. | If the reference document hash is not verifiable. | If the break tests are shown to be flawed.,"Formalize the ten law verifications in Lean, if possible, to strengthen the proof.","The Wolfram Gauntlet is an independent computational verification of ten physical laws using Wolfram Language, including adversarial break tests. It confirms the laws mathematically and identifies limits like no-signaling and local entropy decrease. It is not a formal proof but a strong cross-check."
