source_file,source_id,title,axiom,definitions,action,boundary,test,dg1_dependencies,dg2_new_capability,dg3_preserved_floor,dg4_collapse_if_removed,dg5_translation_registers,dg6_state,dg7_admissible,dg8_closure_pass,claim_class,proof_label,grade,recommended_atom_action,overstatement_risks,kill_conditions,lean_target,plain_summary
01-trinity-chain.canonical.md,01-trinity-chain.canonical,Three-Person Coupling at Equilibrium,"The triadic-coupled system at equilibrium, with the coupling invariant, exhibits seven emergent properties that correspond to divine attributes.","Triadic-coupled system: a system of three components with a non-commutative coupling invariant, exemplified by quaternion EM. | Coupling invariant: the scalar-vector coupling in the quaternion product that is lost in Heaviside's vector reduction. | Equilibrium: the state where the system's properties are stable and self-sustaining. | Perichoresis: mutual indwelling; the coupling invariant itself. | Aseity: self-existence; the system requires no external input. | Simplicity: non-compositeness; the system is irreducible. | Omniscience: complete mutual knowledge; zero conditional entropy between persons. | Omnipotence: complete mutual actuation; perpetual mutual generation. | Immutability: time-translation invariance; the Lagrangian does not change with time. | Love as Ground State: the coupling between persons is agap; the ground state of the confinement potential.","The system should treat the seven derived terms as proposed emergent properties of the triadic-coupled system at equilibrium, subject to further formalization and testing.","Does not push into divine mechanics (how the coupling originated, why three). | Does not claim the derived terms are Lean-verified; only the parent isomorphism is. | Does not claim the mapping from physics to theology is proven; it is structural analogy.","Kill condition: Show that the triadic-coupled system at equilibrium exhibits a property inconsistent with these seven terms, or that an equivalent set can emerge from non-triadic coupling, or that the coupling invariant is not load-bearing. | Open item: Formal bridge from coupling invariant to Shannon mutual information for T.4. | Open item: Formal identification of inter-person coupling with Yukawa coupling for T.7. | No Lean formalization of derivative terms yet.",Quaternion EM formulation (Maxwell's original) | Lean 4 verified isomorphism (MaxwellTrinity.lean) | Chain 2 (Fruits) for T.7 | Chain 6 (Logos) for T.4,"Provides a formal structure for divine attributes as emergent properties of a triadic-coupled system at equilibrium, grounded in quaternion EM.",Preserves the Lean-verified parent isomorphism and the coupling invariant.,"If the coupling invariant is removed, the derived terms lose their grounding; the system reduces to Heaviside's vector EM, which is Lean-proven to lose content.",Quaternion EM  Trinity | Scalar-vector coupling  Perichoresis | Self-sustaining EM wave  Aseity | Irreducibility of quaternion product  Simplicity | Zero conditional entropy  Omniscience | Mutual generation  Omnipotence | Time-translation symmetry  Immutability | Confinement potential ground state  Love,coherent,partial,no,Theological-physics isomorphism with derived terms,NOT_ESTABLISHED,C,Quarantine derivative terms; keep parent isomorphism as verified.,Claiming the derived terms are Lean-verified when they are not. | Treating structural analogies as formal identities. | Overstating the strength of the mapping from physics to theology.,Show inconsistency of the seven terms with the triadic-coupled system at equilibrium. | Show that non-triadic coupling can produce equivalent properties. | Show that the coupling invariant is not load-bearing.,Formalize the derivation of the seven terms from the coupling invariant in Lean 4.,"This document proposes seven divine attributes (perichoresis, aseity, simplicity, omniscience, omnipotence, immutability, love) as emergent properties of a triadic-coupled system at equilibrium, based on the Lean-verified isomorphism between quaternion EM and the Trinity. The parent isomorphism is verified, but the derived terms are not formally proven and require further work."
02-the-shadow.canonical.md,02-the-shadow.canonical,The Shadow,"Evil has no source term; it is a privation, a parasite, a shadow cast by light, not a rival to God.","Evil: a hole where something should be; a shadow where light is blocked; a parasite that cannot live without a host. | Shadow: the absence of light, cast by the presence of light; real but not sovereign. | Parasite: an entity that needs a host it did not make; corrupts what already exists. | Source term: a creative origin; that which generates something from nothing. | Direction: orientation implied by light; implies an away-direction. | Contrast: structural; does not require evil as a necessary ingredient.",The system should treat evil as real but not ultimate; it should not grant evil a source term or necessary role; it should recognize that God can use evil for good without depending on it.,Does not claim to solve the problem of evil fully. | Does not assert that the 'no source term' claim is a derived theorem; it is a framework ruling. | Does not require a literal Satan for the structural argument. | Does not claim that evil is an illusion; it is real. | Does not claim that God needs evil to produce good.,"Check that evil is never described as having a source term or creative power. | Check that the parasite analogy is used pedagogically, not ontologically. | Check that the 'metabolizes evil' claim is marked as correspondence, not derivation. | Check that the 'sun and rain' reframe is tested against pastoral experience. | Check that the document is labeled as a working sheet, not doctrine.","Genesis 1:4 (light/darkness division) | John 8:44 (liar, father of lies) | Ezekiel 28:15 (created perfect) | Isaiah 14:12-14 (fall of Lucifer) | Job 1:7 (Satan roaming earth) | Genesis 3:1 (serpent's question) | Acts 2:23 (determinate counsel) | Romans 8:28 (all things work together)",Provides a coherent framework for understanding evil as privation without requiring a dualistic or necessary-evil theology.,Preserves the reality of evil and suffering; does not deny their existence.,"If the 'no source term' claim is removed, the framework collapses into either dualism or necessary-evil, which the document explicitly rejects.","Theological: evil as privation, not a thing. | Physical: shadow as absence of light. | Biological: parasite as dependent on host. | Information: noise injected into a signal.",coherent,partial,no,theological framework,NOT_ESTABLISHED,C,retain as working hypothesis; mark as unproven framework ruling,Treating 'no source term' as a proven theorem rather than a framework ruling. | Elevating the parasite analogy to ontological status. | Claiming that Acts 2:23 proves God metabolizes evil into good as a derived theorem. | Implying that the structural argument requires a literal Satan.,If evil is shown to have a source term or creative power. | If the framework is used to deny the reality of evil. | If the 'metabolizes evil' claim is presented as a formal derivation without qualification.,A formalized privation theory of evil with clear boundaries and testable implications.,"This document argues that evil is not a thing with its own source but a privation - a shadow cast by light, a parasite that corrupts what exists. It claims that evil is real but not ultimate, and that God can use evil for good without needing it. The document is a working sheet, not doctrine, and explicitly marks its key claims as framework rulings or correspondences, not derived theorems."
02-the-trinity-signature.canonical.md,02-the-trinity-signature.canonical,The Trinity Signature,"The structure of God is embedded in physical law such that the Trinity is the irreducible architecture of measurement, conservation, symmetry, and boundary conditions.","Trinity: Father, Son (Logos), and Spirit as distinct persons with distinct roles in the framework. | Born Rule: P = ||phi|, the probability rule in quantum mechanics, claimed to have three irreducible pieces. | Logos: The Word, identified as the invariant boundary condition and source of symmetries. | chi field: A scalar field defined by chi =  (G*M*E*S*T*K*R*Q*F*C) dx dy dt, representing coherence. | CPT symmetry: Combined Charge, Parity, Time reversal symmetry, claimed to be never broken. | Decoherence: The process by which a quantum system loses coherence due to interaction with the environment. | Measurement problem: The unresolved issue in quantum mechanics of why there are two dynamical rules (Schrdinger equation and measurement postulate).","The system should recognize the Trinity signature in physical laws and use it to guide interpretation, but must not claim to prove theological truths from physics alone.","Does not claim to provide a mathematical proof of the Trinity. | Does not assert that physical laws are identical to God, but that they reflect His nature. | Does not resolve the measurement problem or other open physics questions. | Does not claim that the framework is empirically verified beyond the cited physics.",Check that the Born Rule indeed has three irreducible components. | Verify that CPT symmetry is indeed unbroken in all experiments. | Check that the holographic principle is correctly stated. | Verify that the Casimir effect and Higgs mechanism are accurately described. | Assess whether the mapping from physics to theology is presented as analogy or identity.,"Quantum mechanics (Born Rule, measurement problem) | Noether's theorem | CPT symmetry | Holographic principle (Maldacena) | Casimir effect | Higgs mechanism | Decoherence theory","Provides a unified theological interpretation of multiple physical phenomena, offering a framework for coherence (chi) that claims to explain the origin of symmetries and the measurement problem.",Preserves the empirical content of the cited physics; does not alter the mathematical predictions.,"If the theological interpretation is removed, the document reduces to a collection of physics facts with no unifying principle; the claimed explanatory power is lost.","Physics: Born Rule, Noether's theorem, CPT, holography, Casimir, Higgs, decoherence | Theology: Trinity, Logos, common grace, Fall, sanctification",coherent,partial,no,theological interpretation of physics,NOT_ESTABLISHED,C,quarantine,"Claims that the Born Rule 'is' the Trinity, not just an analogy. | Claims that the Logos is the boundary condition, which is a metaphysical assertion. | Claims that the measurement problem is solved by the framework. | Claims that the adversary is a decoherence process, which is a category error.","If any of the cited physics is misrepresented (e.g., CPT not always conserved, Born Rule not irreducible). | If the document claims to prove the existence of God from physics. | If the framework is used to make specific predictions that fail.","Acknowledge the document as a theological reflection, not a scientific theory; avoid treating it as evidence for the Trinity.","This document argues that the Trinity is structurally embedded in physics, citing the Born Rule, Noether's theorem, CPT symmetry, holography, Casimir effect, Higgs mechanism, and decoherence. It maps each to a theological concept (Father, Son, Spirit, etc.) and claims to explain the measurement problem. However, these are interpretive leaps, not proofs. The physics is accurate but the theological conclusions are not established. The document should be treated as a theological essay, not a scientific result."
03-the-cost.canonical.md,03-the-cost.canonical,The Cost,"Finitude is the structural condition under which good things can exist; cost is the price of finitude and is distinct from evil, which is the refusal of orientation.","Structural entropy: the neutral cost of finitude (e.g., fire burns, stars die, cells age). | Moral entropy: the directional fracture of will (e.g., cruelty, deception, murder). | Cost: the price of finitude, structural and not evil. | Evil: the refusal of orientation, directional and not structural.","The system must distinguish structural entropy from moral entropy in all analyses, treating cost as inherent to finitude and not as evil, and treat the Fall as a relational breach rather than a physical change.",Does not claim that structural entropy is evil or that God authored evil. | Does not excuse moral entropy as natural. | Does not assert empirical access to pre-Fall vs. post-Fall physics. | Does not derive the full 10-Law entropy or eschatological resolution.,"Check that any statement about suffering or entropy clearly separates structural from moral causes. | Verify that the Fall is described as a relational breach, not a physics change. | Confirm that 'very good' is interpreted as including finitude's cost, not its absence.","Sheet 2 (The Shadow) - orientation and shadow concept | Genesis 1:31, 1:4-5, Romans 8:20-22, 1 Corinthians 15:55 (scriptural anchors)","Provides a framework to distinguish structural cost from moral evil, enabling theodicy without attributing evil to God or excusing cruelty.",Preserves the coherence of creation as 'very good' while acknowledging real suffering and cost.,"Without this distinction, theodicy collapses: either God authors evil or cruelty is excused.","Theological: structural vs. moral entropy | Physical: entropy as neutral drift vs. willful refusal | Scriptural: Genesis 1:31, Romans 8:20-22",coherent,yes,yes,theological_framework,NOT_ESTABLISHED,B,preserve_as_framework,Claiming the distinction between structural and moral entropy is proven rather than asserted. | Treating the Tree of Life as grace-maintenance as derived rather than interpretive. | Implying empirical knowledge of pre-Fall conditions.,"If structural entropy is shown to be evil, the framework collapses. | If moral entropy is shown to be natural, the framework collapses. | If the Fall is shown to be a physics change, the framework collapses.","Formalize the distinction between structural and moral entropy in the Master Equation, and ground the Tree of Life claim theologically.","This document establishes that the world's suffering is not evil but the structural cost of finitude, distinct from moral evil which is the refusal of orientation. It argues that the Fall was a relational breach, not a physics change, and that grace re-orients without removing cost. The framework is coherent but not formally proven."
03-three-body-solution.canonical.md,03-three-body-solution.canonical,The Three-Body Solution,"Reality requires a self-grounding observer/agent/optimizer that is three irreducible functions unified in one act; n=1 and n=2 provably fail, n=3 provably suffices, n>3 is unnecessary but not proven inadmissible.","n: number of irreducible parts in the ground of reality. | irreducible function: a function that cannot be decomposed into simpler functions. | unified: the functions are coupled such that they operate as one act, not merely three separate parts. | coupling invariant: a property preserved only when the three functions are unified; lost when reduced to two or one. | self-grounding: a system that can verify its own consistency or existence without external reference. | O: voluntary coupling; the degree of free will or choice in the consciousness ladder. | G: grace input; external ordering force. | S: entropy; decay term. | C: coherence; current state of consciousness. | : parameter in R(offense, ); =1 offender pays, =0 third party pays. | judge=payer: the condition where the judge also pays the cost, enabling both justice and mercy.","Treat the triadic termination theorem as the central organizing principle for theophysics: use it to evaluate any proposed ground of reality, to map consciousness levels via the ladder equation, and to interpret the Cross as the intersection of the terminus and the gradient. Maintain the graded status of the five instances, never presenting them as equally proven.","Does not claim n>3 is impossible; only unnecessary (parsimony). | Does not claim Instance 4 (consciousness) is formally proven; it has two open holes. | Does not claim Instance 5 (Big Bang) is formalized; it is articulated but unformalized. | Does not claim Gdel/Tarski/Turing apply directly to consciousness; they are structural parallels, not proofs. | Does not claim the elephant rung is empirically proven; it is a load-bearing claim requiring specified falsification. | Does not push further into divine mechanics beyond Feb 14, 2026 boundary.","Lean verification: quaternionEM_valid, trinityRelational_valid, heavisideVectorEM_invalid, modalism_invalid, guard-removal controls. | No-isomorphism theorems: no_iso_from_quaternion_to_heaviside and no_iso_from_trinity_to_modalism are OWED; must be written or status table must say 'owed'. | Instance 3: R(offense, ) uniqueness Lean-verified; independent MS confirmation by GPT via Myerson-Satterthwaite. | Instance 4: Close two holes: secular-triad objection (show why substrate/law/decoherence fails coupling gate) and Stage 4-5 wiring (prove deterministic self-evolution insufficient). | Instance 5: Formalize the argument; no Lean backing yet. | Consciousness ladder: specify in advance what would count as O=0 for elephants; otherwise middle rung is soft. | Publication gate: do not publish five-instance convergence page until Instance 4 holes are closed.","Lean theorem corpus (478 theorems, 0 sorry) | Instance 1: Maxwell's quaternion formulation, Heaviside's vector reduction | Instance 2: von Neumann chain, D03, BC4 | Instance 3: R(offense, ), Myerson-Satterthwaite impossibility | Instance 4: Gdel, Tarski, Turing theorems | Instance 5: QM superposition, Big Bang cosmology","Provides a unified proof shape that claims to establish the necessity of a triadic ground across five independent domains, offering a graded status table and a consciousness ladder equation.","Preserves the Lean-verified results of Instance 1 and Instance 3, and the axiomatized status of Instance 2.","If the triadic termination theorem is removed, the five instances lose their unifying framework, and the claim of convergence collapses; the document's central thesis is void.","Theology: Trinity, modalism, unitarianism | Physics: Maxwell's equations, quantum measurement, Big Bang | Ethics: justice, mercy, free will | Philosophy of mind: consciousness, self-reference | Mathematics: cardinality elimination, fixed point",defective,partial,no,theological-physical synthesis,NOT_ESTABLISHED,C,quarantine,"Presenting all five instances as equally proven despite graded status. | Claiming n>3 is impossible when only parsimony is argued. | Treating structural analogies (Gdel, Tarski, Turing) as proofs for consciousness. | Claiming empirical support for elephant consciousness without specified falsification. | Using the convergence as proof of the Trinity without acknowledging the selection effect.","If Instance 4 holes are not closed, the convergence claim is weakened. | If no-isomorphism theorems are not written, Instance 1's guard controls are insufficient. | If a counterexample passes the coupling gate, the theorem fails. | If the elephant rung is falsified (O=0 for elephants), the ladder collapses.",Formalize the n=1 and n=2 eliminations for each instance; prove no-isomorphism theorems; close Instance 4 holes; formalize Instance 5.,"This document proposes a 'Triadic Termination Theorem' claiming that reality's ground must consist of three irreducible unified functions, based on five independent instances (electromagnetism, quantum measurement, ethics, consciousness, cosmology). It includes a consciousness ladder equation and identifies the Cross as the intersection. However, the document itself admits that only some instances are formally verified, others are drafted with open holes or unformalized, and the upward bound (n>3) is only a parsimony argument. Therefore, the overall claim is not established as a proof; it is a theological-physical synthesis with partial support."
11-the-moral-first-chain.canonical.md,11-the-moral-first-chain.canonical,The Moral-First Chain,"The Good exists, underived, and is the foundation from which all else is derived downward.","The Good: the underived, postulated ultimate source, personal in nature. | Coherence: the structural form of the Good; alignment with what is, was, and will be. | Projection: the physical world as a shadow cast by the moral structure. | Measurement: the registration of coherence-condition when the projection meets a witness. | M-series: the postulate stack M0-M5 replacing bottom-up bridges.","Adopt the M-series postulate stack as the working orientation for the framework, deriving all subsequent theorems downward from M0.",Does not claim the postulates are proven results. | Does not dissolve the is-ought gap as a formal proof; it is a reframing. | Does not resolve the problem of evil; it sharpens it. | Does not claim the postulates are minimal; minimality is abductive and open.,"Check that all derived theorems are labeled as theorems of the moral-first system, not conditional on borrowed bundles. | Verify that the four kernel assumptions are treated as postulates, not mid-chain debts. | Ensure that any counterexample to the projection grammar is preserved as a finding. | Confirm that the two soft spots (universal-cost premise, deliberative vs. moral ought) are stated as falsification criteria.","Existing Lean kernel theorems (17 theorems, zero sorry) | PMM Paper 0 4 (temporal dissolution of is-ought) | Coherence Atlas (seventy domain vocabularies) | Fall/Fracture layer (package-context-owed files)","Provides a top-down derivation order that eliminates the need for bridges between physics, morals, and God, allowing theorems to carry stronger labels.",Preserves the 17 kernel theorems and the irreducibility result (dual_substrates_from_irreducible_distinctions).,"Without the M-series, the framework reverts to bottom-up with permanent construction sites (is-ought gap, bridge defenses), weakening theorem labels.",M0  The Good (postulated) | M1  Coherence (kernel assumptions) | M2  Physical projection (CDR grammar) | M3  Sciences (domain vocabularies) | M4  Measurement (coherence-registration) | M5  Personal source (personhood argument),coherent,yes,unclear,working postulate stack,NOT_ESTABLISHED,C,ratify as direction; continue construction,Claiming the is-ought gap is dissolved when it is only reframed. | Treating the postulates as proven results. | Assuming the projection grammar applies universally without counterexample. | Overstating the minimality of the five postulates.,A counterexample to the projection grammar is found and not preserved. | The universal-cost premise is shown to be false. | The deliberative vs. moral ought distinction collapses. | The postulates are shown to be inconsistent with the kernel theorems.,"Formalize the M-series as a postulate stack in Lean, with the kernel theorems as theorems of the system.","This sheet proposes a top-down orientation for the framework: postulate the Good (M0) and derive everything else downward, replacing bottom-up bridges. It is a working direction, not a proven result. The document claims this makes proofs easier and dissolves old problems, but those claims are not formally established."
12-the-is-ought-dissolution.canonical.md,12-the-is-ought-dissolution.canonical,The Is-Ought Dissolution,"A moral 'ought' is not a separate category of truth but the recognition of existing misalignment with invariant structure phi, from the temporal perspective of an agent who has not yet experienced the consequence.","ought(a, phi, t)  misaligned(state(a, t), phi)  consequences not yet arrived | Misalignment: deviation from invariant structure phi, measurable via the chi functional. | Invariant structure phi: the structural form of the Good, anchored in M1 coherence postulates. | Deployment: the act of applying invariant structure to a state, making misalignment visible. | Moral ought: the specific case of ought that concerns structural misalignment with moral invariants; distinct from deliberative ought.","The system should treat moral 'ought' statements as time-indexed recognitions of existing misalignment with invariant structure phi, and apply the same measurement and deployment logic as in mathematical judgment.",Does not claim to derive moral obligations from purely descriptive facts without the premise of universal cost. | Does not cover deliberative ought (choices between futures not yet misaligned). | Does not claim that all moral judgments are reducible to mathematical calculation; it claims structural isomorphism. | Does not assert the identity of mathematical and moral truth beyond the shared properties listed; the identity claim is conditional on F3 not obtaining.,"F1: Produce a case where correct mathematical deployment fails to expose existing structural misalignment. | F2: Produce a society, family, economy, or institution achieving stable flourishing while systematically violating a core moral invariant. | F3: Identify an ontological property possessed by mathematical truth but not moral truth (or vice versa), not reducible to measurement domain. | F4: Produce a genuine moral 'ought' that cannot be reframed as recognition of existing misalignment. | F5: Controlled experiments show no asymmetric decoherence; Euclid/DESI fit CDM with zero residuals; GCP effects vanish.","M1: coherence as the structural form of the Good; four kernel postulates | M4: measurement registers the coherence-condition of the registered; observation_required | Moral dynamics theorems (17, zero sorry) | MemoryCase retention theorems (package-context owed) | PMM 7 temporal reorientation","Provides a dissolution of the is-ought gap by reinterpreting 'ought' as a tense of 'is', enabling moral judgments to be treated as structural alignment measurements.","Preserves the distinction between descriptive and prescriptive statements in ordinary language, but reframes the underlying structure as identical.","If removed, the framework loses its answer to the is-ought objection, weakening the claim that morality is objective and measurable.",Moral statements  structural alignment statements | Ought statements  time-indexed misalignment recognitions | Mathematical deployment  moral judgment,coherent,yes,unclear,philosophical dissolution,NOT_ESTABLISHED,C,quarantine,"Claims 'there is no gap' when the argument depends on unproven premises (universal cost, moral ought scope). | The identity claim (mathematical and moral truth share all properties) is asserted without rigorous proof. | The empirical parallel (societies collapse under lying) is anecdotal, not controlled evidence.","F1-F5 as published; any one obtaining invalidates the argument. | If universal cost premise is falsified (durably cost-free misalignment), the dissolution fails. | If a genuine moral ought is found that is purely future-facing with no present structural basis, the temporal dissolution fails.","A formalization of the temporal dissolution in a proof assistant, conditional on the declared premises.","This document argues that the is-ought gap is a grammatical illusion: 'ought' is just 'is' viewed from a temporal perspective before consequences arrive. It claims moral judgments are structurally identical to mathematical deployment judgments, both measuring misalignment against invariant structure. The argument rests on two declared premises (universal cost and moral ought scope) and is falsifiable via five published kill criteria. However, the argument is not formally proven and relies on empirical analogies and unverified identity claims."
13-be-fruitful-and-multiply.canonical.md,13-be-fruitful-and-multiply.canonical,Be Fruitful and Multiply,"The stability of mathematics and physical law is a precondition for moral accountability and fruitfulness; the ground of that stability must possess the properties it displays, including non-deceptiveness.","Stable mathematics: mathematical relations that do not drift. | Stable laws: physical laws that are reliable and predictable. | Non-deceptive: no divergence between appearance and reality. | Moral property: a property that is a virtue in moral systems, e.g., truthfulness. | Logos-profile: the set of properties derived from the two chains (entropy and Chaitin) that converge on a transcendent, necessary, eternal, universal, immaterial, coherent, morally good source.","The system should treat the stability of mathematics and physical law as a given precondition for moral and practical reasoning, and should not assert the full identification of the ground with a specific deity without conditional labeling.","Does not claim that mathematics proves morality or that numbers equal God. | Does not assert the full identity claim; it is under construction. | Does not rely on contested probability figures (10^-200, 10^-600). | Does not claim that math is a moral agent; it is a truth-disclosure mechanism.",Check that the product-collapse behavior of chi is machine-verified in the kernel. | Check that the two chains (entropy and Chaitin) do not share hidden premises. | Check that the 24-property matrix is audited cell-by-cell before citation. | Check that the identification claim is labeled conditional and not asserted as proven.,CL-P01 postulates (for the kernel spine) | CL-P08 (Is-Ought Dissolution) as linked flank | Information theory (for A11 derivation) | Chaitin's incompleteness theorem (for Ground(Math) not-in Math),"Provides a public-facing argument that links mathematical stability to moral accountability and fruitfulness, with a conditional identification of the ground.",Preserves the existing framework's claims about the non-deceptiveness of the ground and the convergence of two chains.,"If the stability of mathematics and physical law is removed, the argument for moral accountability and fruitfulness collapses, and the ground's non-deceptiveness loses its basis.",Mathematics: stability of mathematical relations | Physics: reliability of physical laws | Morality: accountability and fruitfulness | Theology: conditional identification with Logos,coherent,yes,unclear,conditional theological claim with strong structural analogy,NOT_ESTABLISHED,C,Preserve as a conditional argument with clear boundaries; do not upgrade to proof.,Claiming that the convergence of two chains proves the existence of God. | Claiming that the 24-property matrix is fully audited when it is not. | Claiming that the identification with the Christian Logos is more than conditional. | Using contested probability figures as evidence.,"A verified instance of mathematical or physical-law drift (defeat condition 3). | A genuine moral ought with no present structural basis (defeat condition 4). | A genuine ontological property in only one matrix column (defeat condition 5). | Product-collapse of chi fails in the kernel, or the two chains share a hidden premise (defeat condition 6).","Formalize the A11 derivation and the product-collapse spine in Lean, and audit the 24-property matrix.","This document argues that stable mathematics and physical laws are necessary for moral accountability and fruitfulness, and that the ground of this stability must be non-deceptive, a moral property. It presents two converging chains (entropy and Chaitin) pointing to a transcendent source, but explicitly labels the identification with a specific deity as conditional. The argument is strong as a structural analogy but not a formal proof; several parts are candidates or owe audits."
character-of-god-from-physics.canonical.md,character-of-god-from-physics.canonical,The Character of God  -  Read from Physics,"The measured properties of the ten fundamental forces, when read together, compose a specific portrait that matches one historical Person.","Force: one of the ten physical phenomena listed (gravity, strong nuclear, electromagnetic, mass-energy equivalence, thermodynamics, information theory, relativity, quantum mechanics, weak force, coherence). | Property: a measured, published, laboratory-confirmed attribute of a force as listed in the document. | Portrait: the composite set of 24 properties derived from the ten forces. | Person: the historical figure claimed to match the portrait (implied to be Jesus Christ).",Present the measured properties of the ten forces and the resulting composite portrait as a question about the nature of the universe.,Does not claim to prove God's existence. | Does not claim that physics explains why forces behave as they do. | Does not claim that the properties are unique to one Person. | Does not claim that the mapping from force to character trait is unique or necessary.,Verify that each listed property is accurately reported from physics literature. | Check whether the mapping from each force to a character trait is logically forced or merely interpretive. | Assess whether the composite portrait uniquely identifies a single historical Person. | Check whether the document's claim of 'specificity' is supported by evidence or is an overstatement.,"Physics: measured properties of fundamental forces (gravity, strong, EM, weak, etc.) | Information theory: Shannon, Kolmogorov, quantum no-cloning/no-deleting | Thermodynamics: Second Law, Landauer's principle | Relativity: invariance of spacetime interval | Quantum mechanics: superposition, entanglement, measurement","Provides a systematic mapping from physical properties to theological character traits, creating a composite portrait that is claimed to be specific.",Preserves the integrity of the physical measurements as reported; does not alter the physics.,"If the mapping from forces to traits is removed, the document reduces to a list of physical properties with no theological conclusion.","Physics: measured properties | Theology: character traits (grace, love, truth, etc.) | Narrative: portrait of a Person",coherent,partial,no,interpretive synthesis,NOT_ESTABLISHED,C,Preserve as a narrative anchor; do not treat as proof.,Claims that the portrait is 'specific' and 'precise' without rigorous uniqueness argument. | Uses language like 'the math said it without being asked' to imply mathematical proof of love. | Suggests that the properties 'compose a portrait so specific that only one Person in history matches it' without evidence. | Makes interpretive leaps from physical properties to theological attributes without logical necessity.,"If any listed physical property is factually incorrect, the corresponding trait mapping is invalidated. | If the mapping from force to trait is shown to be arbitrary or non-unique, the composite portrait loses specificity. | If another historical figure can be matched to the same portrait with equal plausibility, the claim of uniqueness fails.","Reduce overstatement by framing the portrait as one possible interpretation, not a unique conclusion.","This document maps the measured properties of ten fundamental forces to theological character traits, producing a composite portrait that the author claims matches a specific historical Person. It does not argue for God's existence but asks what kind of universe would have these properties. The mapping is interpretive and not logically forced, so the claim of specificity is not established."
consciousness-chain.canonical.md,consciousness-chain.canonical,Consciousness at Equilibrium,"The minimal chi-field action S_chi at equilibrium (chi -> chi, _chi -> 0, V at minimum) yields seven emergent properties that map to spiritual terms.","chi-field: a massive, self-interacting scalar field non-minimally coupled to spacetime curvature. | Equilibrium: chi -> chi (constant VEV), all gradients vanish, potential at minimum. | Awareness (syneidsis): chi  0, the field is always on. | Mind of Christ (nous Christou): _chi -> 0, no gradients, uniform awareness. | Rest (katapausis): V(chi) is the minimum, no net force. | Discernment (diakrisis): stable coupling chiR to curvature. | Sound Mind (sphronismos): no ghosts, no tachyons, stable Hamiltonian. | Wisdom (sophia): group velocity v_g  c, causal propagation. | Relational Calibration (metriots): effective gravitational constant G_eff = G_N / (1 + chi).","The system should treat consciousness as an equilibrium property of the chi-field, with the seven terms as emergent spiritual attributes, and use the Consciousness Ladder to determine which terms are active at each level of voluntary coupling O.",This chain does not claim to prove the existence of consciousness; it maps equilibrium properties to spiritual terms. | It does not claim that the chi-field is the only source of consciousness. | It does not claim that the seven terms are exhaustive; other properties may emerge at equilibrium. | It does not claim that the phase form Phi_chi is derived; it is assumed by analogy.,"Verify that each of the seven properties indeed follows from the equilibrium conditions without additional assumptions. | Check for any additional equilibrium property that contradicts the seven terms (kill condition). | Disambiguate overlaps with Chain 6 (Discernment, Wisdom) and Chain 7 (Relational Calibration). | Derive the phase form Phi_chi from the potential V(chi) independently. | Attempt Lean formalization of the derivation. | Run independent AI confirmation (David Effect test).","Parent equation: minimal chi-field action S_chi (Paper 3, Lean-adjacent, DESI-consistent). | Scalar-tensor field theory. | Standard results: SSB, no-ghost, no-tachyon, causal propagation.","Provides a physical model for consciousness as an equilibrium state, yielding seven spiritual terms (Awareness, Mind of Christ, Rest, Discernment, Sound Mind, Wisdom, Relational Calibration) that can be mapped to theological concepts.",Preserves the parent equation's consistency with GR at equilibrium and its experimental bounds.,"If this chain is removed, the physical grounding for consciousness as an equilibrium property is lost, and the spiritual terms lack a unified physical basis.","Physics: scalar field theory, equilibrium, VEV, gradients, potential minimum, coupling, stability, causality, effective gravitational constant. | Theology: awareness, mind of Christ, rest, discernment, sound mind, wisdom, relational calibration. | Scripture: Acts 17:28, 1 Cor 2:16, 1 Cor 13:12, Matt 11:28, Heb 4:9, Heb 5:14, 2 Tim 1:7, Prov 9:10, Phil 4:5.",defective,partial,no,derived emergent properties,NOT_ESTABLISHED,C,quarantine,Claims that the seven properties 'emerge' from equilibrium without rigorous proof. | Maps theological terms to physical properties without formal validation. | Assumes the phase form by analogy without derivation. | Potential overlaps with other chains not resolved.,Show that the chi-field at equilibrium exhibits a property not listed that is inconsistent with the seven terms. | Show that one of the seven terms does not actually emerge at equilibrium but was imposed. | Show that the parent equation is not DESI-consistent or violates experimental bounds.,"Formalize the derivation of the seven properties from the equilibrium conditions in Lean, and verify the no-ghost and no-tachyon theorems.","This document derives seven spiritual terms (Awareness, Mind of Christ, Rest, Discernment, Sound Mind, Wisdom, Relational Calibration) from the equilibrium state of a scalar field action. The derivation is plausible but not formally verified; several open items remain, including potential overlaps with other chains and the unproven phase form. The chain is marked as defective and requires further work before acceptance."
the-christian-walk_1.canonical.md,the-christian-walk_1.canonical,The Christian Walk,"God is simultaneously just, merciful, and sovereign, and this unity is revealed in the person and work of Jesus Christ.","Justice: the requirement that moral debts be paid in full. | Mercy: the willingness of the judge to pay the debt himself rather than let the guilty perish. | Sovereignty: the right of God to judge all creation, including commanding life and death. | The Cross: the event where justice and mercy meet in the same person, satisfying both without contradiction.","The system should present the cross as the central resolution to theodicy, emphasizing that God's justice is satisfied and mercy is extended through Christ's substitutionary death.",This node does not provide a complete theodicy for every instance of suffering or divine command. | It does not claim to fully explain the moral status of infants and children in the Amalek command. | It does not assert that all Old Testament violence is morally equivalent to the cross.,Does the presentation maintain the full weight of the objection without softening it | Does it avoid claiming a complete resolution where the document admits uncertainty | Does it consistently point to the cross as the meeting point of justice and mercy,The document depends on the biblical narrative of the cross as an atoning sacrifice. | It depends on the concept of divine sovereignty and the right to judge.,Provides a framework for addressing the problem of divine commands to kill by pointing to the cross as the ultimate demonstration of God's justice and mercy.,"Preserves the core Christian claim that God is both just and merciful, and that the cross is the central act of redemption.","If the cross is removed, the document loses its central resolution and collapses into unresolved tension between God's justice and mercy.","Theological register: justice, mercy, atonement. | Philosophical register: theodicy, moral responsibility. | Pastoral register: trust, humility, honest struggle.",coherent,yes,unclear,theological_interpretation,NARRATIVE_ANCHOR,C,preserve_as_narrative_anchor,The document may overstate the explanatory power of the cross in resolving the specific moral problem of the Amalek command. | It may imply that the cross provides a complete answer when the author admits uncertainty.,"If the cross is not accepted as a valid atonement, the argument loses its force. | If the moral problem is deemed unresolvable by substitutionary atonement, the node fails.","The node should be used as a pastoral and theological anchor, not as a formal proof of God's goodness.","This document addresses the objection that God's command to destroy the Amalekites contradicts His love. It argues that the cross resolves the tension by showing God's justice and mercy meeting in Christ, who bears the penalty for sin. The document acknowledges the difficulty and does not claim a complete explanation, but points to the cross as the ultimate revelation of God's character."
W0.1-start-here.canonical.md,W0.1-start-here.canonical,Start Here: What I Have Been Building,"Theophysics is a formal-comparative metaphysics research program that asks whether Christian Trinitarian ontology may compress and explain a wider set of inquiry conditions than its tested rivals, with fewer unexplained residues.","Theophysics: a framework where theology, physics, information, consciousness, morality, and lived experience are treated as different windows into one created reality. | Bridge: a labeled connection between layers, with named strength and stated capacity. | The Crown: a chain of arguments, not a single proof, linking truth, fracture, grace, and the Cross. | Triadic structure: a pattern of three roles (e.g., source, channel, receiver) appearing across multiple domains.","Organize, canonicalize, and independently review the existing body of work, ensuring each claim is graded honestly and each bridge is labeled with its strength and limits.",Does not claim every analogy is proof. | Does not claim science proves God. | Does not claim the author has mastered every field. | Does not claim AI did the work; AI was a tool. | Does not claim the project is finished or every claim is proven.,"Check that each bridge is labeled with its strength and what it can bear. | Check that the route begins with Truth Before Error, not with a physics equation. | Check that the audit's characterization is accurately represented. | Check that the document does not overstate the project's status.",Theophysics Blue Sheet (TP-00) | Science Argument For Triadic Structure (SCI-00) | The Trinity (T-02) | Opening Postulates (P-00) | Shadow Before Creation (T-03) | Canon Index,"Provides a plain-language entry point and meta-framework for the entire Theophysics project, defining its method, route, and core idea.","Preserves the honest distinction between a research program and an established theory, and between labeled bridges and proven claims.","Without this document, the project lacks a clear public-facing introduction and a statement of method and boundaries, making it harder to navigate and assess.","Theology: Trinity, grace, Cross, resurrection | Physics: decoherence, measurement, system/environment | Information: source, channel, receiver | Mathematics: formal models, proof labels | Lived reality: guilt, love, grief, conscience",coherent,yes,yes,meta-framework and method statement,NARRATIVE_ANCHOR,B,preserve as canonical entry point; ensure all linked documents are canonicalized and cross-referenced,The phrase 'converging witnesses to one created order' could be read as stronger than the audit's cautious language. | The core idea of triadic structure could be overinterpreted as evidence for the Trinity. | The audit quote is accurately cited but could be taken out of context.,If the project claims to be an empirically established unified physical theory. | If bridges are presented as proofs without labels. | If the route is reversed to start with physics equations.,A formal-comparative metaphysics research program with labeled bridges and honest grading.,"This document is the doorway to Theophysics, a project comparing Christian Trinitarian ontology with impersonal alternatives. It sets the method (theology leads, physics witnesses, bridges labeled), the route (truth to fracture to grace to Cross), and the core idea (triadic structure). It explicitly disclaims proof and relies on an audit that calls it a substantial research program, not an established theory."
W0.2-god-in-the-equations.canonical.md,W0.2-god-in-the-equations.canonical,God in the Equations,"The structure of reality, as described by physics and information theory, mirrors the structure of divine action and spiritual truth, implying a common author.","Information: patterns carrying meaning, governed by Shannon's laws. | Coherence: product of nine normalized factors, zero anywhere kills the product. | Grace: external input that opens a closed system, counteracting entropy. | Faith: the act of observation that collapses possibility into reality. | Sin: entropy in the moral domain, a curvature toward self. | Logos: the information substrate of reality, identified with the divine Word.","Present the ten mirrors as graded structural correspondences, not proofs, and invite the reader to explore the full treatment in subsequent sheets.",Does not claim to prove God's existence. | Does not assert that the parallels are exact or mathematically proven. | Does not provide a formal derivation of the coherence formula. | Does not claim that physics reduces to theology or vice versa.,Check that each mirror is labeled with a grade and not presented as established fact. | Verify that the coherence formula is not used to make quantitative predictions. | Ensure that the document does not claim that the parallels are unique or that alternative explanations are excluded.,Shannon's information theory (1948) | General relativity (gravity as curvature) | Quantum mechanics (observer effect) | Thermodynamics (second law) | Electromagnetism (Maxwell's equations) | Special relativity (invariant speed of light) | Weak force (parity violation) | Noether's theorem (conservation laws),"Provides a unified framework for interpreting physical laws as mirrors of spiritual truths, enabling a structured dialogue between science and faith.",Preserves the integrity of physical laws as described by science; does not alter or deny any established physics.,"If the claimed structural parallels are removed, the document reduces to a collection of loose analogies without a unifying thesis.","Physics register: gravity, entropy, quantum measurement, etc. | Theology register: grace, sin, faith, etc. | Information register: signal, noise, channel capacity.",coherent,partial,no,Bridge claim: structural isomorphism between physical and spiritual domains.,NARRATIVE_ANCHOR,C,"Retain as a narrative anchor for the series, but clearly mark as a bridge claim requiring further verification.",Presenting analogies as identities. | Using the coherence formula as if it were a proven physical law. | Implying that the parallels are unique or that no alternative explanations exist. | Overstating the strength of the evidence for the divine fingerprint.,If any mirror is shown to be based on a misunderstanding of the physics. | If the coherence formula is used to make quantitative predictions that fail. | If the document claims to have proven God's existence.,"A lean version would present the mirrors as explicitly graded analogies, with the coherence formula as a symbolic illustration, not a physical law.","This document proposes that the laws of physics and information theory mirror spiritual truths, suggesting a common divine author. It presents ten 'mirrors' (e.g., gravity/grace, entropy/sin) and a coherence formula, but explicitly disclaims proof. The document is a narrative anchor for a series, not a rigorous proof."
W1.1-you-are-god.canonical.md,W1.1-you-are-god.canonical,You Are God,"If God creates genuinely free creatures for love, then certain structures follow from that choice; the limits are inside the created order and inside the analogy, not inside God.","Free will: the capacity to genuinely choose to appreciate or refuse, not programmed appreciation. | Grace: the spiritual reading of gravity; the gentlest thing that shapes everything, cannot be blocked, always draws closer, never forces. | Love: the spiritual reading of the strong force; strongest thing, holds tighter when pulled apart, gives freedom up close. | Truth: the spiritual reading of electromagnetism; self-sustaining, never degrades, impossible to refuse once seen. | Significance: the spiritual reading of mass-energy; nothing is inert, hidden magnitude beyond appearance. | Necessity: the spiritual reading of thermodynamics; a closed system cannot decrease its own disorder, help must come from outside. | The Word: the spiritual reading of information; minimal-description source code from which everything else is derived. | Constancy: the spiritual reading of relativity; same reality regardless of observer. | Faith: the spiritual reading of quantum; commitment to look collapses possibility into one real outcome. | The bond: the spiritual reading of the weak force; stable inside relationship, decaying outside it, way back always available. | Christ: the spiritual reading of coherence; the one point with no internal duality left to resolve.","Check the physics: verify each of the ten measured properties against real physics; then decide whether the spiritual pattern holds. If any named kill condition occurs, abandon the claim.","Does not claim God was forced to create, hide, or use a cross. | Does not claim the fall was a mistake or grace was plan B. | Does not push further into divine mechanics beyond the stated analogy. | Does not require science to fail anywhere; it requires science to keep succeeding and the pattern to hold.","Verify each of the ten physical laws' measured properties as listed (e.g., gravity 10^36 times weaker than electromagnetism, strong force 137x stronger, etc.). | Check if Euclid (October 2026) shows w(z) = -1 exactly; if so, the cosmological claim dies. | Check if SPARC shows no G_eff modification needed; if so, the rotation curve prediction dies. | Check if a closed-system model makes identical predictions; if so, the open-system claim dies.","Measured properties of gravity, strong force, electromagnetism, mass-energy, thermodynamics, information, relativity, quantum mechanics, weak force, and coherence. | Standard Model of particle physics. | General relativity and quantum mechanics as currently understood.","Provides a structured mapping between ten physical laws and ten spiritual concepts, with explicit kill conditions, enabling a testable framework for evaluating the analogy.",Preserves the integrity of the physical laws as measured; does not alter or reinterpret the physics itself.,"If the physical properties are removed or shown incorrect, the entire analogy collapses because the spiritual readings depend on those specific measured properties.","Physics register: measured properties of forces and laws. | Spiritual register: theological concepts (grace, love, truth, etc.). | Narrative register: the story of creation, fall, redemption.",coherent,yes,unclear,analogical mapping with testable predictions,NOT_ESTABLISHED,C,Preserve as a narrative anchor with explicit kill conditions; do not treat as established physics or theology.,"The spiritual readings may be seen as proven by the physics, but they are only analogies. | The claim that the pattern is 'checkable' may overstate the testability of the spiritual mapping. | The document's tone may lead readers to infer a stronger claim than the stated 'thought experiment'.",If Euclid (October 2026) shows w(z) = -1 exactly. | If SPARC shows no G_eff modification needed. | If a closed-system model makes identical predictions. | If any of the ten physical properties are found to be incorrect.,"A testable analogy with explicit falsification criteria, not a proof of God's existence or nature.","This document presents a thought experiment mapping ten physical laws to ten spiritual concepts, arguing that the pattern is checkable and has explicit kill conditions. It is not a formal proof but a narrative anchor with testable predictions."
W1.2-why-god-built-physics.canonical.md,W1.2-why-god-built-physics.canonical,Why God Built Physics: Ten Laws as Structural Correspondence,"The physical universe is a divinely designed curriculum; every physical law is a structural correspondence to a spiritual truth, not an identity.","Structural correspondence: a C-grade bridge claim, not a physics proof. | Grace: the spiritual gravity of God, always attractive, never zero. | Faith: the measurement act that collapses possibility into actuality. | Entropy: the tendency of closed systems to disorder; the lesson that without external input, decay wins. | Spirit: the omnipresent field known by effects, not direct observation. | Free will: genuine consequential choice at bifurcation points. | Conscience: the spiritual control system providing feedback. | Sanctification: gradual transformation through selection pressure. | Restoration: the payment of a thermodynamic cost, as per Landauer's principle.","Treat each physical law as a pedagogical tool; use the structural correspondences to teach spiritual truths, but do not claim physical proof of theological claims.",Does not claim identity between physical and spiritual laws. | Does not derive theology from physics. | Does not assert that the fine structure constant is explained by theology. | Does not claim that evolution is directed by God in a provable way. | Does not claim that the Cross is a physical event in the thermodynamic sense.,"Check that each correspondence is labeled as C-grade bridge, not proof. | Verify that the product form is used consistently. | Ensure that no physical law is claimed to be a direct proof of a theological claim. | Confirm that the five pairs are correctly identified.","W1.1 (if exists) for foundational axioms | General physics knowledge (gravity, QM, thermodynamics, etc.) | Theological concepts (grace, faith, sin, redemption)","Provides a structured mapping of ten physical laws to spiritual truths, enabling a coherent narrative for teaching and reflection.",Preserves the integrity of physics by not overclaiming; maintains the C-grade bridge status.,"If the structural correspondence is removed, the document becomes a list of physical laws with no theological connection, losing its purpose.","Physics register: laws, equations, constants | Theology register: grace, faith, sin, redemption | Pedagogical register: classroom, curriculum, lessons",coherent,yes,yes,theological_physics_bridge,BRIDGE_DECLARED,C,Preserve as a C-grade bridge; do not upgrade to higher proof status.,Risk of interpreting structural correspondence as identity. | Risk of claiming the Cross as a physical thermodynamic event. | Risk of using the fine structure constant as evidence for God. | Risk of treating the product equation as a literal mathematical model.,If any correspondence is presented as proof rather than bridge. | If the document claims to derive theology from physics. | If the product equation is used to make quantitative predictions.,"Keep the document as a pedagogical and devotional reflection, not as a scientific or theological proof.","This document presents ten physical laws as structural correspondences to spiritual truths, arguing that God built the universe as a classroom. It explicitly labels these as C-grade bridges, not proofs. The document includes a product equation symbolizing holistic coherence. The main risk is overstatement, so it should be preserved as a bridge claim."
W1.3-the-plus-sign.canonical.md,W1.3-the-plus-sign.canonical,The Plus Sign,Reality requires exactly three distinct functions in one unified operation to close the measurement regress.,"Plus sign: the operation that connects two things and produces a third thing that did not exist before. | Actualization: the operation that makes one possibility into one actuality, irreversibly, at a cost. | G (Generator): forward-facing, possibility; physically unitary evolution. | L (Logos/Selector): boundary, structure; physically basis selection. | A (Actualizer): backward-facing, record; physically thermodynamic irreversibility. | Triadic composition: three functions in one operation, internally unified, not an external chain.",Adopt the triadic composition T = A  L  G as the structural core for interpreting measurement and unification.,Does not prove the Christian Trinity true by physics alone. | Does not provide a testable prediction distinguishing from standard QM interpretations. | Does not extend from Boolean model to infinite-dimensional Hilbert space. | Does not derive the Born rule from Landauer cost.,"Check that any non-triadic structure (monadic, dyadic, quaternary) fails to terminate the measurement regress under the same definitions. | Verify the nine Lean 4 theorems compile without errors or sorry. | Attempt to find a counterexample where a non-triadic structure closes the chain.",Quantum measurement problem | Von Neumann chain | Landauer's principle | Lean 4 theorem prover,"Provides a structural argument that triadic composition is necessary to close the measurement regress, with machine-verified Boolean model.",Preserves the standard quantum measurement formalism and the irreversibility of actualization.,"If the triadic composition is removed, the measurement regress remains open and no alternative closure is provided.",G -> unitary evolution | L -> basis selection | A -> Landauer erasure | T -> composition of operations,coherent,partial,unclear,structural necessity claim,LEAN_GUARDRAIL_SUPPORTED,C,archive as structural hypothesis with machine-checked Boolean model; flag as not yet extended to full QM,Claiming the Trinity is proven by physics | Claiming the Boolean model extends to Hilbert space | Claiming a testable prediction exists | Claiming the derivation is independent of interpretation when it relies on specific assumptions,A non-triadic structure that terminates the measurement regress without regress or contradiction | Failure of the Lean 4 theorems to compile in a corrected model | Demonstration that the Boolean model is not representative of quantum mechanics,"Formalize the triadic closure theorem in Lean 4 for a more general model, or find a counterexample.","The document argues that the measurement problem in quantum mechanics requires a triadic structure - three functions in one operation - to avoid infinite regress. It claims machine verification in a Boolean model but acknowledges the extension to real quantum mechanics is open. The identification with the Christian Trinity is a metaphysical bridge, not a proof."
W1.4-god-in-the-gaps.canonical.md,W1.4-god-in-the-gaps.canonical,God in the Completions: The Inversion of the God-of-the-Gaps Argument,"The more science explains, the clearer the portrait of God becomes, because God is written into the completions, not the gaps.","God-of-the-gaps: The argument that God is inferred from what science cannot yet explain. | God-in-the-completions: The argument that God is inferred from what science has fully explained, when read together. | Coherence Compounding: The principle that paradigm-level knowledge is multiplicative, not additive. | Kolmogorov complexity: The minimum program that generates a given output. | Bridge claim: A claim that maps a physical law to a spiritual principle, graded on the Ledger.","The system should treat the ten physical laws as a coherent set of completions that, when read together, reveal a consistent structural pattern pointing to a Person, and should test this pattern against new scientific discoveries.",This does not prove God exists. | This does not rely on ignorance or gaps in science. | This does not claim that the correspondences are proven; they are bridge claims. | This does not claim that the pattern is unique or not coincidental. | This does not claim that the cosmological predictions are resolved.,"Check if the pattern holds for any new fundamental force discovered. | Run the Euclid test in October 2026; if w(z) = -1 exactly, the chi-field claim is dead. | Run the SPARC database; if no G_eff modification is needed, the rotation curve prediction dies. | Find a closed-system model that makes identical predictions; if it exists, the open-system claim dies. | Verify the chi-squared statistic against cosmological data with specified dataset and model.","Ten fully explained physical laws (gravity, electromagnetism, strong/weak nuclear forces, thermodynamics, information theory, relativity, quantum mechanics, mass-energy equivalence, coherence/decoherence). | The Ledger documenting bridge claims. | Predictions P8 and associated cosmological data (DES Y6, DESI).","Provides a framework for interpreting scientific completions as revealing a consistent structural pattern pointing to a Person, with falsifiable predictions.",Preserves the scientific integrity of the ten laws; does not deny their completeness or experimental confirmation.,"If any of the ten laws were removed or shown to be incomplete, the pattern would lose a data point and the argument would weaken; if the pattern breaks for a new force, the argument collapses.","Physics: force, law, property, equation. | Theology: grace, love, truth, sin, faith, relationship. | Mathematics: algebraic structure, functional form, variable.",coherent,partial,no,Theological interpretation of scientific facts,BRIDGE_DECLARED,C,Quarantine as a bridge claim; do not treat as established physics or theology.,"Claims that the pattern is 'the ONLY consistent difference' without rigorous statistical testing. | Claims that the pattern gets stronger with every discovery without specifying a formal measure. | Claims that the cosmological predictions are 'favorable' but not resolved, which could be misread as confirmation. | The 'Numbers Block' includes pending items and simulations without names, which could be overinterpreted.","Euclid test: if w(z) = -1 exactly, the chi-field claim is dead. | SPARC database: if no G_eff modification is needed, the rotation curve prediction dies. | A closed-system model that makes identical predictions would kill the open-system claim. | If a new fundamental force is discovered that does not fit the pattern, the argument weakens.","The document should be treated as a theological hypothesis with testable predictions, not as a proof. The lean target is to formalize the structural correspondences and test them against data.","This document argues that God is not found in the gaps of scientific knowledge but in the completions - the fully explained laws of physics. It claims that ten fundamental forces, when read together, reveal a consistent structural pattern with a single variable (free will) that points to a Person. The argument is presented as falsifiable and quantitative, with specific kill conditions. However, the correspondences are declared as bridge claims, not proven, and the document itself acknowledges it could be wrong. The overall grade is C, reflecting a coherent but unproven theological interpretation."
W2.1-part-zero.canonical.md,W2.1-part-zero.canonical,Part Zero  -  The Trinity First,"One God, three persons, one being: Father, Son, and Spirit are each fully God, yet distinct; this is the ground of all reality.","Existence: being itself; God is existence (aseity). | Distinction: real difference; Father is not Son is not Spirit. | Relation: perichoresis; mutual indwelling and lawful interaction. | Orientation: love; the mutual self-gift of the persons; the gradient of good. | Transcendentals: being, one, true, good convertible; one reality read four ways. | Divine simplicity: God does not have attributes; He is them.","The system should treat the Trinity as the foundational axiom, deriving all subsequent ontology and ethics from it, while acknowledging the alternative of four brute assumptions.",Does not prove the existence of God; it is an axiom. | Does not derive the Trinity from prior principles. | Does not claim the fruits are derived; they are correspondences. | Does not claim the shadow is primitive; it is cast as possibility.,"Check that all four debts (existence, distinction, relation, orientation) are explicitly absolved in the Trinity. | Verify that the axiom is not presented as proven. | Ensure that the alternative of four brute assumptions is preserved as a viable starting point. | Confirm that the fruits are labeled as correspondences, not derivations.","Scripture (Exodus 3:14, John 1:1, etc.) | Church Fathers (Gregory of Nazianzus, John of Damascus, Augustine) | Athanasian Creed | Aquinas (Summa Theologiae, De Veritate) | Leibniz, Aristotle, Hume (as cited debts)","Provides a single axiom that grounds four fundamental assumptions (existence, distinction, relation, orientation) which other systems leave unpaid.",The four debts remain available as brute assumptions for those who reject the axiom; the formal system runs either way.,"Without the Trinity axiom, the framework loses its claimed ground for the four debts; it reduces to four unpaid assumptions, losing the explanatory coherence.","Theology: Trinity, perichoresis, divine simplicity | Philosophy: transcendentals, aseity, brute facts | Formal system: axiom, derivation, assumption",coherent,yes,unclear,theological axiom,NOT_ESTABLISHED,B,preserve as axiom with explicit unprovability; do not treat as proven,Claiming the Trinity is proven rather than assumed. | Treating the fruits as derived rather than correspondences. | Implying the four debts are only payable via the Trinity. | Overstating the formalization as new math.,If the axiom is presented as proven. | If the alternative of four brute assumptions is removed. | If the fruits are upgraded to derivations without evidence.,Axiom: irreducible; do not attempt to prove.,"This document establishes the Trinity as the foundational axiom of the framework, claiming it resolves four universal assumptions (existence, distinction, relation, orientation) that other systems leave ungrounded. It explicitly acknowledges the axiom is unprovable and offers an alternative of four brute assumptions. The document is a working sheet, not doctrine, with pending items."
W2.2-single-expression.canonical.md,W2.2-single-expression.canonical,The Single Expression,"Creation is one act expressed four ways: time, space, matter, motion; no member is prior.","Time: the authored when | Space: the relation-field | Matter: the content | Motion: change in relation | bara: one act of creation | Fullness (plrma): everything God is, complete | Vestigium Trinitatis: trace of the Trinity in creation","Treat time, space, matter, and motion as co-original aspects of a single creative act, not as separable entities with priority.",Does not claim to prove the Trinity from physics. | Does not assert that the unorderability result holds under Newtonian absolute space. | Does not provide a full derivation of the cosmos from first principles.,"Check that any proposed ordering of the four fundamentals leads to a contradiction. | Verify that the relational view of space is assumed; if absolute space is used, the unorderability result may fail. | Confirm that the vestigium claim is treated as correspondence, not proof.","W2.1 (Sheet 000) - Fullness, Trinity, perichoresis","Provides a unified framework for the four fundamentals as one act, enabling a non-sequential ontology.",Preserves the Trinity as ground; creation is not derived from physics.,"Without this node, the four fundamentals remain separate and ordered, losing the perichoretic signature and the basis for the vestigium claim.","Theology: one act, four faces | Philosophy: relational space, co-originality | Physics: spacetime as L1 instantiation",coherent,yes,unclear,theological ontology,NOT_ESTABLISHED,C,preserve as working sheet; flag as not proven,Claiming the unorderability result is proven when it depends on relational space. | Elevating the vestigium to a proof of the Trinity. | Conflating the four faces in creation with the four debts in God.,"If absolute space is shown to be viable, the unorderability argument fails. | If the perichoretic structure is not uniquely Trinitarian, the vestigium claim weakens.","A formalization of the unorderability argument under relational space, and a clear statement of the vestigium as abductive.","This sheet argues that creation is a single act with four inseparable aspects: time, space, matter, and motion. It claims these cannot be ordered without contradiction, and that this structure mirrors the Trinity, serving as a trace (vestigium) but not a proof. The argument relies on a relational view of space and is not a formal proof."
W2.3-four-axioms.canonical.md,W2.3-four-axioms.canonical,"The Four Axioms, Taken Cold",A1: Something exists. A2: Difference is real. A3: Distinguishable things interact lawfully. A4: Some states rank above others.,"Existence: the brute given that something is, not nothing. | Distinction: a real difference between this and not-this; a registrable difference is a bit. | Relation: lawful interaction between distinguishable things, repeatable and regular. | Orientation: a ranking of states on at least one real gradient (e.g., signal above noise, truth above error).","Run the A-track series using only these four axioms, with no theological vocabulary, and derive the chain of results (01A-04A) in a checkable manner.",Does not answer why there is something rather than nothing. | Does not derive an 'ought' from an 'is'. | Does not ask why the four axioms cohere; that is left to a companion series. | Does not use theological vocabulary or religious claims as load-bearing.,"Check that no theological vocabulary appears in any A-sheet. | Check that every citation is to philosophy, mathematics, or physics. | Check that every conclusion survives a reader who rejects all religious claims. | Check that no hidden fifth axiom is doing secret work. | Check that each derivation step is valid under the stated definitions.",No prior axioms; these are the foundational axioms of the track.,Provides a minimal axiomatic basis (four axioms) for a parallel track that claims to derive a chain of results without theological assumptions.,"Preserves the ability to reason about existence, distinction, relation, and orientation without invoking religious or theological premises.","If any axiom is removed, the claimed derivations in the track lose their foundation; the track cannot proceed as specified.","Philosophy (Leibniz, Aristotle, Hume) | Mathematics (set theory, information theory) | Physics (relativity, quantum mechanics, thermodynamics)",coherent,yes,unclear,axiomatic charter,NOT_ESTABLISHED,B,preserve as foundational charter; do not treat as proven derivation,"Claims that the chain is 'valid' and 'forced' without providing the actual derivations in this document. | Claims that anyone who has measured, argued, or called a claim false accepts the axioms, which may overstate universality. | The phrase 'everything after this line is derivation' may imply more rigor than is shown.",A fifth hidden axiom found doing secret work in any derivation. | A broken derivation step under the same definitions. | Smuggled theological or interpretive vocabulary in an A-sheet.,"Formalize the four axioms and the derivation chain in a proof assistant (e.g., Lean) to verify the claimed validity.","This document is a charter for a parallel track that starts from four stated axioms (existence, distinction, relation, orientation) and claims to derive a chain of results without theological assumptions. It explicitly refuses to answer why the axioms cohere and leaves that to a companion series. The document does not provide the actual derivations, only the roadmap, so the claims of validity are not yet established."
W2.4-finitude.canonical.md,W2.4-finitude.canonical,Finitude: The One Addition and the Four Pressings,"Creation introduces exactly one new thing: finitude. The attributes of God, pressed through finitude, yield the laws of physics.","Finitude: a constraint, not a substance; limit, boundary, cost, otherness. | Matter: existence + finitude; bounded, dependent existence. | Space: distinction + finitude; real difference with separation. | Force: relation + finitude; mediated relation requiring a carrier. | Time: orientation + finitude; sequential directionality. | Motion: matter + space + force + time together. | Coherence (chi): total integration; the wrapper that holds the four expressions together.","The system should treat finitude as the fundamental creative constraint, deriving physical laws as finite expressions of divine attributes, and use the product form to evaluate coherence (chi) in any bounded system.","Does not claim to provide a complete derivation of all physical laws; the attribute->law partition is a strong reading, not a derivation (open seam). | Does not specify the mechanism for the L2->L3 fold (consciousness threshold). | Does not claim 'Grace is the only frame-independent quantity' (retracted pending structure). | Does not include the MDA decade-by-decade historical confirmation (excluded by ruling).","Check that the four pressings (existence->matter, distinction->space, relation->force, orientation->time) are consistently applied. | Verify that the product form's veto property is used in evaluations (e.g., church health). | Ensure that any claim about electromagnetism's parentage is flagged as unresolved. | Confirm that the build-order test for the nine fruits is pre-registered before scoring data.","Trinity doctrine (aseity, persons, perichoresis, love) | Concept of finitude as constraint | Canonical v4 eponym dictionary | Product form for ten variables","Provides a unified framework to derive physical laws from theological attributes via finitude, and a product-form veto for evaluating coherence in systems.",Preserves the core theological claims: God's attributes are infinite; creation is finite and dependent; the laws of physics are expressions of divine attributes.,"If finitude is removed, the derivation of physical primitives collapses; if the product form is removed, the veto property and the balanced-beats-lopsided argument fail.","Theophysics axiom chain | Physics (laws, entropy, fields) | Information theory (Shannon entropy, signal fidelity) | Theology (attributes, sin, grace, atonement)",coherent,partial,no,Theological-physical synthesis,NOT_ESTABLISHED,C,Retain as a narrative anchor; flag open seams; do not treat as derivation.,Treating the attribute->law partition as a derivation rather than a strong reading. | Claiming the L2->L3 fold is solved when the threshold is unspecified. | Using 'Grace is the only frame-independent quantity' despite retraction. | Assuming the build-order test is valid without pre-registered data.,"If finitude is shown to be insufficient to derive the four primitives. | If the product form is contradicted by empirical evidence. | If the open seams (EM partition, L2->L3 fold) are not resolved or explicitly abandoned.","Axiom: Finitude is the sole creative constraint; derivations must be forced, not chosen.","This document proposes that creation introduces finitude as the single new constraint, and that pressing God's attributes through finitude yields matter, space, force, and time, which in turn generate the laws of physics. It outlines a product-form veto for coherence and a staircase from physics to faith, but explicitly flags unresolved seams (electromagnetism partition, consciousness threshold) and retracts a prior claim. It is a coherent theological framework but not a formal derivation."
W2.5-why-not-otherwise.canonical.md,W2.5-why-not-otherwise.canonical,Why Not Otherwise,Information is fundamental; distinguishability is information by definitional identity.,"Information: distinguishability; a definitional identity, not an inference. | Brute fact: a decision to stop asking, not an answer. | Elimination: a view pressed to circularity, refusal, or collapse into the surviving answer. | Boundary condition: a load-bearing requirement that survivors must carry forward.","Present every rival in its strongest form, name the exact point where it stops answering, and keep the falsification ledger open.",Does not claim to defeat brute fact; it declines it. | Does not claim scientific proof of God; it derives from what is explained. | Does not use god-of-the-gaps or chance-of-the-gaps. | Does not assert that any tradition is foolish; only that it misses a load-bearing condition.,"Check that each rival is given its strongest form, not a cartoon. | Check that eliminations are based on circularity, refusal, or collapse, not preference. | Check that the eight boundary conditions are each load-bearing and not optional. | Check that the standing challenge remains open: find another tradition satisfying all eight, or show a ninth condition.",Information theory (Shannon) | Thermodynamics (Landauer) | Conservation laws | von Neumann measurement chain,Provides a systematic elimination funnel that narrows worldviews to one candidate satisfying eight boundary conditions.,Preserves the legitimacy of brute fact as an undefeatable but explanatory-empty stop.,"If the information-primacy axiom is removed, the funnel loses its only surviving candidate and the elimination collapses.",Information primacy | Boundary conditions | Elimination funnel | Falsification ledger,coherent,partial,unclear,theological_eliminativism,NOT_ESTABLISHED,C,quarantine,"Claims that information is definitionally fundamental without formal proof. | Claims that only one historical claim satisfies all eight conditions without exhaustive survey. | Uses 'definitional identity' to avoid inference, which may be circular. | The funnel's gate counts are asserted without detailed derivation.",If a rival tradition can be shown to satisfy all eight boundary conditions. | If a ninth boundary condition is discovered that the surviving claim fails. | If information-primacy is shown to be circular or incoherent.,Formalize the information-primacy axiom and the eight boundary conditions in a proof assistant.,"This document argues that information is fundamental and uses a funnel of questions to eliminate rival worldviews, concluding that only one historical claim satisfies all eight boundary conditions. It is a theological argument, not a formal proof, and should be treated as a narrative anchor rather than established fact."
W2.6-the-descent.canonical.md,W2.6-the-descent.canonical,The Descent,From the first act of creation to the point where all things converge  -  one unbroken line. Begin with being. Everything else follows.,"Being: that which exists rather than nothing. | Distinction: the property of being distinguishable from other things. | Intelligibility: the property of being knowable or readable. | Information: reduction of uncertainty via distinguishability. | Relation: the standing of one thing with another in a way that can be kept or broken. | Value: that which can be honored or violated, revealing right or wrong orientation. | Moral valence: the property of actions or orientations being aligned with or against the good. | Right and wrong: directions relative to the good; good is reference fullness, evil is privation or rupture. | Agency: the capacity to choose, receive, answer, refuse, repent, or resist. | Choice: a decision made within an ordered world of rules, limits, time, and consequences. | Decay: the possibility of damage, vulnerability, and loss in finite created order. | Adversarial refusal: an agent's choice against coherence, exploiting vulnerability, not creating a rival good. | Enemy: the agency of refusal that exploits disorder against the good, asymmetric and downstream of the good. | Debt: real damage or disorder caused by adversarial action. | Perfect Justice: reality refusing to lie about what happened; truthfully answering and paying for damage. | Perfect Mercy: willing restoration rather than abandonment, without denying justice. | Grace: external, non-closed-system rescue that preserves truth and enables restoration. | Christ: the convergence point where justice, mercy, truth, and restoration meet.","The system should trace the unbroken line from being to the Cross, ensuring each step is logically entailed by the previous, and explicitly name the two implied nodes REL-VAL and ADV-REF in the axiom workbook.",This document does not provide formal proofs for each step; it is a narrative chain. | It does not claim that the theological steps are empirically verifiable. | It does not assert that the chain is complete; two nodes are recommended for naming. | It does not bridge from theology to physics; it stays within the theological axiom chain.,Check that each step's conclusion follows from the previous step's premise without hidden assumptions. | Verify that the two recommended nodes (REL-VAL and ADV-REF) are indeed implied by the surrounding steps. | Ensure that no step introduces a new concept without a derivation or explicit definition. | Confirm that the chain does not claim empirical proof for theological claims.,"A1.1 (existence) | A1.2 (distinction) | A1.3 (information) | D1.1, D1.2 (information definitions) | D2.1, P2.2 (relation, Logos field) | A3.1, A3.2, D3.1 (order/disorder) | A11.1, A11.2 (moral orientation) | A5.1, A5.2, BC8 (agency) | Stages 4 - 7 (law/time/boundary) | P3.2, T3.1, A6.3 (finitude/decay) | D8.1, T8.1, T11.2 (debt/damage) | C8.1, C8.2, A9.1 (closed-system break) | BC2, A9.2, D9.1, P9.1 - P9.5 (grace) | Logos - Christ, LAMBDA, FINAL-1, OMEGA (convergence)","Provides a narrative chain from creation to the Cross, explicitly identifying two missing named nodes (REL-VAL and ADV-REF) that are structurally present but unnamed.","Preserves the existing axiom chain's logical flow from existence to morality to redemption, without introducing new premises.","If this document is removed, the chain still exists in the workbook but the two implied nodes remain unnamed, potentially causing a gap in the walk from information to morality and from vulnerability to enemy-action.",Theological narrative | Axiom chain references | Canon node recommendations,coherent,yes,unclear,theological narrative,NOT_ESTABLISHED,C,Preserve as narrative anchor; extract the two recommended nodes (REL-VAL and ADV-REF) as explicit axioms in the workbook.,"The document claims 'one unbroken line' but does not provide formal proof of logical entailment for each step. | It asserts that 'being, followed all the way down, arrives at the Cross' without rigorous derivation. | It recommends naming nodes but does not provide full definitions or derivations for them.",If any step is found to introduce a non-sequitur or hidden premise. | If the two recommended nodes are not actually implied by the surrounding steps. | If the document is treated as a formal proof rather than a narrative summary.,"Formalize the two recommended nodes (REL-VAL and ADV-REF) as explicit axioms with definitions and derivations, and verify the logical chain in a proof assistant.","This document presents a narrative chain from creation to the Cross, outlining 24 steps that move from being to distinction, information, relation, value, moral valence, agency, decay, adversarial refusal, justice, mercy, grace, and finally Christ. It identifies two nodes that are implied but not explicitly named: Relation Discloses Value (REL-VAL) and Adversarial Refusal (ADV-REF). The document is a theological narrative, not a formal proof, and should be treated as a narrative anchor rather than a rigorous derivation."
W2.7-the-bridge.canonical.md,W2.7-the-bridge.canonical,The Bridge,"The irreducible rule is that existence, information, and meaning are grounded in self-grounding information, and that the structure of reality is such that free will, moral sign, and external grace are necessary for the coherence of the whole.","Existence: something exists rather than nothing, and distinguishability is information. | Substrate: information needs a ground, and the ground cannot be an infinite chain; self-grounding information is the bottom layer. | Coherence: information must be organized to carry meaning; degree of organization is chi. | Compression: the best explanation is the shortest program producing the observed output. | Observer: meaning requires a witness; a programmed witness is not a witness. | Measurement: genuinely free choice requires open outcomes (superposition). | Sign: moral orientation is binary (toward or away from Source). | Grace: restoration requires input from outside a closed system. | Soul: a pattern is not its substrate; information survives substrate destruction. | Moral: humans evaluate right and wrong pre-culturally; some truths are independent of belief. | Destiny: dynamical systems with binary sign have two attractors. | Convergence: perfect justice and mercy require a payer who is also the judge.","The system should treat the twelve clusters as a coherent chain of primitives that ground both the mathematical framework and the narrative, and use them to guide further derivation and interpretation.","Does not derive quantum uncertainty as the 'scar of the Fall' (L4 overlay, not derivation). | Does not claim Heaven is literally GR/QM unification. | Does not prove God; it proves the choice. | Does not install moral information; it validates what is already installed.","Check that each cluster's derivation is logically valid from its axioms. | Check that no cluster asserts a downhill layer claim (e.g., L4 explaining L1). | Check that the correspondence notes are labeled as interpretation, not derivation. | Check that the convergence cluster is a fact about debt structure, not a theological assertion.",W2.1 The Descent (cold chain) | W2.2 The Stories (warmth) | Master Equation (chi) | Second Law of Thermodynamics,"Provides a unified bridge between the mathematical framework and the narrative, offering a coherent set of primitives that can be used to derive further implications.",Preserves the cold chain and the stories as separate but connected; does not collapse them.,"Without this bridge, the connection between the mathematical and narrative components is lost, and the framework becomes fragmented.","Mathematics: chi, Master Equation, Kolmogorov complexity, attractors | Theology: Word, image of God, grace, resurrection, judgment | Human experience: waking up, freedom, moral intuition, hope",coherent,yes,yes,axiom bridge,NOT_ESTABLISHED,C,"preserve as interpretive bridge, not as formal proof",Interpreting quantum uncertainty as the 'scar of the Fall' (L4 overlay). | Claiming Heaven is literally GR/QM unification. | Treating the convergence cluster as proof of Christian doctrine. | Overstating the derivation of moral properties from axioms.,If any cluster is shown to be logically inconsistent with the Master Equation. | If the bridge is used to assert physical consequences of theological events. | If the correspondence notes are treated as derivations.,A coherent interpretive framework that connects math and narrative without overclaiming physical proof.,"This document presents twelve clusters of axioms that bridge the mathematical framework (cold chain) and the narrative (stories). It emphasizes that the primitives are not neutral but form a road. The document carefully labels some passages as interpretation, not derivation, and avoids asserting that theological events explain physical phenomena. However, the overall proof status is not established; it is an interpretive bridge."
W3-master-equation.canonical.md,W3-master-equation.canonical,The Master Equation,"The Master Equation chi(X) = CW[ X] with  = Wchi +  is the canonical form describing alignment with truth, where W is free will and  is grace.","chi: coherence alignment score, chi in [0,1] | X: alignment fraction on axis i, X in [0,1], dimensionless | CW: coherence wrapper, identity operator, not a factor | W: free will, acts through gradient chi | : grace, acts even at zero gradient | : channel capacity in bits/s,  = A log(1 + T/D) | X =  / _ref, reference capacity","Use the Master Equation as a meta-formalism to assess alignment with truth across nine axes, with free will and grace as dynamic drivers.","Does not replace physics; it is a boundary-condition wrapper. | Does not prove God or derive the Trinity. | Does not make quantitative predictions (yet). | Theological identifications are bridge claims, not theorems. | Does not claim chi is the salvation variable.","Machine-verified in Lean: veto_collapse, stationary_without_source, source_makes_velocity_nonzero. | Lock gates: dX/dt reproduces Law 5 decay (OPEN), dX/dt reproduces Law 9 sin (OPEN), Lean compiles core (DONE), Mathlib/ (PENDING), CW zero-preserving (DONE), gradChi connected to chi (BASE ABSTRACT ONLY), [0,1] invariance (OPEN), CW defined beyond identity (OPEN), W functional form (OPEN),  functional form (OPEN). | Kill conditions: sustained local moral improvement with no external input; justice-mercy trade-off; moral event with no invisible remainder; Shannon capacity no moral analogue; triadic coupling reproducible by non-triadic.","Four axioms: Existence, Distinction, Relation, Orientation | Trinity doctrine | Noether's theorem | Shannon information theory | Lean 4 verification","Provides a unified meta-formalism for assessing alignment with truth across nine axes, integrating free will and grace as dynamic drivers, with a veto property ensuring necessity of each axis.",Preserves the four axioms as presuppositions and the Trinity as grounding; maintains the veto property and the distinction between measurement (bits/s) and dimensionless fractions.,"If the Master Equation is removed, the framework loses its central organizing principle, the veto property, and the integration of free will and grace; the four axioms remain but lack a unifying formalism.","Physical: gravitation, mechanics, electromagnetism, strong nuclear force, thermodynamics, information, quantum mechanics, relativity, weak nuclear force | Spiritual: grace, repentance, truth, love, judgment, logos, faith, frame, moral conservation",coherent,partial,no,meta-formalism,LEAN_GUARDRAIL_SUPPORTED,C,quarantine,"Claims of derivation of spiritual terms from physics may overstate; they are bridge claims. | The Trinity generating numbers is a theological claim, not mathematically proven. | The uniqueness of the Cross result depends on parameterization; may be overclaimed. | The veto property is proven for algebraic multiplication but its application to moral axes is an analogy.",Sustained local moral improvement with no external input | Justice and mercy require a trade-off | Moral event with no invisible remainder | Shannon capacity has no moral analogue | Triadic coupling reproducible by non-triadic,"Formalize the Master Equation in Lean with real numbers, prove [0,1] invariance under dX/dt, and specify W and  functional forms.","The Master Equation is a meta-formalism that multiplies nine alignment factors to produce a coherence score chi, with free will and grace as dynamic drivers. It is grounded in four axioms and the Trinity, and is partially verified in Lean. The document claims to derive spiritual properties from physics at equilibrium, but these are bridge claims, not theorems. The framework has clear boundaries and kill conditions, and is not yet fully closed."
W3.3-the-math.canonical.md,W3.3-the-math.canonical,Why God Built Physics,"The coherence field C is sovereign over the product of nine normalized law-family contributions; each law family maps to a spiritual term via its stable state, and gaps are explicitly marked.","Coherence field C: the ground of the product, not a factor; sovereign. | Law families: nine normalized contributions f_i(X_i/X_0i) from gravitation, motion, electromagnetism, strong force, thermodynamics, information, quantum mechanics, relativity, weak force. | Stable state: equilibrium condition of the physical equation. | Tier 1 derivation: equilibrium condition extracted from solving the parent equation. | Tier 2 correspondence: named analogy, not derived from the equation. | R(offense, ): function where =1 offender pays (Justice), =0 third party pays (Mercy), =0 and judge=payer (The Cross). | loss: conserved loss term in moral decay. | Wgrace: atonement, external source term injecting order.","The system should treat the coherence field as sovereign, map each law family to its spiritual term via stable states, mark OPEN/PARTIAL/LOCKED status honestly, and use the derived equations (Laws 4, 5, 9) as theorem-grade while labeling Tier 2 correspondences as non-derived.","Does not claim derivation for OPEN laws (1, 2, 3, 6, 8, 10). | Does not claim Tier 2 Fruits as derived. | Does not claim atonement is identical to physics; it is a correspondence. | Does not claim heaven as proof; it is a formal picture. | Does not claim to have found a counterexample to Law 9.","Check that each LOCKED law has a derivation chain from physics to spiritual term. | Check that OPEN laws are not presented as derived. | Check that Tier 2 Fruits are labeled as correspondences. | Check that the standing falsifier (kill condition 2) is acknowledged as open. | Check that the product form chi = C*f_i is used, not the retired integral form.","Yukawa potential (strong force) | Free energy F = E  TS (thermodynamics) | Noether's theorem (weak force symmetry) | Shannon capacity formula | Standard physics laws (gravitation, motion, electromagnetism, quantum mechanics, relativity)","Provides a unified mapping from ten physical law families to spiritual terms, with explicit derivation status and a coherence field as sovereign ground.",Preserves the physical equations as stated; does not alter physics.,"If the coherence field C is removed, the product loses its sovereign ground and the mapping collapses into a mere list of analogies.",Physics to theology | Equilibrium to spiritual property | Noether conservation to moral ledger | Source term to atonement,coherent,partial,no,theological-physics correspondence,NOT_ESTABLISHED,C,quarantine,Treating Tier 2 correspondences as derived | Treating OPEN laws as derived | Claiming atonement is physically identical | Claiming heaven as proof | Ignoring the standing falsifier,A verified moral event with no invisible remainder (breaks Law 9) | A derived law that contradicts the physical equation | A Tier 2 correspondence presented as Tier 1,"Formalize the derivation of Laws 4, 5, 9 in Lean; mark all other laws as OPEN.","This document proposes a mapping from ten physical laws to spiritual terms, with three laws claimed as fully derived (strong force, thermodynamics, weak force) and the rest marked as open or partial. It explicitly separates derived results from correspondences and includes a standing falsifier. However, the derivations are not formalized and the mappings are largely analogical, so the proof status is not established."
W3.4-portrait.canonical.md,W3.4-portrait.canonical,The Ten Laws,"The universe's fundamental physical laws, when read together, describe a specific personal character consistent with the God of Christian theism; this is an interpretive mapping, not a proof of God's existence.","Theophysics: the interpretive mapping of standard physics onto theological concepts. | Constructive regime: parameter regime where a physical law yields order, binding, or revelation. | Destructive regime: parameter regime where the same law yields disorder, fragmentation, or judgment. | Free-will coupling term: a multiplicative factor (1-W) that modulates the effect of a physical law based on a free-will resistance variable W. | Locked chain: a law whose derivation from a parent equation has been completed and accepted. | Convergence path: a law whose derivation is in progress, with anti-terms and kill condition pending. | Grace operator: a scaffolding equation  =  * e^(r(t')dt') * (1R(t)) representing grace as a function of repentance and resistance. | Coherence (chi): the master integration variable that wraps the product of all other factors; chi = C *  f(X/X).","The system should treat this document as a theological interpretive framework that maps physical laws to divine attributes, with explicit markers for which mappings are derived vs. correspondences, and which derivations are complete vs. pending.","This document does not claim to prove God's existence; it explicitly disclaims that. | It does not claim that physics itself reveals God; it claims an interpretive mapping. | It does not assert that all ten laws are equally derived; it marks some as locked, some as pending, and some as correspondences. | It does not claim that the physics is novel; it states the physics is standard. | It does not claim that the theological conclusions are scientifically testable; it offers some testable shapes but not for all.","Check that each law's mapping is labeled as derived, correspondence, or pending. | Check that the document does not overstate the strength of the derivations; e.g., Law 3 has a 57% discriminability score, Law 10 has an open derivation. | Check that the document's conclusion is framed as a question, not a proof. | Check that the free-will coupling term is consistently applied across laws where mentioned. | Check that the coherence equation is stated as the canonical form: chi = C *  f(X/X).","Standard physics: gravitation, electromagnetism, strong force, thermodynamics, information theory, relativity, quantum mechanics, weak force, coherence. | Theological concepts: grace, sin, love, truth, judgment, etc. | Mathematical tools: equilibrium derivations, parent equations, free-will coupling terms.","Provides a systematic mapping of ten physical laws to divine attributes, with a coherence integration variable, and a set of 24 properties that collectively describe a person.",Preserves the standard physics as the foundation; the mapping does not alter the physics.,"If the interpretive mapping is removed, the document reduces to a list of physical properties with no theological significance; the portrait of God collapses.","Physics register: force properties, equations, regimes. | Theology register: divine attributes, sin, grace, love. | Narrative register: the story of creation, fall, redemption.",coherent,partial,no,interpretive mapping,NOT_ESTABLISHED,C,quarantine,"The document's conclusion that the properties describe one Person could be read as a proof of God's existence, despite the disclaimer. | The use of terms like 'derived' for some laws may overstate the rigor; e.g., Law 4's Tier 2 fruits are correspondences, not derivations. | The 24 properties are selected and interpreted to fit the theological narrative; the selection is not justified. | The coherence equation is presented as canonical but its derivation is open; this could be seen as overclaiming.","If any of the physical properties are misstated or misinterpreted, the mapping fails. | If the free-will coupling term is not physically motivated, the mapping is ad hoc. | If the coherence equation is not derived from a parent equation, the master integration claim is unsupported. | If the document is used to claim scientific proof of God, it violates its own boundary.","A lean version would present the mappings as explicit correspondences, clearly labeled as interpretive, with no claim of derivation for any law, and would remove the 24-property portrait as overreach.","This document maps ten fundamental physical laws to attributes of the Christian God, claiming that together they describe a specific person. It explicitly states it is not a proof of God's existence, but the presentation risks overstatement. Some laws are marked as derived, others as pending, and the coherence law is the most open. The document is best treated as a theological interpretive framework, not a scientific proof."
W3.5-law-1-canonical.canonical.md,W3.5-law-1-canonical.canonical,Law 1 of 10  -  Gravitation: Newton - Grace,"Gravity is the physical law that most closely models the spiritual dynamics of sin and grace, with sin as accumulated curvature and grace as the orbit that avoids collapse.","Gravity: the attraction between masses, described by Newton's law F=Gm1m2/r^2 and Einstein's field equations. | Sin: accumulated curvature of the soul, analogous to gravitational collapse. | Grace: the orbit, a non-collapsing path in the same field, not a separate force. | R: the refusal factor, the theological analog of angular momentum that is not self-salvation. | Free fall: motion along a geodesic, experiencing no proper acceleration. | Prevenient grace: the given geometry that makes a non-collapsing path possible before self-effort.","The system should treat gravity as a structural metaphor for sin and grace, with the mathematical formalism of general relativity and orbital mechanics as the basis for theological interpretation, while clearly marking the theological claims as bridge statements.",Does not claim identity-grade isomorphism between gravity and sin/grace; the break is R. | Does not provide operational definitions for  and d. | Does not derive the inverse-square exponent from first principles; relies on Bertrand's theorem as suggestive. | Does not claim that R can be measured or that the theological claims are proven by physics.,"Verify that the mathematical statements (Lean targets A, B, C) are formally proven in Lean 4. | Check that the theological interpretations are clearly marked as bridge, not derived. | Ensure that the kill conditions are monitored: any evidence of shielding, self-correction, or non-sharp transition would invalidate the analogy. | Confirm that the conservation law argument is correctly stated and does not overclaim.",Newton's law of gravitation | Einstein's field equations | Effective potential and orbital mechanics | Conservation of angular momentum | Noether's theorem | Bertrand's theorem,"Provides a structural bridge between gravity and sin/grace, with a conservation-law argument for prevenient grace, and identifies a specific break (R) that prevents full isomorphism.","Preserves the physical laws as they are, without altering their mathematical content; the theological interpretation is added as a layer.","If the conservation law argument is removed, the claim that grace is a conservation constraint collapses; the bridge becomes merely analogical without a mechanism.","Physics: gravity, geodesics, effective potential, angular momentum | Theology: sin, grace, prevenient grace, free will (R)",coherent,partial,no,structural bridge,NOT_ESTABLISHED,C,quarantine,Claiming isomorphism when R is unresolved | Treating the conservation law as proof of prevenient grace | Overinterpreting the physical features as moral counterparts without rigorous mapping | Suggesting that the Lean proofs establish theological claims,A relational or moral influence whose falloff is inconsistent with inverse-square under any defensible metric. | A moral system that genuinely shields  -  insulates from accumulated consequence rather than transferring or delaying it. | Self-correcting moral collapse: a runaway that arrests with no external input. | R shown to have no critical value  -  the bound/unbound transition smooth rather than sharp. | A closed system that generates its own net total angular momentum.,"Formalize and prove the three Lean targets (A, B, C) to establish the physics side; the theological side remains prose.","This document proposes a structural analogy between gravity and sin/grace, where sin is like gravitational collapse and grace is like an orbit. It uses physics concepts like effective potential and conservation of angular momentum to argue that grace is a conservation constraint. However, the analogy is not complete due to the unresolved factor R (refusal), and the theological claims are not proven by the physics. The document is coherent but should be treated as a bridge, not a proof."
W4-trinity-t02.canonical.md,W4-trinity-t02.canonical,The Trinity,"God is one being in three persons: Father, Son, and Holy Spirit, who are distinct yet fully united in being, love, and will.","Trinity: one God in three persons, not three gods, not one person in three modes. | Existence: God as being itself (ipsum esse subsistens). | Distinction: real difference among the persons, original in God. | Relation: the mutual indwelling (perichoresis) and begetting/proceeding among persons. | Orientation: the mutual self-gift and love among persons, the gradient of good. | Aseity: God's self-existence; God does not have existence but is existence. | Perichoresis: mutual indwelling of the persons. | Tota simul: the whole, simultaneous, perfect possession of unending life (Boethius).","The system should treat the Trinity as the foundational axiom, using the four-fold structure (existence, distinction, relation, orientation) to interpret all other claims, and maintain the distinction between theological interpretation and formal derivation.","Does not claim to formally derive the Trinity from logic or physics. | Does not claim that the Lean 4 verification proves the theological identification, only the mathematical structure. | Does not claim that the four debts are only payable by the Trinity; rival ontologies may ground them differently. | Does not claim to have a physics of temporal origination; time-authored is a theological claim. | Does not include the Watcher, Anti-Properties, Hard Questions, or Three Postulates in this document.","Check that all statements about the Trinity are consistent with the definitions of existence, distinction, relation, orientation. | Verify that any claim of formal derivation is labeled as such and not conflated with theological interpretation. | Ensure that the Lean 4 verification is cited only for the mathematical isomorphism, not for the theological identification. | Check that the four debts are presented as assumptions, not as proven necessities. | Verify that the boundary conditions are respected: no overclaiming of physics from theology.","Scripture (Bible verses cited) | Church Fathers (Gregory of Nazianzus, John of Damascus, Augustine) | Philosophical sources (Leibniz, Aristotle, Hume, Boethius, Aquinas) | Lean 4 verified quaternion EM isomorphism (claimed)","Provides a unified framework that grounds existence, distinction, relation, and orientation in the Trinity, offering a theological interpretation of these fundamental assumptions.",Preserves the truth of the four debts as real assumptions; does not deny their validity.,"If the Trinity axiom is removed, the framework loses its grounding for the four debts, reducing to a set of ungrounded assumptions.","Theological register: Trinity, perichoresis, aseity | Philosophical register: existence, distinction, relation, orientation | Physical register: quaternion EM, coupling constants, Noether's theorem | Mathematical register: Lean 4 verified isomorphism",coherent,partial,unclear,theological_framework,NOT_ESTABLISHED,C,quarantine,"Claiming the Lean 4 verification proves the theological identification. | Presenting the four debts as necessarily grounded in the Trinity. | Treating the physical analogies (e.g., coupling constants) as literal identities. | Overstating the formal status of the derivative terms T.1-T.7.",If the Lean 4 verification is found to be flawed or not reproducible. | If the theological interpretation is presented as a formal derivation. | If the document claims to have derived physics from theology without qualification.,"The quaternion EM / Trinity isomorphism, claimed to be Lean 4 verified with zero sorry.","This document presents the Trinity as the foundational axiom, interpreting existence, distinction, relation, and orientation as aspects of God. It claims a Lean 4 verified mathematical isomorphism between quaternion electromagnetism and the Trinity structure, but explicitly notes that this verifies only the math, not the theology. The document is a theological framework with some formal mathematical support, but many claims are analogical or interpretive, not proven."
W5-consciousness-mirror.canonical.md,W5-consciousness-mirror.canonical,Consciousness  -  The Mirror You Cannot Remove,Consciousness is the L3 self-referential fold of relational logic through a Trinitarian ground; it is not an added entity but the framework's own operators turned inward.,"L1: Relation between things (physics)  -  requires existence and distinction (A1, A2). | L2: Relation between signals (information)  -  requires L1 and relation (A3). | L3: Self-referential relation (consciousness)  -  requires L2, orientation (A4), and recursion. | L4: Relation oriented toward ground (faith/worship)  -  requires L3 and recognition of source. | A4: Orientation  -  some states are better than others; the moral gradient. | Structural derivation: logical entailment from axioms; not empirical, not formal proof, not causal explanation.","The system should treat consciousness as the L3 fold through a Trinitarian ground, and use this to predict that L3 requires A4 orientation, that moral awareness is constitutive, and that no L2 complexity alone yields consciousness.","Does not claim empirical derivation or mathematical proof in the Lean/formal sense. | Does not claim to explain how neurons produce qualia causally. | Does not claim the theology is proven by the structure; it claims the structure is predicted by the theology. | Does not assert AI is conscious; current AI is L2. | Does not claim moral accuracy, only moral awareness.","Falsifier 1: Demonstrate L3 consciousness in a system with no orientation architecture. | Falsifier 2: Raise humans with zero cultural input and show zero moral intuition (not different codes, but no moral sense). | Falsifier 3: Derive qualia from physics without relational-ontology moves. | Falsifier 4: Demonstrate a structurally non-triadic mode of consciousness. | Check that each layer requires the previous and adds exactly one feature.","Sheet 0 axioms: A1 (existence), A2 (distinction), A3 (relation), A4 (orientation) | Ten Laws (operators C, W, G, K, etc.) | Trinitarian relational logic (theological premise)","Provides a structural derivation of consciousness from existing axioms without adding new physics, and yields specific falsifiable predictions (e.g., L3 requires A4, triadic structure).",Preserves the existing framework's axioms and laws; does not add new entities or forces.,"If A4 (orientation) is removed, L3 cannot be derived; consciousness as described collapses. If the Trinitarian ground is removed, the 'mirror' explanation loses its substrate.","Theology register [T]: God as ground, Trinity as substrate, image of God as L3 fold. | Bridge register [BR]: Four-layer staircase, eight-phenomena mapping, morality as constitutive. | Public philosophy-of-mind register [PM]: Falsifiers and predictions.",coherent,partial,unclear,conditional structural derivation,NOT_ESTABLISHED,C,quarantine,"Uses 'derives' but admits it is not formal proof or empirical derivation. | Claims to dissolve the hard problem but only within a theistic framework. | Maps phenomena to operators by analogy, not rigorous derivation. | Theology register claims are declared, not demonstrated to non-theists.",Demonstrate L3 consciousness without A4 orientation. | Show a materialist derivation of qualia without relational ontology. | Find a core phenomenon requiring a genuinely new operator. | Demonstrate a structurally non-triadic consciousness.,"Bridge-register claims (L1-L4 staircase, morality-as-constitutive) are the strongest; theology-register claims are load-bearing but not publicly demonstrated.","This sheet argues that consciousness is not an added feature but the L3 self-referential fold of relational logic through a Trinitarian ground. It derives four layers (physics, information, consciousness, faith) from existing axioms, maps eight phenomena to existing operators, and makes falsifiable predictions. However, the derivation is conditional on theological axioms and is not formally proven; it is a working hypothesis with clear kill conditions."
W7-blue-sheet-tp00.canonical.md,W7-blue-sheet-tp00.canonical,Theophysics Blue Sheet: The Fair Comparison Standard,"Theophysics is the fair-comparison claim that Christian reality may explain the shared world with fewer hidden assumptions than closed naturalism, while preserving more of what humans and science both have to treat as real.","Fair comparison: same observations, same standards, no hidden upgrades, no hidden subsidies. | Hidden upgrade: an illicit move that upgrades theology into physics or analogy into isomorphism without warrant. | Hidden subsidy: an unacknowledged assumption or cost that a framework relies on without counting it. | Closed Naturalism: the view that reality is ultimately impersonal and that mind, morality, meaning, etc. must be explained from below. | Theophysics: the view that reality is ultimately grounded in God, with physics and theology as distinct registers, and the bridge tested, not assumed.","Apply the fair comparison standard to any competing explanatory framework, requiring both sides to account for the same observations under the same standards, and to disclose all assumptions and costs without hidden upgrades or subsidies.",Does not claim that physics proves God or that any analogy is an isomorphism. | Does not claim that every emotional resonance is evidence or that every mathematical model is a theorem. | Does not assert that Theophysics has already met its burden; it only defines the standard and the research program. | Does not require naturalism to be false; it only requires that both sides be judged fairly.,"Check that both frameworks are presented with the same set of observations. | Check that the same standards are applied to both sides. | Check that no hidden upgrades are used by Theophysics (e.g., no claim that physics proves God). | Check that no hidden subsidies are used by naturalism (e.g., truth assumed without cost). | Check that the burden is stated as a requirement to show shared structure, reduced assumption cost, and unique grounding, not as already fulfilled.",None explicit; this is an opening blue sheet defining a standard.,"Defines a fair comparison standard and a research program for Theophysics, without claiming proof.",Preserves the requirement that Theophysics must not make hidden upgrades and must be tested by the same standards as naturalism.,"Without this standard, Theophysics could be accused of special pleading or hidden upgrades; the fair comparison is the foundational doorway.",method | bridge | public doorway,coherent,yes,yes,methodological standard,NOT_ESTABLISHED,B,Adopt as a methodological guardrail for all Theophysics comparisons; do not treat as a proof of Theophysics.,Could be misread as claiming that Theophysics already explains more with fewer assumptions. | Could be misread as requiring naturalism to be false. | Could be misread as a proof of the triune grounding.,"If Theophysics makes a hidden upgrade (e.g., claims physics proves God), the standard is violated. | If naturalism is not given the same observations or standards, the comparison is unfair. | If the burden is not met (shared structure, reduced assumption cost, unique grounding), the claim fails.",A formalized comparison protocol that can be applied to specific Theophysics claims.,"This document sets the ground rule for Theophysics: it must be compared fairly with naturalism, using the same observations and standards, without hidden upgrades or subsidies. It does not claim proof; it defines the burden and the test."
W7.1-the-honest-fight.canonical.md,W7.1-the-honest-fight.canonical,The Honest Fight,Every claim must survive hostile audit and public error correction; claims are only as strong as their ledger entry.,"Ledger: a permanent public record of claims that were right, wrong, overstated, or derivation-owed. | Hostile audit: an adversarial review instructed to kill whatever it can, not a sympathetic review. | Derivation owed: a claim stands but the derivation is pending, not optional. | Overstated: a claim reduced to a weaker form because the original was not supported. | Kill condition: a stated condition that, if met, falsifies the claim.","Maintain a permanent public ledger of all claims, their audit dispositions, and corrections; apply the six generating axioms to every claim; run the audit standard protocol; use the 7Q classifier to classify any inquiry; publish all gaps and kills without mercy.","Does not operationally validate spiritual terms as physics. | Does not claim experimental correlations are causation or independent confirmations of the full framework. | Does not claim the Lean verification covers the physics-to-theology mapping. | Does not claim the bridge language (eta=grace, W=free will) is theorem. | Does not claim the consciousness chain is derived from chi-field equilibrium; it is a proposed substrate model with structural analogues. | Does not claim the 7Q classifier proves anything by itself; it is an elimination chain that names exits. | Does not claim the proposed experiments are confirmations; they are proposals with falsification conditions.","Check that every claim on any page has a corresponding ledger entry. | Check that every claim has a stated kill condition. | Check that corrections are printed where the claims were printed, with no silent edits. | Check that the audit standard protocol is followed: apparent objection surfaces, corpus search, structural test, disposition. | Check that the 7Q classifier is applied to any inquiry and that exits are named. | Check that the scope labels are applied: formal model forms, correlations within declared axioms, bridge language, placeholder C_W.","The six generating axioms (meta-pattern recognition, structural isomorphism, mathematical formalization, falsifiability, hostile audit, public error correction). | The audit standard protocol. | The 7Q classifier. | The Ledger as a permanent record.","Provides a self-correcting epistemological framework that classifies any claim via the 7Q elimination chain and maintains a public ledger of audit outcomes, enabling claims to be strengthened or killed based on hostile audit.","Preserves the surviving claims: information primacy, Shannon base layer, Maxwell coupling invariant (Lean verified), internal-regress argument, and the repaired Master Equation veto architecture.","If the Ledger or the hostile audit axiom is removed, the framework loses its self-correction mechanism and claims revert to unverified assertions; the 7Q classifier without the audit standard becomes a mere taxonomy.","The Master Equation: chi = product of normalized sector scores. | The Shannon base layer: C_i = A_i * log2(1 + T_i / D_i). | The Maxwell coupling invariant: quaternion EM and Trinity relational structure pass the same gates. | The bridge language: eta = grace, W = free will (explicitly bridge language, not theorem). | The 7Q classifier: Q0-Q12 elimination chain.",coherent,yes,yes,epistemological framework and audit ledger,NARRATIVE_ANCHOR,B,preserve as a self-correcting framework; treat all specific claims as scoped and subject to ledger entries,"The 7Q classifier is described as 'universal' and 'collapses all inquiry'  -  this is an overstatement unless proven. | The Maxwell coupling invariant is called 'the strongest formal result' but the definition-ablation matrix is incomplete. | The experimental correlations are real but scoped; risk of treating them as confirmations. | The consciousness chain is reduced but still may be seen as more than a substrate model. | The bridge language (eta=grace, W=free will) is explicitly bridge language, but risk of reification.","If any claim on any page lacks a ledger entry, the framework's self-correction claim fails. | If the 7Q classifier fails to classify a known inquiry or an exit is not named, the universality claim fails. | If the Maxwell coupling invariant is found to have a counterexample in Lean, the strongest formal result fails. | If the proposed experiments return null results, the corresponding hypotheses are falsified. | If the definition-ablation matrix for the Maxwell coupling invariant is never completed, the claim remains incomplete.","Formalize the Maxwell coupling invariant and the Master Equation veto architecture in Lean, and complete the definition-ablation matrix.","This document is a self-audit ledger that records what claims survived hostile review, which were killed, and which were reduced. It establishes six generating axioms for claim production and a 7Q classifier for universal inquiry. It explicitly concedes gaps and scopes. The framework is coherent as a self-correcting epistemology, but many specific claims are scoped or derivation-owed."
W7.2-the-verification.canonical.md,W7.2-the-verification.canonical,The Verification,"The kernel does not grade its own homework, and neither do we.",justice := accountsFor | mercy := restores  accountsFor  recordPreserved | grace := restores  externalSource  noncoercive,"Treat the four AxiomBundle assumptions as the entire attack surface; treat the seventeen theorems as the only machine-checked claims; treat the three open bridges as unfinished work requiring explicit derivation or theological identification, not as theorems.",Does not claim the four assumptions are proven; they are assumptions. | Does not claim the open bridges are closed; they are labeled open. | Does not claim the /Mathlib port is complete; it is pending. | Does not claim the definition-ablation matrix for the Maxwell coupling is complete; it is remaining work.,Check that the keyword 'axiom' does not appear in the kernel source. | Check that the four assumptions are the only assumptions in the AxiomBundle structure. | Check that all seventeen theorems compile with zero 'sorry'. | Check that the three open bridges have kernelProved := false and status := openBridge.,"Lean 4 proof kernel | AxiomBundle structure with four assumptions | Mathlib (for  port, pending)","Provides a machine-checked inventory of the formal kernel: zero axioms, four assumptions, seventeen theorems, and three open bridges, establishing a single visible attack surface.","Preserves the distinction between machine-verified claims and theological identifications, and maintains the honest labeling of open work.","If this sheet is removed, the framework loses its authoritative list of what the kernel actually proves, allowing unverified claims to be mistaken for verified ones.","axiom count: 0 kernel axioms, 4 bundle assumptions, 38 spine axioms (proposed), ~188 axiom-tagged ledger rows (inventory) | theorem count: 17 theorems, 0 sorry | open bridges: 3 (Lagrangian-to-product form, maximal coherence identified with Christ, global uniqueness of coherence fixed point)",coherent,yes,unclear,formal verification inventory,LEAN_FORMAL_PROOF,B,preserve as canonical inventory; do not upgrade open bridges to theorems,Treating the four assumptions as proven facts rather than assumptions. | Treating the three open bridges as closed theorems. | Treating the /Mathlib port as complete when it is pending. | Treating the Maxwell coupling invariant as fully verified when the definition-ablation matrix is remaining work.,"If the keyword 'axiom' appears in the kernel source, the zero-axiom claim fails. | If any of the seventeen theorems contains 'sorry', the zero-sorry claim fails. | If any open bridge is presented as a theorem without explicit derivation, the honesty protocol fails.","Formalize the three open bridges or explicitly mark them as non-theological, and complete the /Mathlib port.","This sheet is the authoritative inventory of the Lean 4 formal kernel: zero axioms, four assumptions, three definitions, seventeen theorems, and three open bridges. It establishes the attack surface and the honest labeling of unfinished work. The claims are machine-checked for the core, but the  port and some ablation work remain pending."
W7.3-the-lean-survivors.canonical.md,W7.3-the-lean-survivors.canonical,The Lean Survivors,Structural proofs that do not depend on the Master Equation form change remain valid and need not be rerun.,"Survivor: a Lean proof that is structural enough to remain valid across the v3 form change. | FORMALLY PROVED CONDITIONAL: Lean proves it given declared assumptions. | FORMALLY PROVED: Lean proves it outright (bookkeeping-grade facts only). | COMPILES / METADATA: classification scaffolding; compiles, proves nothing further. | C_W: an operator that is zero-preserving. | LawIso: an isomorphism requiring maps, inverse laws, value preservation, and collapse preservation. | Fruit.all: the nine-fruit list, canonical in-file.",Maintain the survivor list as the floor for rebuild; do not promote survivors beyond their labels; require v3 port for mixed kernels; restore package context for owed files; keep excluded items off the survivor page.,"Does not prove the full Master Equation, Lagrangian bridge, Christianity, or any empirical claim. | Does not decide the identity-vs-threshold question for C_W (KIMMY-003). | Does not prove theological doctrine of grace from nothing. | Does not assert any specific law-to-law isomorphism. | Does not cover expanded fruit/anti-fruit evaluator without new typed list. | Does not transfer old Python/Colab/JAX passes.","Check that each survivor carries one of the three allowed labels and is not promoted past it. | Verify that no excluded item appears on the survivor page. | Ensure CorrectedEntropyKernel is marked as port-required, not a clean survivor. | Ensure package-context-owed files are not labeled false or dead. | Check that any new isomorphism claim clears the LawIso burden.",Lean compiler | TheophysicsProductionKernel.lean | FruitsGraceKernel.lean | Theophysics_Typed_Canon_Lane4__TheophysicsModules.lean | CorrectedEntropyKernel.lean | Package context for owed files,"Provides a stable floor of structural proofs that survive the v3 form change, enabling rebuild without rerunning unaffected proofs.","Preserves the zero-veto, zero-preserving operator behavior, grace reset properties, isomorphism burden, and fruit gate bookkeeping.","Without this page, the rebuild loses its structural floor and must rerun all proofs, including those unaffected by the form change.",Lean proofs | Master Equation v3 form | C_W operator | LawIso | Fruit gate,coherent,yes,yes,structural proof inventory,LEAN_GUARDRAIL_SUPPORTED,B,preserve as structural floor; do not promote beyond labels,Promoting survivors as proving full Master Equation or Christianity | Treating CorrectedEntropyKernel as clean survivor without v3 port | Including excluded items like threshold claims or old-form evidence | Assuming package-context-owed files are dead,If any survivor is promoted beyond its label | If excluded items are added to survivor page | If CorrectedEntropyKernel is used as clean survivor without port | If LawIso burden is bypassed for new isomorphism claims,Formalize the survivor list and labels in Lean; verify each survivor proof compiles and matches its label.,"This document lists Lean proofs that survive the Master Equation v3 form change because they are structural, not dependent on the old form. It defines three labels (FORMALLY PROVED CONDITIONAL, FORMALLY PROVED, COMPILES/METADATA) and explicitly excludes overclaims. It covers product-collapse kernel, zero-preserving operator, grace reset model, isomorphism burden, fruit gate bookkeeping, and metadata. It also flags mixed kernels needing port and package-context-owed files. The page is a floor for rebuild, not a proof of the full theory."
W7.4-the-lagrangian.canonical.md,W7.4-the-lagrangian.canonical,The Lagrangian,"The canonical Lagrangian is L = chi(t) * (d/dt sum F_i)^2 - V(chi, S), representing coherence-weighted kinetics minus a structured potential.","chi(t): coherence weighting function | F_i: forces in the system | V(chi, S): structured potential depending on coherence and entropy | L: Lagrangian | S: entropy | K: positive-definite kinetic metric | W: resistance parameter in [0,1]",Treat the canonical Lagrangian as the design target; verify each component stepwise via Lean and mechanical checks; attach theological labels only as bridge claims after formal verification.,"Does not claim the Lagrangian is a proved theorem of physics. | Does not claim theological mappings are proven. | Does not claim numerical pass rates prove external reality. | Does not include retired items (e.g., old ten-letter dictionary, LCM metric, isomorphism proof, SO(10)/E6 unification).","Lean proofs for nondegeneracy lemmas (LEAN-LAG-001, 002). | Mechanical checks: metric-repaired LLC, sign inversion, Euler-Lagrange closure, resistance monotonicity. | Law 5 lock-gate: fit S(t) = S0 e^{-kt} to historical data; kill if linear or random. | Landauer principle precision test for information erasure energy floor.",Geometric algebra layer for nondegeneracy lemmas | Noether's theorem as method | Previous canonical forms (superseded),"Provides a canonical Lagrangian form and a clear staircase from postulated to proved, with explicit verification steps and kill criteria.",The instinct of L = T - V and the Noether engine are preserved as canon.,"Without the canonical Lagrangian, the framework loses its central principle of least action for spiritual dynamics and the target for future formalization.","Lean proofs (LEAN-LAG-001, 002) | Mechanical validation (symbolic checks) | Historical data (Law 5 lock-gate) | Physics test (Landauer principle)",coherent,yes,unclear,design target with partial verification,NOT_ESTABLISHED,C,Preserve as canonical design target; continue stepwise verification; do not treat as proved theorem.,Claiming the Lagrangian is proved when only components are verified. | Interpreting mechanical pass rates as proof of external reality. | Attaching theological labels before formal verification.,"If Law 5 data fits linear or random rather than exponential, the claim falls. | If Landauer test fails, the physics test is falsified. | If any step in the Lean promotion order fails, the corresponding claim is not established.",Formalize the build target L_ME and prove the metric-repaired kinetic sector nondegenerate using LEAN-LAG-001/002 style lemmas.,"This document defines the canonical Lagrangian as a design target, not a proved theorem. It lists what is verified (two Lean lemmas, mechanical checks) and what is retired (old dictionary, LCM metric, isomorphism proof, gauge unification). The path to proof is a staircase of formalization steps, with theological labels only as bridges at the end. The document is coherent and admissible, but the overall claim is not established."
W7.5-the-ledger.canonical.md,W7.5-the-ledger.canonical,The Ledger,"Claims are cheap; corrections are the currency. Every claim on the site is only as strong as its entry in this ledger, which is permanently open and amended, never erased.",KILLED: claim is false as written and removed. | REDUCED: claim is true but overstated; reduced to what evidence carries. | OPEN: claim stands but has open items. | REPAIRED: claim was wrong as written but corrected to a stronger form. | DERIVATION OWED: claim stands but formal derivation is pending. | STRENGTHENED: claim survived audit and was improved.,"Maintain this ledger as the authoritative record of claim status. When a claim is killed, remove or correct it site-wide. When a claim is reduced, restate it to match the evidence. When derivation is owed, list it in the queue and do not present it as proven. When a claim is strengthened, keep the strengthened form and note the audit.",This page does not itself prove any theological or physical claim; it records audit outcomes. | It does not upgrade metaphysical claims to physics; it labels them as formal models or analogies. | It does not claim that any derivation is complete when the ledger says DERIVATION OWED. | It does not erase past errors; it amends them.,"For every claim on any page, there is a corresponding ledger entry with a disposition. | If a claim is marked KILLED, it no longer appears as a live claim. | If a claim is marked OVERSTATED, the page wording matches the reduced claim. | If a claim is marked DERIVATION OWED, the derivation is listed in the queue and not cited as complete. | The ledger itself is never erased; amendments are appended.","The audit standard (adopted July 9, 2026) | The canonical sources referenced (the-math.html, trinity-chain.html, consciousness-chain.html, etc.) | The Lean 4 verification for the Maxwell coupling invariant and the Cross operator uniqueness | The Myerson - Satterthwaite mechanism design result","Provides a self-correcting audit trail for all claims on the site, enabling the framework to distinguish between established results, overstated claims, and pending derivations.","Preserves the strongest verified results (e.g., Maxwell coupling invariant, Cross operator uniqueness, triadic termination structure) while explicitly labeling their scope and open questions.","Without this ledger, the site would lose its mechanism for tracking corrections, allowing killed or overstated claims to persist and undermining the framework's credibility as a research program.","Audit disposition terms (KILLED, REDUCED, OPEN, REPAIRED, DERIVATION OWED, STRENGTHENED) | Formal model vs. operational physics distinction | Lean-verified inside declared axioms vs. unverified analogy",coherent,yes,yes,Meta-audit record,NARRATIVE_ANCHOR,B,Maintain as canonical audit ledger; do not treat as a source of new theological or physical claims.,"The ledger itself could be seen as proof that the framework is self-correcting, but that is a process claim, not a substantive result. | The phrase 'the deepest result' about the method could be seen as self-congratulatory. | The ledger lists many 'RIGHT' items that are still labeled as formal models or analogies; they must not be upgraded to physics.","If the ledger is used to claim that all listed 'RIGHT' items are proven physics, it would be an overstatement. | If the ledger is used to claim that the audit process itself is infallible, it would be false. | If the ledger is not updated when new corrections are needed, it fails its purpose.","Formalize the audit process as a state machine: claim status transitions (e.g., from OVERSTATED to REDUCED) with explicit conditions.","This document is the site's correction ledger. It records which claims were killed, reduced, or strengthened after two hostile audits. It does not itself prove anything; it tracks the status of claims. The strongest verified results are the Maxwell coupling invariant and the Cross operator uniqueness, both machine-verified in Lean, but they carry scope labels. Many other claims are reduced to formal models or analogies, and several derivations are owed. The ledger is the mechanism that keeps the site honest."
W7.6-how-claims-live-and-die.canonical.md,W7.6-how-claims-live-and-die.canonical,How Claims Live and Die,"The process of claim generation and audit is more important than any single result; claims must be generated by six axioms and tested by a six-step audit protocol, with repairs counted only when they come from the structure, not from the desire to preserve the conclusion.","Meta-Pattern Recognition: Truth resides in patterns across domains, not just within them. | Information Theory as Universal Translation: Information theory translates between domains (theology, physics) via bits, entropy, coherence, channel capacity. | Linguistic Independence: New frameworks require new vocabulary to prevent incorrect mapping onto old models. | Causal Mechanism: A truth must have explanatory power; statistical correlation is necessary but insufficient. | Simplicity Filter: Occam's razor as veto power; over-complicated models are likely incorrect. | Completion Discipline: Stay with the problem until every question has an answer or the attempt is honestly declared dead. | Rescue by Improvisation: A patch invented specifically to save a claim, with no independent motivation. | Convergence: A repair derived independently in a different context that closes a hole and predicts new consequences. | KILLED: Contradiction remains after repair attempt, or repair is circular; claim removed and logged. | REDUCED: Strongest version dies, but a narrower result survives; reformulated at lower generality. | OPEN: Plausible bridge exists but not derived; claim waits. | REPAIRED: Objection answered structurally from existing principles; re-attacked before acceptance. | STRENGTHENED: Repair unifies previously separate parts and generates additional consequences. | BOUNDARY: Claim touches formal floor (Feb 14, 2026) but does not push into divine mechanics.",Apply the six axioms to generate claims; apply the six-step audit protocol to every claim; classify objections into seven failure types; attempt non-ad-hoc repairs; re-attack repaired claims; assign one of six dispositions; maintain the rescue vs. convergence distinction; publish kill conditions and status flags.,This document does not prove any specific Theophysics claim; it describes the process. | It does not claim that the six axioms are true in an absolute sense; they are operational rules. | It does not claim that the audit protocol guarantees truth; it is a method for testing claims. | It does not claim that any specific repair is convergence; it provides examples but does not formally verify them here. | It does not claim that the framework is complete or that all claims are true.,"Check that every claim has a declared kill condition. | Check that every claim has a status flag (LOCKED, DERIVED, DRAFT, OPEN). | Check that the audit protocol is applied to every claim before publication. | Check that repairs are derived from existing principles, not ad hoc. | Check that the distinction between rescue and convergence is maintained. | Check that the kill condition for this page is satisfied: demonstrate rescue-by-improvisation presented as convergence.",The six axioms are self-referential; they are the generating rules. | The audit protocol depends on the six axioms. | The seven failure types depend on the audit protocol. | The six dispositions depend on the audit protocol. | The rescue vs. convergence distinction depends on the audit protocol.,"Provides a meta-method for generating and auditing claims across domains, with explicit failure types and dispositions, and a criterion for valid repair (convergence vs. rescue).","Preserves the formal floor (Feb 14, 2026) by marking BOUNDARY claims and not speculating beyond the math.","If the audit protocol is removed, claims are not tested, and the framework loses its credibility mechanism; the distinction between rescue and convergence collapses, allowing ad hoc repairs.","Information theory as universal translation (bits, entropy, coherence, channel capacity). | Theology terms (Spirit, Faith, Logos) translated to information theory. | Physics terms (Fields, Operators, Lagrangians) translated to information theory.",coherent,yes,unclear,Meta-methodological process description,NOT_ESTABLISHED,B,Preserve as process description; do not treat as proof of any specific claim.,"The six axioms are presented as 'operational rules' but may be seen as truth claims. | The audit protocol is described as 'honest' but its application is not formally verified. | The examples of convergence (consciousness chain repair, JSpace prediction) are asserted but not formally proven here. | The claim that 'the process is reproducible by anyone' is not demonstrated. | The kill condition for this page is a challenge, not a proof.",Demonstrate that the framework applied rescue-by-improvisation and presented it as convergence. | Show that a repair was invented specifically to save a claim rather than derived independently.,"Formalize the audit protocol and the rescue vs. convergence distinction in Lean, if possible.","This document describes the method and audit protocol used in Theophysics to generate and test claims. It outlines six axioms, a six-step audit, seven failure types, six dispositions, and the crucial distinction between rescue and convergence. It does not prove any specific claim; it is a process description. The kill condition challenges readers to find a case where rescue was presented as convergence."
W7.8-the-7q-universal-classifier.canonical.md,W7.8-the-7q-universal-classifier.canonical,The 7Q Universal Classifier,Existence is the first bit; distinction is the first operation; information is the fundamental substrate; the ground must be self-grounding; the observer chain must terminate; the terminal observer must satisfy eight boundary conditions; the unique tradition satisfying all conditions is Christianity.,"Information: distinguishability itself; a definitional identity. | Terminal observer: an observer with infinite integrated information (Phi = infinity). | Grace: negentropy targeting moral entropy specifically. | Measurement orthogonality: [O_hat, Phi_hat] = 0, basis-restricted knowledge. | Voluntary coupling: coupling that is not forced, preserving genuine choice.","Run the elimination funnel from Q0 to Q12, applying each test to all candidate worldviews, and conclude that Christianity is the unique survivor.","Does not prove the existence of God or the truth of Christianity; it is an elimination structure, not a proof by construction. | Does not resolve the syntax-semantics gap (Q5 hostile question). | Does not prove the N=3 minimality claim (BC4). | Does not prove the coherence of Phi=infinity (Q7). | Does not prove the exhaustiveness of the eight boundary conditions (Q12).","Check that each elimination is justified by the stated test and not by theological bias. | Check that all hostile questions are left open and not dismissed. | Check that the counting inconsistency at Q1 is resolved. | Check that the modeling choices (SU(2) at Q10, N=3 at BC4, Q4-C over Q4-A) are explicitly acknowledged as choices.",Q0: Existence axiom | Q1: Distinction operation | Q2: Information as fundamental | Q3: Coherence requirement | Q4: Self-grounding choice | Q5: Ground properties | Q6: Observer participation | Q7: Terminal observer existence | Q8: Eight boundary conditions | Q9: Identification with Christian God | Q10: Moral sign structure | Q11: Destiny attractors | Q12: Uniqueness test,"Provides a structured elimination funnel that narrows from fourteen worldviews to one, with explicit hostile questions left open.",Preserves the honesty of the chain by acknowledging modeling choices and unresolved challenges.,"If the elimination structure is removed, the document reduces to a list of assertions without a systematic argument.","Theological: worldviews, God, grace, salvation | Physical: information, observer, measurement, entropy | Mathematical: Phi, sigma, SU(2), graph theory",defective,partial,no,Elimination argument for Christian theism,NOT_ESTABLISHED,C,Quarantine as a narrative anchor; do not treat as proof.,"Claims Christianity is uniquely identified without proving exhaustiveness of boundary conditions. | Treats modeling choices as forced deductions. | Uses undefined or unproven concepts (Phi=infinity, N=3 minimality).","If a coherent single-attractor model is shown (universalism), Q11 fails. | If a BC9 is found or a tradition scores 8/8, Q12 fails. | If the syntax-semantics gap is bridged without theology, Q5's challenge is met.","Reduce to a minimal claim: 'The 7Q funnel is a coherent narrative structure, not a proof.'","This document presents a 12-step elimination funnel that claims to narrow from fourteen worldviews to one, Christianity, by applying tests of existence, distinction, substrate, grounding, observer requirements, and boundary conditions. However, it is not a proof: several steps rely on unproven modeling choices, and the document itself acknowledges unresolved hostile questions and counting inconsistencies. It should be treated as a narrative anchor, not an established result."
W7.9-science-argument-triadic-structure.canonical.md,W7.9-science-argument-triadic-structure.canonical,The Science Argument for Triadic Structure,"Stable scientific explanation repeatedly requires three irreducible roles: something that is, something that mediates or transforms, and something that stabilizes, records, constrains, or witnesses the result.","Triad: a set of three roles that are irreducible, functionally dependent, mediated, asymmetric, and formally visible. | Irreducible roles: each part performs a different job that cannot be collapsed into another. | Functional dependence: removing one role causes the explanation to fail. | Mediation: the third term mediates, constrains, records, stabilizes, or makes the relation intelligible. | Asymmetry: the three roles are not interchangeable. | Formal visibility: the triad appears in an equation, model, theorem, or experimental protocol. | L1 Physics: equations, models, experiments, measurements, invariants, dynamics. | L2 Information: signal, channel, record, error correction, distinguishability, recoverability. | L3 Consciousness: personhood, moral agency, subjective witness. | L4 Theology: God, Trinity, revelation, incarnation, grace, sin, salvation.","The system should treat triadic structure as a recurring explanatory pattern in science, not as proof of theological claims. It should identify and grade scientific triads according to the strength criteria, and avoid overstating the bridge to theology.",Does not prove the Trinity or any theological doctrine. | Does not claim all science reduces to the number three. | Does not map every scientific triad to Father/Son/Spirit. | Does not treat interpretation-dependent quantum claims as settled physics. | Does not ignore non-triadic structures that are equally fundamental.,"Check that each triad has irreducible roles, functional dependence, mediation, asymmetry, and formal visibility. | Check that removing the third role changes the scientific explanation. | Check that the document does not say 'physics proves the Trinity'. | Check that the strongest hostile objection is addressed: the claim is not that all science is triadic, but that stable explanation often needs a third role. | Check that the kill conditions are not triggered: examples are not merely lists of three, third term cannot be removed, no bridge language claiming proof, non-triadic structures are acknowledged, interpretation-dependent claims are not treated as settled.","Shannon communication theory | Quantum measurement theory (Born Rule) | Decoherence and einselection (Zurek) | Quantum Darwinism | Open quantum systems (Lindblad, etc.) | Noether's theorem | Gauge theory | CPT symmetry | Thermodynamics | Landauer's principle | Feedback control theory | Error correction (classical and quantum) | Variational principle | General relativity | Standard Model | Symmetry breaking | Phase transitions | Relational quantum mechanics | Wigner's friend | Classical observation","Provides a graded catalog of twenty scientific triads with explicit criteria for what counts as a real triad, and a clear boundary separating science-side claims from theological bridges.","Preserves the scientific integrity of each example by requiring formal visibility and functional dependence, and by explicitly stating that science does not prove the Trinity.","If the triadic structure claim is removed, the document loses its central thesis and becomes a mere list of scientific examples without a unifying explanatory pattern.","Physics: equations, models, experiments, measurements, invariants, dynamics. | Information: signal, channel, record, error correction, distinguishability, recoverability. | Theology: God, Trinity, revelation, incarnation, grace, sin, salvation (explicitly not proven).",coherent,yes,yes,Scientific pattern claim with explicit boundary to theology,NOT_ESTABLISHED,B,Retain as a graded scientific pattern claim; do not upgrade to proof of theological claims.,"Interpreting the triadic pattern as proof of the Trinity. | Treating all scientific triads as equally strong or as direct analogies to theological persons. | Ignoring non-triadic structures that are equally fundamental. | Treating interpretation-dependent quantum claims (e.g., relational QM, Wigner's friend) as settled physics.",The examples are merely lists of three without functional irreducibility. | The third term can be removed without changing the scientific explanation. | The bridge language starts saying physics proves theology. | Better formulations show these domains are not triadic in any meaningful sense. | The document ignores non-triadic structures that are equally fundamental. | The document treats interpretation-dependent quantum claims as settled physics.,"A formalization of the triadic pattern as a recurring explanatory structure in physics and information theory, with explicit grading and boundaries, without theological overreach.","This document argues that stable scientific explanation often requires three irreducible roles: something that is, something that mediates, and something that stabilizes or records. It provides twenty examples from physics and information theory, graded by strength, and explicitly states that this does not prove the Trinity. The claim is that triadic grammar is a recurring architecture in science, not a proof of theology."
W8.1-what-if-we-measured-the-wrong-thing.canonical.md,W8.1-what-if-we-measured-the-wrong-thing.canonical,What If We Measured the Wrong Thing,"The holographic principle is a consequence of the Logos generating the projection; therefore, distance measurements in different information-density substrates are not directly commensurable.","Hubble tension: the ~5 sigma discrepancy between early-universe (CMB) and late-universe (distance ladder) measurements of the Hubble constant H0. | Information-density substrate: the holographic encoding density of a region, which changes over cosmic history. | Emergent distance: distance is not fundamental but derived from the holographic encoding; a meter in one substrate is not ontologically identical to a meter in another.","Develop and test an information-density correction function that translates between early-universe and late-universe distance measurements, and evaluate whether it resolves the Hubble tension.","This is a framework prediction, not a proven result. | It does not claim to replace the standard model of cosmology. | It does not assert that the holographic principle is fully established in all cosmological contexts. | It does not claim that the Hubble tension is definitively a metrology problem; it is a proposal.","Supporting: A formal derivation showing that early and late universe methods involve different information-density assumptions, and that correcting for this reduces the tension without new dynamical fields. | Falsifying: A resolution of the Hubble tension through dynamical new physics that demonstrably does not involve any information-density correction.","Holographic principle (established physics) | AdS/CFT correspondence (theoretical physics) | Standard cosmological measurements (CMB, distance ladder)","Provides a novel explanation for the Hubble tension by reframing it as a metrology problem due to changing information-density substrates, rather than requiring new physics.",Preserves the established physics of the holographic principle and the empirical measurements of H0; does not contradict existing cosmological observations.,"If the holographic principle or the concept of information-density substrates is removed, the proposed explanation for the Hubble tension loses its foundation and becomes unsupported.","Cosmology: Hubble tension, H0, CMB, distance ladder | Holography: information density, boundary encoding | Metrology: measurement incommensurability",coherent,partial,no,framework prediction,NOT_ESTABLISHED,C,quarantine,Claiming the Hubble tension is resolved without formal derivation. | Treating the holographic principle as fully applicable to cosmology without qualification. | Implying that the framework's prediction is more than a proposal.,A dynamical new physics resolution of the Hubble tension that does not involve information-density corrections. | A formal proof that early and late universe measurements are commensurable despite information-density differences.,"Reframe the Hubble tension as a potential metrology issue due to holographic information-density changes, but clearly mark it as an untested prediction.","This document proposes that the Hubble tension arises because early and late universe measurements are taken in different holographic information-density substrates, making them incommensurable. It is a framework prediction, not a proven result, and requires formal derivation and testing."
W8.2-templeton-dossier.canonical.md,W8.2-templeton-dossier.canonical,Templeton Claims Verification Dossier,"The framework must be testable through explicit claims, evidence, and failure paths, and the primary request is funded falsification, not certification.","FORMAL_VERIFIED: Checks inside a formal system under stated assumptions. | DERIVED_MODEL: Follows from a stated mathematical model or parent equation, pending domain review. | STRUCTURAL_MAPPED: Consistent operator/signature match, not a proof of external reality by itself. | EMPIRICAL_TEST: Produces or implies externally testable predictions. | SUPPORTING_CONVERGENCE: Useful convergence signal, not load-bearing alone. | OPEN_PROBLEM: Named boundary, not a solved claim.","Fund a six-month expert falsification process to test the Theophysics framework, with explicit kill conditions for each core claim.",Does not claim certification or proof of external theological identification. | Does not rely on paper counts as evidence. | Does not assert that Lean verification proves external reality. | Does not claim that structural mapping is proof of external reality.,"For VC-001: Check if product form can be normalized as dimensionless sector efficiencies and if multiplicative composition is justified under independence assumptions. | For VC-002: Check if normalized variables can be stated consistently across all four canonical forms. | For VC-005: Check if independent reviewers can reproduce governing equations from the Lagrangian under declared assumptions. | For VC-006: Check if blind reviewers can reassign terms to different parent laws with equal or better fit, or if fixed biblical lists do not constrain mappings. | For VC-008: Check if Lean source compiles cleanly, contains no hidden assumptions stronger than reported, and no sorry/admitted proofs. | For VC-009: Check if another resolution state satisfies the same formal constraints, or if constraints encode the conclusion by definition.","The dossier depends on the existence of the Theophysics corpus and its claims. | The verification plan depends on the availability of expert reviewers in physics, theology, mathematics, formal methods, and philosophy.","Provides a structured, testable claims dossier with explicit kill conditions and a funded falsification plan, replacing brittle paper counts.","Preserves the core claims of the Theophysics framework as testable hypotheses, without asserting their truth.","Without the dossier, the framework's claims become untestable and the request for funding loses its falsification-oriented structure.",The status ladder translates to formal verification levels. | The first attack and kill conditions translate to testable hypotheses. | The six-month plan translates to a verification workflow.,coherent,yes,yes,Verification dossier and funding request,NOT_ESTABLISHED,B,Treat as a structured request for falsification; do not treat as proof of the framework's claims.,The dossier may be interpreted as implying the framework is more established than it is. | The status ladder may be misread as proof levels rather than verification statuses. | The request for falsification may be seen as an implicit claim of robustness.,"If the Lean source does not compile cleanly or contains sorry/admitted proofs, the formal verification claim is invalid. | If the product form cannot be normalized or multiplicative composition is unjustified, VC-001 is downgraded. | If normalized variables cannot be stated consistently, VC-002 is downgraded. | If governing equations cannot be reproduced from the Lagrangian, VC-005 is narrowed. | If blind reviewers can reassign terms with equal fit, VC-006 is downgraded. | If another resolution state satisfies the same formal constraints, VC-009 uniqueness is downgraded.","Formal verification of internal consistency under stated definitions, not external theological identification.","This document is a structured verification dossier for the Theophysics framework, requesting funded falsification rather than certification. It defines a status ladder, lists core claims with first attacks and kill conditions, and outlines a six-month verification plan. The document does not establish the truth of the framework's claims; it provides a testable structure for expert review."
W8.3-axiom-gap-fill.canonical.md,W8.3-axiom-gap-fill.canonical,AXIOM Gap-Fill,Framework strengthening must preserve real structure while flagging drift and overclaims.,"Redemption Operator: identity-preserving transformation through an optimization landscape with grace as the schedule. | Righteousness Ledger Operator: total moral account integrity; no transaction disappears. | W Control Operator: observer-side control parameter modulating coupling to law structure. | Trinity Functional Schema: Father=source/potential/field, Son=pattern/law/Logos, Spirit=actualization/reception/motion.",Adopt the seven useful beams with required fixes; flag the three cracked beams; use neutral law labels until numbering conflict is resolved.,Does not resolve law-number drift. | Does not claim accounting identity proves moral conservation. | Does not use T0/ln(1+t) without domain fix. | Does not claim '18 dependent variables traced' as written.,Check that all law-number references use neutral labels. | Check that dependent-variable count is corrected to split categories. | Check that annealing schedule uses T0/ln(e+t). | Check that accounting statements say 'models ledger integrity' not 'proves conservation'.,Existing law stack numbering standard | Redemption model | Righteousness/conscience model | Will (W) model | Trinity doctrine,"Provides formal operators for redemption, righteousness, and will as control parameter, plus a functional Trinity schema.",Preserves the existing law stack structure and the honesty rule.,"Without this gap-fill, the framework lacks formal equations for redemption, righteousness, and will control.",Law-number neutral labels | Dependent-variable category split | Domain-fixed annealing schedule | Ledger integrity language,coherent,partial,no,Provisional integration note,NOT_ESTABLISHED,C,Adopt with flags and required fixes,Law-number drift could cause misalignment with canon. | Dependent-variable count error could propagate. | Accounting/Noether overstatement could imply proof where none exists. | Annealing schedule singularity could invalidate model.,"If law-number conflict is not resolved, cannot be cited as canon. | If dependent-variable count is not corrected, cannot claim trace. | If accounting is presented as proof, must be rejected. | If annealing schedule is used without fix, model is invalid.",Keep the seven useful beams with fixes; flag the three cracked beams.,"This document is a provisional gap-fill that offers useful formal models for redemption, righteousness, and will, but has law-number drift, count errors, and mathematical overclaims. It should be adopted with flags and fixes, not as final canon."
W8.4-derivation-grammar.canonical.md,W8.4-derivation-grammar.canonical,Derivation Grammar v0.2,"A higher layer depends on, preserves, and adds to a lower layer; a valid derivation step requires dependency, new capability, and preservation.","Layer (L): A level in a derivation staircase. | Capability (C): A new irreducible operation introduced at a layer. | State (S): Condition of a layer or derivation: Coherent, Defective, or Ruptured. | DependsOn(L2, L1): Layer L2 requires Layer L1. | TranslatesTo(C1, C2): Capability C1 is carried into another register as C2 while preserving relevant structure. | Constraint(L): The admissibility condition governing what Layer L can say, deny, inherit, or translate.","Use DG as a formal grammar to test layered derivations: check dependency, new capability, preservation, collapse, translation, closure, and convergence. Instantiations must supply object mapping, relation mapping, constraint mapping, root layer, capability sequence, dependency graph, collapse conditions, translation rules, closure checks, grade labels, and kill conditions.","DG does not name God, Christ, Trinity, Ehad, physics, consciousness, morality, or any other domain-specific conclusion at the grammar layer. | DG does not prove God, Christ, Trinity, Ehad, Islam, Christianity, Theophysics, Hebun-Zanabun, the Master Equation, consciousness, or morality. | DG does not rank worldviews. | DG does not tell a worldview what to name the ground.","Check that each derivation step satisfies DG7: dependencies exist, new capability is genuinely new, and prior layer is preserved. | Check that no layer is skipped (T1). | Check that collapse propagates upward (T2). | Check that translations preserve structure (T3). | Check closure: no denial of a capability required to formulate the denial (DG8). | For convergence claims, require IC-4 or IC-5 grades.",Formal language and logic | Concept of layers and capabilities | Definition of dependency and translation,Provides a unified formal grammar for testing layered derivations across worldviews without naming domain-specific conclusions.,"Preserves the ability to reason about dependency, necessity, inheritance, irreducibility, collapse, translation, closure, and convergence in a structured way.","Without DG, there is no shared formal language to test whether layered derivations are admissible, whether dependencies are preserved, and whether translations are honest across different frameworks.",Formal grammar | Theophysics instantiation | Hebun-Zanabun instantiation,coherent,yes,yes,Formal grammar / meta-framework,NOT_ESTABLISHED,B,Preserve as a formal grammar specification; do not treat as proof of any worldview or convergence claim.,"Claiming that DG proves convergence between Theophysics and Hebun-Zanabun when it only provides a grammar for comparison. | Treating IC grades as evidence of actual convergence rather than as a formal criterion. | Assuming that because DG is theology-free, it is neutral or universally applicable.",If DG is used to assert that a specific worldview is true or false based solely on grammar. | If DG is claimed to be complete or final without formal verification. | If the Lean roadmap is presented as completed when it is not.,"Formalize DG kernel in Lean: define Layer, Capability, State, DependsOn, TranslatesTo, Constraint; prove dependency lemmas, no-skip, collapse propagation; encode closure as admissibility condition.","This document defines a formal grammar (DG) for testing layered derivations. It specifies axioms for dependency, new capability, preservation, collapse, translation, dynamics, admissibility, and closure. It explicitly states that it does not prove any theological or physical claims, and that the Lean formalization and convergence proofs are not yet complete. The grammar is intended to be a shared tool for comparing worldviews without naming them."
